word,language,count,pos
the,en,3444,DET
of,en,2570,ADP
in,en,1074,ADP
and,en,1639,CCONJ
to,en,1673,PART
a,en,1399,DET
on,en,274,ADP
for,en,362,ADP
as,en,463,SCONJ
by,en,330,ADP
that,en,935,SCONJ
it,en,569,PRON
with,en,649,ADP
from,en,217,ADP
at,en,365,ADP
he,en,234,PRON
this,en,471,DET
be,en,2515,AUX
i,en,1859,PRON
his,en,209,PRON
not,en,561,PART
or,en,205,CCONJ
talk,en,13,VERB
which,en,402,PRON
also,en,21,ADV
but,en,482,CCONJ
have,en,858,AUX
one,en,213,NUM
new,en,29,ADJ
first,en,69,ADJ
page,en,1,NOUN
no,en,180,DET
you,en,524,PRON
they,en,804,PRON
article,en,5,NOUN
t,en,5,PROPN
who,en,143,PRON
all,en,400,DET
their,en,467,PRON
there,en,181,PRON
its,en,36,PRON
people,en,2,VERB
may,en,87,AUX
after,en,85,ADP
other,en,129,ADJ
should,en,69,AUX
two,en,113,NUM
score,en,1,NOUN
her,en,343,PRON
can,en,165,AUX
would,en,151,AUX
more,en,141,ADV
if,en,121,SCONJ
she,en,180,PRON
about,en,48,ADP
when,en,111,ADV
time,en,83,NOUN
such,en,93,ADJ
do,en,187,AUX
only,en,70,ADV
some,en,154,DET
up,en,61,ADP
see,en,261,VERB
into,en,90,ADP
school,en,1,NOUN
so,en,318,ADV
world,en,61,NOUN
during,en,8,ADP
out,en,62,ADP
state,en,15,NOUN
year,en,47,NOUN
most,en,119,ADV
city,en,34,NOUN
over,en,62,ADP
then,en,26,ADV
than,en,173,ADP
where,en,133,ADV
will,en,137,AUX
de,en,4,PROPN
what,en,106,PRON
any,en,146,DET
these,en,1,PRON
january,en,1,PROPN
march,en,7,NOUN
august,en,1,PROPN
being,en,3,NOUN
many,en,88,ADJ
south,en,2,NOUN
september,en,2,PROPN
like,en,42,ADP
between,en,28,ADP
three,en,45,NUM
well,en,111,ADV
use,en,53,NOUN
war,en,10,NOUN
under,en,40,ADP
april,en,1,PROPN
we,en,233,PRON
december,en,1,PROPN
while,en,25,SCONJ
c,en,1,PROPN
part,en,89,NOUN
list,en,4,NOUN
please,en,18,VERB
my,en,435,PRON
february,en,1,PROPN
second,en,14,ADJ
name,en,28,NOUN
history,en,7,NOUN
series,en,1,NOUN
just,en,21,ADV
north,en,2,NOUN
work,en,14,NOUN
before,en,53,ADP
since,en,54,SCONJ
season,en,5,NOUN
both,en,26,CCONJ
high,en,27,ADJ
st,en,22,PROPN
through,en,34,ADP
now,en,91,ADV
because,en,10,SCONJ
music,en,15,NOUN
however,en,49,ADV
league,en,6,NOUN
debate,en,1,NOUN
title,en,10,NOUN
john,en,4,PROPN
same,en,95,ADJ
could,en,85,AUX
english,en,36,ADJ
number,en,42,NOUN
against,en,12,ADP
family,en,26,NOUN
b,en,3,PROPN
life,en,38,NOUN
british,en,1,ADJ
game,en,2,NOUN
above,en,24,ADP
your,en,135,PRON
early,en,3,ADV
house,en,100,NOUN
company,en,21,NOUN
general,en,19,ADJ
left,en,3,VERB
very,en,457,ADV
here,en,163,ADV
don,en,1,PROPN
living,en,1,NOUN
day,en,95,NOUN
several,en,41,ADJ
place,en,86,NOUN
party,en,9,NOUN
college,en,1,NOUN
result,en,1,NOUN
keep,en,32,VERB
four,en,34,NUM
even,en,26,ADV
government,en,12,NOUN
how,en,41,ADV
each,en,19,DET
found,en,7,VERB
style,en,5,NOUN
long,en,59,ADJ
country,en,67,NOUN
back,en,17,ADV
way,en,38,NOUN
end,en,29,NOUN
make,en,205,VERB
public,en,20,ADJ
another,en,49,DET
support,en,7,VERB
former,en,4,ADJ
those,en,1,DET
church,en,35,NOUN
east,en,1,ADJ
line,en,15,VERB
good,en,129,ADJ
much,en,161,ADV
image,en,14,NOUN
show,en,4,VERB
still,en,27,ADV
think,en,100,VERB
below,en,5,ADP
town,en,93,NOUN
last,en,40,ADJ
right,en,7,ADJ
song,en,2,NOUN
non,en,1,X
single,en,2,ADJ
home,en,4,ADV
women,en,2,NOUN
seed,en,1,NOUN
member,en,2,NOUN
book,en,6,NOUN
order,en,28,NOUN
old,en,43,ADJ
information,en,5,NOUN
set,en,47,VERB
own,en,96,ADJ
point,en,25,NOUN
river,en,19,NOUN
top,en,12,NOUN
language,en,19,NOUN
french,en,28,ADJ
off,en,17,ADP
note,en,4,NOUN
original,en,2,NOUN
age,en,14,NOUN
service,en,9,NOUN
air,en,34,NOUN
german,en,13,PROPN
law,en,17,NOUN
military,en,1,ADJ
great,en,188,ADJ
ii,en,4,NUM
within,en,3,ADP
park,en,4,NOUN
r,en,5,PROPN
case,en,6,NOUN
london,en,25,PROPN
small,en,24,ADJ
third,en,6,ADJ
different,en,35,ADJ
due,en,4,ADJ
get,en,28,VERB
village,en,18,NOUN
art,en,10,NOUN
l,en,3,PROPN
community,en,1,NOUN
again,en,23,ADV
army,en,8,NOUN
without,en,92,ADP
death,en,16,NOUN
men,en,1,NOUN
large,en,99,ADJ
white,en,37,ADJ
along,en,2,ADP
five,en,32,NUM
road,en,11,NOUN
free,en,9,ADJ
england,en,27,PROPN
include,en,2,VERB
down,en,30,ADP
source,en,2,NOUN
man,en,87,NOUN
black,en,22,ADJ
though,en,100,SCONJ
report,en,5,NOUN
building,en,15,NOUN
la,en,4,PROPN
take,en,111,VERB
king,en,38,NOUN
ship,en,9,NOUN
cup,en,1,NOUN
often,en,29,ADV
few,en,39,ADJ
side,en,45,NOUN
power,en,20,NOUN
know,en,120,VERB
water,en,24,NOUN
field,en,10,NOUN
near,en,28,ADP
need,en,9,VERB
go,en,91,VERB
island,en,9,NOUN
form,en,16,VERB
find,en,86,VERB
play,en,27,VERB
project,en,3,NOUN
o,en,2,NOUN
every,en,86,DET
example,en,5,NOUN
live,en,32,VERB
union,en,1,NOUN
india,en,1,PROPN
next,en,25,ADJ
court,en,66,NOUN
region,en,1,NOUN
h,en,1,PROPN
little,en,121,ADJ
short,en,19,ADJ
v,en,1,NOUN
son,en,8,NOUN
france,en,8,PROPN
royal,en,7,ADJ
street,en,21,NOUN
full,en,44,ADJ
red,en,7,ADJ
too,en,33,ADV
w,en,19,PROPN
help,en,13,VERB
among,en,13,ADP
james,en,1,PROPN
open,en,15,ADJ
force,en,29,VERB
head,en,65,NOUN
father,en,9,NOUN
track,en,1,NOUN
never,en,89,ADV
level,en,1,NOUN
late,en,17,ADJ
summer,en,13,NOUN
society,en,2,NOUN
office,en,1,NOUN
round,en,48,ADP
story,en,21,NOUN
various,en,5,ADJ
land,en,10,NOUN
business,en,11,NOUN
reason,en,25,NOUN
america,en,1,PROPN
million,en,1,NUM
european,en,4,ADJ
term,en,4,NOUN
six,en,15,NUM
post,en,10,NOUN
why,en,7,ADV
making,en,1,NOUN
subject,en,24,NOUN
young,en,45,ADJ
science,en,2,NOUN
related,en,1,ADJ
rock,en,7,NOUN
become,en,7,VERB
news,en,9,NOUN
present,en,54,ADJ
indian,en,5,ADJ
kingdom,en,8,NOUN
important,en,5,ADJ
love,en,20,NOUN
run,en,19,VERB
press,en,5,VERB
rather,en,28,ADV
k,en,1,NOUN
act,en,6,VERB
editor,en,2,NOUN
once,en,22,ADV
germany,en,13,PROPN
might,en,22,AUX
say,en,98,VERB
enough,en,50,ADV
lead,en,26,VERB
either,en,25,CCONJ
common,en,35,ADJ
person,en,101,NOUN
battle,en,4,NOUN
went,en,3,VERB
already,en,28,ADV
hall,en,3,NOUN
date,en,3,NOUN
change,en,11,NOUN
must,en,50,AUX
our,en,141,PRON
least,en,25,ADJ
something,en,24,PRON
together,en,23,ADV
less,en,24,ADJ
content,en,14,VERB
board,en,4,NOUN
japan,en,9,NOUN
modern,en,5,ADJ
human,en,12,ADJ
half,en,34,NOUN
design,en,24,VERB
event,en,1,NOUN
real,en,8,ADJ
start,en,1,VERB
action,en,1,NOUN
space,en,2,NOUN
star,en,2,NOUN
really,en,14,ADV
china,en,12,NOUN
possible,en,13,ADJ
paul,en,6,PROPN
far,en,27,ADV
minister,en,6,NOUN
lake,en,1,NOUN
married,en,1,ADJ
europe,en,7,PROPN
author,en,14,NOUN
away,en,8,ADV
character,en,4,NOUN
low,en,15,ADJ
michael,en,1,PROPN
light,en,18,NOUN
big,en,8,ADJ
release,en,1,NOUN
want,en,19,VERB
wrote,en,2,VERB
republic,en,1,NOUN
russian,en,3,ADJ
thanks,en,5,NOUN
put,en,31,VERB
race,en,5,NOUN
civil,en,5,ADJ
charles,en,1,PROPN
instead,en,6,ADV
eastern,en,2,ADJ
body,en,41,NOUN
question,en,7,NOUN
italian,en,10,ADJ
week,en,12,NOUN
chief,en,7,ADJ
close,en,8,ADJ
himself,en,11,PRON
upon,en,122,ADP
match,en,2,NOUN
roman,en,12,ADJ
come,en,69,VERB
tour,en,4,NOUN
sea,en,20,NOUN
cross,en,6,NOUN
health,en,11,NOUN
green,en,14,ADJ
probably,en,3,ADV
look,en,50,VERB
win,en,1,VERB
wife,en,23,NOUN
night,en,43,NOUN
middle,en,5,NOUN
african,en,3,ADJ
able,en,9,ADJ
stage,en,5,NOUN
addition,en,4,NOUN
saint,en,10,NOUN
self,en,5,NOUN
itself,en,5,PRON
mother,en,17,NOUN
africa,en,1,PROPN
spanish,en,2,ADJ
grand,en,29,ADJ
fire,en,11,NOUN
gold,en,35,NOUN
female,en,3,ADJ
course,en,2,NOUN
whether,en,15,SCONJ
chinese,en,1,PROPN
size,en,9,NOUN
add,en,16,VERB
peter,en,1,PROPN
across,en,1,ADP
move,en,13,VERB
means,en,1,NOUN
give,en,137,VERB
artist,en,1,NOUN
word,en,35,NOUN
blue,en,2,NOUN
value,en,11,NOUN
christian,en,34,PROPN
private,en,1,ADJ
catholic,en,4,ADJ
view,en,12,NOUN
thus,en,15,ADV
almost,en,35,ADV
seven,en,9,NUM
ever,en,60,ADV
provide,en,6,VERB
future,en,2,ADJ
return,en,31,VERB
quality,en,24,NOUN
front,en,2,NOUN
cover,en,33,VERB
model,en,1,NOUN
read,en,29,VERB
material,en,1,NOUN
strong,en,10,ADJ
coach,en,14,NOUN
henry,en,2,PROPN
mark,en,10,NOUN
attack,en,2,VERB
outside,en,4,NOUN
study,en,9,VERB
brother,en,9,NOUN
throughout,en,1,ADP
writer,en,8,NOUN
musical,en,2,ADJ
nothing,en,69,PRON
border,en,1,VERB
past,en,2,ADJ
writing,en,8,NOUN
interest,en,6,NOUN
medal,en,6,NOUN
dr,en,1,PROPN
fair,en,26,ADJ
search,en,3,NOUN
bay,en,2,NOUN
reference,en,1,NOUN
especially,en,5,ADV
library,en,1,NOUN
management,en,1,NOUN
guitar,en,2,NOUN
hill,en,11,NOUN
sure,en,26,ADJ
historical,en,1,ADJ
daughter,en,12,NOUN
reading,en,1,NOUN
yet,en,62,CCONJ
always,en,35,ADV
actor,en,4,NOUN
natural,en,24,ADJ
clear,en,3,VERB
let,en,20,VERB
ten,en,20,NUM
rule,en,1,NOUN
paris,en,16,PROPN
thought,en,7,NOUN
brown,en,1,ADJ
hand,en,53,NOUN
generally,en,33,ADV
sometimes,en,12,ADV
capital,en,3,NOUN
valley,en,3,NOUN
bank,en,8,NOUN
ground,en,16,NOUN
italy,en,7,PROPN
believe,en,77,VERB
leader,en,2,NOUN
bridge,en,11,NOUN
y,en,3,PROPN
industry,en,3,NOUN
collection,en,6,NOUN
request,en,1,NOUN
soon,en,11,ADV
professor,en,1,NOUN
campaign,en,5,NOUN
theatre,en,2,NOUN
particular,en,29,ADJ
empire,en,18,NOUN
length,en,12,NOUN
additional,en,1,ADJ
market,en,4,NOUN
novel,en,1,NOUN
fourth,en,2,ADJ
mary,en,3,PROPN
sound,en,9,NOUN
child,en,22,NOUN
perhaps,en,37,ADV
idea,en,16,NOUN
eight,en,13,NUM
native,en,6,ADJ
channel,en,1,NOUN
parliament,en,1,NOUN
whose,en,18,PRON
foundation,en,7,NOUN
ice,en,1,NOUN
limited,en,1,ADJ
governor,en,12,NOUN
complete,en,1,VERB
account,en,40,NOUN
none,en,15,PRON
poland,en,2,PROPN
behind,en,11,ADP
taking,en,1,NOUN
mountain,en,15,NOUN
likely,en,2,ADJ
sir,en,11,PROPN
thing,en,71,NOUN
square,en,8,NOUN
try,en,10,VERB
woman,en,81,NOUN
officer,en,13,NOUN
greek,en,43,ADJ
recent,en,1,ADJ
money,en,23,NOUN
saw,en,1,VERB
true,en,44,ADJ
regular,en,7,ADJ
trade,en,10,NOUN
mr,en,35,PROPN
degree,en,10,NOUN
birth,en,5,NOUN
sun,en,9,NOUN
earth,en,11,NOUN
journal,en,1,NOUN
beginning,en,2,NOUN
famous,en,17,ADJ
religious,en,1,ADJ
appear,en,39,VERB
god,en,22,PROPN
bit,en,5,NOUN
structure,en,3,NOUN
rural,en,1,ADJ
certain,en,19,ADJ
quite,en,16,ADV
spain,en,1,PROPN
whole,en,50,ADJ
joseph,en,1,PROPN
lord,en,6,NOUN
assembly,en,12,NOUN
queen,en,11,NOUN
security,en,2,NOUN
operation,en,3,NOUN
call,en,64,VERB
russia,en,1,PROPN
prince,en,21,NOUN
mean,en,20,ADJ
staff,en,1,NOUN
towards,en,2,SCONJ
agree,en,5,VERB
bad,en,14,ADJ
nature,en,24,NOUN
captain,en,7,NOUN
mount,en,10,VERB
hard,en,17,ADJ
saying,en,1,NOUN
meet,en,30,VERB
box,en,5,NOUN
success,en,1,NOUN
rest,en,22,NOUN
matter,en,9,NOUN
particularly,en,17,ADV
wide,en,2,ADJ
month,en,20,NOUN
care,en,26,NOUN
commission,en,4,NOUN
plan,en,1,NOUN
therefore,en,7,ADV
practice,en,1,NOUN
command,en,19,NOUN
entire,en,7,ADJ
en,en,1,X
seem,en,57,VERB
master,en,12,NOUN
stop,en,8,VERB
cannot,en,2,AUX
feature,en,5,NOUN
experience,en,1,NOUN
silver,en,22,NOUN
secretary,en,1,NOUN
dutch,en,4,ADJ
le,en,2,PROPN
themselves,en,34,PRON
youth,en,1,NOUN
iii,en,5,NUM
heart,en,18,NOUN
room,en,38,NOUN
stone,en,26,NOUN
deal,en,16,NOUN
dead,en,8,ADJ
key,en,1,NOUN
turn,en,24,VERB
plant,en,12,VERB
whom,en,25,PRON
leave,en,53,VERB
feel,en,7,VERB
numerous,en,11,ADJ
ancient,en,31,ADJ
attempt,en,2,VERB
picture,en,17,NOUN
fiction,en,1,NOUN
majority,en,1,NOUN
edward,en,1,PROPN
annual,en,1,ADJ
claim,en,4,NOUN
seat,en,14,NOUN
dance,en,17,VERB
prize,en,4,NOUN
georgia,en,1,PROPN
port,en,2,NOUN
castle,en,14,NOUN
pass,en,60,VERB
transport,en,3,VERB
fall,en,30,VERB
wing,en,1,NOUN
opinion,en,23,NOUN
commander,en,1,NOUN
fort,en,1,NOUN
effect,en,15,NOUN
fine,en,104,ADJ
purpose,en,8,NOUN
winter,en,13,NOUN
appearance,en,11,NOUN
asian,en,2,ADJ
kind,en,26,NOUN
et,en,21,X
till,en,39,ADP
entry,en,1,NOUN
asia,en,6,PROPN
sense,en,8,NOUN
meaning,en,2,NOUN
map,en,1,NOUN
bishop,en,3,NOUN
rate,en,1,NOUN
voice,en,3,NOUN
jack,en,1,NOUN
justice,en,6,NOUN
britain,en,1,PROPN
double,en,3,ADJ
temple,en,7,NOUN
sister,en,32,NOUN
nine,en,3,NUM
table,en,14,NOUN
else,en,9,ADJ
friend,en,27,NOUN
unknown,en,5,ADJ
loss,en,6,NOUN
architecture,en,7,NOUN
upper,en,3,ADJ
contract,en,4,VERB
face,en,44,NOUN
girl,en,12,NOUN
clearly,en,1,ADV
politics,en,1,NOUN
cause,en,6,NOUN
volume,en,1,NOUN
except,en,15,ADP
oil,en,1,NOUN
victory,en,2,NOUN
regiment,en,1,NOUN
allow,en,9,VERB
branch,en,6,NOUN
train,en,5,NOUN
paper,en,2,NOUN
remains,en,16,NOUN
wrong,en,2,NOUN
direct,en,3,VERB
mass,en,1,NOUN
comedy,en,6,NOUN
knowledge,en,8,NOUN
meeting,en,2,NOUN
fight,en,6,VERB
figure,en,30,NOUN
camp,en,3,NOUN
variety,en,13,NOUN
owner,en,3,NOUN
heavy,en,2,ADJ
alexander,en,1,PROPN
alone,en,4,ADJ
understand,en,10,VERB
daily,en,4,ADV
latin,en,3,ADJ
dark,en,3,ADJ
attention,en,2,NOUN
religion,en,19,NOUN
mind,en,22,NOUN
cut,en,7,VERB
descent,en,1,NOUN
nearly,en,1,ADV
highly,en,1,ADV
cast,en,3,VERB
write,en,59,VERB
inside,en,3,NOUN
solid,en,1,ADJ
authority,en,4,NOUN
mention,en,16,VERB
continue,en,13,VERB
cost,en,2,VERB
vice,en,3,NOUN
drive,en,3,VERB
notice,en,10,NOUN
hope,en,26,VERB
spring,en,4,NOUN
opera,en,10,NOUN
simple,en,2,ADJ
founder,en,1,NOUN
husband,en,28,NOUN
useful,en,3,ADJ
necessary,en,13,ADJ
importance,en,1,NOUN
boy,en,7,NOUN
nation,en,8,NOUN
golden,en,2,ADJ
faith,en,4,NOUN
hot,en,12,ADJ
entertainment,en,6,NOUN
creation,en,1,NOUN
tower,en,7,NOUN
marriage,en,8,NOUN
naval,en,1,ADJ
peace,en,3,NOUN
poor,en,26,ADJ
judge,en,14,VERB
hold,en,19,VERB
brazil,en,1,PROPN
beyond,en,2,ADP
fifth,en,1,ADJ
increase,en,5,VERB
des,en,1,X
hour,en,23,NOUN
difficult,en,4,ADJ
ability,en,1,NOUN
host,en,1,NOUN
wall,en,14,NOUN
immediately,en,18,ADV
troops,en,2,NOUN
emperor,en,38,NOUN
letter,en,63,NOUN
couple,en,3,NOUN
fellow,en,14,NOUN
duke,en,10,NOUN
tell,en,102,VERB
gallery,en,18,NOUN
follow,en,28,VERB
tree,en,26,NOUN
protection,en,5,NOUN
count,en,16,NOUN
situation,en,11,NOUN
classical,en,1,ADJ
lady,en,128,NOUN
influence,en,2,NOUN
address,en,4,VERB
consider,en,12,VERB
machine,en,10,NOUN
serve,en,26,VERB
ministry,en,1,NOUN
blood,en,3,NOUN
distance,en,8,NOUN
bottom,en,9,NOUN
formerly,en,3,ADV
dispute,en,5,NOUN
scene,en,16,NOUN
method,en,2,NOUN
berlin,en,1,PROPN
iron,en,1,NOUN
otherwise,en,2,ADV
positive,en,2,ADJ
imperial,en,9,ADJ
ball,en,6,NOUN
quickly,en,1,ADV
possibly,en,11,ADV
fish,en,3,NOUN
senate,en,2,PROPN
gun,en,4,NOUN
check,en,3,VERB
sign,en,7,NOUN
sweden,en,1,PROPN
doctor,en,5,NOUN
crime,en,1,NOUN
stand,en,20,VERB
answer,en,38,VERB
sex,en,6,NOUN
rail,en,1,VERB
die,en,22,VERB
approach,en,3,VERB
sentence,en,3,NOUN
root,en,2,VERB
ago,en,8,ADV
miss,en,2,VERB
horse,en,27,NOUN
wood,en,17,NOUN
pretty,en,11,ADJ
rank,en,20,NOUN
direction,en,1,NOUN
guide,en,1,NOUN
nor,en,25,CCONJ
remove,en,9,VERB
reserve,en,1,VERB
weight,en,1,NOUN
ask,en,20,VERB
fighting,en,1,NOUN
widely,en,1,ADV
rose,en,11,NOUN
treatment,en,2,NOUN
certainly,en,32,ADV
fame,en,2,NOUN
travel,en,22,VERB
break,en,12,VERB
produce,en,2,VERB
capacity,en,1,NOUN
exchange,en,7,NOUN
translation,en,6,NOUN
bring,en,28,VERB
charge,en,3,VERB
estate,en,6,NOUN
piece,en,37,NOUN
growth,en,1,NOUN
trust,en,1,VERB
murder,en,3,NOUN
twenty,en,23,NUM
commonly,en,17,ADV
avoid,en,12,VERB
revolution,en,1,NOUN
fully,en,3,ADV
aug,en,3,PROPN
medicine,en,1,NOUN
garden,en,31,NOUN
reach,en,8,VERB
turkey,en,8,PROPN
survey,en,1,VERB
height,en,6,NOUN
morning,en,12,NOUN
deep,en,8,ADJ
argument,en,2,NOUN
worth,en,15,ADJ
falls,en,1,NOUN
learning,en,7,NOUN
pay,en,17,VERB
choice,en,7,NOUN
principal,en,6,ADJ
secret,en,8,NOUN
poet,en,5,NOUN
build,en,49,VERB
remain,en,20,VERB
yellow,en,2,ADJ
guard,en,13,NOUN
grant,en,1,VERB
freedom,en,3,NOUN
twice,en,3,ADV
taylor,en,2,NOUN
quarter,en,3,NOUN
rome,en,4,PROPN
copy,en,4,NOUN
easily,en,25,ADV
thank,en,6,VERB
description,en,22,NOUN
sort,en,47,NOUN
cell,en,2,NOUN
concert,en,2,NOUN
improve,en,7,VERB
holy,en,2,ADJ
sub,en,1,NOUN
safety,en,2,NOUN
painting,en,6,NOUN
price,en,5,NOUN
entirely,en,24,ADV
message,en,1,NOUN
serious,en,1,ADJ
memory,en,3,NOUN
join,en,12,VERB
fox,en,2,NOUN
share,en,6,VERB
philosophy,en,3,NOUN
floor,en,3,NOUN
labour,en,4,NOUN
yard,en,3,NOUN
offer,en,13,VERB
guest,en,1,NOUN
economy,en,1,NOUN
storm,en,4,NOUN
mile,en,15,NOUN
bowl,en,1,NOUN
damage,en,1,NOUN
ben,en,3,PROPN
fleet,en,1,NOUN
theme,en,3,NOUN
display,en,4,VERB
ring,en,4,NOUN
joint,en,1,ADJ
deputy,en,2,NOUN
difference,en,10,NOUN
animal,en,5,NOUN
exactly,en,20,ADV
stay,en,27,VERB
palace,en,29,NOUN
understanding,en,3,NOUN
establish,en,4,VERB
poetry,en,7,NOUN
turkish,en,56,ADJ
apparently,en,2,ADV
row,en,12,NOUN
eye,en,41,NOUN
lewis,en,2,PROPN
austria,en,3,PROPN
indeed,en,31,ADV
draw,en,20,VERB
application,en,1,NOUN
steel,en,1,NOUN
presence,en,1,NOUN
earl,en,1,PROPN
wild,en,9,ADJ
easy,en,32,ADJ
happy,en,13,ADJ
save,en,2,VERB
chance,en,5,NOUN
prevent,en,2,VERB
object,en,4,NOUN
spread,en,4,VERB
defeat,en,1,NOUN
cape,en,3,PROPN
greece,en,1,PROPN
express,en,8,VERB
intelligence,en,3,NOUN
connection,en,1,NOUN
portuguese,en,1,ADJ
plot,en,1,NOUN
firm,en,1,NOUN
proper,en,11,ADJ
receive,en,44,VERB
frequently,en,1,ADV
visit,en,30,VERB
portion,en,2,NOUN
residence,en,4,NOUN
moon,en,3,NOUN
limit,en,2,NOUN
minute,en,3,NOUN
wind,en,5,NOUN
crown,en,8,NOUN
step,en,9,NOUN
unable,en,1,ADJ
armed,en,2,ADJ
cold,en,22,ADJ
alliance,en,1,NOUN
heat,en,9,NOUN
credit,en,2,NOUN
boat,en,7,NOUN
iv,en,4,NUM
kill,en,13,VERB
sixth,en,3,ADJ
colonel,en,1,NOUN
weak,en,2,ADJ
rise,en,10,VERB
supply,en,2,VERB
tradition,en,1,NOUN
spirit,en,8,NOUN
sunday,en,6,PROPN
climate,en,9,NOUN
passing,en,1,NOUN
gone,en,1,ADJ
pope,en,2,NOUN
glass,en,6,NOUN
contain,en,1,VERB
defence,en,2,NOUN
rich,en,46,ADJ
myself,en,38,PRON
fast,en,7,ADJ
speech,en,2,NOUN
proposal,en,1,NOUN
straight,en,1,ADV
ff,en,1,NOUN
fashion,en,24,NOUN
foot,en,27,NOUN
orange,en,5,ADJ
newly,en,2,ADV
require,en,3,VERB
egypt,en,1,PROPN
audience,en,6,NOUN
motion,en,6,NOUN
hungarian,en,8,ADJ
arab,en,1,PROPN
unlike,en,2,ADP
begin,en,24,VERB
setting,en,1,NOUN
criminal,en,2,NOUN
commonwealth,en,1,NOUN
finish,en,1,VERB
accept,en,5,VERB
contest,en,1,VERB
beat,en,2,VERB
extremely,en,32,ADV
sorry,en,10,ADJ
cathedral,en,2,NOUN
advance,en,3,VERB
reality,en,1,NOUN
adam,en,1,PROPN
enemy,en,2,NOUN
respect,en,21,NOUN
rare,en,2,ADJ
explain,en,5,VERB
killing,en,1,NOUN
neither,en,20,CCONJ
fan,en,2,NOUN
painter,en,3,NOUN
universe,en,1,NOUN
apply,en,2,VERB
aid,en,1,NOUN
driver,en,2,NOUN
baby,en,2,NOUN
denmark,en,1,PROPN
calling,en,3,NOUN
weather,en,11,NOUN
powerful,en,4,ADJ
portugal,en,1,PROPN
bird,en,2,NOUN
speak,en,58,VERB
domestic,en,1,ADJ
ali,en,1,PROPN
false,en,6,ADJ
perform,en,7,VERB
strength,en,5,NOUN
hungary,en,14,PROPN
concern,en,5,VERB
keeping,en,1,NOUN
magic,en,1,NOUN
treaty,en,2,NOUN
antonio,en,1,PROPN
rear,en,2,NOUN
circuit,en,1,NOUN
wish,en,21,VERB
determined,en,4,ADJ
geography,en,1,NOUN
chamber,en,20,NOUN
moment,en,4,NOUN
grounds,en,1,NOUN
condition,en,2,NOUN
instance,en,5,NOUN
represent,en,19,VERB
watch,en,1,VERB
protect,en,1,VERB
philip,en,1,PROPN
mix,en,6,VERB
shift,en,3,NOUN
austrian,en,2,ADJ
door,en,14,NOUN
institution,en,2,NOUN
princess,en,11,NOUN
hundred,en,29,NUM
gray,en,1,ADJ
escape,en,3,VERB
corner,en,5,NOUN
mill,en,1,NOUN
mrs,en,10,PROPN
remember,en,6,VERB
spot,en,5,NOUN
progress,en,1,NOUN
learn,en,19,VERB
truth,en,31,NOUN
sufficient,en,1,ADJ
equal,en,4,ADJ
peer,en,1,NOUN
shape,en,22,NOUN
lincoln,en,1,PROPN
carry,en,30,VERB
legend,en,1,NOUN
strike,en,1,VERB
injury,en,1,NOUN
violence,en,1,NOUN
distinguished,en,2,ADJ
chapel,en,2,NOUN
herself,en,16,PRON
offensive,en,1,ADJ
dream,en,3,NOUN
enter,en,5,VERB
twelve,en,5,NUM
universal,en,2,ADJ
passenger,en,1,NOUN
parent,en,4,NOUN
column,en,3,NOUN
gay,en,8,ADJ
soul,en,11,NOUN
entrance,en,6,NOUN
string,en,3,NOUN
occur,en,1,VERB
pair,en,2,NOUN
flat,en,1,ADJ
sample,en,1,NOUN
arm,en,20,NOUN
canal,en,7,NOUN
whatever,en,10,DET
brain,en,1,NOUN
concerned,en,1,ADJ
controversy,en,1,NOUN
chain,en,3,NOUN
circle,en,3,NOUN
apart,en,1,ADV
opportunity,en,19,NOUN
determine,en,8,VERB
formal,en,4,ADJ
doubt,en,19,VERB
sell,en,7,VERB
senator,en,2,PROPN
manner,en,62,NOUN
lawyer,en,1,NOUN
gain,en,1,VERB
reader,en,1,NOUN
lawrence,en,3,PROPN
bear,en,13,VERB
perfect,en,9,ADJ
pan,en,1,NOUN
duty,en,3,NOUN
chair,en,8,NOUN
broad,en,9,ADJ
stuff,en,13,NOUN
ready,en,7,ADJ
pick,en,5,VERB
composition,en,2,NOUN
salt,en,1,NOUN
contribution,en,2,NOUN
retirement,en,3,NOUN
print,en,1,VERB
discovery,en,2,NOUN
assist,en,1,VERB
pierre,en,3,PROPN
frame,en,2,NOUN
assistance,en,1,NOUN
sale,en,2,NOUN
beautiful,en,35,ADJ
successor,en,2,NOUN
cabinet,en,9,NOUN
evening,en,5,NOUN
singing,en,3,NOUN
mail,en,1,NOUN
mode,en,1,NOUN
christopher,en,1,PROPN
priest,en,9,NOUN
reduce,en,3,VERB
trophy,en,1,NOUN
walk,en,12,VERB
snow,en,10,NOUN
shop,en,12,NOUN
coal,en,2,NOUN
error,en,2,NOUN
accident,en,3,NOUN
clean,en,11,ADJ
describe,en,16,VERB
ottoman,en,1,ADJ
wine,en,12,NOUN
landing,en,1,NOUN
saturday,en,1,PROPN
guess,en,10,VERB
drop,en,3,VERB
sarah,en,2,PROPN
fit,en,9,VERB
conduct,en,11,NOUN
extreme,en,6,ADJ
hence,en,7,ADV
vision,en,1,NOUN
demand,en,2,VERB
quick,en,2,ADV
fairly,en,3,ADV
scheme,en,2,NOUN
constant,en,2,ADJ
nova,en,2,PROPN
ceremony,en,19,NOUN
scholar,en,2,NOUN
hero,en,4,NOUN
hair,en,26,NOUN
fly,en,4,VERB
window,en,17,NOUN
leg,en,6,NOUN
assume,en,2,VERB
dry,en,4,ADJ
instrument,en,6,NOUN
covering,en,2,NOUN
regularly,en,2,ADV
roof,en,9,NOUN
colour,en,14,NOUN
attend,en,5,VERB
steam,en,1,NOUN
yorkshire,en,1,PROPN
choose,en,7,VERB
vienna,en,33,PROPN
journey,en,38,NOUN
distinct,en,5,ADJ
soldier,en,6,NOUN
visible,en,2,ADJ
happen,en,17,VERB
prove,en,3,VERB
reasonable,en,5,ADJ
skin,en,5,NOUN
phrase,en,3,NOUN
advantage,en,14,NOUN
goods,en,4,NOUN
merely,en,1,ADV
explanation,en,1,NOUN
threat,en,1,NOUN
slow,en,2,ADJ
excellent,en,2,ADJ
safe,en,7,ADJ
evil,en,1,ADJ
relief,en,4,NOUN
poverty,en,3,NOUN
decide,en,1,VERB
drew,en,2,PROPN
permission,en,9,NOUN
gate,en,8,NOUN
roll,en,2,NOUN
shall,en,43,AUX
principle,en,2,NOUN
properly,en,8,ADV
robinson,en,1,PROPN
ridge,en,1,NOUN
monument,en,2,NOUN
thirty,en,11,NUM
purchase,en,2,VERB
expression,en,10,NOUN
wheel,en,1,NOUN
ambassador,en,7,NOUN
desert,en,7,NOUN
reign,en,15,VERB
uncle,en,1,NOUN
severe,en,3,ADJ
rain,en,5,NOUN
admiral,en,6,NOUN
fishing,en,1,NOUN
raise,en,16,VERB
grow,en,15,VERB
trouble,en,12,VERB
fear,en,18,NOUN
merit,en,5,NOUN
egyptian,en,1,ADJ
narrow,en,8,ADJ
capable,en,8,ADJ
poem,en,1,NOUN
send,en,48,VERB
proof,en,10,NOUN
arabic,en,5,ADJ
mouth,en,5,NOUN
fix,en,11,VERB
besides,en,10,ADV
virgin,en,7,NOUN
thousand,en,32,NUM
beauty,en,55,NOUN
buy,en,11,VERB
christianity,en,2,PROPN
exact,en,14,ADJ
baker,en,1,NOUN
willing,en,6,ADJ
yourself,en,6,PRON
impossible,en,10,ADJ
cook,en,3,NOUN
shore,en,2,NOUN
tone,en,1,NOUN
reception,en,2,NOUN
adventure,en,8,NOUN
horror,en,5,NOUN
silent,en,1,ADJ
suitable,en,1,ADJ
alternate,en,2,ADJ
reputation,en,3,NOUN
interpretation,en,2,NOUN
commerce,en,6,NOUN
afterwards,en,6,ADV
oak,en,1,NOUN
wait,en,20,VERB
angel,en,6,NOUN
extent,en,3,NOUN
essay,en,1,VERB
plain,en,22,ADJ
superior,en,3,NOUN
relation,en,20,NOUN
shell,en,4,NOUN
triple,en,1,ADJ
seriously,en,3,ADV
comparison,en,2,NOUN
basin,en,5,NOUN
eleven,en,2,NUM
ill,en,27,ADJ
charity,en,4,NOUN
representation,en,3,NOUN
plate,en,3,NOUN
landscape,en,1,NOUN
ride,en,2,VERB
guardian,en,2,NOUN
usual,en,1,ADJ
eighth,en,2,NOUN
amongst,en,49,ADP
riding,en,2,NOUN
arrival,en,4,NOUN
prose,en,2,NOUN
volunteer,en,1,NOUN
fun,en,1,NOUN
grace,en,6,NOUN
honour,en,39,NOUN
soil,en,3,NOUN
possibility,en,3,NOUN
ghost,en,1,NOUN
elevation,en,1,NOUN
considerable,en,28,ADJ
lose,en,19,VERB
sweet,en,4,ADJ
waste,en,1,NOUN
tall,en,2,ADJ
acceptable,en,2,ADJ
fruit,en,15,NOUN
crystal,en,1,NOUN
monastery,en,3,NOUN
seek,en,4,VERB
stream,en,4,NOUN
kick,en,1,VERB
strange,en,2,ADJ
predecessor,en,1,NOUN
pain,en,13,NOUN
wooden,en,4,ADJ
suggestion,en,1,NOUN
expect,en,26,VERB
coat,en,2,NOUN
alive,en,4,ADJ
behaviour,en,3,NOUN
spiritual,en,1,ADJ
merchant,en,8,NOUN
pure,en,2,ADJ
persian,en,9,ADJ
armenian,en,6,PROPN
romantic,en,3,ADJ
employment,en,5,NOUN
statue,en,14,NOUN
wonder,en,13,NOUN
friday,en,4,PROPN
waiting,en,1,NOUN
familiar,en,1,ADJ
suspect,en,1,VERB
desire,en,31,VERB
patient,en,1,NOUN
bulgaria,en,1,PROPN
hear,en,41,VERB
belief,en,1,NOUN
visitor,en,1,NOUN
hole,en,2,NOUN
fail,en,7,VERB
passage,en,10,NOUN
wedding,en,1,NOUN
revenue,en,2,NOUN
suit,en,2,NOUN
soft,en,8,ADJ
wear,en,19,VERB
somewhere,en,1,ADV
sculpture,en,2,NOUN
pink,en,2,ADJ
wolf,en,1,NOUN
fresh,en,5,ADJ
contribute,en,3,VERB
immediate,en,2,ADJ
essential,en,1,ADJ
conclusion,en,5,NOUN
diamond,en,26,NOUN
valuable,en,4,ADJ
tie,en,3,VERB
liberty,en,27,NOUN
siege,en,8,NOUN
hebrew,en,1,ADJ
affect,en,4,VERB
touch,en,16,VERB
inch,en,2,NOUN
cool,en,5,ADJ
dangerous,en,3,ADJ
bold,en,2,ADJ
compare,en,2,VERB
lay,en,18,VERB
absence,en,1,NOUN
athens,en,1,PROPN
regard,en,5,NOUN
pole,en,1,NOUN
tail,en,2,NOUN
stable,en,3,NOUN
vessel,en,5,NOUN
reply,en,2,VERB
luke,en,1,PROPN
grave,en,3,ADJ
odd,en,13,ADJ
hearing,en,2,NOUN
mall,en,2,PROPN
secure,en,4,VERB
falling,en,1,NOUN
villa,en,3,NOUN
select,en,1,ADJ
belong,en,12,VERB
rival,en,1,NOUN
absolutely,en,3,ADV
nobody,en,6,PRON
vast,en,34,ADJ
inquiry,en,5,NOUN
belt,en,1,NOUN
rarely,en,2,ADV
submission,en,2,NOUN
crowd,en,6,VERB
mystery,en,2,NOUN
walking,en,1,NOUN
nevertheless,en,1,ADV
partial,en,5,ADJ
partly,en,4,ADV
clock,en,2,NOUN
distinction,en,4,NOUN
pen,en,1,NOUN
transition,en,1,NOUN
sacred,en,2,ADJ
rob,en,1,VERB
citizen,en,1,NOUN
appointment,en,1,NOUN
angle,en,1,NOUN
spend,en,13,VERB
ninth,en,1,NOUN
exercise,en,3,NOUN
resort,en,2,NOUN
dancing,en,5,NOUN
tribute,en,1,NOUN
encourage,en,1,VERB
convinced,en,5,ADJ
bed,en,12,NOUN
reflect,en,7,VERB
obtain,en,4,VERB
gothic,en,1,ADJ
protest,en,1,VERB
hunting,en,2,NOUN
frequent,en,5,ADJ
voyage,en,7,NOUN
sing,en,9,VERB
noble,en,15,ADJ
guilty,en,1,ADJ
affair,en,8,NOUN
handle,en,3,VERB
extinct,en,1,ADJ
item,en,1,NOUN
load,en,6,VERB
cap,en,4,NOUN
prefer,en,7,VERB
lie,en,9,VERB
throne,en,3,NOUN
abroad,en,1,ADV
grandfather,en,1,NOUN
flower,en,18,NOUN
col,en,4,PROPN
survive,en,3,VERB
sharp,en,2,ADJ
publicly,en,5,ADV
meat,en,4,NOUN
literally,en,5,ADV
moral,en,2,NOUN
sung,en,3,VERB
brunswick,en,1,PROPN
grove,en,5,NOUN
tea,en,5,NOUN
bright,en,6,ADJ
heaven,en,6,NOUN
aspect,en,1,NOUN
helen,en,3,PROPN
intention,en,1,NOUN
pat,en,1,NOUN
ordinary,en,4,ADJ
suffering,en,1,NOUN
worship,en,1,VERB
blind,en,2,ADJ
globe,en,1,NOUN
gross,en,2,ADJ
experiment,en,2,NOUN
diameter,en,1,NOUN
plenty,en,8,NOUN
seal,en,1,VERB
gregory,en,1,PROPN
sword,en,1,NOUN
purple,en,3,ADJ
holland,en,3,PROPN
rebellion,en,3,NOUN
physician,en,1,NOUN
cloud,en,4,NOUN
noise,en,4,NOUN
beer,en,1,NOUN
loop,en,2,NOUN
hat,en,2,NOUN
eat,en,7,VERB
coffee,en,13,NOUN
chancellor,en,1,NOUN
destroy,en,5,VERB
apartment,en,26,NOUN
fill,en,11,VERB
thin,en,4,ADJ
shield,en,1,VERB
violent,en,6,ADJ
harbour,en,1,NOUN
devil,en,3,NOUN
sultan,en,24,NOUN
milk,en,3,NOUN
romance,en,1,NOUN
mistake,en,4,NOUN
remainder,en,1,NOUN
sleep,en,8,VERB
sum,en,3,NOUN
mythology,en,1,NOUN
confusion,en,3,NOUN
occasion,en,33,NOUN
possession,en,7,NOUN
defend,en,2,VERB
reverse,en,1,NOUN
paulo,en,1,PROPN
ho,en,1,INTJ
venture,en,1,VERB
shoot,en,3,VERB
cotton,en,1,NOUN
sitting,en,1,NOUN
forty,en,9,NUM
towers,en,1,PROPN
bone,en,2,NOUN
raw,en,1,ADJ
monster,en,2,NOUN
palestine,en,1,PROPN
lap,en,1,VERB
succession,en,1,NOUN
throw,en,18,VERB
monday,en,2,PROPN
kid,en,1,NOUN
delivery,en,2,NOUN
fifty,en,10,NUM
slave,en,26,NOUN
columbus,en,1,PROPN
manage,en,3,VERB
favour,en,8,NOUN
printing,en,1,NOUN
theology,en,1,NOUN
reed,en,1,NOUN
debt,en,2,NOUN
expensive,en,4,ADJ
newton,en,1,PROPN
bath,en,9,NOUN
venice,en,2,PROPN
custom,en,27,NOUN
profession,en,2,NOUN
grass,en,1,NOUN
artificial,en,1,ADJ
prague,en,2,PROPN
hughes,en,2,PROPN
suburb,en,2,NOUN
pearl,en,20,NOUN
chorus,en,4,NOUN
cattle,en,1,NOUN
fifteen,en,3,NUM
tale,en,3,NOUN
vary,en,1,VERB
jet,en,1,NOUN
horn,en,3,NOUN
repair,en,5,VERB
stick,en,4,VERB
truly,en,2,ADV
resolve,en,6,VERB
rough,en,1,ADJ
engage,en,8,VERB
pine,en,1,NOUN
button,en,6,NOUN
neck,en,10,NOUN
drink,en,13,VERB
poorly,en,1,ADV
vanity,en,3,NOUN
gift,en,2,NOUN
slowly,en,1,ADV
smart,en,1,ADJ
prayer,en,4,NOUN
oval,en,1,ADJ
perfectly,en,24,ADV
protestant,en,2,ADJ
danger,en,8,NOUN
rally,en,1,VERB
surprise,en,24,VERB
isle,en,1,NOUN
wake,en,2,VERB
conversation,en,14,NOUN
restore,en,3,VERB
inn,en,6,NOUN
forth,en,3,ADJ
ba,en,2,NOUN
massacre,en,1,VERB
illness,en,1,NOUN
dress,en,65,NOUN
autumn,en,1,NOUN
difficulty,en,3,NOUN
wealth,en,4,NOUN
lodge,en,1,VERB
pride,en,2,NOUN
friendship,en,6,NOUN
corruption,en,2,NOUN
pursue,en,7,VERB
revenge,en,6,VERB
examination,en,1,NOUN
kiss,en,6,VERB
luck,en,2,NOUN
bid,en,2,VERB
mercury,en,1,PROPN
preserve,en,3,VERB
marry,en,18,VERB
im,en,1,NOUN
suddenly,en,1,ADV
absolute,en,11,ADJ
preparation,en,1,NOUN
declaration,en,3,NOUN
discipline,en,1,NOUN
compound,en,2,NOUN
arabia,en,1,PROPN
equally,en,5,ADV
shut,en,3,VERB
thirteen,en,3,NUM
thick,en,12,ADJ
extend,en,2,VERB
wire,en,1,NOUN
fat,en,1,ADJ
teach,en,3,VERB
verse,en,16,NOUN
warm,en,6,ADJ
treat,en,3,VERB
congregation,en,1,NOUN
drinking,en,1,NOUN
companion,en,2,NOUN
imagine,en,35,VERB
consideration,en,4,NOUN
wise,en,3,ADJ
worthy,en,7,ADJ
justify,en,1,VERB
suppose,en,31,VERB
fate,en,1,NOUN
sandy,en,1,ADJ
paint,en,11,VERB
excellence,en,1,NOUN
nonsense,en,2,NOUN
freely,en,2,ADV
hardly,en,17,ADV
isaac,en,1,PROPN
vii,en,1,NUM
contrary,en,6,NOUN
mad,en,1,ADJ
dozen,en,8,NUM
mosque,en,22,NOUN
impression,en,1,NOUN
discover,en,5,VERB
dancer,en,1,NOUN
anchor,en,1,NOUN
disorder,en,3,NOUN
lock,en,3,VERB
observation,en,6,NOUN
judgment,en,3,NOUN
prisoner,en,4,NOUN
dome,en,6,NOUN
sight,en,15,NOUN
fortune,en,7,NOUN
tomb,en,6,NOUN
malta,en,1,PROPN
westminster,en,1,PROPN
garrison,en,10,NOUN
surprised,en,4,ADJ
te,en,52,AUX
geographical,en,1,ADJ
sit,en,24,VERB
eating,en,3,NOUN
doctrine,en,2,NOUN
dollar,en,1,NOUN
consumption,en,1,NOUN
constantly,en,4,ADV
sheet,en,1,NOUN
lift,en,2,VERB
confidence,en,2,NOUN
breeding,en,5,NOUN
arch,en,6,NOUN
enjoy,en,12,VERB
neat,en,10,ADJ
punishment,en,3,NOUN
lighting,en,1,NOUN
smooth,en,1,ADJ
ah,en,3,INTJ
taste,en,17,NOUN
payment,en,1,NOUN
militia,en,1,NOUN
eugene,en,2,PROPN
withdraw,en,1,VERB
promise,en,10,VERB
convert,en,3,VERB
afternoon,en,1,NOUN
arrive,en,13,VERB
scandal,en,5,NOUN
widow,en,11,NOUN
consist,en,10,VERB
witness,en,3,NOUN
mutual,en,2,ADJ
diet,en,1,NOUN
fringe,en,2,NOUN
passion,en,19,NOUN
joy,en,7,NOUN
kitchen,en,3,NOUN
comedian,en,1,NOUN
arsenal,en,1,NOUN
gravity,en,4,NOUN
frontier,en,5,NOUN
slavery,en,3,NOUN
hood,en,1,NOUN
moderate,en,3,ADJ
tributary,en,1,NOUN
commanding,en,1,NOUN
midnight,en,2,NOUN
diversity,en,1,NOUN
sixteen,en,1,NUM
repeat,en,4,VERB
brussels,en,1,PROPN
complaint,en,3,NOUN
absent,en,1,ADJ
mere,en,3,ADJ
macedonia,en,1,PROPN
listen,en,1,VERB
egg,en,3,NOUN
conquest,en,5,NOUN
burn,en,12,VERB
lover,en,16,NOUN
ferdinand,en,2,PROPN
sin,en,2,NOUN
retain,en,6,VERB
prepare,en,4,VERB
cannon,en,1,NOUN
catalogue,en,1,NOUN
reveal,en,1,VERB
chelsea,en,1,PROPN
strict,en,1,ADJ
sheep,en,3,NOUN
andrea,en,1,PROPN
comparable,en,2,ADJ
naturally,en,11,ADV
sculptor,en,1,NOUN
praise,en,7,NOUN
sufficiently,en,1,ADV
spy,en,1,NOUN
viii,en,1,NUM
pull,en,3,VERB
twentieth,en,1,NOUN
engagement,en,1,NOUN
consequently,en,1,ADV
milton,en,2,PROPN
dinner,en,10,NOUN
retreat,en,2,NOUN
carefully,en,3,ADV
privately,en,2,ADV
afraid,en,9,ADJ
fault,en,5,NOUN
pound,en,9,NOUN
delay,en,3,VERB
belgrade,en,11,PROPN
pale,en,2,ADJ
glory,en,4,NOUN
deeply,en,1,ADV
angry,en,4,ADJ
skill,en,4,NOUN
confirm,en,1,VERB
breed,en,6,NOUN
adrian,en,1,PROPN
pipe,en,2,NOUN
heir,en,4,NOUN
hide,en,3,VERB
tissue,en,1,NOUN
wednesday,en,2,PROPN
submit,en,3,VERB
monarch,en,2,NOUN
favourite,en,13,NOUN
bavaria,en,1,PROPN
mixture,en,6,NOUN
endangered,en,1,ADJ
servant,en,7,NOUN
maker,en,1,NOUN
beneath,en,1,ADP
nose,en,1,NOUN
pace,en,4,NOUN
thunder,en,2,NOUN
forget,en,19,VERB
monk,en,1,NOUN
extraordinary,en,21,ADJ
whenever,en,8,ADV
jam,en,5,NOUN
amazing,en,1,ADJ
accidentally,en,1,ADV
goddess,en,2,NOUN
satisfy,en,4,VERB
notion,en,13,NOUN
lightning,en,1,NOUN
pond,en,2,NOUN
lucky,en,1,ADJ
toy,en,2,NOUN
careful,en,1,ADJ
nurse,en,2,NOUN
patron,en,1,NOUN
ash,en,3,NOUN
array,en,1,VERB
loose,en,1,ADJ
smoke,en,1,NOUN
divorce,en,2,VERB
saxon,en,1,ADJ
grain,en,1,NOUN
bench,en,1,NOUN
paradise,en,3,NOUN
diana,en,1,PROPN
busy,en,1,ADJ
nobility,en,2,NOUN
tomorrow,en,1,NOUN
agenda,en,1,NOUN
provision,en,3,NOUN
humanity,en,2,NOUN
admit,en,8,VERB
terror,en,3,NOUN
distant,en,9,ADJ
sail,en,5,VERB
celebrate,en,9,VERB
jo,en,1,PROPN
sick,en,2,ADJ
shoulder,en,9,NOUN
settle,en,1,VERB
bunch,en,1,NOUN
distinguish,en,11,VERB
introduce,en,2,VERB
quiet,en,3,ADJ
knee,en,4,NOUN
deliver,en,3,VERB
travelling,en,6,NOUN
sofia,en,1,PROPN
permit,en,22,VERB
consequence,en,3,NOUN
furniture,en,8,NOUN
honest,en,1,ADJ
obscure,en,1,VERB
julius,en,1,PROPN
naples,en,1,PROPN
refuge,en,1,NOUN
thursday,en,3,PROPN
infinite,en,3,ADJ
vale,en,1,NOUN
paste,en,1,NOUN
saxony,en,3,PROPN
convoy,en,3,NOUN
excessive,en,9,ADJ
implement,en,1,VERB
accommodate,en,2,VERB
shelter,en,1,PROPN
preference,en,3,NOUN
tune,en,4,NOUN
harmony,en,2,NOUN
apollo,en,2,PROPN
naked,en,8,ADJ
providence,en,1,PROPN
pocket,en,2,NOUN
sad,en,1,ADJ
troy,en,2,PROPN
treasure,en,2,PROPN
treasury,en,1,NOUN
uncertain,en,1,ADJ
dear,en,57,ADJ
clothes,en,11,NOUN
sovereign,en,3,ADJ
consent,en,2,VERB
blow,en,2,VERB
hardy,en,1,ADJ
fur,en,7,NOUN
marble,en,38,NOUN
politically,en,1,ADV
nottingham,en,3,PROPN
succeed,en,3,VERB
motto,en,4,NOUN
dirty,en,3,ADJ
brass,en,2,NOUN
bag,en,3,NOUN
climb,en,2,VERB
thames,en,1,PROPN
skull,en,2,NOUN
quantity,en,11,NOUN
cairo,en,3,PROPN
barrier,en,1,NOUN
silence,en,2,NOUN
exterior,en,1,NOUN
imprisonment,en,1,NOUN
remarkable,en,10,ADJ
differ,en,6,VERB
builder,en,1,NOUN
arrow,en,2,NOUN
bread,en,2,NOUN
nest,en,2,NOUN
convince,en,4,VERB
prey,en,2,NOUN
mathematician,en,1,NOUN
inscription,en,8,NOUN
accordingly,en,2,ADV
demonstration,en,1,NOUN
invitation,en,1,NOUN
fever,en,5,NOUN
useless,en,1,ADJ
swift,en,3,ADJ
tuesday,en,3,PROPN
empress,en,22,NOUN
clergy,en,1,NOUN
breast,en,4,NOUN
beast,en,3,NOUN
griffin,en,2,NOUN
proportion,en,10,NOUN
ceiling,en,1,NOUN
homer,en,6,PROPN
excess,en,3,NOUN
hanging,en,1,NOUN
reasonably,en,1,ADV
romans,en,1,PROPN
invention,en,4,NOUN
drag,en,2,VERB
oriental,en,2,ADJ
manufacture,en,1,NOUN
sudden,en,1,ADJ
arbitrary,en,1,ADJ
ought,en,13,AUX
cabin,en,1,NOUN
tongue,en,2,NOUN
cry,en,6,VERB
fountain,en,16,NOUN
quit,en,2,VERB
rid,en,2,VERB
leipzig,en,2,PROPN
engaging,en,1,ADJ
strait,en,8,NOUN
communicate,en,2,VERB
alphabet,en,1,NOUN
eighteen,en,3,NUM
shirt,en,1,NOUN
acre,en,1,NOUN
wonderful,en,7,ADJ
finger,en,4,NOUN
spite,en,4,NOUN
baldwin,en,1,PROPN
troop,en,1,NOUN
sixty,en,1,NUM
venus,en,1,PROPN
salmon,en,1,PROPN
corn,en,5,NOUN
violate,en,1,VERB
pleasure,en,53,NOUN
faction,en,1,NOUN
olive,en,3,NOUN
pleasant,en,9,ADJ
treasurer,en,1,NOUN
sally,en,1,NOUN
openly,en,1,ADV
inferior,en,2,ADJ
silk,en,7,NOUN
pageant,en,1,NOUN
objection,en,1,NOUN
brilliant,en,1,NOUN
creature,en,14,NOUN
puppet,en,1,NOUN
recover,en,3,VERB
ear,en,4,NOUN
rational,en,2,ADJ
altar,en,4,NOUN
proud,en,2,ADJ
discharge,en,1,NOUN
penny,en,1,NOUN
proceed,en,5,VERB
mud,en,1,NOUN
honey,en,3,NOUN
pierce,en,4,VERB
stupid,en,3,ADJ
trunk,en,2,NOUN
genuine,en,2,ADJ
handful,en,1,NOUN
dish,en,9,NOUN
terrible,en,7,ADJ
divide,en,19,VERB
alter,en,1,VERB
constantinople,en,35,PROPN
fatal,en,2,ADJ
luxury,en,3,NOUN
facilitate,en,1,VERB
sake,en,3,NOUN
torture,en,1,NOUN
curious,en,9,ADJ
pavilion,en,1,NOUN
fantastic,en,1,ADJ
augustus,en,1,PROPN
altogether,en,3,ADV
yield,en,2,VERB
beside,en,3,ADV
cheap,en,3,ADJ
forbidden,en,1,VERB
knife,en,3,NOUN
yesterday,en,16,NOUN
adopt,en,2,VERB
sicily,en,1,PROPN
tide,en,1,VERB
charitable,en,1,ADJ
feast,en,3,NOUN
po,en,1,PROPN
comfortable,en,1,ADJ
leather,en,1,NOUN
mercy,en,3,NOUN
bottle,en,1,NOUN
slide,en,2,VERB
satisfied,en,8,ADJ
coral,en,1,NOUN
rowing,en,1,NOUN
wound,en,4,NOUN
conviction,en,1,NOUN
ridiculous,en,7,ADJ
suffer,en,34,VERB
regent,en,1,NOUN
belle,en,1,PROPN
shed,en,1,VERB
hang,en,15,VERB
salary,en,2,NOUN
enhance,en,1,VERB
caesar,en,1,PROPN
tragedy,en,2,NOUN
macedonian,en,2,PROPN
testimony,en,1,NOUN
duchess,en,10,NOUN
reflection,en,13,NOUN
booth,en,1,NOUN
courage,en,5,NOUN
toss,en,4,VERB
alps,en,3,PROPN
ease,en,3,NOUN
flame,en,4,VERB
exeter,en,1,PROPN
rent,en,1,NOUN
verses,en,1,NOUN
keeper,en,1,NOUN
prospect,en,19,NOUN
trent,en,1,PROPN
readily,en,1,ADV
anger,en,1,NOUN
decoration,en,2,NOUN
boot,en,2,NOUN
exceed,en,1,VERB
ribbon,en,6,NOUN
infant,en,5,NOUN
mild,en,1,ADJ
correspondent,en,4,NOUN
jointly,en,1,ADV
bare,en,1,ADJ
bride,en,11,NOUN
sailor,en,1,NOUN
assert,en,6,VERB
depend,en,6,VERB
burden,en,3,NOUN
ruby,en,5,NOUN
instant,en,1,NOUN
skilled,en,3,ADJ
calm,en,1,NOUN
commit,en,2,VERB
stale,en,1,ADJ
sterling,en,6,NOUN
reward,en,2,VERB
ally,en,1,VERB
steep,en,1,ADJ
primitive,en,1,ADJ
whale,en,1,NOUN
archipelago,en,2,PROPN
justification,en,1,NOUN
arabian,en,3,ADJ
ivory,en,3,NOUN
bloody,en,2,ADJ
coloured,en,8,VERB
pot,en,5,NOUN
patriarch,en,1,NOUN
powder,en,4,VERB
inform,en,10,VERB
detect,en,1,VERB
sunshine,en,1,NOUN
hollow,en,1,ADJ
mob,en,5,NOUN
seventeen,en,2,NUM
secretly,en,1,ADV
virtue,en,7,NOUN
carnival,en,1,NOUN
hay,en,3,NOUN
convent,en,5,NOUN
dealer,en,1,NOUN
frost,en,1,NOUN
reverend,en,2,NOUN
mistaken,en,4,ADJ
intend,en,13,VERB
comply,en,2,VERB
prohibition,en,1,NOUN
observe,en,22,VERB
hyde,en,3,PROPN
eternal,en,2,ADJ
countess,en,8,NOUN
tender,en,7,ADJ
yearly,en,1,ADJ
wholly,en,14,ADV
modest,en,1,ADJ
relate,en,5,VERB
sovereignty,en,1,NOUN
breach,en,2,NOUN
rope,en,1,NOUN
spare,en,1,VERB
notorious,en,1,ADJ
steal,en,3,VERB
pension,en,3,NOUN
constantine,en,3,PROPN
dash,en,1,VERB
spike,en,1,NOUN
translate,en,1,VERB
accommodation,en,4,NOUN
gazette,en,1,NOUN
thoroughly,en,1,ADV
cloth,en,12,NOUN
sen,en,2,PROPN
strain,en,2,NOUN
presently,en,1,ADV
consul,en,1,NOUN
excuse,en,12,VERB
invisible,en,2,ADJ
ibrahim,en,2,PROPN
coronation,en,1,NOUN
jupiter,en,3,PROPN
prophet,en,4,NOUN
dresden,en,7,PROPN
refuse,en,7,VERB
deserve,en,9,VERB
abbot,en,1,PROPN
fabric,en,1,NOUN
carriage,en,2,NOUN
stark,en,1,ADJ
inclined,en,4,ADJ
retire,en,4,VERB
safely,en,4,ADV
arise,en,1,VERB
eclipse,en,1,VERB
angelo,en,2,PROPN
yacht,en,2,NOUN
genius,en,5,NOUN
continuation,en,3,NOUN
comfort,en,5,NOUN
dwarf,en,2,NOUN
glad,en,11,ADJ
fold,en,3,NOUN
happiness,en,10,NOUN
warehouse,en,1,NOUN
miracle,en,5,NOUN
leisure,en,3,NOUN
leopold,en,2,PROPN
irregular,en,2,ADJ
passive,en,1,ADJ
tired,en,6,ADJ
wage,en,1,NOUN
poison,en,1,VERB
dover,en,1,PROPN
deny,en,2,VERB
hanover,en,5,PROPN
examine,en,2,VERB
unexpected,en,1,ADJ
uncommon,en,3,ADJ
jesuit,en,4,PROPN
midway,en,2,NOUN
scratch,en,1,NOUN
partition,en,1,NOUN
destiny,en,4,NOUN
swim,en,3,VERB
persecution,en,2,NOUN
agnes,en,1,PROPN
seine,en,1,PROPN
fool,en,3,NOUN
brave,en,1,ADJ
dirt,en,3,NOUN
imagination,en,4,NOUN
amusement,en,7,NOUN
ancestor,en,1,NOUN
fence,en,1,NOUN
turin,en,3,PROPN
deaf,en,2,VERB
ink,en,1,VERB
declare,en,8,VERB
supernatural,en,2,ADJ
pleased,en,34,ADJ
faithful,en,3,ADJ
lamb,en,2,NOUN
resemble,en,7,VERB
advise,en,2,VERB
turtle,en,2,NOUN
cake,en,3,NOUN
curse,en,1,NOUN
habit,en,16,NOUN
exposition,en,1,NOUN
oath,en,1,NOUN
twist,en,2,VERB
bury,en,8,VERB
hire,en,4,VERB
dig,en,1,VERB
tract,en,1,NOUN
courtesy,en,3,NOUN
augustine,en,1,PROPN
eighteenth,en,1,ADJ
amber,en,1,NOUN
deity,en,1,NOUN
shocked,en,1,ADJ
passport,en,1,NOUN
shame,en,2,NOUN
rotterdam,en,3,PROPN
laurel,en,1,NOUN
greenland,en,1,PROPN
surprising,en,14,ADJ
stranger,en,7,NOUN
sands,en,2,PROPN
shoe,en,6,NOUN
basket,en,6,NOUN
rage,en,1,NOUN
ceremonial,en,1,NOUN
tooth,en,2,NOUN
employ,en,10,VERB
abandon,en,3,VERB
probable,en,1,ADJ
mercer,en,1,NOUN
meal,en,2,NOUN
dominion,en,7,NOUN
medley,en,1,NOUN
rotten,en,1,ADJ
marquis,en,1,NOUN
acknowledge,en,1,VERB
cease,en,1,VERB
ugly,en,3,ADJ
decay,en,7,VERB
majesty,en,16,NOUN
herb,en,4,NOUN
dove,en,1,NOUN
beneficial,en,2,ADJ
credible,en,1,ADJ
xiii,en,2,NUM
beef,en,1,NOUN
precious,en,3,ADJ
plague,en,2,NOUN
pie,en,1,NOUN
cement,en,1,NOUN
refugee,en,1,NOUN
madame,en,1,PROPN
vintage,en,1,NOUN
unlimited,en,2,ADJ
footnote,en,4,PROPN
afford,en,9,VERB
sink,en,1,VERB
paved,en,5,VERB
gentleman,en,7,NOUN
banker,en,1,NOUN
reject,en,1,VERB
smile,en,8,NOUN
sophia,en,9,PROPN
ambitious,en,3,ADJ
discourse,en,4,NOUN
chin,en,1,NOUN
strengthen,en,1,VERB
rite,en,1,NOUN
pitt,en,1,PROPN
genoa,en,5,PROPN
brandenburg,en,1,PROPN
civility,en,15,NOUN
rude,en,2,ADJ
soup,en,1,NOUN
dissertation,en,1,NOUN
throat,en,5,NOUN
breath,en,1,NOUN
alley,en,3,NOUN
undergo,en,1,VERB
pastoral,en,2,ADJ
miniature,en,1,NOUN
conclude,en,12,VERB
incredible,en,6,ADJ
poetic,en,1,ADJ
straw,en,1,NOUN
attribute,en,4,VERB
jew,en,5,PROPN
interpret,en,1,VERB
awkward,en,2,ADJ
corrupt,en,1,ADJ
symmetry,en,1,NOUN
hercules,en,2,PROPN
pile,en,1,VERB
necessity,en,1,NOUN
disposal,en,3,NOUN
mistress,en,11,NOUN
bud,en,1,NOUN
invite,en,7,VERB
reside,en,2,VERB
convenience,en,2,NOUN
convey,en,1,VERB
shade,en,11,NOUN
lamp,en,4,NOUN
bloom,en,3,NOUN
denial,en,2,NOUN
maid,en,16,NOUN
scarlet,en,5,ADJ
inconsistent,en,1,ADJ
parole,en,1,NOUN
vein,en,3,NOUN
impose,en,2,VERB
absurd,en,4,ADJ
pilgrimage,en,1,NOUN
antiquity,en,4,NOUN
convenient,en,7,ADJ
duel,en,1,NOUN
exclude,en,1,VERB
intimate,en,1,ADJ
darling,en,1,NOUN
backwards,en,1,ADV
harp,en,1,NOUN
crack,en,1,VERB
firmly,en,3,ADV
sauce,en,1,NOUN
tragic,en,1,ADJ
beloved,en,4,ADJ
savoy,en,1,PROPN
bohemia,en,4,PROPN
thief,en,1,NOUN
sentiment,en,5,NOUN
laugh,en,11,VERB
utterly,en,7,ADV
privilege,en,8,NOUN
captive,en,1,NOUN
wool,en,1,NOUN
surprisingly,en,4,ADV
wash,en,3,VERB
whoever,en,2,PRON
lumber,en,1,NOUN
turret,en,1,NOUN
lately,en,2,ADV
goat,en,1,NOUN
burst,en,1,VERB
shake,en,1,VERB
resist,en,3,VERB
sensible,en,7,ADJ
ida,en,3,PROPN
accompany,en,6,VERB
mosaic,en,2,PROPN
eighty,en,1,NUM
ajax,en,1,PROPN
bohemian,en,1,ADJ
meadow,en,2,NOUN
patriot,en,1,ADJ
weigh,en,1,VERB
upright,en,1,ADV
sic,en,103,NOUN
ruin,en,15,NOUN
devotion,en,9,NOUN
steadily,en,1,ADV
noon,en,1,NOUN
niece,en,2,NOUN
gentle,en,1,ADJ
patronage,en,1,NOUN
patience,en,1,NOUN
tear,en,8,NOUN
heroic,en,2,ADJ
shine,en,7,VERB
regain,en,1,VERB
peasant,en,6,NOUN
unstable,en,1,ADJ
murderer,en,1,NOUN
cum,en,1,X
innocence,en,1,NOUN
abundance,en,7,NOUN
satirical,en,1,ADJ
magnificent,en,26,ADJ
carpet,en,10,NOUN
unhappy,en,2,ADJ
seventeenth,en,1,ADJ
homage,en,1,NOUN
chiefly,en,2,ADV
beard,en,5,NOUN
discretion,en,4,NOUN
danube,en,11,PROPN
garland,en,5,NOUN
hazard,en,4,NOUN
obligation,en,1,NOUN
rigid,en,3,ADJ
sect,en,4,NOUN
ourselves,en,1,PRON
satisfaction,en,3,NOUN
butter,en,1,NOUN
persuade,en,21,VERB
render,en,3,VERB
repository,en,2,NOUN
lemon,en,3,NOUN
honourable,en,1,ADJ
mortal,en,2,ADJ
procession,en,6,NOUN
jaw,en,1,NOUN
hatred,en,1,NOUN
exempt,en,3,ADJ
spire,en,1,NOUN
accomplish,en,2,VERB
piedmont,en,1,PROPN
correspond,en,1,VERB
lean,en,1,VERB
hut,en,2,NOUN
mountainous,en,1,ADJ
famed,en,1,VERB
humour,en,8,NOUN
niche,en,1,NOUN
regulate,en,2,VERB
wax,en,4,NOUN
motive,en,2,NOUN
pigeon,en,2,NOUN
lyons,en,2,PROPN
fertile,en,1,ADJ
slender,en,2,ADJ
cruel,en,5,ADJ
tire,en,1,VERB
pillar,en,22,NOUN
ignorance,en,6,NOUN
tavern,en,2,NOUN
dislike,en,1,VERB
glasses,en,3,NOUN
adapt,en,1,VERB
lovely,en,11,ADJ
thickness,en,1,NOUN
preacher,en,2,NOUN
dare,en,21,AUX
literal,en,2,ADJ
polite,en,11,ADJ
resemblance,en,1,NOUN
passionate,en,2,ADJ
educate,en,4,VERB
twisted,en,1,ADJ
weakness,en,3,NOUN
jealous,en,1,ADJ
worm,en,1,NOUN
elegant,en,1,ADJ
profound,en,3,ADJ
fancy,en,33,VERB
unwilling,en,2,ADJ
lip,en,1,NOUN
raphael,en,2,PROPN
sadly,en,1,ADV
complain,en,2,VERB
execute,en,2,VERB
antique,en,2,NOUN
velvet,en,6,NOUN
toilet,en,1,NOUN
divinity,en,1,NOUN
sleeve,en,10,NOUN
quo,en,1,X
saddle,en,1,NOUN
blessing,en,2,NOUN
inevitable,en,1,ADJ
vine,en,8,NOUN
packet,en,1,NOUN
excerpt,en,1,VERB
jewel,en,21,NOUN
generous,en,1,ADJ
entertaining,en,10,VERB
tent,en,5,NOUN
nuns,en,1,PROPN
distress,en,1,NOUN
corpse,en,1,NOUN
voluntarily,en,1,ADV
accord,en,11,VERB
conscience,en,4,NOUN
ass,en,2,NOUN
lazy,en,1,ADJ
bravery,en,1,NOUN
morality,en,3,NOUN
compass,en,4,NOUN
freeze,en,6,VERB
profitable,en,1,ADJ
curtain,en,1,NOUN
liquor,en,2,NOUN
wicked,en,2,ADJ
bleeding,en,1,NOUN
fond,en,9,ADJ
cascade,en,2,NOUN
sustain,en,1,VERB
mankind,en,12,NOUN
creed,en,1,NOUN
ambrose,en,1,PROPN
remark,en,3,NOUN
horrible,en,1,ADJ
lent,en,2,NOUN
glance,en,1,NOUN
repetition,en,2,NOUN
wit,en,8,NOUN
wight,en,1,NOUN
merchandise,en,4,NOUN
humble,en,3,ADJ
versailles,en,3,PROPN
undertake,en,6,VERB
adjust,en,2,VERB
midst,en,14,NOUN
celestial,en,1,ADJ
giro,en,1,PROPN
bind,en,4,VERB
needle,en,3,NOUN
courier,en,4,NOUN
ascent,en,1,NOUN
lattice,en,6,NOUN
pray,en,6,VERB
regret,en,5,NOUN
charm,en,22,VERB
burgundy,en,2,PROPN
exemption,en,1,NOUN
calais,en,1,PROPN
hint,en,2,NOUN
appoint,en,4,VERB
backward,en,1,ADV
nasty,en,2,ADJ
grief,en,3,NOUN
nun,en,4,NOUN
insist,en,1,VERB
seize,en,3,VERB
surround,en,6,VERB
amelia,en,3,PROPN
behave,en,1,VERB
maxim,en,1,NOUN
embrace,en,1,VERB
bliss,en,2,NOUN
universally,en,1,ADV
immortal,en,1,ADJ
assurance,en,1,NOUN
gala,en,2,PROPN
collier,en,1,PROPN
expose,en,5,VERB
disguise,en,2,VERB
ditch,en,2,NOUN
favourable,en,1,ADJ
steward,en,2,NOUN
proceeding,en,1,NOUN
accuse,en,3,VERB
prophecy,en,1,NOUN
livery,en,1,NOUN
deed,en,1,NOUN
spear,en,1,NOUN
expectation,en,2,NOUN
serpent,en,1,NOUN
nail,en,2,NOUN
conjecture,en,2,VERB
pont,en,1,PROPN
costly,en,2,ADJ
conquer,en,1,VERB
scrap,en,1,NOUN
ransom,en,2,NOUN
curiosity,en,34,NOUN
emerald,en,8,NOUN
mutiny,en,1,NOUN
hind,en,1,NOUN
apostle,en,2,NOUN
preface,en,1,NOUN
ensign,en,1,NOUN
unmarried,en,2,ADJ
dull,en,5,ADJ
handsome,en,20,ADJ
rip,en,1,VERB
disappointment,en,2,NOUN
nicely,en,3,ADV
nut,en,1,NOUN
peculiar,en,4,ADJ
fashioned,en,1,ADJ
medicinal,en,1,ADJ
pardon,en,8,NOUN
uninhabited,en,2,VERB
muse,en,1,NOUN
sermon,en,2,NOUN
manners,en,9,NOUN
scripture,en,3,NOUN
shout,en,1,VERB
ornamental,en,1,ADJ
atheist,en,1,NOUN
threaten,en,4,VERB
guido,en,2,PROPN
forgive,en,6,VERB
fam,en,1,NOUN
kindly,en,1,ADV
ninety,en,1,NUM
thy,en,3,PRON
seldom,en,11,ADV
spice,en,1,NOUN
encouragement,en,1,NOUN
snap,en,1,VERB
inspire,en,6,VERB
attain,en,1,VERB
lightly,en,1,ADV
dart,en,1,NOUN
dismiss,en,1,VERB
pretend,en,13,VERB
erect,en,1,VERB
affection,en,3,NOUN
perpetual,en,7,ADJ
presume,en,2,VERB
canopy,en,2,NOUN
gesture,en,3,NOUN
undoubtedly,en,1,ADV
harmless,en,2,ADJ
tiffany,en,1,NOUN
limb,en,1,NOUN
vineyard,en,1,NOUN
pamphlet,en,1,NOUN
cheek,en,3,NOUN
overturn,en,1,VERB
populous,en,6,ADJ
compose,en,5,VERB
lively,en,14,ADJ
relieve,en,1,VERB
camel,en,3,NOUN
til,en,1,PROPN
delicate,en,7,ADJ
quietly,en,2,ADV
glorious,en,2,ADJ
fig,en,2,NOUN
morrow,en,3,PROPN
heron,en,1,NOUN
interpreter,en,5,NOUN
remembrance,en,1,NOUN
dye,en,2,VERB
feather,en,3,NOUN
elbow,en,1,NOUN
dispatch,en,3,VERB
heavenly,en,1,ADJ
plaster,en,1,NOUN
dissent,en,1,NOUN
inclination,en,9,NOUN
excel,en,1,VERB
addison,en,1,PROPN
assure,en,49,VERB
weed,en,2,NOUN
consume,en,2,VERB
marlborough,en,1,PROPN
elector,en,4,NOUN
juno,en,2,PROPN
virgil,en,4,PROPN
brethren,en,1,NOUN
asleep,en,1,ADJ
vain,en,5,NOUN
wrap,en,6,VERB
severity,en,1,NOUN
charming,en,6,ADJ
bartholomew,en,2,PROPN
wooded,en,1,ADJ
shower,en,1,NOUN
ignorant,en,5,ADJ
envoy,en,6,NOUN
caravan,en,1,NOUN
serge,en,1,NOUN
mecca,en,2,PROPN
neglect,en,2,VERB
confuse,en,2,VERB
edged,en,1,VERB
scar,en,1,NOUN
thorn,en,1,NOUN
aleppo,en,2,PROPN
delight,en,4,NOUN
epithet,en,2,NOUN
amour,en,3,NOUN
slash,en,1,VERB
sickness,en,1,NOUN
trojan,en,1,PROPN
negotiation,en,1,NOUN
beg,en,11,VERB
induce,en,1,VERB
thee,en,1,PRON
efficacy,en,1,NOUN
stout,en,1,ADJ
traveller,en,13,NOUN
scarce,en,3,ADJ
contradictory,en,1,ADJ
abruptly,en,1,ADV
pencil,en,4,NOUN
novelty,en,5,NOUN
contempt,en,2,NOUN
spectator,en,2,NOUN
defect,en,3,NOUN
conspicuous,en,2,ADJ
hedge,en,1,NOUN
polished,en,4,ADJ
louvre,en,1,PROPN
arched,en,1,VERB
fatigue,en,12,NOUN
govern,en,1,VERB
assign,en,2,VERB
perceive,en,6,VERB
carving,en,1,NOUN
usher,en,1,NOUN
meritorious,en,1,ADJ
scribe,en,1,NOUN
vastly,en,3,ADV
neighbour,en,5,NOUN
purse,en,3,NOUN
fortification,en,4,NOUN
punish,en,3,VERB
idle,en,3,ADJ
shocking,en,2,ADJ
gallantry,en,7,NOUN
contradiction,en,2,NOUN
convict,en,1,VERB
cypress,en,4,NOUN
disposition,en,3,NOUN
levant,en,2,PROPN
reconcile,en,1,VERB
carthage,en,5,PROPN
barge,en,1,NOUN
crust,en,2,VERB
glove,en,1,NOUN
jar,en,5,NOUN
perfection,en,5,NOUN
ursula,en,1,PROPN
oyster,en,1,NOUN
esteem,en,15,VERB
pity,en,8,NOUN
inherit,en,1,VERB
groom,en,2,NOUN
porcelain,en,2,NOUN
highness,en,3,NOUN
insignificant,en,4,ADJ
transplant,en,1,VERB
veil,en,9,NOUN
arcadia,en,1,PROPN
unpleasant,en,1,ADJ
chevalier,en,1,PROPN
dumont,en,1,PROPN
renew,en,3,VERB
depart,en,3,VERB
oppression,en,3,NOUN
utter,en,1,ADJ
cleopatra,en,1,PROPN
dowager,en,1,NOUN
poultry,en,1,NOUN
royale,en,1,PROPN
sweat,en,1,NOUN
pun,en,1,NOUN
cruelty,en,1,NOUN
superficial,en,1,ADJ
multitude,en,1,NOUN
waist,en,3,NOUN
tunis,en,4,PROPN
commendation,en,1,NOUN
inhabit,en,9,VERB
advertise,en,1,VERB
devote,en,5,VERB
attendant,en,4,NOUN
compassion,en,4,NOUN
incapable,en,1,ADJ
amusing,en,1,VERB
piazza,en,1,PROPN
ox,en,1,NOUN
aristocracy,en,1,NOUN
claw,en,2,NOUN
temper,en,4,NOUN
assemble,en,2,VERB
fashionable,en,1,ADJ
estimation,en,1,NOUN
imitation,en,2,NOUN
converse,en,3,VERB
melt,en,2,VERB
earnest,en,4,ADJ
salute,en,3,VERB
hobbs,en,1,PROPN
lute,en,1,NOUN
thence,en,7,NOUN
beau,en,1,NOUN
compute,en,1,VERB
vase,en,1,NOUN
aqueduct,en,3,NOUN
fidelity,en,1,NOUN
diversion,en,22,NOUN
obey,en,7,VERB
sorrow,en,5,NOUN
gunpowder,en,1,NOUN
daphne,en,1,PROPN
claudius,en,1,PROPN
scent,en,2,NOUN
infancy,en,1,NOUN
candle,en,7,NOUN
allowance,en,1,NOUN
parcel,en,2,NOUN
breeze,en,2,NOUN
acquainted,en,11,VERB
privileged,en,2,ADJ
acquaintance,en,13,NOUN
impress,en,1,VERB
despair,en,3,VERB
liar,en,1,NOUN
vent,en,1,NOUN
rave,en,2,VERB
pause,en,1,NOUN
defiance,en,1,NOUN
mule,en,1,NOUN
teller,en,1,NOUN
sincere,en,2,ADJ
awake,en,1,VERB
admiration,en,6,NOUN
multiply,en,3,VERB
valentin,en,1,PROPN
omnibus,en,1,NOUN
flock,en,5,NOUN
descend,en,1,VERB
jealousy,en,2,NOUN
fontaine,en,1,PROPN
crook,en,1,NOUN
temptation,en,1,NOUN
turk,en,51,PROPN
overture,en,1,NOUN
fabulous,en,2,ADJ
endeavour,en,8,VERB
partridge,en,1,NOUN
oven,en,2,NOUN
jolly,en,1,ADJ
encompass,en,1,VERB
confinement,en,4,NOUN
snowy,en,2,ADJ
ionic,en,1,ADJ
swear,en,4,VERB
lace,en,5,NOUN
tore,en,1,VERB
injustice,en,2,NOUN
nightingale,en,2,NOUN
fortuna,en,1,X
achilles,en,1,PROPN
stir,en,1,VERB
oddly,en,1,ADV
worthless,en,1,ADJ
venerable,en,2,ADJ
omission,en,1,NOUN
sable,en,7,NOUN
rag,en,1,NOUN
gardener,en,3,NOUN
forehead,en,7,NOUN
pulpit,en,3,NOUN
penetrate,en,1,VERB
chariot,en,1,NOUN
pavement,en,10,NOUN
supper,en,4,NOUN
champaign,en,1,NOUN
squire,en,1,NOUN
valiant,en,1,ADJ
couch,en,1,NOUN
confess,en,14,VERB
accomplishment,en,2,NOUN
bathing,en,2,VERB
breadth,en,1,NOUN
shady,en,1,ADJ
faint,en,1,VERB
misery,en,3,NOUN
gratitude,en,2,NOUN
baggage,en,3,NOUN
pasture,en,1,NOUN
lad,en,1,NOUN
skirt,en,1,NOUN
kettle,en,1,NOUN
porte,en,2,PROPN
chairmen,en,1,NOUN
apt,en,8,ADJ
mummy,en,2,NOUN
violently,en,1,ADV
exemplary,en,2,ADJ
vest,en,3,NOUN
commence,en,1,VERB
archduke,en,1,NOUN
circumstance,en,5,NOUN
necklace,en,2,NOUN
constraint,en,1,NOUN
socrates,en,1,PROPN
heap,en,2,NOUN
coarse,en,4,NOUN
bless,en,3,VERB
expressive,en,1,ADJ
writ,en,3,VERB
impartial,en,1,ADJ
pious,en,2,ADJ
goodness,en,12,NOUN
cock,en,2,NOUN
lame,en,1,VERB
durable,en,1,ADJ
majestic,en,2,ADJ
aloud,en,1,ADV
entertain,en,23,VERB
delighted,en,1,ADJ
sine,en,2,NOUN
nightly,en,1,ADJ
beautifully,en,2,ADV
plainly,en,5,ADV
heroism,en,1,NOUN
posture,en,2,NOUN
portico,en,2,NOUN
splendid,en,5,ADJ
imperfect,en,2,ADJ
flavour,en,1,NOUN
bumper,en,1,NOUN
illustrious,en,2,ADJ
counterfeit,en,1,ADJ
grind,en,1,VERB
alas,en,2,INTJ
inaccessible,en,1,ADJ
prelate,en,1,NOUN
pedigree,en,1,NOUN
finely,en,12,ADV
infinitely,en,4,ADV
hurry,en,2,NOUN
prodigy,en,1,NOUN
rang,en,3,VERB
childish,en,1,ADJ
carp,en,1,NOUN
piercing,en,1,NOUN
robe,en,7,NOUN
haut,en,1,X
bargain,en,2,NOUN
cheat,en,2,VERB
nectar,en,1,NOUN
minerva,en,1,PROPN
resentment,en,2,NOUN
bute,en,1,PROPN
preach,en,4,VERB
sana,en,1,PROPN
linen,en,2,NOUN
englishman,en,1,NOUN
sulphur,en,2,NOUN
vulgar,en,4,ADJ
vox,en,1,X
pea,en,1,NOUN
weaken,en,1,VERB
skinned,en,1,ADJ
sigh,en,4,VERB
spectacle,en,3,NOUN
tedious,en,6,ADJ
crystalline,en,1,ADJ
monsieur,en,2,PROPN
ripe,en,2,ADJ
lawful,en,1,ADJ
slippery,en,1,ADJ
obedience,en,1,NOUN
summon,en,1,VERB
regnum,en,2,NOUN
troublesome,en,5,ADJ
plank,en,1,NOUN
enjoyment,en,1,NOUN
omit,en,2,VERB
lavish,en,2,VERB
provoke,en,1,VERB
clumsy,en,1,ADJ
geese,en,1,NOUN
vow,en,2,NOUN
symptom,en,1,NOUN
stricter,en,1,ADJ
consolation,en,1,NOUN
creep,en,1,NOUN
fatima,en,6,PROPN
conceal,en,7,VERB
folly,en,2,NOUN
porta,en,1,PROPN
austrians,en,1,PROPN
boar,en,1,NOUN
calvinist,en,2,PROPN
corinth,en,1,PROPN
invoke,en,1,VERB
perfume,en,8,NOUN
abolish,en,1,VERB
squeeze,en,4,VERB
invent,en,3,VERB
abrupt,en,1,ADJ
wipe,en,1,VERB
melon,en,1,NOUN
sash,en,1,VERB
luxurious,en,1,ADJ
barbarossa,en,2,PROPN
pleasing,en,9,ADJ
overlook,en,1,VERB
sup,en,2,VERB
gown,en,4,NOUN
clasp,en,2,NOUN
bastion,en,2,NOUN
pear,en,1,NOUN
shoemaker,en,1,NOUN
ver,en,1,X
interrupt,en,2,VERB
plume,en,1,NOUN
owe,en,1,VERB
vizier,en,9,NOUN
delicious,en,5,ADJ
endure,en,7,VERB
enquiry,en,1,NOUN
gilded,en,11,VERB
toto,en,1,X
pedestal,en,2,NOUN
spoiled,en,1,VERB
witty,en,2,ADJ
saviour,en,3,PROPN
excursion,en,1,NOUN
unequal,en,2,ADJ
discontent,en,1,NOUN
ly,en,5,VERB
richer,en,3,ADJ
practise,en,3,VERB
epistle,en,1,NOUN
hastily,en,1,ADV
stove,en,8,NOUN
solitude,en,2,NOUN
obscurity,en,1,NOUN
bir,en,2,X
babel,en,1,PROPN
deter,en,1,VERB
gallant,en,4,NOUN
elbe,en,3,PROPN
signify,en,3,VERB
robber,en,1,NOUN
rarity,en,3,NOUN
lodging,en,7,NOUN
aga,en,3,NOUN
roaring,en,1,NOUN
burlesque,en,1,ADJ
divert,en,19,VERB
shorten,en,2,VERB
dryden,en,1,PROPN
seamen,en,1,NOUN
liv,en,1,PROPN
tapestry,en,2,NOUN
hinder,en,5,VERB
epitaph,en,1,NOUN
gladly,en,2,ADV
byzantium,en,2,PROPN
prevail,en,4,VERB
stanza,en,10,PROPN
mum,en,1,NOUN
wreath,en,1,NOUN
lament,en,3,VERB
finer,en,4,ADJ
damp,en,2,VERB
forbid,en,3,VERB
ado,en,5,NOUN
richly,en,10,ADV
miserable,en,10,ADJ
colonia,en,3,PROPN
flourish,en,2,VERB
melancholy,en,7,ADJ
solemn,en,6,ADJ
strap,en,1,NOUN
gaze,en,3,VERB
adversary,en,1,NOUN
lucian,en,1,PROPN
overthrown,en,1,VERB
farce,en,2,NOUN
condemn,en,1,VERB
foreigner,en,1,NOUN
misty,en,1,ADJ
envy,en,5,NOUN
ashamed,en,3,ADJ
malice,en,3,NOUN
fable,en,2,NOUN
brute,en,1,NOUN
nearer,en,5,ADV
subterranean,en,1,ADJ
disgusting,en,1,ADJ
isthmus,en,1,NOUN
lisp,en,1,NOUN
notoriously,en,1,ADV
hitherto,en,4,ADV
defer,en,1,VERB
reaper,en,1,NOUN
pudding,en,1,NOUN
loaf,en,1,NOUN
madam,en,25,NOUN
tis,en,96,AUX
smear,en,1,VERB
stare,en,4,VERB
spacious,en,4,ADJ
disperse,en,1,VERB
circumference,en,2,NOUN
conveniently,en,3,ADV
leander,en,2,PROPN
obelisk,en,1,NOUN
stair,en,7,NOUN
whisper,en,3,NOUN
unjust,en,1,ADJ
cheerful,en,3,ADJ
tame,en,2,VERB
warmth,en,3,NOUN
disgrace,en,2,NOUN
admire,en,10,VERB
quarrel,en,8,NOUN
embroidery,en,8,NOUN
utmost,en,10,ADJ
cloister,en,4,NOUN
purposely,en,1,ADV
degenerate,en,1,VERB
piety,en,1,NOUN
rambling,en,1,NOUN
justinian,en,2,PROPN
monstrous,en,4,ADJ
pence,en,1,NOUN
uneasy,en,3,ADJ
generosity,en,4,NOUN
bracelet,en,2,NOUN
bribe,en,3,NOUN
indifferent,en,2,ADJ
thinly,en,1,ADV
advantageous,en,1,ADJ
quid,en,1,NOUN
wander,en,2,VERB
admirable,en,5,ADJ
sane,en,1,ADJ
orpheus,en,1,PROPN
applause,en,1,NOUN
ornament,en,5,NOUN
quarantine,en,1,NOUN
counsellor,en,1,NOUN
whence,en,5,ADV
extremity,en,2,NOUN
passer,en,1,NOUN
cough,en,1,NOUN
extravagant,en,1,ADJ
dispose,en,7,VERB
unnatural,en,1,ADJ
plead,en,2,VERB
stork,en,1,NOUN
willingly,en,3,ADV
imitate,en,5,VERB
expel,en,1,VERB
euclid,en,1,PROPN
refresh,en,2,VERB
stag,en,3,NOUN
pathetic,en,1,ADJ
revere,en,1,VERB
parting,en,1,NOUN
almighty,en,1,PROPN
dread,en,1,NOUN
lingua,en,1,X
causa,en,1,NOUN
dedicate,en,1,VERB
admirer,en,1,NOUN
zeal,en,5,NOUN
greatness,en,1,NOUN
abbess,en,2,NOUN
wig,en,3,NOUN
cupola,en,4,NOUN
swell,en,3,VERB
infect,en,5,VERB
lutherans,en,2,PROPN
vanish,en,1,VERB
hoard,en,1,VERB
luckily,en,2,ADV
weary,en,6,ADJ
hypocrisy,en,1,NOUN
unheard,en,1,ADJ
incline,en,2,VERB
tulip,en,1,NOUN
improbable,en,2,ADJ
mischief,en,1,NOUN
fruitful,en,8,ADJ
annunciation,en,1,NOUN
comprehend,en,3,VERB
recollection,en,1,NOUN
forfeit,en,1,NOUN
rub,en,1,VERB
agony,en,2,NOUN
beggar,en,2,NOUN
fortnight,en,3,NOUN
ascend,en,2,VERB
sed,en,7,INTJ
indifference,en,3,NOUN
rake,en,1,NOUN
sledge,en,1,NOUN
tub,en,1,NOUN
perseus,en,1,PROPN
sore,en,4,ADJ
curl,en,2,VERB
grotesque,en,1,ADJ
cupid,en,2,PROPN
drown,en,4,VERB
ceres,en,1,PROPN
adoration,en,3,NOUN
harlequin,en,2,PROPN
intrigue,en,3,NOUN
penance,en,2,NOUN
metamorphosis,en,1,NOUN
emergent,en,1,ADJ
prudent,en,2,ADJ
moderation,en,1,NOUN
triumphant,en,1,ADJ
ovid,en,1,PROPN
dung,en,1,NOUN
plough,en,1,NOUN
ridicule,en,2,NOUN
thirst,en,1,NOUN
oft,en,1,ADV
roast,en,1,NOUN
worldly,en,1,ADJ
quixote,en,1,PROPN
richness,en,2,NOUN
courtier,en,1,NOUN
wearer,en,1,NOUN
frankfort,en,2,PROPN
tempore,en,1,NOUN
compliment,en,22,NOUN
neatly,en,3,ADV
masquerade,en,1,NOUN
promontory,en,4,NOUN
exquisite,en,4,ADJ
elevate,en,1,VERB
emulation,en,1,NOUN
pew,en,1,NOUN
everlasting,en,1,ADJ
humility,en,2,NOUN
superstition,en,2,NOUN
pebble,en,1,NOUN
galley,en,1,NOUN
edifice,en,1,NOUN
calmly,en,1,ADV
selim,en,2,PROPN
remorse,en,1,NOUN
misfortune,en,5,NOUN
rump,en,1,NOUN
veneration,en,1,NOUN
gervais,en,1,PROPN
vermilion,en,1,NOUN
haste,en,6,NOUN
hover,en,1,VERB
dreadful,en,5,ADJ
doge,en,2,NOUN
nymph,en,3,NOUN
surpass,en,1,VERB
satin,en,1,NOUN
rab,en,1,PROPN
discern,en,1,VERB
veracity,en,2,NOUN
swain,en,2,NOUN
cushion,en,9,NOUN
coldest,en,1,ADJ
severus,en,1,PROPN
neuter,en,1,NOUN
sincerity,en,2,NOUN
loom,en,2,NOUN
genoese,en,2,PROPN
cur,en,1,NOUN
glitter,en,1,VERB
uninterrupted,en,3,ADJ
dismal,en,2,ADJ
virtuous,en,1,ADJ
virginity,en,1,NOUN
inconvenient,en,1,ADJ
diligent,en,4,ADJ
platonic,en,1,ADJ
reverence,en,1,NOUN
indecent,en,2,ADJ
dine,en,4,VERB
rapture,en,2,NOUN
prerogative,en,2,NOUN
delightful,en,9,ADJ
trajan,en,1,PROPN
kneeling,en,1,NOUN
devotee,en,1,NOUN
pheasant,en,1,NOUN
scarf,en,1,NOUN
crucifix,en,3,NOUN
maxime,en,2,PROPN
postscript,en,1,NOUN
grandeur,en,2,NOUN
inquire,en,3,VERB
spoil,en,1,VERB
reap,en,1,VERB
treachery,en,1,NOUN
elegy,en,1,NOUN
curiam,en,1,NOUN
aversion,en,3,NOUN
treacherous,en,1,ADJ
stool,en,1,NOUN
haram,en,1,NOUN
noblemen,en,1,NOUN
mufti,en,1,NOUN
fowl,en,3,NOUN
renounce,en,2,VERB
betray,en,5,VERB
schoolmaster,en,1,NOUN
unavoidable,en,3,ADJ
snuff,en,1,NOUN
exaggeration,en,1,NOUN
gilt,en,15,NOUN
procure,en,2,VERB
nay,en,4,INTJ
displeasure,en,1,NOUN
strabo,en,2,PROPN
possum,en,1,NOUN
stupidity,en,3,NOUN
gul,en,2,PROPN
sow,en,1,VERB
braid,en,5,VERB
rosy,en,1,ADJ
inconvenience,en,2,NOUN
lessen,en,1,VERB
rectify,en,1,VERB
decency,en,1,NOUN
parson,en,1,NOUN
shilling,en,1,NOUN
doria,en,3,PROPN
deceive,en,1,VERB
matron,en,1,NOUN
ragged,en,1,ADJ
enrich,en,1,VERB
towel,en,1,NOUN
disturb,en,1,VERB
eagerly,en,1,ADV
entail,en,1,VERB
bead,en,1,NOUN
contemplation,en,1,NOUN
drawer,en,3,NOUN
nutshell,en,1,NOUN
boast,en,3,VERB
sofa,en,13,NOUN
bake,en,1,VERB
pallas,en,1,PROPN
oxen,en,2,NOUN
sepulchre,en,2,NOUN
fruitless,en,1,ADJ
thaw,en,1,VERB
wisely,en,2,ADV
cookery,en,1,NOUN
compel,en,1,VERB
stiffness,en,1,NOUN
modesty,en,1,NOUN
marseilles,en,1,PROPN
snatch,en,2,VERB
redress,en,2,VERB
morte,en,1,PROPN
precede,en,4,VERB
servitude,en,1,NOUN
brow,en,3,NOUN
illuminate,en,1,VERB
destitute,en,1,ADJ
eunuch,en,4,NOUN
fright,en,1,VERB
rampart,en,1,NOUN
excellency,en,3,NOUN
ow,en,2,VERB
briton,en,2,PROPN
tawny,en,1,ADJ
tumultuous,en,1,ADJ
impart,en,1,VERB
impatient,en,5,ADJ
fondness,en,2,NOUN
passionately,en,1,ADV
redeem,en,1,VERB
restrain,en,1,VERB
spaniard,en,2,PROPN
zealous,en,3,ADJ
sensual,en,1,ADJ
buda,en,4,PROPN
copious,en,1,ADJ
incursion,en,1,NOUN
clap,en,1,VERB
affectionate,en,1,ADJ
midwife,en,1,NOUN
warmly,en,1,ADV
torment,en,2,VERB
contrived,en,1,ADJ
undisturbed,en,1,ADJ
colonna,en,1,PROPN
brun,en,1,PROPN
dresser,en,1,NOUN
overgrown,en,1,ADJ
aloe,en,1,NOUN
spleen,en,1,NOUN
laity,en,1,NOUN
favourably,en,1,ADV
inhabitant,en,4,NOUN
exclamation,en,1,NOUN
agreeable,en,55,ADJ
vapour,en,1,NOUN
marshy,en,1,ADJ
deceit,en,1,NOUN
heretics,en,1,NOUN
stocking,en,1,NOUN
basset,en,1,NOUN
profane,en,1,VERB
titian,en,3,PROPN
parlour,en,1,NOUN
furnish,en,16,VERB
downright,en,5,ADJ
absurdity,en,2,NOUN
triumphal,en,1,ADJ
graces,en,2,PROPN
formality,en,1,NOUN
sweetness,en,8,NOUN
tease,en,1,VERB
carve,en,4,VERB
antiquary,en,3,NOUN
austere,en,1,ADJ
slipper,en,2,NOUN
splendor,en,1,NOUN
gravely,en,6,ADV
florin,en,1,NOUN
haber,en,1,PROPN
perish,en,1,VERB
broth,en,1,NOUN
carcass,en,1,NOUN
indulgence,en,1,NOUN
tenacious,en,1,ADJ
ruddy,en,1,ADJ
poetical,en,7,ADJ
reckon,en,5,VERB
diverting,en,1,NOUN
withhold,en,1,VERB
cour,en,2,PROPN
wafer,en,1,NOUN
denounce,en,1,VERB
wonderfully,en,5,ADV
piquet,en,1,NOUN
indulge,en,4,VERB
mohun,en,1,PROPN
sinan,en,2,PROPN
cripple,en,1,NOUN
fortitude,en,1,NOUN
natured,en,4,ADJ
archduchess,en,1,NOUN
whimsical,en,1,ADJ
countryman,en,1,NOUN
mend,en,1,VERB
garret,en,1,NOUN
diversify,en,1,VERB
peep,en,4,VERB
trot,en,1,VERB
deviate,en,1,VERB
theseus,en,1,PROPN
nunnery,en,1,NOUN
precaution,en,1,NOUN
imperium,en,3,NOUN
andros,en,1,PROPN
resent,en,2,VERB
proverb,en,1,NOUN
girdle,en,4,NOUN
disgraced,en,1,ADJ
impartiality,en,1,NOUN
tiresome,en,2,ADJ
tenderness,en,4,NOUN
grievance,en,1,NOUN
confine,en,12,VERB
voluminous,en,1,ADJ
pippin,en,1,NOUN
eloquence,en,1,NOUN
gallop,en,1,NOUN
flatter,en,3,VERB
circassian,en,1,PROPN
whit,en,1,ADJ
woolen,en,2,NOUN
anima,en,1,X
falsehood,en,3,NOUN
woodbine,en,1,NOUN
numa,en,1,PROPN
discreetly,en,1,ADV
vagabond,en,1,NOUN
ey,en,2,INTJ
modestly,en,2,ADV
broadest,en,2,ADJ
intolerable,en,3,ADJ
bluntly,en,1,ADV
senseless,en,1,ADJ
applaud,en,3,VERB
rejoice,en,2,VERB
apprehend,en,1,VERB
weep,en,2,VERB
granary,en,1,NOUN
unreadable,en,1,ADJ
puddle,en,1,NOUN
jest,en,1,NOUN
rhone,en,1,PROPN
stink,en,2,VERB
origine,en,1,X
carnation,en,1,NOUN
vial,en,1,NOUN
lighten,en,1,VERB
superstitious,en,2,ADJ
perpetually,en,3,ADV
salamis,en,1,PROPN
canister,en,1,NOUN
complexion,en,7,NOUN
retinue,en,1,NOUN
scorn,en,2,VERB
soften,en,1,VERB
alabaster,en,1,NOUN
mourn,en,3,NOUN
sua,en,1,X
mustapha,en,4,PROPN
uppermost,en,1,ADJ
indignation,en,2,NOUN
prodigious,en,13,ADJ
despicable,en,1,ADJ
laziness,en,5,NOUN
grieve,en,1,VERB
tumble,en,4,VERB
foresee,en,2,VERB
statuary,en,1,NOUN
christendom,en,4,PROPN
subordination,en,2,NOUN
trickle,en,1,VERB
smock,en,3,NOUN
chios,en,2,PROPN
flattering,en,1,ADJ
scythian,en,1,PROPN
tartar,en,3,PROPN
detain,en,1,VERB
starve,en,1,VERB
lucretia,en,3,PROPN
bestow,en,2,VERB
unsatisfied,en,1,ADJ
adorn,en,17,VERB
repose,en,5,NOUN
passau,en,1,PROPN
longo,en,1,PROPN
innermost,en,2,ADJ
amply,en,1,ADV
splendour,en,1,NOUN
modo,en,1,PROPN
amuse,en,5,VERB
effendi,en,3,PROPN
trianon,en,2,PROPN
consequential,en,1,ADJ
cistern,en,2,NOUN
wretched,en,1,ADJ
wholesome,en,1,ADJ
expedient,en,2,NOUN
unintelligible,en,1,ADJ
ermine,en,3,NOUN
sowing,en,1,NOUN
obedient,en,1,ADJ
xerxes,en,1,PROPN
merciful,en,2,ADJ
repent,en,4,VERB
clapp,en,2,VERB
profess,en,4,VERB
adore,en,1,VERB
depose,en,3,VERB
raab,en,2,PROPN
marvellous,en,1,ADJ
omnium,en,1,X
sultana,en,12,PROPN
apothecary,en,2,NOUN
cherish,en,1,VERB
scimitar,en,2,NOUN
retaken,en,1,VERB
omnia,en,1,X
bridegroom,en,1,NOUN
arion,en,1,PROPN
disordered,en,1,ADJ
overjoyed,en,1,ADJ
baboon,en,1,NOUN
clearest,en,1,ADJ
inflexible,en,1,ADJ
workmanship,en,1,NOUN
dashing,en,1,NOUN
pleasantly,en,1,ADV
durst,en,2,AUX
bosphorus,en,1,PROPN
politeness,en,3,NOUN
raz,en,1,NOUN
etna,en,1,PROPN
abbe,en,1,PROPN
ascribe,en,2,VERB
fain,en,2,ADV
veronese,en,1,PROPN
handkerchief,en,10,NOUN
candlestick,en,3,NOUN
dazzle,en,1,VERB
skilful,en,3,ADJ
despise,en,1,VERB
purest,en,1,ADJ
agate,en,2,NOUN
supposition,en,1,NOUN
passable,en,2,ADJ
palladio,en,2,PROPN
morea,en,2,PROPN
forsaken,en,1,VERB
lard,en,1,VERB
omnipotent,en,1,ADJ
generality,en,1,NOUN
lain,en,1,VERB
strada,en,1,PROPN
deformity,en,3,NOUN
adrianople,en,8,PROPN
inlaid,en,5,VERB
tradesmen,en,2,NOUN
enchantment,en,5,NOUN
justly,en,1,ADV
wanton,en,2,ADJ
laborious,en,1,ADJ
hann,en,1,NOUN
tolerable,en,4,ADJ
devour,en,1,VERB
glittering,en,1,ADJ
scythe,en,1,NOUN
brazen,en,2,ADJ
arrears,en,1,NOUN
vigour,en,1,NOUN
urbe,en,1,NOUN
admirably,en,3,ADV
petticoat,en,7,NOUN
spout,en,1,NOUN
bulwark,en,1,NOUN
medio,en,1,X
artful,en,2,ADJ
thatch,en,1,VERB
sappho,en,2,PROPN
filial,en,1,ADJ
stoop,en,1,NOUN
ramble,en,2,VERB
besiege,en,3,VERB
refreshment,en,3,NOUN
abate,en,2,VERB
disappoint,en,1,VERB
blackness,en,1,NOUN
solemnly,en,2,ADV
precept,en,1,NOUN
aforesaid,en,1,ADJ
fortify,en,7,VERB
bul,en,1,PROPN
jeweller,en,3,NOUN
quackery,en,1,NOUN
porphyry,en,2,NOUN
frighten,en,1,VERB
instinctive,en,1,ADJ
pacify,en,1,VERB
rebus,en,1,NOUN
pox,en,4,NOUN
oblige,en,26,VERB
amorous,en,1,ADJ
industrious,en,3,ADJ
alm,en,1,NOUN
lapis,en,1,PROPN
brim,en,1,NOUN
ransome,en,1,VERB
wondrous,en,1,ADJ
comically,en,1,ADV
lustre,en,1,NOUN
divan,en,2,NOUN
lengthen,en,1,VERB
lesbos,en,1,PROPN
threshing,en,1,NOUN
amass,en,2,VERB
hardiness,en,1,NOUN
tarnish,en,1,VERB
countenance,en,3,NOUN
damsel,en,2,NOUN
elysium,en,1,NOUN
begg,en,5,VERB
accrue,en,1,VERB
sensibly,en,2,ADV
ere,en,1,INTJ
silken,en,1,NOUN
grate,en,4,NOUN
quod,en,3,X
toil,en,1,VERB
etruria,en,1,PROPN
bosom,en,5,NOUN
officiate,en,1,VERB
feasting,en,1,NOUN
divinely,en,1,ADV
pera,en,6,PROPN
mow,en,1,VERB
bough,en,1,NOUN
clove,en,1,NOUN
shabby,en,1,ADJ
magne,en,1,PROPN
adieu,en,11,PROPN
confidante,en,1,NOUN
churning,en,1,NOUN
abydos,en,2,PROPN
scylla,en,1,PROPN
humana,en,1,X
irregularity,en,1,NOUN
coolness,en,1,NOUN
saucers,en,1,PROPN
germanicus,en,1,PROPN
enchanting,en,1,ADJ
kneel,en,1,VERB
ombre,en,2,NOUN
subsist,en,1,VERB
rivoli,en,1,PROPN
lethe,en,1,PROPN
wrinkle,en,1,NOUN
pestilence,en,1,NOUN
congreve,en,2,PROPN
bustos,en,1,PROPN
abject,en,1,ADJ
extravagance,en,1,NOUN
idem,en,1,NOUN
affront,en,2,NOUN
pitiful,en,3,ADJ
bellum,en,1,PROPN
flattery,en,2,NOUN
heartily,en,6,ADV
profusion,en,4,NOUN
haft,en,1,NOUN
nobis,en,1,X
scanty,en,1,ADJ
extort,en,1,VERB
impatience,en,3,NOUN
loathe,en,1,VERB
reproach,en,4,VERB
infidel,en,3,NOUN
brocade,en,9,NOUN
enquire,en,3,VERB
grecian,en,2,ADJ
unveil,en,1,VERB
ubi,en,1,X
libertine,en,1,NOUN
deism,en,1,NOUN
spoonful,en,1,NOUN
espouse,en,1,VERB
twas,en,2,INTJ
sultry,en,1,ADJ
balm,en,2,NOUN
chetwynd,en,1,PROPN
priam,en,1,PROPN
illegible,en,1,ADJ
mingle,en,2,VERB
pretence,en,2,NOUN
earnestly,en,2,ADV
curiae,en,1,NOUN
disagreeable,en,5,ADJ
arbour,en,1,NOUN
tincture,en,1,NOUN
militum,en,1,PROPN
obstinate,en,1,ADJ
matrimony,en,1,NOUN
softness,en,2,NOUN
elysian,en,1,PROPN
tassel,en,3,NOUN
xxxii,en,2,NUM
ravage,en,2,VERB
contented,en,1,ADJ
soane,en,1,PROPN
unwillingly,en,1,ADV
metellus,en,1,PROPN
decrepit,en,1,ADJ
lorrain,en,2,PROPN
massy,en,2,NOUN
bassa,en,25,NOUN
ugliness,en,1,NOUN
resolutely,en,1,ADV
muddle,en,1,VERB
bravest,en,1,ADJ
lozenge,en,1,NOUN
stile,en,2,NOUN
rigour,en,2,NOUN
menelaus,en,2,PROPN
quam,en,5,X
magnificence,en,22,NOUN
embellishment,en,1,NOUN
wickedness,en,3,NOUN
scrupulous,en,1,ADJ
apotheosis,en,1,NOUN
iki,en,1,PROPN
mytilene,en,1,PROPN
scrupulously,en,1,ADV
endow,en,1,VERB
quire,en,1,NOUN
sancta,en,4,PROPN
inquisitive,en,1,ADJ
boileau,en,1,PROPN
solemnity,en,1,NOUN
quando,en,1,X
candia,en,2,PROPN
oreste,en,1,PROPN
tranquillity,en,1,NOUN
constancy,en,2,NOUN
lazuli,en,1,PROPN
deposing,en,1,NOUN
undress,en,2,VERB
quilting,en,1,NOUN
credibly,en,1,ADV
popish,en,2,ADJ
infamously,en,1,ADV
napkin,en,5,NOUN
bask,en,1,VERB
precipice,en,3,NOUN
frightful,en,3,ADJ
tarquini,en,1,PROPN
waistcoat,en,2,NOUN
consecrate,en,1,VERB
gauze,en,3,NOUN
chok,en,1,PROPN
hither,en,12,ADV
pail,en,1,NOUN
hieroglyphics,en,1,NOUN
barbarous,en,7,ADJ
mortification,en,7,NOUN
falsify,en,1,VERB
adornment,en,1,NOUN
frown,en,1,NOUN
mien,en,2,NOUN
subjection,en,3,NOUN
impartially,en,1,ADV
genteel,en,3,ADJ
saucy,en,1,ADJ
perplexing,en,1,ADJ
tullius,en,1,PROPN
cocking,en,1,NOUN
arche,en,5,NOUN
approbation,en,1,NOUN
artifice,en,1,NOUN
bodkin,en,5,NOUN
tremble,en,5,VERB
verily,en,5,ADV
servius,en,1,PROPN
desirous,en,1,ADJ
trifle,en,2,NOUN
jot,en,1,NOUN
jove,en,1,PROPN
lucretius,en,1,PROPN
venison,en,2,NOUN
antic,en,2,ADJ
imperfection,en,1,NOUN
seni,en,1,X
recollect,en,6,VERB
whiston,en,2,PROPN
quickness,en,1,NOUN
pul,en,1,PROPN
muslin,en,1,NOUN
broil,en,1,VERB
theophrastus,en,1,PROPN
demigod,en,1,NOUN
melita,en,1,PROPN
pillory,en,1,VERB
fasten,en,6,VERB
tillage,en,1,NOUN
nicopolis,en,1,PROPN
stratagem,en,1,NOUN
calmness,en,1,NOUN
magnificently,en,4,ADV
wretch,en,3,VERB
galata,en,2,PROPN
rhodope,en,1,PROPN
carignan,en,1,PROPN
digression,en,3,NOUN
bushel,en,1,NOUN
casus,en,1,NOUN
nomine,en,1,NOUN
neater,en,1,ADJ
handsomely,en,1,ADV
durazzo,en,1,PROPN
blankenburg,en,3,PROPN
fantastically,en,1,ADV
uncultivated,en,1,ADJ
artificer,en,3,NOUN
maritza,en,1,PROPN
pageantry,en,1,NOUN
imperiale,en,1,PROPN
peaceable,en,1,ADJ
recede,en,1,VERB
mortified,en,2,ADJ
sherbet,en,5,NOUN
risque,en,1,NOUN
oppress,en,2,VERB
relent,en,1,VERB
anciently,en,4,ADV
enrol,en,1,VERB
parishioner,en,1,NOUN
nastiness,en,1,NOUN
gape,en,1,VERB
catacomb,en,1,NOUN
transubstantiation,en,2,NOUN
tenderly,en,1,ADV
forsake,en,1,VERB
confound,en,1,VERB
purer,en,1,ADJ
deist,en,1,NOUN
frailty,en,2,NOUN
partiality,en,4,NOUN
pasty,en,1,NOUN
noblest,en,4,ADJ
beautify,en,4,VERB
yok,en,3,PROPN
tarquinius,en,1,PROPN
jabari,en,1,PROPN
obliging,en,5,ADJ
outdo,en,1,VERB
mutinous,en,1,ADJ
mangle,en,1,VERB
indiscretion,en,3,NOUN
tenedos,en,1,PROPN
jessamine,en,3,NOUN
coquette,en,2,NOUN
familiarly,en,1,ADV
situate,en,18,VERB
lov,en,1,INTJ
languish,en,1,VERB
caress,en,2,VERB
staid,en,2,ADJ
plait,en,2,VERB
particularity,en,2,NOUN
imagin,en,1,VERB
plainer,en,1,ADJ
kindest,en,1,ADJ
gloriously,en,1,ADV
mahomet,en,7,PROPN
chaise,en,5,NOUN
ipsa,en,1,X
childbearing,en,1,NOUN
hecuba,en,1,PROPN
montesinos,en,1,PROPN
lank,en,1,NOUN
insipid,en,1,ADJ
parterre,en,2,NOUN
abridgement,en,1,NOUN
isca,en,1,PROPN
poetically,en,1,ADV
pek,en,1,PROPN
artfully,en,2,ADV
divi,en,2,PROPN
uncouth,en,1,ADJ
pacem,en,1,NOUN
insigne,en,1,NOUN
buffoon,en,1,NOUN
enim,en,1,X
insolent,en,2,ADJ
hellespont,en,1,PROPN
damask,en,4,NOUN
asunder,en,1,ADV
chargeable,en,1,ADJ
waggon,en,3,NOUN
imputation,en,1,NOUN
andromache,en,1,PROPN
preferment,en,2,NOUN
unpolished,en,1,ADJ
trib,en,2,PROPN
affectation,en,5,NOUN
deservedly,en,1,ADV
lamentable,en,1,ADJ
charybdis,en,1,PROPN
craw,en,1,NOUN
distemper,en,5,NOUN
behead,en,1,VERB
loathsome,en,1,ADJ
honourably,en,3,ADV
thither,en,5,ADV
finery,en,3,NOUN
deface,en,3,VERB
pennyworth,en,1,NOUN
ratisbon,en,2,PROPN
trample,en,1,VERB
endeavouring,en,1,NOUN
shew,en,56,VERB
vix,en,1,X
chambermaid,en,2,NOUN
oppressor,en,1,NOUN
everlast,en,1,VERB
marmora,en,1,PROPN
popery,en,1,NOUN
phlegm,en,1,NOUN
inviolable,en,1,ADJ
adjoin,en,2,VERB
empedocles,en,1,PROPN
contrivance,en,2,NOUN
negligently,en,2,ADV
pretension,en,1,NOUN
sii,en,1,PROPN
centum,en,2,NOUN
edifying,en,1,ADJ
bekir,en,1,PROPN
honore,en,1,NOUN
inconstant,en,2,ADJ
twat,en,1,VERB
balbi,en,2,PROPN
enjoin,en,1,VERB
medicis,en,1,PROPN
quinze,en,1,PROPN
dishonour,en,1,NOUN
nostro,en,1,NOUN
ingi,en,1,PROPN
thro,en,1,VERB
inscribe,en,1,VERB
wring,en,1,VERB
wean,en,1,VERB
nobly,en,1,ADV
exactness,en,1,NOUN
cramm,en,2,VERB
solum,en,2,PROPN
xanthus,en,1,PROPN
peloponnesus,en,1,PROPN
prudently,en,1,ADV
ogl,en,1,VERB
obstinacy,en,2,NOUN
liberality,en,1,NOUN
wench,en,1,NOUN
indolent,en,1,ADJ
disdainful,en,3,ADJ
decease,en,2,ADJ
soldiery,en,1,NOUN
bather,en,1,NOUN
loth,en,1,ADJ
abhorrence,en,1,NOUN
captiva,en,1,PROPN
impertinent,en,5,ADJ
watermen,en,1,NOUN
indolence,en,1,NOUN
nissa,en,1,PROPN
charmingly,en,1,ADV
cudgel,en,1,NOUN
philippopolis,en,4,PROPN
seraglio,en,11,NOUN
favorita,en,2,PROPN
enliven,en,1,VERB
provinciale,en,1,NOUN
loveliest,en,1,ADJ
alcina,en,1,PROPN
barbarity,en,1,NOUN
extremo,en,1,NOUN
cheerfulness,en,1,NOUN
gallipolis,en,1,PROPN
gravest,en,1,ADJ
ducat,en,3,NOUN
mystically,en,1,ADV
neatness,en,3,NOUN
spatter,en,1,VERB
theocritus,en,2,PROPN
unwholesome,en,1,ADJ
somersetshire,en,1,PROPN
scio,en,1,PROPN
ingens,en,1,X
swiftness,en,4,NOUN
achaia,en,1,PROPN
philomel,en,1,PROPN
gorget,en,1,NOUN
italicus,en,1,PROPN
formas,en,1,X
natus,en,2,X
agat,en,1,X
servia,en,3,PROPN
impiety,en,1,NOUN
vivacity,en,6,NOUN
huie,en,1,PROPN
topaze,en,1,NOUN
sublimity,en,1,NOUN
covet,en,1,VERB
commodious,en,2,ADJ
quoque,en,2,X
footmen,en,2,NOUN
narbonensis,en,1,PROPN
madona,en,1,PROPN
tippet,en,1,NOUN
ordinis,en,2,X
justinus,en,1,PROPN
beca,en,1,PROPN
avaricious,en,2,ADJ
smirk,en,1,NOUN
candour,en,1,NOUN
surer,en,1,ADJ
attentively,en,2,ADV
syren,en,1,NOUN
umut,en,1,PROPN
contrive,en,2,VERB
wainscot,en,1,VERB
tawdry,en,2,ADJ
suckle,en,2,NOUN
prude,en,2,NOUN
philippensis,en,2,PROPN
unburied,en,1,ADJ
cadi,en,3,NOUN
gemelli,en,1,PROPN
coh,en,2,PROPN
promis,en,1,ADJ
alae,en,2,PROPN
censer,en,1,NOUN
inestimable,en,1,ADJ
pitty,en,1,ADJ
effectually,en,1,ADV
dishonourable,en,1,ADJ
circassia,en,1,PROPN
plebe,en,1,NOUN
cenis,en,1,PROPN
sexe,en,1,NOUN
bason,en,2,NOUN
briel,en,1,PROPN
rufo,en,1,PROPN
sumptuary,en,1,ADJ
alcaeus,en,1,PROPN
immodest,en,1,ADJ
inconsiderable,en,1,ADJ
tolerably,en,1,ADV
ubique,en,1,NOUN
ingratitude,en,1,NOUN
gratify,en,3,VERB
propter,en,1,NOUN
valida,en,1,PROPN
entangle,en,1,VERB
tragedian,en,1,NOUN
beber,en,1,PROPN
consign,en,1,VERB
agreeably,en,7,ADV
civitate,en,1,PROPN
esop,en,1,PROPN
dauber,en,1,NOUN
milesian,en,1,PROPN
furrier,en,1,NOUN
nauseous,en,2,ADJ
divus,en,1,X
gild,en,2,NOUN
philomela,en,1,PROPN
voiture,en,3,NOUN
oenone,en,1,PROPN
wenche,en,2,NOUN
tragical,en,1,ADJ
entreat,en,1,VERB
difficilis,en,1,X
outran,en,1,VERB
ravelin,en,2,NOUN
flamini,en,1,PROPN
monstrously,en,1,ADV
prance,en,1,VERB
balsamic,en,1,ADJ
truncheon,en,1,NOUN
dominis,en,1,X
handsomest,en,1,ADJ
quibus,en,1,X
meum,en,1,X
numberless,en,1,ADJ
trencher,en,1,NOUN
insensible,en,1,ADJ
spahis,en,1,NOUN
omphale,en,1,PROPN
unluckily,en,1,ADV
satch,en,1,PROPN
husbandman,en,1,NOUN
tez,en,1,PROPN
inviolate,en,1,ADJ
lintz,en,1,PROPN
vicinus,en,1,INTJ
marito,en,1,NOUN
unsullied,en,1,ADJ
equestris,en,1,NOUN
magis,en,1,PROPN
greedily,en,1,ADV
tamen,en,1,NOUN
seasickness,en,1,NOUN
scruple,en,8,NOUN
embroiderer,en,1,NOUN
derman,en,1,PROPN
coachmen,en,1,NOUN
impudence,en,4,NOUN
hominum,en,1,INTJ
quidam,en,1,PROPN
plebis,en,1,NOUN
hearken,en,1,VERB
footstep,en,1,NOUN
advantageously,en,2,ADV
civitatis,en,1,NOUN
jonquil,en,2,NOUN
utilis,en,1,NOUN
hovel,en,2,NOUN
prodigiously,en,2,ADV
unacquainted,en,1,ADJ
senatore,en,2,NOUN
scald,en,1,VERB
chide,en,1,VERB
osier,en,1,NOUN
frigida,en,1,X
auxilium,en,1,PROPN
disproportion,en,1,VERB
bashaw,en,1,NOUN
kudi,en,1,PROPN
scamander,en,2,PROPN
quondam,en,3,X
schismatics,en,1,NOUN
fring,en,2,VERB
trinacria,en,1,PROPN
dully,en,1,ADV
umur,en,1,PROPN
benim,en,1,PROPN
forbear,en,29,VERB
disfigure,en,2,VERB
generosa,en,1,PROPN
displease,en,3,VERB
equipage,en,4,NOUN
salver,en,1,NOUN
ladyship,en,12,NOUN
footstool,en,1,NOUN
stamboul,en,1,PROPN
romanae,en,1,PROPN
dullest,en,1,ADJ
baluster,en,1,NOUN
ruddle,en,1,VERB
inachus,en,1,PROPN
goot,en,1,VERB
disrespectfully,en,1,ADV
crape,en,4,NOUN
entreaty,en,1,NOUN
virorum,en,1,NOUN
dearer,en,2,ADJ
ejus,en,1,X
envie,en,1,VERB
surprize,en,1,VERB
reprobate,en,1,NOUN
habitant,en,1,NOUN
chersonesus,en,2,PROPN
statu,en,1,X
accustom,en,2,VERB
haemus,en,1,PROPN
eurotas,en,2,PROPN
wretchedness,en,2,NOUN
asopus,en,1,PROPN
virum,en,1,NOUN
lesly,en,1,PROPN
mildness,en,1,NOUN
solicitous,en,4,ADJ
romish,en,2,ADJ
beauteous,en,2,ADJ
fidem,en,1,NOUN
destine,en,7,VERB
knead,en,1,VERB
felucca,en,1,NOUN
bese,en,1,VERB
illum,en,1,NOUN
embroider,en,18,VERB
wainscott,en,1,VERB
bajazet,en,1,PROPN
arrant,en,1,ADJ
ravish,en,4,VERB
barrenness,en,1,NOUN
vobis,en,3,NOUN
pittacus,en,1,PROPN
benden,en,2,X
plunderer,en,1,NOUN
belvidera,en,1,PROPN
sodalis,en,1,NOUN
thereunto,en,1,ADP
bigness,en,1,NOUN
epithalamium,en,2,NOUN
partem,en,1,NOUN
altheim,en,1,PROPN
hazle,en,1,NOUN
largeness,en,1,NOUN
particularized,en,1,ADJ
husbandmen,en,1,NOUN
persicum,en,1,PROPN
peevish,en,1,ADJ
plentifully,en,2,ADV
sardonyx,en,1,NOUN
convers,en,2,VERB
suae,en,1,NOUN
hankering,en,1,NOUN
sweetmeat,en,2,NOUN
propontis,en,1,PROPN
consulari,en,1,NOUN
provinciae,en,1,NOUN
swiftest,en,1,ADJ
obligingly,en,1,ADV
gulph,en,1,NOUN
inconstancy,en,1,NOUN
nimis,en,1,PROPN
knolles,en,1,PROPN
neatest,en,2,ADJ
senin,en,2,PROPN
gayest,en,1,ADJ
nicety,en,1,NOUN
dulness,en,3,NOUN
prudery,en,1,NOUN
marli,en,2,PROPN
giddiness,en,1,NOUN
quidem,en,5,NOUN
pestilential,en,1,ADJ
malea,en,1,PROPN
temeswar,en,1,PROPN
dicere,en,1,INTJ
rabutin,en,1,PROPN
tribuno,en,1,NOUN
efface,en,1,VERB
mountebank,en,1,NOUN
tyrannis,en,1,X
reprobation,en,1,NOUN
caparison,en,1,VERB
sestos,en,2,PROPN
auctore,en,1,NOUN
peneus,en,1,PROPN
farine,en,1,PROPN
bize,en,1,PROPN
paulines,en,1,PROPN
glisten,en,1,VERB
carious,en,1,ADJ
unmusical,en,1,ADJ
dignitatis,en,1,NOUN
gloriae,en,1,NOUN
commonalty,en,1,NOUN
affability,en,2,NOUN
ambassadress,en,6,NOUN
ragout,en,1,NOUN
baseness,en,1,NOUN
hebrus,en,5,PROPN
wretchedly,en,1,ADV
strew,en,1,VERB
vulgarly,en,2,ADV
annorum,en,1,NOUN
carlowitz,en,1,PROPN
unutterable,en,1,ADJ
unmercifully,en,1,ADV
montem,en,1,NOUN
galliae,en,2,PROPN
perquisite,en,2,NOUN
notae,en,1,NOUN
achmet,en,7,PROPN
bespeak,en,2,VERB
pahu,en,1,PROPN
insensibility,en,1,NOUN
tenes,en,1,PROPN
repass,en,1,VERB
solidum,en,1,NOUN
exercitus,en,1,NOUN
domum,en,1,NOUN
quiete,en,1,INTJ
cooly,en,1,ADV
sahat,en,2,PROPN
flander,en,1,PROPN
ilen,en,1,PROPN
maese,en,1,PROPN
wholely,en,1,ADV
abominably,en,1,ADV
beauvoisin,en,1,PROPN
follie,en,2,NOUN
drub,en,1,NOUN
reprove,en,1,VERB
apti,en,1,PROPN
mortifying,en,2,ADJ
reinberg,en,1,PROPN
scilicet,en,1,INTJ
palman,en,1,X
mentes,en,1,X
superfluity,en,1,NOUN
nostrae,en,3,PROPN
smyrniote,en,1,PROPN
stirpe,en,1,X
soever,en,1,INTJ
bonorum,en,1,NOUN
dropt,en,1,ADJ
iuli,en,1,INTJ
publice,en,1,NOUN
byrsa,en,1,PROPN
fluit,en,1,X
beggary,en,1,ADJ
granate,en,1,NOUN
complaisant,en,2,ADJ
caracci,en,1,PROPN
exasperate,en,1,VERB
sofias,en,1,PROPN
postilion,en,1,NOUN
alcmena,en,1,PROPN
suos,en,1,X
bagnio,en,6,NOUN
connive,en,1,VERB
nosegay,en,1,NOUN
merchandize,en,2,NOUN
expence,en,10,NOUN
brimm,en,1,VERB
nostris,en,1,NOUN
ipsius,en,1,X
loadstone,en,1,NOUN
tribun,en,1,PROPN
pleasantest,en,1,ADJ
drave,en,1,PROPN
catholick,en,1,PROPN
fluctus,en,1,X
kujuk,en,1,PROPN
sirma,en,1,PROPN
outmost,en,1,ADJ
bagdat,en,1,PROPN
kisse,en,1,NOUN
omnem,en,1,PROPN
amne,en,1,X
rascian,en,5,PROPN
veterani,en,1,PROPN
besieger,en,1,NOUN
buffaloe,en,2,NOUN
mahometan,en,1,PROPN
alcoran,en,3,NOUN
fourscore,en,1,NOUN
tresse,en,4,NOUN
pacquet,en,2,NOUN
insensibly,en,1,ADV
filiorum,en,1,X
cogitation,en,1,NOUN
ornatissima,en,1,PROPN
ornare,en,1,NOUN
praef,en,1,PROPN
mortify,en,2,VERB
engross,en,1,VERB
utilitate,en,1,NOUN
flambeaux,en,1,NOUN
lugduno,en,1,PROPN
importunity,en,2,NOUN
pierc,en,1,NOUN
nodd,en,1,VERB
twelvemonth,en,2,NOUN
suorum,en,1,NOUN
officiousness,en,1,NOUN
moscovite,en,1,PROPN
civitatem,en,1,NOUN
littleness,en,1,NOUN
corregio,en,2,PROPN
postea,en,1,PROPN
pleasanter,en,1,ADJ
signior,en,19,NOUN
gypsie,en,1,NOUN
beneficium,en,1,PROPN
extremest,en,1,ADJ
murmure,en,1,VERB
videtur,en,1,X
chuse,en,13,VERB
handsomer,en,2,ADJ
severim,en,1,PROPN
sattin,en,4,NOUN
refection,en,1,NOUN
amurath,en,1,PROPN
majore,en,2,NOUN
provinciarum,en,1,NOUN
portare,en,1,X
termino,en,1,NOUN
palsi,en,1,PROPN
raillery,en,3,NOUN
tatter,en,1,VERB
heathenish,en,2,NOUN
facultate,en,1,NOUN
turkie,en,1,NOUN
postquam,en,3,NOUN
transfix,en,1,VERB
consert,en,1,VERB
honoribus,en,1,NOUN
inclose,en,3,VERB
meae,en,1,NOUN
ermus,en,1,PROPN
ribband,en,1,NOUN
walachian,en,1,PROPN
poniard,en,1,VERB
fratre,en,1,X
conveniency,en,8,NOUN
sanguinem,en,1,INTJ
provinciali,en,1,NOUN
rycaut,en,4,PROPN
provideo,en,1,NOUN
timide,en,1,INTJ
ratafia,en,1,NOUN
statim,en,1,NOUN
tailly,en,1,NOUN
primam,en,2,NOUN
oldum,en,2,PROPN
experimento,en,1,NOUN
gingi,en,1,PROPN
hargin,en,1,PROPN
sprightliness,en,1,NOUN
frighted,en,1,ADJ
magnas,en,1,NOUN
wreathe,en,1,VERB
alieni,en,1,PROPN
creato,en,1,NOUN
solyman,en,7,PROPN
effendis,en,1,NOUN
janizary,en,19,NOUN
essek,en,4,PROPN
otherway,en,1,NOUN
unblown,en,1,ADJ
parere,en,1,X
masquing,en,1,NOUN
potior,en,1,NOUN
scandalise,en,1,VERB
tergo,en,1,NOUN
conge,en,1,PROPN
learnedly,en,1,ADV
ghira,en,1,PROPN
reditum,en,1,NOUN
rightest,en,1,ADJ
flumine,en,1,X
plusquam,en,1,NOUN
fountainbleau,en,1,PROPN
majorum,en,1,INTJ
surefooted,en,1,ADJ
yazir,en,1,PROPN
trode,en,1,ADJ
venerie,en,1,PROPN
moneses,en,1,PROPN
choak,en,1,VERB
mahometans,en,1,PROPN
sensin,en,1,PROPN
miserabili,en,1,NOUN
consulibus,en,1,NOUN
journy,en,1,NOUN
teaze,en,1,VERB
coloniarum,en,1,NOUN
genteelly,en,1,ADV
bramin,en,1,NOUN
amicum,en,1,PROPN
farewel,en,1,NOUN
ocresia,en,1,PROPN
ravisher,en,1,NOUN
solicite,en,1,VERB
traineau,en,1,NOUN
dispens,en,1,VERB
twis,en,2,AUX
zeidi,en,1,PROPN
seraskier,en,2,NOUN
julium,en,1,PROPN
arduum,en,1,PROPN
nimeguen,en,2,PROPN
digito,en,1,NOUN
loyality,en,1,NOUN
translatum,en,1,NOUN
portress,en,1,NOUN
dardanelli,en,1,PROPN
cloath,en,2,NOUN
serenis,en,1,X
appelles,en,1,PROPN
ghel,en,2,PROPN
befel,en,2,VERB
rosworm,en,1,PROPN
recompence,en,1,NOUN
patruus,en,1,X
quakery,en,1,NOUN
saucily,en,1,ADV
gulsum,en,1,PROPN
zabun,en,1,PROPN
hereabout,en,1,NOUN
praefecto,en,1,PROPN
colonade,en,1,NOUN
simois,en,2,PROPN
landskip,en,1,NOUN
chusing,en,1,NOUN
picque,en,1,VERB
proportionable,en,2,ADJ
eorundem,en,2,PROPN
relick,en,6,NOUN
theodosio,en,1,X
dervise,en,4,NOUN
equit,en,1,PROPN
consulatum,en,1,NOUN
censurae,en,1,NOUN
florem,en,1,NOUN
unsearched,en,1,ADJ
distributum,en,1,NOUN
schwartzenburg,en,1,PROPN
germaniam,en,1,PROPN
oceanum,en,1,NOUN
ornamentum,en,1,NOUN
rhodanus,en,1,X
fidelissimus,en,1,PROPN
valentius,en,1,NOUN
tatch,en,1,PROPN
mastarna,en,1,PROPN
helvoetsluys,en,1,PROPN
creatus,en,1,X
cervice,en,1,NOUN
pagod,en,1,NOUN
hasir,en,1,PROPN
dogm,en,1,PROPN
lodg,en,9,VERB
nobilissimum,en,1,NOUN
uzum,en,1,PROPN
consulare,en,1,NOUN
sabinis,en,1,PROPN
sclavonian,en,1,ADJ
nostr,en,1,PROPN
jabun,en,1,PROPN
ipsae,en,1,X
habuerit,en,1,PROPN
venien,en,1,NOUN
nurenburg,en,1,PROPN
methink,en,1,NOUN
marato,en,1,PROPN
incretus,en,1,NOUN
uzunu,en,1,PROPN
stuped,en,1,ADJ
calcedonia,en,1,PROPN
overjoy,en,2,VERB
amphitrion,en,4,PROPN
permitt,en,1,VERB
enamell,en,1,VERB
stamel,en,1,PROPN
portan,en,1,X
germanice,en,1,PROPN
melibeus,en,1,PROPN
reliquis,en,1,NOUN
sequimur,en,1,PROPN
comora,en,1,PROPN
de,fr,4380,ADP
la,fr,1,PROPN
le,fr,4960,DET
et,fr,16,CCONJ
à,fr,1355,ADP
en,fr,839,ADP
du,fr,8,DET
est,fr,1,NOUN
un,fr,1929,DET
il,fr,1,PROPN
dans,fr,524,ADP
par,fr,268,ADP
pour,fr,413,ADP
sur,fr,256,ADP
a,fr,5,X
qui,fr,748,PRON
que,fr,1879,SCONJ
avec,fr,260,ADP
son,fr,1251,DET
s,fr,2,PROPN
plus,fr,353,ADV
ce,fr,993,DET
ou,fr,126,CCONJ
pas,fr,324,ADV
ne,fr,993,ADV
n,fr,2,X
été,fr,12,NOUN
an,fr,42,NOUN
comme,fr,139,SCONJ
mais,fr,313,CCONJ
c,fr,2,X
deux,fr,136,NUM
on,fr,556,PRON
naissance,fr,6,NOUN
aussi,fr,85,ADV
france,fr,11,PROPN
saint,fr,14,PROPN
après,fr,48,ADP
fait,fr,5,NOUN
entre,fr,33,ADP
sous,fr,42,ADP
même,fr,173,ADV
y,fr,483,PRON
être,fr,2203,AUX
je,fr,4,PROPN
nom,fr,22,NOUN
paris,fr,17,PROPN
lui,fr,1562,PRON
lieu,fr,34,NOUN
commune,fr,1,NOUN
ville,fr,121,NOUN
jean,fr,5,PROPN
date,fr,1,NOUN
où,fr,148,PRON
dont,fr,88,PRON
depuis,fr,40,ADP
alors,fr,10,ADV
premier,fr,28,ADJ
ainsi,fr,11,ADV
voir,fr,312,VERB
pays,fr,82,NOUN
source,fr,2,NOUN
grand,fr,175,ADJ
j,fr,1,X
tout,fr,489,ADJ
lors,fr,1,ADV
si,fr,347,ADV
également,fr,1,ADV
titre,fr,10,NOUN
monde,fr,59,NOUN
nord,fr,3,NOUN
bien,fr,128,ADV
contre,fr,12,ADP
liste,fr,5,NOUN
puis,fr,2,CCONJ
partie,fr,39,NOUN
avant,fr,17,ADP
non,fr,13,ADV
m,fr,1,X
très,fr,8,ADV
trois,fr,50,NUM
article,fr,5,NOUN
guerre,fr,10,NOUN
sans,fr,143,ADP
saison,fr,3,NOUN
fin,fr,23,NOUN
vers,fr,26,NOUN
année,fr,14,NOUN
temps,fr,1,NOUN
plusieurs,fr,74,DET
faire,fr,560,VERB
mars,fr,1,PROPN
histoire,fr,18,NOUN
joueur,fr,1,NOUN
tour,fr,25,NOUN
mort,fr,28,NOUN
pierre,fr,29,NOUN
région,fr,1,NOUN
avoir,fr,1504,AUX
fois,fr,38,NOUN
autre,fr,170,ADJ
e,fr,2,X
septembre,fr,1,NOUN
état,fr,26,NOUN
église,fr,34,NOUN
place,fr,18,NOUN
famille,fr,20,NOUN
général,fr,41,NOUN
avril,fr,1,PROPN
politique,fr,2,NOUN
décembre,fr,1,NOUN
août,fr,1,NOUN
donc,fr,2,ADV
prix,fr,16,NOUN
nouvelle,fr,21,NOUN
février,fr,1,NOUN
peu,fr,60,ADV
soit,fr,11,CCONJ
ligne,fr,1,NOUN
suite,fr,12,NOUN
in,fr,12,X
encore,fr,83,ADV
selon,fr,21,ADP
image,fr,9,NOUN
vie,fr,23,NOUN
lien,fr,1,NOUN
pendant,fr,50,ADP
moins,fr,45,ADV
page,fr,1,NOUN
nouveau,fr,21,ADJ
vous,fr,584,PRON
centre,fr,1,NOUN
cours,fr,8,NOUN
partir,fr,9,VERB
village,fr,19,NOUN
louis,fr,2,PROPN
nombre,fr,37,NOUN
or,fr,33,NOUN
coupe,fr,1,NOUN
celui,fr,212,PRON
ci,fr,1,PROPN
ai,fr,4,PROPN
homme,fr,81,NOUN
société,fr,5,NOUN
quatre,fr,32,NUM
cas,fr,20,NOUN
jeu,fr,5,NOUN
genre,fr,10,NOUN
musique,fr,12,NOUN
fils,fr,16,NOUN
roi,fr,37,NOUN
parti,fr,9,NOUN
jour,fr,75,NOUN
europe,fr,11,PROPN
me,fr,2,PROPN
forme,fr,13,NOUN
ancien,fr,31,ADJ
origine,fr,1,NOUN
i,fr,1,NUM
ordre,fr,18,NOUN
château,fr,10,NOUN
école,fr,2,NOUN
t,fr,2,X
part,fr,18,NOUN
paul,fr,7,PROPN
rue,fr,24,NOUN
chef,fr,4,NOUN
exemple,fr,11,NOUN
durant,fr,1,ADP
rapport,fr,4,NOUN
art,fr,16,NOUN
dernier,fr,22,ADJ
point,fr,156,NOUN
compte,fr,5,NOUN
armée,fr,8,NOUN
eau,fr,23,NOUN
marie,fr,2,PROPN
chez,fr,40,ADP
ii,fr,2,NUM
car,fr,32,CCONJ
projet,fr,8,NOUN
chaque,fr,17,DET
province,fr,1,NOUN
françois,fr,16,PROPN
maison,fr,74,NOUN
cela,fr,32,PRON
demande,fr,1,NOUN
fonction,fr,4,NOUN
toujours,fr,68,ADV
membre,fr,1,NOUN
près,fr,32,ADV
meilleur,fr,21,ADJ
droit,fr,6,NOUN
mois,fr,20,NOUN
république,fr,1,NOUN
service,fr,10,NOUN
ensuite,fr,17,ADV
langue,fr,23,NOUN
gouvernement,fr,7,NOUN
petit,fr,83,ADJ
argent,fr,33,NOUN
souvent,fr,30,ADV
style,fr,2,NOUN
face,fr,2,NOUN
quand,fr,28,SCONJ
ministre,fr,6,NOUN
ensemble,fr,13,ADV
dès,fr,5,ADP
théâtre,fr,5,NOUN
scène,fr,7,NOUN
toute,fr,8,ADV
nombreux,fr,9,ADJ
auteur,fr,10,NOUN
cependant,fr,96,ADV
nous,fr,292,PRON
tant,fr,37,ADV
tard,fr,3,ADV
reste,fr,33,NOUN
seconde,fr,2,NOUN
afin,fr,10,ADV
historique,fr,1,ADJ
âge,fr,8,NOUN
environ,fr,14,ADV
effet,fr,18,NOUN
espèce,fr,10,NOUN
michel,fr,1,PROPN
raison,fr,8,NOUN
modèle,fr,2,NOUN
travail,fr,6,NOUN
femme,fr,157,NOUN
cinq,fr,23,NUM
déjà,fr,21,ADV
bas,fr,20,ADJ
terre,fr,18,NOUN
allemagne,fr,17,PROPN
allemand,fr,10,NOUN
porte,fr,22,NOUN
italie,fr,7,PROPN
bataille,fr,4,NOUN
corps,fr,25,NOUN
demi,fr,1,ADJ
route,fr,19,NOUN
jeune,fr,42,ADJ
york,fr,1,PROPN
là,fr,29,ADV
royaume,fr,4,NOUN
long,fr,32,ADJ
militaire,fr,1,ADJ
bronze,fr,2,NOUN
livre,fr,11,NOUN
haut,fr,17,NOUN
suivant,fr,12,ADJ
beaucoup,fr,144,ADV
dire,fr,136,VERB
seul,fr,39,ADJ
parmi,fr,47,ADP
fille,fr,34,NOUN
pouvoir,fr,230,VERB
but,fr,1,NOUN
ailleurs,fr,28,ADV
tête,fr,45,NOUN
territoire,fr,2,NOUN
union,fr,3,NOUN
construction,fr,2,NOUN
ligue,fr,1,NOUN
public,fr,18,ADJ
simple,fr,5,ADJ
henri,fr,2,PROPN
chanson,fr,3,NOUN
poste,fr,8,NOUN
culture,fr,1,NOUN
empire,fr,14,NOUN
loi,fr,14,NOUN
côté,fr,46,NOUN
mer,fr,19,NOUN
vue,fr,13,NOUN
espagne,fr,2,PROPN
mère,fr,1,NOUN
acteur,fr,5,NOUN
recherche,fr,3,NOUN
double,fr,1,ADJ
directeur,fr,1,NOUN
joseph,fr,1,PROPN
ici,fr,112,ADV
six,fr,16,NUM
devant,fr,17,ADP
écrit,fr,1,VERB
bois,fr,21,NOUN
retour,fr,11,NOUN
principale,fr,1,NOUN
sainte,fr,11,PROPN
second,fr,10,ADJ
terme,fr,3,NOUN
révolution,fr,1,NOUN
objet,fr,7,NOUN
philippe,fr,1,PROPN
question,fr,6,NOUN
lorsque,fr,82,SCONJ
plan,fr,1,NOUN
médaille,fr,7,NOUN
écrivain,fr,3,NOUN
compagnie,fr,7,NOUN
italien,fr,8,NOUN
surtout,fr,2,ADV
parc,fr,1,NOUN
mouvement,fr,1,NOUN
jamais,fr,91,ADV
claude,fr,1,PROPN
moyen,fr,8,NOUN
bon,fr,29,ADJ
peintre,fr,2,NOUN
voix,fr,5,NOUN
rouge,fr,7,ADJ
district,fr,1,NOUN
seulement,fr,16,ADV
pont,fr,9,NOUN
libre,fr,8,ADJ
air,fr,46,NOUN
sein,fr,4,NOUN
milieu,fr,18,NOUN
blanc,fr,35,ADJ
gauche,fr,2,NOUN
action,fr,2,NOUN
andré,fr,1,PROPN
victoire,fr,4,NOUN
autour,fr,18,ADV
durée,fr,1,NOUN
angleterre,fr,37,PROPN
afrique,fr,4,PROPN
sens,fr,9,NOUN
personne,fr,53,NOUN
rencontre,fr,1,NOUN
trop,fr,29,ADV
japon,fr,7,PROPN
eux,fr,720,PRON
particulier,fr,8,ADJ
quartier,fr,3,NOUN
honneur,fr,32,NOUN
cause,fr,17,NOUN
rien,fr,46,PRON
ni,fr,59,CCONJ
iii,fr,3,NUM
comte,fr,15,PROPN
fort,fr,121,ADV
journal,fr,1,NOUN
moi,fr,2058,PRON
rome,fr,3,PROPN
possible,fr,15,ADJ
dix,fr,19,NUM
taille,fr,14,NOUN
principal,fr,10,ADJ
sujet,fr,35,NOUN
croix,fr,4,NOUN
mettre,fr,76,VERB
enfin,fr,59,ADV
noir,fr,22,ADJ
joue,fr,2,NOUN
londres,fr,38,PROPN
moment,fr,8,NOUN
chapelle,fr,2,NOUN
russe,fr,3,NOUN
prince,fr,27,PROPN
abord,fr,12,NOUN
malgré,fr,10,ADP
monument,fr,2,NOUN
classe,fr,1,NOUN
aucun,fr,73,DET
droite,fr,2,NOUN
actuel,fr,4,ADJ
espace,fr,2,NOUN
fer,fr,2,NOUN
activité,fr,1,NOUN
assez,fr,99,ADV
james,fr,2,PROPN
cadre,fr,2,NOUN
sept,fr,9,NUM
lac,fr,1,NOUN
duc,fr,9,PROPN
cour,fr,61,NOUN
adresse,fr,2,NOUN
hors,fr,4,ADV
nature,fr,17,NOUN
port,fr,3,PROPN
plupart,fr,3,NOUN
dame,fr,32,NOUN
mesure,fr,2,NOUN
prendre,fr,105,VERB
important,fr,4,ADJ
lequel,fr,112,PRON
force,fr,6,NOUN
pologne,fr,2,PROPN
couleur,fr,23,NOUN
collection,fr,6,NOUN
dessus,fr,9,ADV
capitale,fr,4,NOUN
côte,fr,1,NOUN
façon,fr,9,NOUN
plutôt,fr,22,ADV
combat,fr,2,NOUN
royal,fr,3,ADJ
russie,fr,1,PROPN
tandis,fr,2,ADV
passage,fr,8,NOUN
entrée,fr,4,NOUN
présence,fr,2,NOUN
course,fr,2,NOUN
ceinture,fr,8,NOUN
tableau,fr,18,NOUN
maître,fr,16,NOUN
marque,fr,13,NOUN
intérieur,fr,1,NOUN
qualité,fr,29,NOUN
propre,fr,21,ADJ
chine,fr,3,PROPN
patrimoine,fr,1,NOUN
com,fr,1,NOUN
tours,fr,1,NOUN
lyon,fr,3,PROPN
généralement,fr,5,ADV
amérique,fr,1,PROPN
mal,fr,20,ADV
nuit,fr,25,NOUN
principalement,fr,8,ADV
prise,fr,2,NOUN
vitesse,fr,2,NOUN
chemin,fr,8,NOUN
avis,fr,2,NOUN
salle,fr,12,NOUN
carte,fr,1,NOUN
travers,fr,4,NOUN
valeur,fr,2,NOUN
palais,fr,32,NOUN
situation,fr,7,NOUN
court,fr,6,ADJ
vallée,fr,4,NOUN
occasion,fr,26,NOUN
chambre,fr,44,NOUN
savoir,fr,62,VERB
glace,fr,4,NOUN
proche,fr,4,ADJ
mot,fr,24,NOUN
main,fr,24,NOUN
huit,fr,15,NUM
assemblée,fr,10,NOUN
populaire,fr,1,ADJ
dieu,fr,17,PROPN
uni,fr,2,ADJ
outre,fr,15,ADV
hôtel,fr,5,NOUN
catholique,fr,3,NOUN
campagne,fr,13,NOUN
rapidement,fr,2,ADV
traduction,fr,7,NOUN
départ,fr,7,NOUN
choix,fr,1,NOUN
coup,fr,13,NOUN
enfant,fr,11,NOUN
no,fr,1,X
mieux,fr,22,ADV
défense,fr,2,NOUN
vice,fr,6,NOUN
u,fr,1,X
hiver,fr,12,NOUN
fondation,fr,1,NOUN
cœur,fr,11,NOUN
bâtiment,fr,6,NOUN
peter,fr,1,VERB
juste,fr,13,ADJ
der,fr,1,PROPN
seine,fr,1,PROPN
amour,fr,23,NOUN
mont,fr,8,NOUN
science,fr,5,NOUN
traité,fr,1,NOUN
idée,fr,28,NOUN
littérature,fr,1,NOUN
sol,fr,1,NOUN
chaîne,fr,2,NOUN
ouvrage,fr,7,NOUN
actuellement,fr,9,ADV
ex,fr,3,NOUN
fond,fr,5,NOUN
mode,fr,17,NOUN
original,fr,2,NOUN
espagnol,fr,4,NOUN
créer,fr,2,VERB
composition,fr,3,NOUN
garde,fr,12,NOUN
comédie,fr,6,NOUN
empereur,fr,46,NOUN
auprès,fr,13,ADV
chevalier,fr,6,PROPN
unique,fr,7,ADJ
capitaine,fr,6,NOUN
large,fr,9,ADJ
tel,fr,16,ADJ
parce,fr,50,ADV
commission,fr,6,NOUN
divers,fr,4,DET
classique,fr,1,ADJ
présent,fr,48,NOUN
autant,fr,42,ADV
taux,fr,1,NOUN
architecture,fr,10,NOUN
transport,fr,5,NOUN
sort,fr,1,NOUN
iv,fr,3,NUM
alexandre,fr,1,PROPN
oui,fr,2,INTJ
pièce,fr,14,NOUN
pratique,fr,1,NOUN
conseiller,fr,3,VERB
usage,fr,45,NOUN
quelque,fr,94,DET
secrétaire,fr,1,NOUN
donner,fr,117,VERB
chose,fr,49,NOUN
accès,fr,1,NOUN
marché,fr,9,NOUN
charge,fr,1,NOUN
alpes,fr,1,PROPN
économie,fr,1,NOUN
longueur,fr,4,NOUN
vingt,fr,11,NUM
arrivée,fr,8,NOUN
protection,fr,5,NOUN
commerce,fr,12,NOUN
parties,fr,1,NOUN
fiction,fr,1,NOUN
intérêt,fr,5,NOUN
laurent,fr,4,PROPN
jeunesse,fr,2,NOUN
majorité,fr,1,NOUN
passer,fr,95,VERB
seigneur,fr,9,NOUN
santé,fr,9,NOUN
heure,fr,24,NOUN
feu,fr,21,NOUN
italienne,fr,3,ADJ
profession,fr,3,NOUN
trouver,fr,137,VERB
voyage,fr,31,NOUN
supérieur,fr,6,ADJ
autriche,fr,3,PROPN
comment,fr,6,ADV
signe,fr,3,NOUN
moderne,fr,5,ADJ
célèbre,fr,2,ADJ
mariage,fr,9,NOUN
devenir,fr,8,VERB
constitution,fr,1,NOUN
presque,fr,43,ADV
certain,fr,24,ADJ
affaire,fr,12,NOUN
esprit,fr,24,NOUN
vienne,fr,49,PROPN
galerie,fr,17,NOUN
peuple,fr,33,NOUN
parlement,fr,1,NOUN
doute,fr,42,NOUN
mémoire,fr,2,NOUN
ami,fr,13,NOUN
éducation,fr,4,NOUN
don,fr,1,PROPN
pourquoi,fr,10,ADV
aller,fr,92,VERB
officier,fr,13,NOUN
hauteur,fr,4,NOUN
camp,fr,3,NOUN
temple,fr,7,NOUN
importance,fr,1,NOUN
maintenant,fr,4,ADV
commandant,fr,2,NOUN
ben,fr,3,X
docteur,fr,3,NOUN
gouverneur,fr,11,NOUN
loin,fr,8,ADV
bassin,fr,6,NOUN
contrat,fr,3,NOUN
romain,fr,11,ADJ
marseille,fr,1,PROPN
justice,fr,4,NOUN
semaine,fr,12,NOUN
pied,fr,27,NOUN
neuf,fr,5,NUM
principe,fr,1,NOUN
latin,fr,4,ADJ
bord,fr,17,NOUN
royale,fr,1,PROPN
moitié,fr,12,NOUN
réponse,fr,10,NOUN
reine,fr,11,PROPN
chacun,fr,17,PRON
volume,fr,1,NOUN
pape,fr,1,PROPN
quoi,fr,11,PRON
courant,fr,1,NOUN
lire,fr,29,VERB
industrie,fr,1,NOUN
lettre,fr,65,NOUN
brésil,fr,1,PROPN
opération,fr,5,NOUN
paix,fr,2,NOUN
vieux,fr,10,ADJ
propriétaire,fr,2,NOUN
journée,fr,4,NOUN
cathédrale,fr,2,PROPN
néanmoins,fr,1,ADV
sœur,fr,17,NOUN
rendre,fr,59,VERB
opéra,fr,7,NOUN
puisque,fr,13,SCONJ
gros,fr,29,ADJ
montagne,fr,20,NOUN
découverte,fr,1,NOUN
front,fr,7,NOUN
champ,fr,14,NOUN
religieux,fr,5,NOUN
propos,fr,11,NOUN
romaine,fr,1,NOUN
obtenir,fr,5,VERB
motif,fr,4,NOUN
chant,fr,4,NOUN
colonel,fr,2,NOUN
soleil,fr,9,NOUN
peinture,fr,8,NOUN
figure,fr,14,NOUN
gens,fr,23,NOUN
liberté,fr,30,NOUN
fête,fr,5,NOUN
rhône,fr,1,PROPN
canal,fr,7,NOUN
jouer,fr,18,VERB
offre,fr,3,NOUN
sauf,fr,2,ADJ
uniquement,fr,4,ADV
caractère,fr,7,NOUN
bleu,fr,2,NOUN
asie,fr,8,PROPN
sommet,fr,1,NOUN
border,fr,3,VERB
matière,fr,2,NOUN
médecin,fr,6,NOUN
écrire,fr,55,VERB
lance,fr,1,NOUN
besoin,fr,6,NOUN
fondateur,fr,1,PROPN
avance,fr,2,NOUN
grec,fr,38,ADJ
religion,fr,23,NOUN
successeur,fr,2,NOUN
somme,fr,1,NOUN
éviter,fr,5,VERB
réserve,fr,1,NOUN
ceci,fr,4,PRON
maritime,fr,1,ADJ
résumé,fr,1,NOUN
lorraine,fr,2,PROPN
rose,fr,14,NOUN
philosophie,fr,2,NOUN
parler,fr,69,VERB
expression,fr,7,NOUN
nécessaire,fr,12,ADJ
difficile,fr,9,ADJ
inconnu,fr,7,ADJ
cheval,fr,28,NOUN
communication,fr,1,NOUN
commun,fr,11,ADJ
jardin,fr,28,NOUN
paroisse,fr,3,VERB
portugal,fr,2,PROPN
vert,fr,2,ADJ
personnel,fr,1,ADJ
olivier,fr,2,NOUN
historien,fr,1,NOUN
inde,fr,4,PROPN
relation,fr,9,NOUN
plein,fr,8,ADJ
naturel,fr,20,ADJ
simplement,fr,1,ADV
essentiellement,fr,1,ADV
abbé,fr,2,NOUN
expérience,fr,2,NOUN
extérieur,fr,3,NOUN
prison,fr,1,NOUN
distance,fr,9,NOUN
capacité,fr,1,NOUN
tradition,fr,1,NOUN
étoile,fr,1,NOUN
marche,fr,15,NOUN
jaune,fr,1,ADJ
office,fr,4,NOUN
masse,fr,1,NOUN
arc,fr,2,NOUN
tombe,fr,2,NOUN
vrai,fr,31,ADJ
ton,fr,12,NOUN
arabe,fr,9,ADJ
acte,fr,3,NOUN
grèce,fr,2,PROPN
héros,fr,5,NOUN
filles,fr,5,NOUN
midi,fr,2,NOUN
géographique,fr,1,ADJ
ciel,fr,5,NOUN
rang,fr,18,NOUN
maladie,fr,7,NOUN
autorité,fr,2,NOUN
édifice,fr,13,NOUN
cap,fr,3,PROPN
sorte,fr,11,NOUN
hongrie,fr,16,PROPN
peine,fr,31,NOUN
absence,fr,2,NOUN
circuit,fr,1,NOUN
danse,fr,10,NOUN
désigner,fr,1,VERB
fleuve,fr,7,NOUN
univers,fr,1,NOUN
écriture,fr,1,NOUN
te,fr,1,ADV
trente,fr,6,NUM
véritable,fr,10,ADJ
rapide,fr,1,ADJ
chœur,fr,1,NOUN
permettre,fr,22,VERB
résidence,fr,5,NOUN
portrait,fr,5,NOUN
sang,fr,3,NOUN
prédécesseur,fr,1,NOUN
retraite,fr,4,NOUN
description,fr,31,NOUN
table,fr,8,NOUN
antonio,fr,1,PROPN
emploi,fr,1,NOUN
alliance,fr,1,NOUN
is,fr,2,PROPN
quel,fr,22,DET
brun,fr,1,PROPN
originaire,fr,1,VERB
christophe,fr,2,PROPN
auguste,fr,1,PROPN
bout,fr,17,NOUN
cent,fr,10,NUM
voiture,fr,12,NOUN
étranger,fr,10,NOUN
secret,fr,6,NOUN
couple,fr,1,NOUN
col,fr,4,NOUN
soir,fr,20,NOUN
différence,fr,10,NOUN
bateau,fr,2,NOUN
changement,fr,2,NOUN
romans,fr,1,PROPN
faveur,fr,8,NOUN
vis,fr,1,NOUN
concert,fr,2,NOUN
douze,fr,6,NUM
ferme,fr,2,ADJ
massif,fr,2,ADJ
vente,fr,1,NOUN
bras,fr,18,NOUN
proposition,fr,1,NOUN
visite,fr,24,NOUN
solution,fr,1,NOUN
mur,fr,4,NOUN
luc,fr,1,PROPN
façade,fr,1,NOUN
statue,fr,17,NOUN
construire,fr,11,VERB
tente,fr,6,NOUN
huile,fr,1,NOUN
orient,fr,2,PROPN
faux,fr,9,ADJ
bourgogne,fr,1,PROPN
contraire,fr,17,NOUN
champs,fr,2,PROPN
vierge,fr,5,NOUN
cercle,fr,5,NOUN
aider,fr,4,VERB
mari,fr,25,NOUN
attention,fr,26,NOUN
fontaine,fr,19,NOUN
prêtre,fr,7,NOUN
élevé,fr,12,ADJ
monastère,fr,4,NOUN
dos,fr,4,NOUN
beau,fr,140,ADJ
lecture,fr,2,NOUN
branche,fr,3,NOUN
pointe,fr,3,NOUN
assurer,fr,32,VERB
clair,fr,3,ADJ
venir,fr,60,VERB
laisser,fr,32,VERB
vin,fr,13,NOUN
ajouter,fr,4,VERB
demander,fr,40,VERB
recueil,fr,1,NOUN
endroit,fr,11,NOUN
auparavant,fr,2,ADV
bus,fr,1,NOUN
comprendre,fr,4,VERB
vivre,fr,17,VERB
arme,fr,4,NOUN
erreur,fr,5,NOUN
arbre,fr,20,NOUN
possibilité,fr,1,NOUN
eugène,fr,1,PROPN
occupation,fr,7,NOUN
vent,fr,5,NOUN
travailler,fr,4,VERB
former,fr,22,VERB
princesse,fr,11,NOUN
volonté,fr,6,NOUN
race,fr,1,NOUN
sûr,fr,7,ADJ
totalement,fr,1,ADV
machine,fr,8,NOUN
antique,fr,7,NOUN
manche,fr,13,NOUN
dimanche,fr,5,NOUN
fil,fr,2,NOUN
suivre,fr,24,VERB
accident,fr,10,NOUN
cérémonie,fr,11,NOUN
discours,fr,2,NOUN
échange,fr,2,NOUN
riche,fr,33,ADJ
langage,fr,10,NOUN
répondre,fr,32,VERB
spectacle,fr,21,NOUN
moulin,fr,1,NOUN
musicien,fr,1,NOUN
poésie,fr,3,NOUN
aventure,fr,7,NOUN
religieuse,fr,1,ADJ
guide,fr,5,NOUN
actif,fr,1,ADJ
événement,fr,1,NOUN
extrême,fr,7,ADJ
venise,fr,2,PROPN
civil,fr,3,ADJ
connaître,fr,17,VERB
tiers,fr,1,NOUN
porter,fr,43,VERB
lendemain,fr,9,NOUN
orange,fr,2,NOUN
adam,fr,1,PROPN
matin,fr,12,NOUN
flotte,fr,1,NOUN
monsieur,fr,30,NOUN
turquie,fr,28,PROPN
marquis,fr,1,PROPN
mille,fr,32,NUM
dames,fr,54,NOUN
couronne,fr,4,NOUN
privé,fr,1,ADJ
trophée,fr,1,NOUN
aspect,fr,1,NOUN
envoyé,fr,5,NOUN
humain,fr,6,ADJ
dispute,fr,4,NOUN
lune,fr,3,NOUN
envers,fr,1,ADP
développer,fr,1,VERB
amiral,fr,6,PROPN
serge,fr,1,NOUN
changer,fr,6,VERB
profil,fr,1,NOUN
hans,fr,2,PROPN
cabinet,fr,8,NOUN
toi,fr,2,PRON
saône,fr,1,PROPN
vision,fr,1,NOUN
céleste,fr,1,ADJ
dehors,fr,4,NOUN
servir,fr,38,VERB
protéger,fr,1,VERB
pacifique,fr,1,ADJ
grecque,fr,6,NOUN
œil,fr,50,NOUN
récit,fr,4,NOUN
climat,fr,9,NOUN
instrument,fr,1,NOUN
automne,fr,1,NOUN
animal,fr,5,NOUN
papier,fr,3,NOUN
plante,fr,1,NOUN
boulevard,fr,1,NOUN
entier,fr,10,ADJ
angle,fr,2,PROPN
preuve,fr,12,NOUN
immédiatement,fr,1,ADV
sable,fr,1,NOUN
noblesse,fr,6,NOUN
toile,fr,2,NOUN
chercher,fr,10,VERB
liaison,fr,1,NOUN
trône,fr,3,NOUN
produire,fr,7,VERB
nul,fr,2,ADJ
ruisseau,fr,1,NOUN
roche,fr,1,NOUN
largeur,fr,1,NOUN
françoise,fr,2,PROPN
foi,fr,6,NOUN
voici,fr,8,VERB
vii,fr,1,NUM
nation,fr,17,NOUN
notion,fr,3,NOUN
catalogue,fr,1,NOUN
facilement,fr,8,ADV
étage,fr,8,NOUN
hongrois,fr,5,NOUN
vaste,fr,10,ADJ
établir,fr,5,VERB
post,fr,2,NOUN
ennemi,fr,1,NOUN
indien,fr,3,NOUN
réel,fr,3,ADJ
rester,fr,33,VERB
consommation,fr,1,NOUN
mauvais,fr,16,ADJ
condition,fr,4,NOUN
plaine,fr,12,NOUN
perte,fr,4,NOUN
portée,fr,1,NOUN
quitter,fr,17,VERB
quantité,fr,24,NOUN
versailles,fr,3,PROPN
capable,fr,10,ADJ
estime,fr,2,NOUN
effectivement,fr,1,ADV
couverture,fr,3,NOUN
cuisine,fr,4,NOUN
disposition,fr,5,NOUN
sénat,fr,2,NOUN
entrer,fr,25,VERB
penser,fr,22,VERB
présenter,fr,24,VERB
vaisseau,fr,10,NOUN
autrefois,fr,21,ADV
cher,fr,10,ADJ
inscription,fr,7,NOUN
confiance,fr,1,NOUN
onze,fr,2,NUM
augmentation,fr,1,NOUN
oncle,fr,1,NOUN
génie,fr,3,NOUN
revenir,fr,6,VERB
canon,fr,1,NOUN
sculpture,fr,5,NOUN
attendre,fr,21,VERB
sophie,fr,8,PROPN
peau,fr,6,NOUN
ferdinand,fr,2,PROPN
impossible,fr,13,ADJ
vieille,fr,1,NOUN
poule,fr,2,NOUN
utile,fr,3,ADJ
enceinte,fr,3,ADJ
conservation,fr,1,NOUN
sacré,fr,1,ADJ
sortir,fr,22,VERB
clairement,fr,1,ADV
essentiel,fr,1,ADJ
équipage,fr,5,NOUN
tuer,fr,6,VERB
impression,fr,3,NOUN
quasi,fr,1,ADV
conséquence,fr,5,NOUN
vérité,fr,33,NOUN
quinze,fr,5,NUM
mérite,fr,7,NOUN
samedi,fr,1,NOUN
moindre,fr,14,ADJ
saxe,fr,3,PROPN
remarque,fr,5,NOUN
chinoise,fr,1,NOUN
phrase,fr,1,NOUN
menace,fr,1,NOUN
poursuite,fr,1,NOUN
parole,fr,9,NOUN
conserver,fr,6,VERB
reprendre,fr,11,VERB
diamètre,fr,1,NOUN
conduite,fr,6,NOUN
conscience,fr,2,NOUN
re,fr,4,INTJ
naples,fr,1,PROPN
peur,fr,3,NOUN
prague,fr,5,PROPN
crime,fr,8,NOUN
chrétienne,fr,3,NOUN
respect,fr,10,NOUN
bientôt,fr,6,ADV
vendredi,fr,4,NOUN
rare,fr,7,ADJ
aile,fr,1,NOUN
carré,fr,2,NOUN
lit,fr,9,NOUN
loup,fr,1,NOUN
détroit,fr,2,NOUN
mémoires,fr,1,NOUN
grave,fr,2,ADJ
faute,fr,5,NOUN
brunswick,fr,1,PROPN
million,fr,1,NOUN
contribution,fr,1,NOUN
hill,fr,1,PROPN
renommé,fr,1,VERB
gris,fr,1,NOUN
léger,fr,3,ADJ
danger,fr,8,NOUN
détail,fr,17,NOUN
jusque,fr,44,ADP
variété,fr,5,NOUN
river,fr,1,NOUN
compter,fr,19,VERB
conquête,fr,3,NOUN
inférieur,fr,1,ADJ
tenir,fr,37,VERB
neige,fr,11,NOUN
défaut,fr,6,NOUN
paysage,fr,2,NOUN
couvent,fr,10,NOUN
violence,fr,1,NOUN
africain,fr,1,ADJ
sir,fr,1,NOUN
déclaration,fr,1,NOUN
extrémité,fr,1,NOUN
colonne,fr,18,NOUN
fa,fr,1,X
gagner,fr,4,VERB
prêt,fr,4,ADJ
créateur,fr,1,NOUN
expliquer,fr,2,VERB
environs,fr,5,NOUN
inter,fr,3,X
passion,fr,15,NOUN
soi,fr,296,PRON
secours,fr,2,NOUN
archipel,fr,3,PROPN
géorgie,fr,1,PROPN
gothique,fr,1,ADJ
facile,fr,6,ADJ
davantage,fr,6,ADV
différent,fr,29,ADJ
découvrir,fr,28,VERB
chrétien,fr,34,NOUN
ange,fr,3,NOUN
opinion,fr,5,NOUN
étudier,fr,3,VERB
lundi,fr,3,NOUN
viii,fr,1,NUM
avantage,fr,7,NOUN
partout,fr,2,ADV
métier,fr,2,NOUN
mélange,fr,3,NOUN
lucien,fr,1,PROPN
ad,fr,2,X
défendre,fr,7,VERB
recevoir,fr,65,VERB
autrichien,fr,4,NOUN
traversée,fr,1,NOUN
antiquité,fr,4,NOUN
nez,fr,1,NOUN
meurtre,fr,2,NOUN
élite,fr,1,NOUN
aîné,fr,3,ADJ
verre,fr,4,NOUN
queue,fr,4,NOUN
belgrade,fr,12,PROPN
revenu,fr,3,NOUN
arrêter,fr,10,VERB
regard,fr,2,NOUN
amitié,fr,8,NOUN
dossier,fr,1,NOUN
oiseau,fr,1,NOUN
citer,fr,1,VERB
terrestre,fr,1,ADJ
noble,fr,6,ADJ
ambassadeur,fr,8,NOUN
possession,fr,3,NOUN
souvenir,fr,4,VERB
quarante,fr,5,NUM
lady,fr,2,X
lecteur,fr,1,NOUN
idem,fr,2,ADV
réduire,fr,4,VERB
goût,fr,23,NOUN
observation,fr,3,NOUN
empêcher,fr,33,VERB
humanité,fr,3,PROPN
déterminer,fr,4,VERB
colline,fr,2,NOUN
trésor,fr,4,NOUN
difficulté,fr,2,NOUN
ombre,fr,9,NOUN
vapeur,fr,1,NOUN
républicain,fr,1,ADJ
proposer,fr,3,VERB
soldat,fr,11,NOUN
veille,fr,2,NOUN
pluie,fr,3,NOUN
turin,fr,5,PROPN
extrêmement,fr,14,ADV
cinquante,fr,8,NUM
souverain,fr,5,ADJ
frais,fr,2,ADJ
louvre,fr,1,PROPN
amie,fr,7,NOUN
intention,fr,5,NOUN
précision,fr,1,NOUN
degré,fr,1,NOUN
puissant,fr,1,ADJ
correspondance,fr,4,NOUN
visage,fr,26,NOUN
montrer,fr,15,VERB
réflexion,fr,12,NOUN
mariée,fr,1,NOUN
meuse,fr,1,PROPN
poser,fr,1,VERB
sexe,fr,5,NOUN
séjour,fr,10,NOUN
surprise,fr,13,NOUN
juif,fr,8,NOUN
efficace,fr,1,ADJ
bulgarie,fr,1,PROPN
séparation,fr,2,NOUN
perdre,fr,13,VERB
parfaitement,fr,8,ADV
âgé,fr,8,ADJ
favorable,fr,1,ADJ
pavillon,fr,2,NOUN
retirer,fr,3,VERB
distinction,fr,2,NOUN
four,fr,2,NOUN
garder,fr,13,VERB
triple,fr,1,ADJ
autel,fr,4,NOUN
continuer,fr,13,VERB
fournir,fr,9,VERB
treize,fr,2,NUM
plat,fr,10,NOUN
choisir,fr,6,VERB
rarement,fr,6,ADV
troupe,fr,16,NOUN
ha,fr,1,NOUN
augmenter,fr,4,VERB
instant,fr,8,NOUN
désert,fr,9,NOUN
nam,fr,2,INTJ
bourse,fr,14,NOUN
exactement,fr,10,ADV
tunis,fr,5,PROPN
augustin,fr,1,PROPN
froid,fr,19,NOUN
réputation,fr,2,NOUN
ronde,fr,1,NOUN
apparence,fr,4,NOUN
couche,fr,3,NOUN
fortune,fr,6,PROPN
veuve,fr,12,NOUN
apporter,fr,13,VERB
cesse,fr,1,NOUN
exercice,fr,2,NOUN
héritier,fr,3,NOUN
amoureux,fr,1,ADJ
vouloir,fr,74,VERB
poursuivre,fr,2,VERB
voile,fr,13,NOUN
marchand,fr,11,NOUN
remarquable,fr,4,ADJ
assassinat,fr,1,NOUN
attitude,fr,4,NOUN
jugement,fr,3,NOUN
conséquent,fr,2,NOUN
rayon,fr,2,NOUN
nécessité,fr,1,NOUN
vocation,fr,1,NOUN
fini,fr,3,VERB
épée,fr,1,NOUN
voilà,fr,9,VERB
devoir,fr,63,VERB
opposé,fr,1,ADJ
soixante,fr,2,NUM
ix,fr,1,NUM
copie,fr,3,NOUN
ouvrir,fr,12,VERB
gras,fr,1,ADJ
morceau,fr,9,NOUN
tenter,fr,3,VERB
pyramide,fr,1,NOUN
plaisir,fr,57,NOUN
croire,fr,119,VERB
domination,fr,12,NOUN
échapper,fr,4,VERB
équilibre,fr,1,NOUN
constantinople,fr,44,PROPN
examen,fr,1,NOUN
héritage,fr,1,NOUN
commencer,fr,16,VERB
voisin,fr,6,ADJ
représenter,fr,15,VERB
pain,fr,3,NOUN
toit,fr,1,NOUN
opus,fr,1,NOUN
arriver,fr,54,VERB
écart,fr,2,NOUN
signal,fr,1,NOUN
hollande,fr,5,PROPN
crédit,fr,1,NOUN
fuite,fr,2,NOUN
dôme,fr,8,NOUN
christianisme,fr,1,PROPN
mener,fr,5,VERB
hasard,fr,1,NOUN
acier,fr,1,NOUN
occuper,fr,27,VERB
réellement,fr,1,ADV
silence,fr,5,NOUN
publier,fr,1,VERB
ah,fr,4,INTJ
lait,fr,2,NOUN
charbon,fr,2,NOUN
léopold,fr,2,PROPN
soutenir,fr,10,VERB
autrement,fr,1,ADV
dur,fr,2,ADJ
dénomination,fr,1,NOUN
fruit,fr,12,NOUN
marbre,fr,36,NOUN
remporter,fr,2,VERB
sicile,fr,2,PROPN
trait,fr,4,NOUN
étendue,fr,6,NOUN
prisonnier,fr,1,ADJ
mar,fr,1,NOUN
intelligence,fr,4,NOUN
payer,fr,6,VERB
chaleur,fr,11,NOUN
chaussée,fr,2,NOUN
beauté,fr,43,NOUN
traiter,fr,9,VERB
attaquer,fr,2,VERB
contribuer,fr,2,VERB
rentre,fr,1,VERB
décoration,fr,3,NOUN
alphabet,fr,1,NOUN
solide,fr,1,ADJ
réception,fr,2,NOUN
mourir,fr,16,VERB
témoin,fr,2,NOUN
conte,fr,2,NOUN
horreur,fr,5,NOUN
fenêtre,fr,16,NOUN
certainement,fr,12,ADV
morale,fr,2,NOUN
placer,fr,16,VERB
consulter,fr,2,VERB
intéressant,fr,2,ADJ
égard,fr,10,NOUN
cheveux,fr,1,NOUN
respecter,fr,4,VERB
lourd,fr,1,ADJ
sérieux,fr,2,ADJ
sec,fr,1,ADJ
comtesse,fr,9,NOUN
remarquer,fr,6,VERB
fleur,fr,22,NOUN
turc,fr,111,NOUN
tirer,fr,16,VERB
envoyer,fr,32,VERB
oriental,fr,1,ADJ
consul,fr,1,NOUN
paradis,fr,3,NOUN
entendre,fr,29,VERB
tempête,fr,4,NOUN
remettre,fr,5,VERB
constantin,fr,3,PROPN
bonheur,fr,10,NOUN
moine,fr,1,NOUN
cuivre,fr,1,NOUN
per,fr,2,X
cents,fr,12,NUM
viande,fr,1,NOUN
escalier,fr,8,NOUN
diable,fr,3,NOUN
apprendre,fr,25,VERB
détruire,fr,7,VERB
centaine,fr,1,NOUN
ré,fr,1,ADJ
racine,fr,1,NOUN
descente,fr,1,NOUN
magasin,fr,1,NOUN
explication,fr,2,NOUN
tomber,fr,20,VERB
duchesse,fr,7,NOUN
couvert,fr,11,VERB
logement,fr,6,NOUN
francfort,fr,2,PROPN
attentat,fr,1,NOUN
inutile,fr,8,ADJ
cellule,fr,3,NOUN
fou,fr,2,ADJ
accepter,fr,9,VERB
courage,fr,6,NOUN
battre,fr,5,VERB
cologne,fr,4,PROPN
plume,fr,5,NOUN
démarche,fr,1,NOUN
malade,fr,5,ADJ
arena,fr,2,PROPN
perspective,fr,4,NOUN
doctrine,fr,3,NOUN
tourner,fr,5,VERB
impérial,fr,7,ADJ
sultan,fr,17,PROPN
effort,fr,1,NOUN
bouche,fr,3,NOUN
pire,fr,2,ADJ
retourner,fr,3,VERB
masque,fr,1,NOUN
combattre,fr,2,VERB
gloire,fr,2,NOUN
monter,fr,24,VERB
comparaison,fr,4,NOUN
préparer,fr,3,VERB
globe,fr,2,NOUN
ballon,fr,1,NOUN
audience,fr,7,NOUN
diversité,fr,2,NOUN
rocher,fr,5,NOUN
garnison,fr,8,PROPN
résoudre,fr,3,VERB
macédoine,fr,1,PROPN
absolument,fr,4,ADV
chêne,fr,1,NOUN
berger,fr,2,NOUN
particularité,fr,4,NOUN
distinguer,fr,10,VERB
jeudi,fr,3,NOUN
isaac,fr,1,PROPN
anges,fr,1,NOUN
rencontrer,fr,7,VERB
étang,fr,2,NOUN
attente,fr,1,NOUN
voûte,fr,2,NOUN
parfait,fr,6,ADJ
repos,fr,5,NOUN
malte,fr,3,PROPN
appliquer,fr,1,VERB
offrir,fr,9,VERB
neutralité,fr,1,NOUN
destin,fr,2,NOUN
confusion,fr,1,NOUN
clergé,fr,1,NOUN
mosquée,fr,26,NOUN
autrichienne,fr,1,NOUN
exprimer,fr,6,VERB
vendre,fr,10,VERB
arsenal,fr,1,NOUN
adrien,fr,1,PROPN
robe,fr,12,NOUN
sint,fr,1,INTJ
sage,fr,2,ADJ
écurie,fr,1,NOUN
cadet,fr,1,ADJ
triomphe,fr,2,NOUN
tribune,fr,2,NOUN
commis,fr,3,NOUN
faciliter,fr,2,VERB
immense,fr,6,ADJ
dangereux,fr,3,ADJ
robinson,fr,1,PROPN
pomme,fr,1,NOUN
justification,fr,1,NOUN
reconnaître,fr,4,VERB
richesse,fr,6,NOUN
indes,fr,3,PROPN
mardi,fr,2,NOUN
cerveau,fr,1,NOUN
sentiment,fr,5,NOUN
habitude,fr,2,NOUN
modeste,fr,1,ADJ
ottoman,fr,2,ADJ
témoignage,fr,1,NOUN
nage,fr,1,NOUN
énorme,fr,2,ADJ
tombeau,fr,9,NOUN
bruit,fr,6,NOUN
devise,fr,4,NOUN
universel,fr,1,ADJ
finir,fr,16,VERB
mercredi,fr,3,NOUN
royaumes,fr,1,NOUN
appeler,fr,26,VERB
fameux,fr,15,ADJ
volontaire,fr,1,NOUN
chaud,fr,11,ADJ
abandonner,fr,8,VERB
naval,fr,1,ADJ
paraître,fr,25,VERB
sensible,fr,8,ADJ
vertu,fr,3,NOUN
messe,fr,1,NOUN
con,fr,2,ADV
obligation,fr,2,NOUN
abri,fr,5,NOUN
considérable,fr,14,ADJ
palestine,fr,1,PROPN
foule,fr,6,NOUN
engager,fr,13,VERB
proprement,fr,6,ADV
miroir,fr,1,NOUN
acheter,fr,14,VERB
observer,fr,7,VERB
hongroise,fr,1,NOUN
magie,fr,1,NOUN
dégât,fr,1,NOUN
turque,fr,16,ADJ
aussitôt,fr,2,ADV
chaire,fr,3,NOUN
trinité,fr,1,PROPN
traduire,fr,2,VERB
pauvre,fr,21,ADJ
ordinaire,fr,14,ADJ
gênes,fr,1,PROPN
maxime,fr,4,NOUN
coin,fr,5,NOUN
arcade,fr,4,NOUN
mercure,fr,1,PROPN
plomb,fr,2,NOUN
envie,fr,14,NOUN
naturellement,fr,5,ADV
diane,fr,1,PROPN
bâton,fr,3,NOUN
raphaël,fr,2,PROPN
sac,fr,2,NOUN
flûte,fr,2,NOUN
arabie,fr,1,PROPN
chasseur,fr,1,NOUN
signer,fr,1,VERB
trou,fr,6,NOUN
appartement,fr,17,NOUN
justin,fr,1,PROPN
pèlerinage,fr,1,NOUN
tellement,fr,6,ADV
pur,fr,5,ADJ
convaincre,fr,13,VERB
soin,fr,23,NOUN
hier,fr,19,ADV
agnès,fr,1,PROPN
oublier,fr,14,VERB
folie,fr,3,NOUN
caire,fr,1,PROPN
comédien,fr,1,NOUN
constant,fr,1,ADJ
conduire,fr,18,VERB
pourvoir,fr,3,VERB
déesse,fr,1,PROPN
égal,fr,3,ADJ
semblable,fr,12,ADJ
instance,fr,5,NOUN
vigne,fr,7,NOUN
terminer,fr,1,VERB
consacrer,fr,2,VERB
notable,fr,1,ADJ
prime,fr,1,VERB
bade,fr,1,PROPN
citoyen,fr,1,NOUN
grille,fr,2,NOUN
hébreu,fr,1,NOUN
vignoble,fr,1,NOUN
roue,fr,1,NOUN
cavalier,fr,2,NOUN
causer,fr,10,VERB
espérance,fr,1,NOUN
évènement,fr,1,NOUN
constituer,fr,1,VERB
catholicisme,fr,1,NOUN
manger,fr,5,VERB
rappeler,fr,7,VERB
régulier,fr,1,ADJ
grandeur,fr,15,NOUN
hôte,fr,1,NOUN
revers,fr,1,NOUN
calme,fr,2,ADJ
signification,fr,3,NOUN
debout,fr,2,ADV
poétique,fr,1,ADJ
épaisseur,fr,3,NOUN
heureux,fr,13,ADJ
law,fr,1,PROPN
perse,fr,4,PROPN
piémont,fr,1,PROPN
chapeau,fr,2,NOUN
vraisemblablement,fr,1,ADV
vénus,fr,2,PROPN
uniforme,fr,1,NOUN
serment,fr,2,NOUN
scandale,fr,2,NOUN
isle,fr,8,PROPN
ducs,fr,1,PROPN
favoriser,fr,1,VERB
repas,fr,9,NOUN
luxe,fr,4,NOUN
maîtresse,fr,1,NOUN
mail,fr,1,PROPN
impératrice,fr,25,NOUN
marquer,fr,13,VERB
salomon,fr,1,PROPN
barbe,fr,5,NOUN
allié,fr,1,ADJ
prouver,fr,12,VERB
dette,fr,1,NOUN
cru,fr,4,VERB
dessert,fr,1,NOUN
renard,fr,2,NOUN
esclavage,fr,2,NOUN
nova,fr,1,X
opera,fr,2,PROPN
cerf,fr,6,PROPN
proportion,fr,2,NOUN
bal,fr,3,NOUN
exercer,fr,2,VERB
correctement,fr,1,ADV
doux,fr,9,ADJ
tort,fr,2,NOUN
vengeance,fr,1,NOUN
ancêtre,fr,1,NOUN
demain,fr,4,ADV
souveraineté,fr,1,NOUN
profond,fr,4,ADJ
em,fr,2,X
décrire,fr,1,VERB
sauveur,fr,2,NOUN
haye,fr,1,PROPN
quelconque,fr,1,ADJ
mathématique,fr,1,NOUN
ita,fr,3,ADV
jupiter,fr,3,PROPN
grace,fr,13,NOUN
bohême,fr,2,PROPN
approfondir,fr,1,VERB
more,fr,1,NOUN
fuir,fr,4,VERB
communément,fr,1,ADV
bête,fr,4,NOUN
adapter,fr,1,VERB
adopter,fr,2,VERB
rond,fr,2,ADJ
joie,fr,3,NOUN
douleur,fr,5,NOUN
pacte,fr,1,NOUN
foire,fr,4,NOUN
excellence,fr,1,NOUN
corruption,fr,1,NOUN
jeter,fr,11,VERB
pin,fr,1,NOUN
angelo,fr,1,PROPN
nécessairement,fr,1,ADV
loge,fr,2,NOUN
mets,fr,3,NOUN
rire,fr,12,VERB
coupable,fr,1,ADJ
vif,fr,14,ADJ
ultra,fr,4,ADJ
attirer,fr,5,VERB
sara,fr,1,PROPN
doré,fr,16,ADJ
bain,fr,18,NOUN
signaler,fr,1,VERB
poudre,fr,2,NOUN
lever,fr,13,VERB
minuit,fr,1,NOUN
buste,fr,1,NOUN
parade,fr,1,NOUN
peste,fr,6,NOUN
controverse,fr,1,NOUN
fonder,fr,8,VERB
regarder,fr,47,VERB
divorce,fr,1,NOUN
paiement,fr,1,NOUN
prochain,fr,2,ADJ
parent,fr,4,NOUN
gravité,fr,4,NOUN
pente,fr,1,NOUN
traverser,fr,12,VERB
patrie,fr,3,NOUN
pauvreté,fr,2,NOUN
sévère,fr,1,ADJ
monstre,fr,1,NOUN
geste,fr,8,NOUN
arménien,fr,5,NOUN
domestique,fr,7,NOUN
patriarche,fr,1,NOUN
dominant,fr,4,ADJ
voler,fr,2,VERB
jet,fr,1,NOUN
constance,fr,2,NOUN
extraordinaire,fr,14,ADJ
médicis,fr,1,PROPN
trajet,fr,2,NOUN
terrible,fr,3,ADJ
confondre,fr,2,VERB
soie,fr,8,NOUN
excellent,fr,4,ADJ
gorge,fr,7,NOUN
librement,fr,1,ADV
pilier,fr,8,NOUN
diamant,fr,11,NOUN
drogue,fr,1,NOUN
chanter,fr,13,VERB
abrégé,fr,1,VERB
fusil,fr,3,NOUN
rotterdam,fr,5,PROPN
contenir,fr,14,VERB
conducteur,fr,1,NOUN
horloge,fr,1,NOUN
partager,fr,10,VERB
nommer,fr,6,VERB
plafond,fr,3,NOUN
allée,fr,1,NOUN
acquérir,fr,2,VERB
ri,fr,1,INTJ
plainte,fr,1,NOUN
banc,fr,5,NOUN
parvenir,fr,7,VERB
enlever,fr,7,VERB
corde,fr,1,NOUN
subir,fr,1,VERB
bouton,fr,7,NOUN
toucher,fr,12,VERB
exister,fr,1,VERB
décider,fr,10,VERB
protestant,fr,1,ADJ
spirituel,fr,1,NOUN
rivalité,fr,1,NOUN
plaisance,fr,1,NOUN
conforme,fr,1,ADJ
violent,fr,9,ADJ
sourire,fr,7,NOUN
sommeil,fr,2,NOUN
digne,fr,11,ADJ
magnifique,fr,24,ADJ
divinité,fr,1,NOUN
précieux,fr,3,ADJ
indication,fr,1,NOUN
danube,fr,10,PROPN
jul,fr,4,NOUN
amant,fr,10,NOUN
prévenir,fr,5,VERB
cou,fr,8,NOUN
nouvellement,fr,3,ADV
achille,fr,1,PROPN
profiter,fr,8,VERB
miracle,fr,5,NOUN
créature,fr,2,NOUN
juger,fr,25,VERB
thé,fr,5,NOUN
assister,fr,1,VERB
bonnet,fr,6,NOUN
revoir,fr,4,VERB
cloud,fr,2,PROPN
boutique,fr,9,NOUN
suspendu,fr,1,VERB
aveugle,fr,4,ADJ
étendre,fr,3,VERB
monarque,fr,5,NOUN
afficher,fr,1,VERB
hercule,fr,2,PROPN
jésuite,fr,4,NOUN
voyageur,fr,18,NOUN
cuir,fr,1,NOUN
carnaval,fr,1,NOUN
cacher,fr,10,VERB
intrigue,fr,3,NOUN
sérieusement,fr,2,ADV
disputer,fr,4,VERB
encre,fr,1,NOUN
remplir,fr,42,VERB
invitation,fr,1,NOUN
arche,fr,1,NOUN
préférence,fr,6,NOUN
foncé,fr,1,VERB
renommer,fr,2,VERB
promenade,fr,3,NOUN
avancer,fr,4,VERB
séparer,fr,9,VERB
prétexte,fr,1,NOUN
sabre,fr,1,NOUN
rechercher,fr,1,VERB
disposer,fr,4,VERB
accompagner,fr,12,VERB
borne,fr,1,NOUN
rez,fr,2,NOUN
planche,fr,1,NOUN
gravement,fr,1,ADV
assises,fr,2,VERB
oreille,fr,8,NOUN
opposer,fr,2,VERB
diminuer,fr,3,VERB
relier,fr,1,VERB
généalogie,fr,1,NOUN
combien,fr,18,ADV
martyr,fr,1,NOUN
assassin,fr,1,NOUN
conversation,fr,7,NOUN
prose,fr,2,NOUN
vain,fr,2,ADJ
accorder,fr,6,VERB
intervalle,fr,1,NOUN
quarantaine,fr,2,NOUN
size,fr,1,X
amélie,fr,4,PROPN
tapis,fr,10,NOUN
pratiquer,fr,3,VERB
attribuer,fr,7,VERB
exécuter,fr,3,VERB
porta,fr,1,PROPN
transporter,fr,7,VERB
coton,fr,2,NOUN
herbe,fr,2,NOUN
communiquer,fr,2,VERB
flandres,fr,1,PROPN
infini,fr,4,ADJ
crâne,fr,1,NOUN
régent,fr,1,ADJ
visiter,fr,9,VERB
venger,fr,4,VERB
dresde,fr,7,PROPN
quoique,fr,63,SCONJ
manufacture,fr,2,NOUN
porteur,fr,2,NOUN
cinquantaine,fr,1,NOUN
rapprocher,fr,1,VERB
edouard,fr,1,PROPN
passionné,fr,1,ADJ
épouser,fr,9,VERB
trahison,fr,3,NOUN
avancé,fr,2,ADJ
étiquette,fr,1,NOUN
billet,fr,3,NOUN
figurer,fr,1,VERB
répétition,fr,2,NOUN
affirmer,fr,1,VERB
élévation,fr,1,NOUN
jonction,fr,1,NOUN
nid,fr,3,NOUN
chelsea,fr,1,PROPN
ruine,fr,13,NOUN
olive,fr,1,NOUN
sagesse,fr,1,NOUN
compatriote,fr,2,NOUN
réunir,fr,7,VERB
comparable,fr,3,ADJ
brandebourg,fr,1,PROPN
bœuf,fr,4,NOUN
banquier,fr,1,NOUN
cri,fr,1,NOUN
portable,fr,1,ADJ
insigne,fr,2,NOUN
lentement,fr,1,ADV
nageur,fr,1,NOUN
collier,fr,3,NOUN
pairs,fr,1,PROPN
emparer,fr,2,VERB
volontairement,fr,1,ADV
brillant,fr,6,ADJ
exact,fr,4,ADJ
cloître,fr,2,NOUN
excès,fr,5,NOUN
singulier,fr,11,ADJ
garantie,fr,1,NOUN
jambe,fr,5,NOUN
résister,fr,4,VERB
bouteille,fr,1,NOUN
absolu,fr,7,ADJ
fi,fr,1,ADV
renoncer,fr,1,VERB
interdire,fr,1,VERB
reproche,fr,2,NOUN
boire,fr,5,VERB
élire,fr,1,VERB
gènes,fr,6,PROPN
gervais,fr,1,PROPN
poitrine,fr,1,NOUN
pot,fr,4,NOUN
posséder,fr,7,VERB
grecques,fr,1,PROPN
clef,fr,3,NOUN
mademoiselle,fr,1,PROPN
couper,fr,3,VERB
fréquent,fr,4,ADJ
supporter,fr,2,VERB
carthage,fr,4,PROPN
appuyer,fr,3,VERB
hanovre,fr,8,PROPN
nuremberg,fr,4,PROPN
comparer,fr,2,VERB
pardon,fr,2,NOUN
fidélité,fr,1,NOUN
voyager,fr,10,VERB
publiquement,fr,2,ADV
fixer,fr,6,VERB
œuf,fr,2,NOUN
ruban,fr,5,NOUN
prononcer,fr,3,VERB
enseigner,fr,5,VERB
introduire,fr,5,VERB
odeur,fr,1,NOUN
esclave,fr,26,NOUN
susceptible,fr,1,ADJ
sûreté,fr,3,NOUN
danseur,fr,2,NOUN
vic,fr,2,X
nièce,fr,2,NOUN
supposer,fr,2,VERB
savant,fr,6,ADJ
auberge,fr,5,NOUN
couvrir,fr,43,VERB
mercier,fr,1,NOUN
pousser,fr,4,VERB
habité,fr,1,VERB
marée,fr,1,NOUN
proie,fr,1,NOUN
hughes,fr,3,PROPN
soumettre,fr,3,VERB
coutume,fr,9,NOUN
pompe,fr,1,NOUN
dia,fr,1,NOUN
interpréter,fr,1,VERB
confier,fr,5,VERB
céder,fr,6,VERB
providence,fr,1,PROPN
vaincre,fr,1,VERB
aimer,fr,29,VERB
joindre,fr,9,VERB
rebelle,fr,1,NOUN
tronc,fr,1,NOUN
pension,fr,4,NOUN
brune,fr,1,NOUN
criminel,fr,1,ADJ
grenier,fr,2,NOUN
grain,fr,3,NOUN
charme,fr,5,NOUN
douzaine,fr,2,NOUN
compagne,fr,1,NOUN
mouton,fr,3,NOUN
levant,fr,2,PROPN
curieux,fr,14,ADJ
prairie,fr,2,NOUN
dumont,fr,1,PROPN
bétail,fr,1,NOUN
défilé,fr,1,NOUN
promesse,fr,1,NOUN
croyance,fr,2,NOUN
apollon,fr,2,PROPN
composer,fr,12,VERB
célébrer,fr,2,VERB
intéresser,fr,4,VERB
abondance,fr,8,NOUN
descendre,fr,15,VERB
laine,fr,3,NOUN
réussir,fr,4,VERB
envisager,fr,1,VERB
garantir,fr,2,VERB
spectateur,fr,3,NOUN
dignité,fr,3,NOUN
boisson,fr,1,NOUN
marier,fr,14,VERB
refuser,fr,6,VERB
nuage,fr,2,NOUN
doigt,fr,4,NOUN
percée,fr,1,PROPN
tendre,fr,7,ADJ
informer,fr,4,VERB
flamme,fr,1,NOUN
trésorier,fr,2,NOUN
élever,fr,12,VERB
lampe,fr,4,NOUN
nourrir,fr,2,VERB
tragique,fr,3,ADJ
miel,fr,1,NOUN
déposer,fr,4,VERB
eugene,fr,1,PROPN
genou,fr,7,NOUN
fermer,fr,5,VERB
enfuir,fr,2,VERB
commander,fr,10,VERB
baudouin,fr,1,PROPN
adieu,fr,13,INTJ
bey,fr,1,PROPN
gré,fr,6,NOUN
heureusement,fr,1,ADV
confluent,fr,1,NOUN
imagination,fr,2,NOUN
célébration,fr,1,NOUN
approbation,fr,1,NOUN
mahomet,fr,8,PROPN
sépulture,fr,2,NOUN
fauteuil,fr,1,NOUN
marcher,fr,2,VERB
étroit,fr,11,ADJ
persan,fr,3,PROPN
certitude,fr,1,NOUN
pareil,fr,13,ADJ
épaule,fr,7,NOUN
écouter,fr,4,VERB
aisément,fr,1,ADV
livrer,fr,7,VERB
préférable,fr,4,ADJ
gala,fr,2,PROPN
cascade,fr,3,NOUN
intendant,fr,1,NOUN
paquet,fr,2,NOUN
crystal,fr,2,NOUN
favori,fr,6,NOUN
constantine,fr,1,PROPN
selle,fr,1,NOUN
procession,fr,4,NOUN
franchement,fr,2,ADV
torture,fr,2,NOUN
sale,fr,3,ADJ
paroi,fr,1,VERB
divertissement,fr,3,NOUN
fontainebleau,fr,1,PROPN
cheminée,fr,1,NOUN
paysan,fr,11,NOUN
permission,fr,4,NOUN
farine,fr,2,NOUN
poil,fr,1,NOUN
fossé,fr,2,NOUN
varier,fr,1,VERB
éloge,fr,4,NOUN
sentir,fr,12,VERB
satisfaire,fr,8,VERB
valoir,fr,7,VERB
bizarre,fr,4,ADJ
mosaïque,fr,2,NOUN
relever,fr,8,VERB
dent,fr,2,NOUN
copier,fr,1,VERB
déclarer,fr,6,VERB
triste,fr,6,ADJ
espion,fr,1,NOUN
saisir,fr,2,VERB
soumission,fr,2,NOUN
majesté,fr,7,NOUN
milton,fr,2,PROPN
enthousiasme,fr,2,NOUN
imaginer,fr,38,VERB
succéder,fr,2,VERB
bella,fr,1,INTJ
courir,fr,4,VERB
singe,fr,1,NOUN
brise,fr,2,NOUN
menu,fr,1,NOUN
parfum,fr,5,NOUN
obstacle,fr,1,NOUN
chasser,fr,3,VERB
multitude,fr,2,NOUN
concevoir,fr,2,VERB
ibrahim,fr,3,PROPN
annoncer,fr,19,VERB
crainte,fr,7,NOUN
cesser,fr,3,VERB
foudre,fr,2,VERB
coupole,fr,1,NOUN
chaise,fr,12,NOUN
entretenir,fr,16,VERB
gueule,fr,1,NOUN
agréable,fr,66,ADJ
sauter,fr,1,VERB
fumée,fr,1,NOUN
pieux,fr,2,ADJ
paille,fr,2,NOUN
coquille,fr,3,NOUN
ranger,fr,10,VERB
beurre,fr,2,NOUN
emporter,fr,1,VERB
westminster,fr,1,PROPN
prélat,fr,1,NOUN
rame,fr,2,NOUN
bâtir,fr,37,VERB
bouquet,fr,2,NOUN
coffre,fr,1,NOUN
prêter,fr,3,VERB
éloigné,fr,4,ADJ
frapper,fr,12,VERB
symétrie,fr,1,NOUN
plâtre,fr,1,NOUN
faction,fr,1,NOUN
roc,fr,1,NOUN
amas,fr,1,NOUN
valentine,fr,1,PROPN
ambroise,fr,1,PROPN
voleur,fr,1,NOUN
user,fr,4,VERB
quelquefois,fr,7,ADV
naître,fr,7,VERB
pâle,fr,2,ADJ
baleine,fr,1,NOUN
tas,fr,2,NOUN
colombe,fr,1,NOUN
salé,fr,1,ADJ
solitude,fr,1,NOUN
touchant,fr,2,ADJ
aqueduc,fr,2,NOUN
commencement,fr,2,NOUN
satisfaction,fr,12,NOUN
méchant,fr,1,ADJ
ajax,fr,1,PROPN
supériorité,fr,1,NOUN
orage,fr,1,NOUN
réfléchir,fr,3,VERB
débris,fr,4,NOUN
innocence,fr,1,NOUN
muraille,fr,10,NOUN
échelon,fr,1,NOUN
dîner,fr,13,VERB
raisin,fr,2,NOUN
âne,fr,2,NOUN
poignée,fr,1,NOUN
excepté,fr,3,ADP
sterling,fr,7,ADJ
favoris,fr,1,PROPN
réparer,fr,1,VERB
incroyable,fr,3,ADJ
employer,fr,11,VERB
pénétrer,fr,1,VERB
dépens,fr,1,NOUN
vase,fr,7,NOUN
pitié,fr,5,NOUN
niche,fr,1,NOUN
noix,fr,1,NOUN
débarrasser,fr,1,VERB
coucher,fr,10,VERB
simplicité,fr,3,NOUN
rumeur,fr,1,NOUN
peindre,fr,18,VERB
affection,fr,1,NOUN
retenir,fr,4,VERB
lier,fr,7,VERB
secte,fr,3,NOUN
boulanger,fr,2,NOUN
éclat,fr,4,NOUN
charger,fr,14,VERB
dedans,fr,6,ADV
importer,fr,1,VERB
aiguille,fr,3,NOUN
épais,fr,7,ADJ
gazette,fr,1,NOUN
considération,fr,6,NOUN
sacre,fr,1,NOUN
ambitieux,fr,3,ADJ
contradiction,fr,2,NOUN
exposer,fr,12,VERB
parcourir,fr,6,VERB
signifier,fr,2,VERB
plancher,fr,4,NOUN
convertir,fr,2,VERB
raisonnable,fr,4,ADJ
pois,fr,1,NOUN
addition,fr,1,NOUN
honorable,fr,2,ADJ
renvoyer,fr,4,VERB
satisfait,fr,5,ADJ
loges,fr,1,NOUN
jam,fr,6,INTJ
achever,fr,1,VERB
dessiner,fr,1,VERB
antiquités,fr,1,NOUN
joli,fr,10,ADJ
éternel,fr,5,ADJ
bouillon,fr,1,NOUN
fondement,fr,1,NOUN
enrichir,fr,2,VERB
approprié,fr,1,VERB
drew,fr,1,PROPN
rameau,fr,1,NOUN
vêtement,fr,1,NOUN
corne,fr,2,NOUN
conquérir,fr,2,VERB
pêcheur,fr,1,NOUN
curiosité,fr,27,NOUN
forcer,fr,8,VERB
querelle,fr,5,NOUN
mince,fr,1,ADJ
péché,fr,1,NOUN
marchande,fr,1,NOUN
deuil,fr,4,NOUN
incertitude,fr,1,NOUN
cordon,fr,3,NOUN
meurtrier,fr,1,NOUN
recueillir,fr,2,VERB
rideau,fr,1,NOUN
malédiction,fr,1,NOUN
justesse,fr,1,NOUN
groenland,fr,1,PROPN
insuffisance,fr,1,NOUN
ver,fr,2,NOUN
prudence,fr,1,NOUN
soupe,fr,2,NOUN
souhait,fr,1,NOUN
content,fr,6,ADJ
volontiers,fr,3,ADV
éloigner,fr,7,VERB
millier,fr,2,NOUN
mépris,fr,2,NOUN
maternel,fr,1,ADJ
vœu,fr,3,NOUN
tranquille,fr,4,ADJ
superbe,fr,1,ADJ
ut,fr,8,INTJ
examiner,fr,10,VERB
ornement,fr,3,NOUN
paquebot,fr,1,PROPN
vaillant,fr,1,ADJ
ciment,fr,1,NOUN
prétendre,fr,13,VERB
nue,fr,3,ADJ
veine,fr,4,NOUN
durer,fr,4,VERB
artisan,fr,3,NOUN
attachement,fr,2,NOUN
ovale,fr,1,ADJ
valet,fr,2,NOUN
rude,fr,2,ADJ
escorte,fr,4,NOUN
admiration,fr,8,NOUN
fantaisie,fr,2,NOUN
humeur,fr,4,NOUN
montagneux,fr,1,ADJ
visée,fr,1,VERB
apôtre,fr,2,NOUN
omnibus,fr,1,NOUN
crochet,fr,1,NOUN
ridicule,fr,11,ADJ
favorite,fr,3,PROPN
porcelaine,fr,12,NOUN
baiser,fr,5,VERB
sophia,fr,5,PROPN
nain,fr,3,NOUN
gêne,fr,2,NOUN
annonciation,fr,1,PROPN
hippodrome,fr,1,PROPN
brouillard,fr,1,NOUN
camarade,fr,1,NOUN
soufre,fr,1,NOUN
étonnant,fr,8,ADJ
entreprendre,fr,6,VERB
protestation,fr,1,NOUN
laurier,fr,1,NOUN
narration,fr,1,NOUN
redoutable,fr,1,ADJ
ride,fr,1,NOUN
méditation,fr,2,NOUN
fourrure,fr,7,NOUN
héroïque,fr,1,ADJ
gage,fr,2,NOUN
prévoir,fr,5,VERB
rompre,fr,2,VERB
estimer,fr,6,VERB
macédonien,fr,1,NOUN
habit,fr,42,NOUN
merveilleux,fr,1,NOUN
absurde,fr,1,ADJ
dot,fr,2,NOUN
cuisinier,fr,2,NOUN
fier,fr,1,ADJ
patience,fr,3,NOUN
malheureux,fr,5,ADJ
espérer,fr,3,VERB
rempart,fr,1,NOUN
éclair,fr,1,NOUN
suspect,fr,1,ADJ
pourpre,fr,3,ADJ
rapidité,fr,1,NOUN
danser,fr,9,VERB
adresser,fr,13,VERB
sister,fr,1,VERB
abbesse,fr,3,PROPN
gentilhomme,fr,2,NOUN
cire,fr,3,NOUN
boue,fr,1,NOUN
apercevoir,fr,5,VERB
désordre,fr,1,NOUN
ida,fr,2,PROPN
actrices,fr,1,PROPN
comporter,fr,1,VERB
honte,fr,3,NOUN
fortification,fr,4,NOUN
saxonne,fr,1,NOUN
tromper,fr,6,VERB
admettre,fr,2,VERB
naine,fr,2,PROPN
contenter,fr,7,VERB
fatigue,fr,14,NOUN
panier,fr,1,NOUN
verser,fr,5,VERB
cléopâtre,fr,1,PROPN
novo,fr,2,NOUN
serviteur,fr,1,NOUN
approcher,fr,7,VERB
than,fr,1,X
abattre,fr,1,VERB
éventail,fr,2,NOUN
mensonge,fr,2,NOUN
renverser,fr,3,VERB
briser,fr,1,VERB
pouce,fr,2,NOUN
dévotion,fr,7,NOUN
corail,fr,1,NOUN
délivrer,fr,1,VERB
raconter,fr,13,VERB
colomb,fr,1,PROPN
aborder,fr,3,VERB
arbitraire,fr,1,ADJ
save,fr,1,PROPN
ny,fr,1,PRON
réfugié,fr,1,ADJ
nottingham,fr,3,PROPN
berline,fr,1,NOUN
jalousie,fr,9,NOUN
archiduc,fr,1,PROPN
agathe,fr,2,NOUN
congé,fr,6,NOUN
brave,fr,2,ADJ
excuse,fr,6,NOUN
passeport,fr,1,NOUN
obscur,fr,3,ADJ
soupçon,fr,1,NOUN
malheur,fr,6,NOUN
alep,fr,2,PROPN
rampe,fr,1,VERB
socrate,fr,1,PROPN
dater,fr,1,VERB
familier,fr,2,ADJ
core,fr,1,NOUN
baisser,fr,3,VERB
vestige,fr,3,NOUN
varié,fr,4,ADJ
bastion,fr,2,NOUN
agrément,fr,3,NOUN
muse,fr,1,NOUN
reines,fr,1,PROPN
situer,fr,23,VERB
clarté,fr,3,NOUN
tan,fr,1,NOUN
rangée,fr,1,NOUN
répéter,fr,8,VERB
fermement,fr,1,ADV
oie,fr,1,NOUN
creuser,fr,1,VERB
sien,fr,6,ADJ
ei,fr,1,INTJ
nouveauté,fr,3,NOUN
aise,fr,5,NOUN
dormir,fr,3,VERB
fed,fr,2,INTJ
ancre,fr,2,NOUN
meuble,fr,1,NOUN
elbe,fr,3,PROPN
reposer,fr,4,VERB
perfection,fr,4,NOUN
tentation,fr,2,NOUN
gâteau,fr,3,NOUN
rançon,fr,3,NOUN
insulte,fr,2,NOUN
révérend,fr,1,NOUN
ju,fr,1,X
ignorance,fr,7,NOUN
bravoure,fr,1,NOUN
baume,fr,2,NOUN
obligeant,fr,4,ADJ
perle,fr,21,NOUN
barque,fr,1,NOUN
sen,fr,3,X
réciproque,fr,1,ADJ
interroger,fr,1,VERB
ser,fr,1,VERB
buffet,fr,1,NOUN
procurer,fr,8,VERB
moyennant,fr,1,ADP
persécution,fr,2,NOUN
mustapha,fr,6,PROPN
tribut,fr,2,NOUN
forma,fr,1,NOUN
écu,fr,3,NOUN
brûler,fr,8,VERB
pigeon,fr,2,NOUN
délicat,fr,3,ADJ
souffrir,fr,11,VERB
pal,fr,1,PROPN
rivage,fr,1,NOUN
diviser,fr,3,VERB
honorer,fr,3,VERB
laver,fr,2,VERB
percer,fr,4,VERB
précaution,fr,3,NOUN
vivres,fr,2,NOUN
portique,fr,3,NOUN
multiplier,fr,2,VERB
affectation,fr,1,NOUN
assiette,fr,2,NOUN
carême,fr,3,PROPN
sentence,fr,2,PROPN
admirer,fr,8,VERB
vaincus,fr,1,NOUN
réclamer,fr,1,VERB
distribuer,fr,2,VERB
inspirer,fr,5,VERB
emprunter,fr,3,VERB
agneau,fr,2,NOUN
racheter,fr,1,VERB
jardinier,fr,2,NOUN
protester,fr,2,VERB
nullement,fr,4,ADV
avouer,fr,22,VERB
casser,fr,2,VERB
rapporter,fr,7,VERB
dresser,fr,1,VERB
hermine,fr,3,NOUN
pope,fr,1,PROPN
dé,fr,1,X
coteau,fr,2,NOUN
babel,fr,1,PROPN
quo,fr,3,INTJ
vénérable,fr,1,ADJ
écarter,fr,2,VERB
formel,fr,1,ADJ
pavé,fr,11,NOUN
servante,fr,4,NOUN
emmener,fr,2,VERB
pô,fr,1,PROPN
pesant,fr,2,ADJ
imprimer,fr,1,VERB
nettoyer,fr,1,VERB
honnête,fr,7,ADJ
rade,fr,1,NOUN
poivre,fr,1,NOUN
génois,fr,3,NOUN
régner,fr,3,VERB
manquer,fr,26,VERB
hoc,fr,4,NOUN
calmer,fr,1,VERB
prophétie,fr,1,NOUN
primo,fr,1,NOUN
avertir,fr,6,VERB
humble,fr,1,ADJ
jaloux,fr,1,ADJ
gouverner,fr,3,VERB
cruel,fr,8,ADJ
paternel,fr,1,ADJ
fertile,fr,3,ADJ
posture,fr,1,NOUN
troupeau,fr,3,NOUN
mecque,fr,2,PROPN
yacht,fr,2,PROPN
couler,fr,6,VERB
noyer,fr,5,VERB
tablette,fr,1,NOUN
ignorer,fr,9,VERB
richement,fr,7,ADV
virgile,fr,4,PROPN
éloignement,fr,3,NOUN
sain,fr,5,ADJ
percevoir,fr,1,VERB
édifier,fr,3,VERB
douceur,fr,8,NOUN
tapisserie,fr,2,NOUN
perpétuel,fr,3,ADJ
romanesque,fr,2,ADJ
chagrin,fr,6,NOUN
ambre,fr,1,NOUN
surprenant,fr,11,ADJ
entretenu,fr,2,VERB
linge,fr,1,NOUN
pénible,fr,3,ADJ
croître,fr,1,VERB
tale,fr,1,X
dai,fr,1,X
chariot,fr,3,NOUN
sanglier,fr,1,NOUN
veuf,fr,1,NOUN
commettre,fr,2,VERB
toto,fr,1,X
vizir,fr,2,PROPN
unir,fr,1,VERB
trent,fr,2,PROPN
gibier,fr,3,NOUN
régularité,fr,1,NOUN
remercier,fr,5,VERB
tailleur,fr,2,NOUN
loger,fr,15,VERB
timide,fr,1,ADJ
habile,fr,3,ADJ
appartenir,fr,9,VERB
vilain,fr,2,ADJ
validé,fr,1,PROPN
inévitable,fr,1,ADJ
généreux,fr,2,ADJ
archange,fr,1,NOUN
élégance,fr,1,NOUN
fauve,fr,3,ADJ
trianon,fr,3,PROPN
fable,fr,5,NOUN
doubler,fr,9,VERB
chemise,fr,4,NOUN
demoiselle,fr,3,NOUN
poli,fr,5,ADJ
maris,fr,9,NOUN
sands,fr,2,PROPN
surcroît,fr,1,NOUN
fertilité,fr,1,NOUN
fureur,fr,1,NOUN
inquiétude,fr,1,NOUN
inégalité,fr,1,NOUN
pitt,fr,1,PROPN
crucifix,fr,2,NOUN
prétendu,fr,2,ADJ
habiter,fr,17,VERB
trajan,fr,1,PROPN
inviter,fr,7,VERB
asseoir,fr,10,VERB
bosse,fr,1,NOUN
craindre,fr,23,VERB
aisé,fr,7,ADJ
verset,fr,1,NOUN
détourner,fr,1,VERB
prier,fr,22,VERB
embarquer,fr,1,VERB
métamorphose,fr,1,NOUN
continuellement,fr,5,ADV
vôtre,fr,8,NOUN
mutuellement,fr,1,ADV
viole,fr,1,VERB
cuire,fr,1,VERB
cultiver,fr,2,VERB
ignorant,fr,1,ADJ
bandit,fr,1,NOUN
douter,fr,8,VERB
doge,fr,2,PROPN
momie,fr,3,NOUN
melon,fr,1,NOUN
serré,fr,2,ADJ
aut,fr,2,INTJ
ériger,fr,2,VERB
agenda,fr,1,NOUN
affecter,fr,6,VERB
alter,fr,1,VERB
dépense,fr,7,NOUN
marchandise,fr,9,NOUN
mosquées,fr,2,PROPN
animer,fr,1,VERB
plis,fr,1,NOUN
délibération,fr,1,NOUN
orphée,fr,1,PROPN
brusquement,fr,1,ADV
modo,fr,2,INTJ
défaire,fr,1,VERB
bohème,fr,3,PROPN
blond,fr,2,ADJ
profane,fr,1,VERB
tristesse,fr,3,NOUN
croiser,fr,2,VERB
aristocratique,fr,1,ADJ
justinien,fr,2,PROPN
adoptif,fr,1,ADJ
subitement,fr,1,ADV
vulgaire,fr,2,NOUN
dominer,fr,1,VERB
obliger,fr,34,VERB
sublime,fr,1,ADJ
abondant,fr,4,ADJ
pinceau,fr,2,NOUN
fécondité,fr,1,NOUN
ling,fr,1,INTJ
concierge,fr,1,PROPN
douane,fr,1,NOUN
bague,fr,2,NOUN
imiter,fr,7,VERB
répandre,fr,10,VERB
omnium,fr,1,NOUN
fervent,fr,1,VERB
barbare,fr,6,ADJ
prédicateur,fr,1,NOUN
pencher,fr,1,VERB
punir,fr,3,VERB
sourd,fr,1,ADJ
cum,fr,9,INTJ
accuser,fr,6,VERB
louer,fr,3,VERB
compassion,fr,3,NOUN
obéissance,fr,5,NOUN
tuyau,fr,2,NOUN
vieillesse,fr,3,NOUN
laïc,fr,1,NOUN
générosité,fr,2,NOUN
velours,fr,6,NOUN
persée,fr,1,PROPN
inventer,fr,1,VERB
rouler,fr,2,VERB
épine,fr,1,NOUN
tre,fr,2,ADJ
aimable,fr,12,ADJ
veste,fr,1,NOUN
interrompre,fr,1,VERB
fréquenter,fr,2,VERB
aimant,fr,1,NOUN
attraper,fr,2,VERB
altesse,fr,4,NOUN
émeraude,fr,8,NOUN
present,fr,1,NOUN
coeur,fr,5,NOUN
relique,fr,4,NOUN
ressembler,fr,13,VERB
plaindre,fr,6,VERB
veau,fr,1,NOUN
falloir,fr,34,VERB
giro,fr,1,PROPN
aride,fr,1,ADJ
aveu,fr,1,NOUN
doria,fr,3,PROPN
glisser,fr,1,VERB
corinthe,fr,1,PROPN
rossignol,fr,2,PROPN
quichotte,fr,1,PROPN
sacrifier,fr,3,VERB
vieillard,fr,2,NOUN
mou,fr,1,ADJ
converser,fr,8,VERB
cruauté,fr,2,NOUN
fléau,fr,1,NOUN
ressentir,fr,1,VERB
piece,fr,5,NOUN
satisfaisant,fr,2,ADJ
embrasser,fr,3,VERB
discrétion,fr,2,NOUN
vénération,fr,7,NOUN
modération,fr,1,NOUN
nes,fr,1,X
indifférence,fr,5,NOUN
ovide,fr,1,PROPN
reprocher,fr,3,VERB
échouer,fr,1,VERB
promontoire,fr,4,NOUN
obélisque,fr,1,NOUN
rubis,fr,5,NOUN
ire,fr,1,NOUN
luth,fr,1,PROPN
surmonter,fr,2,VERB
navigable,fr,1,ADJ
attacher,fr,18,VERB
jeûne,fr,1,NOUN
ravi,fr,3,VERB
savon,fr,1,PROPN
amusant,fr,5,ADJ
préférer,fr,6,VERB
plonger,fr,2,VERB
anno,fr,1,NOUN
régnant,fr,3,ADJ
zèle,fr,8,NOUN
bir,fr,2,X
sermon,fr,2,NOUN
demeurer,fr,3,VERB
frontier,fr,3,NOUN
déployer,fr,1,VERB
marionnette,fr,1,NOUN
rareté,fr,4,NOUN
obéir,fr,3,VERB
pallas,fr,1,PROPN
barbarie,fr,1,NOUN
isthme,fr,1,NOUN
excessif,fr,5,ADJ
ratisbonne,fr,4,PROPN
reculer,fr,1,VERB
déja,fr,3,ADV
vraisemblable,fr,1,ADJ
fortuna,fr,1,X
dessein,fr,9,NOUN
ravage,fr,1,NOUN
nymphe,fr,2,NOUN
exactitude,fr,3,NOUN
nôtre,fr,20,PRON
pastoral,fr,1,NOUN
planter,fr,10,VERB
regret,fr,3,NOUN
farce,fr,1,NOUN
subsistance,fr,1,NOUN
foin,fr,1,NOUN
gant,fr,1,NOUN
audace,fr,1,NOUN
amuser,fr,25,VERB
tamise,fr,2,PROPN
arracher,fr,2,VERB
épicerie,fr,1,NOUN
désagréable,fr,6,ADJ
cantique,fr,1,PROPN
frange,fr,3,NOUN
pointu,fr,1,ADJ
hardi,fr,2,ADJ
macé,fr,1,PROPN
cabanes,fr,2,NOUN
invoquer,fr,1,VERB
novice,fr,1,NOUN
haie,fr,3,NOUN
invocation,fr,1,NOUN
ionique,fr,1,PROPN
menacer,fr,3,VERB
surprendre,fr,8,VERB
bonté,fr,16,NOUN
prêcher,fr,4,VERB
magna,fr,1,NOUN
gênant,fr,2,ADJ
jasmin,fr,3,NOUN
horrible,fr,6,ADJ
galère,fr,1,NOUN
nier,fr,1,VERB
détenir,fr,1,VERB
venin,fr,1,NOUN
irrégulier,fr,1,ADJ
habillement,fr,8,NOUN
positivement,fr,1,ADV
solliciter,fr,1,VERB
mélancolie,fr,1,NOUN
commode,fr,6,ADJ
attentif,fr,3,ADJ
héron,fr,1,PROPN
fatigué,fr,2,ADJ
festin,fr,2,NOUN
lasse,fr,1,NOUN
cocher,fr,1,NOUN
bouts,fr,1,NOUN
pleurer,fr,2,VERB
inquiet,fr,1,ADJ
dissertation,fr,1,NOUN
boileau,fr,1,PROPN
oppression,fr,1,NOUN
carignan,fr,1,PROPN
réserver,fr,1,VERB
conformer,fr,1,VERB
blesser,fr,1,VERB
citerne,fr,1,NOUN
gelée,fr,1,VERB
réciproquement,fr,3,ADV
bello,fr,1,X
charmant,fr,11,ADJ
vaisselle,fr,1,NOUN
circonférence,fr,1,NOUN
chrétienté,fr,4,PROPN
toilette,fr,2,NOUN
portier,fr,1,NOUN
enfermer,fr,3,VERB
étoffe,fr,15,NOUN
tributaire,fr,1,ADJ
pere,fr,8,NOUN
anglican,fr,2,ADJ
politesse,fr,21,NOUN
soulier,fr,4,NOUN
préambule,fr,1,NOUN
érudition,fr,3,NOUN
minerve,fr,1,PROPN
luthérien,fr,2,NOUN
griffe,fr,2,NOUN
tasse,fr,2,NOUN
excuser,fr,5,VERB
prétention,fr,1,NOUN
vernis,fr,3,NOUN
persuader,fr,33,VERB
cos,fr,1,X
clou,fr,2,PROPN
poire,fr,2,NOUN
cyprès,fr,4,NOUN
enterrer,fr,6,VERB
galop,fr,1,NOUN
tranquillité,fr,6,NOUN
chaudron,fr,1,NOUN
tendresse,fr,8,NOUN
ordonner,fr,4,VERB
splendeur,fr,1,NOUN
treillis,fr,1,NOUN
quid,fr,6,INTJ
sed,fr,4,INTJ
plaire,fr,20,VERB
drap,fr,8,NOUN
injuste,fr,1,ADJ
fatima,fr,1,PROPN
vox,fr,1,X
hon,fr,1,PROPN
sana,fr,1,X
chaume,fr,1,NOUN
fidel,fr,1,ADJ
crier,fr,3,VERB
menteur,fr,1,NOUN
cérès,fr,1,PROPN
ajustement,fr,5,NOUN
bijou,fr,2,NOUN
convenable,fr,3,ADJ
merveille,fr,3,NOUN
humilité,fr,1,NOUN
incursion,fr,2,NOUN
dre,fr,1,INTJ
singularité,fr,1,NOUN
ante,fr,1,NOUN
gêner,fr,2,VERB
gent,fr,1,VERB
bosquet,fr,2,NOUN
piquet,fr,1,NOUN
jouir,fr,10,VERB
armoire,fr,1,NOUN
involontaire,fr,1,ADJ
egypte,fr,2,PROPN
taverne,fr,1,NOUN
hé,fr,1,INTJ
tonneau,fr,1,NOUN
griffon,fr,2,NOUN
nou,fr,1,ADV
laps,fr,1,NOUN
honnêteté,fr,1,NOUN
liqueur,fr,2,NOUN
restreindre,fr,1,VERB
addison,fr,1,PROPN
isles,fr,6,PROPN
priver,fr,6,VERB
suffire,fr,3,VERB
cham,fr,1,NOUN
mêler,fr,1,VERB
piédestal,fr,2,NOUN
indignation,fr,3,NOUN
incontestable,fr,1,ADJ
chauffer,fr,3,VERB
ennui,fr,1,NOUN
antichambre,fr,1,NOUN
prodige,fr,2,NOUN
pâturage,fr,1,NOUN
dentelle,fr,2,NOUN
heu,fr,1,NOUN
inutilement,fr,1,ADV
fran,fr,1,PROPN
tou,fr,1,INTJ
perfectionner,fr,2,VERB
survenir,fr,1,VERB
pénitence,fr,1,NOUN
lâcher,fr,1,VERB
canapé,fr,1,NOUN
flambeau,fr,2,NOUN
verdure,fr,4,NOUN
bracelet,fr,1,NOUN
piller,fr,1,VERB
arlequin,fr,1,PROPN
servie,fr,3,PROPN
robinet,fr,2,NOUN
ramadan,fr,1,PROPN
faste,fr,1,NOUN
noisette,fr,1,NOUN
chorus,fr,2,NOUN
cordonnier,fr,1,NOUN
daphne,fr,1,PROPN
maladroit,fr,1,ADJ
jouissance,fr,1,NOUN
souhaiter,fr,6,VERB
sembler,fr,16,VERB
supplice,fr,1,NOUN
décorer,fr,5,VERB
servitude,fr,1,NOUN
arranger,fr,2,VERB
penchant,fr,2,NOUN
ardeur,fr,1,NOUN
calviniste,fr,2,NOUN
appétit,fr,1,NOUN
palatine,fr,1,NOUN
bouffon,fr,1,NOUN
strabon,fr,2,PROPN
méprise,fr,2,NOUN
pâris,fr,1,PROPN
dépendre,fr,3,VERB
insulter,fr,2,VERB
infinité,fr,1,NOUN
premiere,fr,31,ADJ
ample,fr,3,ADJ
haram,fr,6,PROPN
semer,fr,3,VERB
sentinelle,fr,1,NOUN
til,fr,1,PROPN
carpe,fr,1,NOUN
concerner,fr,1,VERB
vigoureux,fr,1,ADJ
tyrannie,fr,1,NOUN
champêtre,fr,1,ADJ
culotte,fr,1,NOUN
ménager,fr,1,VERB
résider,fr,2,VERB
diversifier,fr,1,VERB
nourrice,fr,2,NOUN
errant,fr,1,ADJ
bosphore,fr,1,PROPN
grossier,fr,4,ADJ
sueur,fr,1,NOUN
rassurer,fr,1,VERB
perdrix,fr,1,NOUN
soliman,fr,7,PROPN
instruire,fr,7,VERB
marlborough,fr,1,PROPN
corrompu,fr,1,ADJ
austérité,fr,1,NOUN
surnaturel,fr,2,ADJ
garni,fr,1,PROPN
mienne,fr,9,NOUN
cendre,fr,3,NOUN
avare,fr,1,ADJ
convenir,fr,16,VERB
respirer,fr,6,VERB
antiquaire,fr,4,PROPN
balustrade,fr,1,NOUN
fermeté,fr,1,NOUN
galant,fr,1,NOUN
archiduchesse,fr,3,NOUN
nager,fr,1,VERB
caillou,fr,1,NOUN
châsse,fr,1,NOUN
pardonner,fr,8,VERB
plaisanterie,fr,2,NOUN
volaille,fr,1,NOUN
hazard,fr,3,NOUN
étonnement,fr,4,NOUN
couronner,fr,1,VERB
lingua,fr,1,X
losange,fr,1,NOUN
plaie,fr,3,NOUN
chameau,fr,5,NOUN
ordinairement,fr,26,ADV
saluer,fr,4,VERB
épargner,fr,2,VERB
amertume,fr,1,NOUN
avantageux,fr,1,ADJ
jupe,fr,2,NOUN
attentivement,fr,1,ADV
indigne,fr,1,ADJ
corbeille,fr,5,NOUN
illumination,fr,1,NOUN
épi,fr,1,NOUN
vermeil,fr,5,NOUN
dard,fr,1,NOUN
sanglant,fr,2,ADJ
florin,fr,1,NOUN
tailler,fr,3,VERB
rectifier,fr,1,VERB
rivoli,fr,1,PROPN
mûr,fr,3,ADJ
voltige,fr,1,NOUN
numa,fr,1,PROPN
enfoncer,fr,2,VERB
respectif,fr,1,ADJ
alpe,fr,2,NOUN
oreste,fr,1,PROPN
négligence,fr,1,NOUN
trahir,fr,1,VERB
respectable,fr,1,ADJ
onéreux,fr,1,ADJ
assembler,fr,4,VERB
admirable,fr,4,ADJ
écharpe,fr,1,NOUN
aumône,fr,2,NOUN
trivial,fr,1,ADJ
captive,fr,1,NOUN
splendide,fr,3,ADJ
inquiéter,fr,1,VERB
dogmatique,fr,1,ADJ
vier,fr,1,NOUN
fraîcheur,fr,1,NOUN
ressentiment,fr,2,NOUN
graver,fr,2,VERB
sum,fr,1,INTJ
panache,fr,1,NOUN
fouiller,fr,1,VERB
carcasse,fr,1,NOUN
roseau,fr,1,NOUN
épingle,fr,5,NOUN
mentir,fr,1,VERB
imparfait,fr,2,ADJ
raser,fr,1,VERB
bassa,fr,25,PROPN
courier,fr,3,PROPN
ameublement,fr,2,NOUN
mulet,fr,1,NOUN
nectar,fr,1,PROPN
botte,fr,1,NOUN
goûter,fr,10,VERB
défier,fr,1,VERB
subsister,fr,2,VERB
théophraste,fr,1,PROPN
douvres,fr,1,PROPN
nymphes,fr,1,PROPN
helene,fr,1,PROPN
vivacité,fr,7,NOUN
coffres,fr,1,NOUN
spahis,fr,1,PROPN
longo,fr,1,NOUN
ambassadrice,fr,5,NOUN
acquitter,fr,4,VERB
abuser,fr,1,VERB
paresseux,fr,1,NOUN
fortifier,fr,7,VERB
colonia,fr,3,X
créancier,fr,1,NOUN
promener,fr,4,VERB
seu,fr,1,X
ursule,fr,1,PROPN
borné,fr,1,ADJ
teint,fr,7,NOUN
légume,fr,2,NOUN
proverbe,fr,1,NOUN
sécher,fr,1,VERB
beg,fr,1,PROPN
perpétuer,fr,1,VERB
insupportable,fr,4,ADJ
vanité,fr,2,NOUN
malice,fr,1,NOUN
séjourner,fr,3,VERB
frontispice,fr,1,NOUN
armer,fr,2,VERB
gem,fr,2,X
persuasion,fr,1,NOUN
strada,fr,1,PROPN
mécontent,fr,1,ADJ
amusement,fr,10,NOUN
exprès,fr,3,ADV
morée,fr,2,PROPN
lambris,fr,1,NOUN
laid,fr,1,ADJ
thésée,fr,1,PROPN
titien,fr,3,PROPN
allumer,fr,4,VERB
matelot,fr,1,NOUN
exempt,fr,3,ADJ
cruellement,fr,1,ADV
manier,fr,1,VERB
bled,fr,6,NOUN
allonger,fr,1,VERB
pâté,fr,1,NOUN
assiéger,fr,6,VERB
consumer,fr,1,VERB
révolté,fr,1,VERB
divan,fr,2,PROPN
glissant,fr,1,ADJ
écouler,fr,1,VERB
superstition,fr,2,NOUN
regretter,fr,4,VERB
coussin,fr,9,NOUN
lard,fr,1,NOUN
imperium,fr,3,NOUN
chasteté,fr,1,NOUN
louange,fr,3,NOUN
étable,fr,2,NOUN
complainte,fr,1,NOUN
broderie,fr,2,NOUN
attester,fr,1,VERB
laboureur,fr,2,NOUN
dépenser,fr,4,VERB
ramasser,fr,4,VERB
parente,fr,1,NOUN
limon,fr,1,NOUN
auberges,fr,1,PROPN
jurisconsulte,fr,1,NOUN
propreté,fr,6,NOUN
lustre,fr,1,NOUN
selim,fr,1,PROPN
odorat,fr,1,NOUN
biche,fr,1,NOUN
choquant,fr,1,ADJ
parer,fr,3,VERB
misérable,fr,6,ADJ
aversion,fr,6,NOUN
dardanelles,fr,1,PROPN
complaisance,fr,4,NOUN
modestie,fr,1,NOUN
figuier,fr,2,NOUN
impatience,fr,2,NOUN
parterre,fr,3,NOUN
motu,fr,1,NOUN
supercherie,fr,2,NOUN
endommager,fr,1,VERB
mau,fr,2,INTJ
gance,fr,2,NOUN
rem,fr,1,INTJ
colonnade,fr,2,NOUN
inflammable,fr,1,ADJ
harmonieux,fr,2,ADJ
coire,fr,1,VERB
honnêtement,fr,1,ADV
arcadie,fr,1,PROPN
récréation,fr,1,NOUN
hériter,fr,2,VERB
déplorer,fr,1,VERB
précipiter,fr,2,VERB
apothéose,fr,1,NOUN
fâcheux,fr,1,ADJ
entourer,fr,7,VERB
gland,fr,2,NOUN
satin,fr,5,NOUN
ecce,fr,2,INTJ
platt,fr,1,ADJ
oser,fr,28,VERB
baye,fr,2,NOUN
conjoncture,fr,1,NOUN
confiture,fr,2,NOUN
ame,fr,12,NOUN
varia,fr,1,NOUN
porphyre,fr,2,NOUN
délicatesse,fr,1,NOUN
ananas,fr,2,NOUN
embellissement,fr,2,NOUN
massacrer,fr,1,VERB
antin,fr,1,PROPN
étonner,fr,7,VERB
athées,fr,1,PROPN
cicatrice,fr,1,NOUN
charrue,fr,1,NOUN
contracter,fr,1,VERB
mouchoir,fr,11,NOUN
bagatelle,fr,2,NOUN
imposture,fr,1,NOUN
bagage,fr,3,NOUN
tus,fr,2,X
aga,fr,4,PROPN
incognito,fr,2,INTJ
éminence,fr,1,NOUN
pudeur,fr,2,NOUN
triompher,fr,2,VERB
buffle,fr,3,NOUN
dérober,fr,3,VERB
embarras,fr,2,NOUN
profusion,fr,2,NOUN
brigand,fr,1,NOUN
déborder,fr,1,VERB
distraire,fr,1,VERB
sosie,fr,1,PROPN
éveiller,fr,2,VERB
dégoût,fr,1,NOUN
paresse,fr,3,NOUN
florissant,fr,1,ADJ
scythes,fr,1,PROPN
dou,fr,1,NOUN
traîner,fr,4,VERB
étouffer,fr,1,VERB
désirer,fr,5,VERB
affreux,fr,4,ADJ
tis,fr,1,NOUN
convaincant,fr,1,ADJ
nai,fr,1,NOUN
junon,fr,2,PROPN
absurdité,fr,1,NOUN
coquette,fr,1,NOUN
infidélité,fr,1,NOUN
cérémonial,fr,6,NOUN
septime,fr,1,PROPN
féliciter,fr,3,VERB
piquer,fr,2,VERB
habiller,fr,16,VERB
cloison,fr,1,NOUN
repentir,fr,3,VERB
fardeau,fr,1,NOUN
hanns,fr,1,PROPN
mériter,fr,16,VERB
dispenser,fr,3,VERB
influer,fr,1,VERB
achaïe,fr,1,PROPN
andros,fr,1,PROPN
mere,fr,12,NOUN
abydos,fr,2,PROPN
relâcher,fr,1,VERB
contempler,fr,4,VERB
orner,fr,15,VERB
vertueux,fr,2,ADJ
carrosse,fr,11,NOUN
payen,fr,1,ADJ
arion,fr,1,PROPN
recommander,fr,1,VERB
démonter,fr,1,VERB
perruque,fr,3,NOUN
sitôt,fr,4,ADV
différer,fr,2,VERB
estrade,fr,1,NOUN
songer,fr,7,VERB
injure,fr,4,NOUN
soupir,fr,1,NOUN
escorter,fr,1,VERB
faisan,fr,1,NOUN
pendre,fr,13,VERB
chios,fr,2,PROPN
ému,fr,1,ADJ
sua,fr,2,INTJ
promettre,fr,8,VERB
prin,fr,1,PROPN
fix,fr,1,ADV
aman,fr,6,NOUN
palladio,fr,1,PROPN
souper,fr,5,VERB
sceller,fr,1,VERB
périr,fr,9,VERB
irrégularité,fr,2,NOUN
dryden,fr,1,PROPN
ombrage,fr,3,NOUN
littéral,fr,2,ADJ
léandre,fr,2,PROPN
bul,fr,1,X
superflu,fr,1,NOUN
tolérer,fr,1,VERB
cupidon,fr,2,PROPN
majestueux,fr,7,ADJ
apothicaire,fr,2,NOUN
beautés,fr,1,PROPN
cheveu,fr,22,NOUN
empoisonner,fr,1,VERB
albâtre,fr,1,NOUN
chaloupe,fr,2,NOUN
torrens,fr,1,NOUN
étaler,fr,3,VERB
commodité,fr,5,NOUN
tarder,fr,4,VERB
libertin,fr,1,NOUN
andromaque,fr,1,PROPN
mascarade,fr,1,NOUN
élégie,fr,1,NOUN
ennuyeux,fr,6,ADJ
dédommagement,fr,1,NOUN
lichtenstein,fr,1,PROPN
subtilité,fr,1,NOUN
fumier,fr,1,NOUN
moscovite,fr,1,NOUN
choquer,fr,6,VERB
chandelle,fr,3,NOUN
capitan,fr,2,PROPN
obéissant,fr,1,ADJ
coûter,fr,10,VERB
poinçon,fr,1,NOUN
décharger,fr,2,VERB
traîneau,fr,4,NOUN
jurer,fr,4,VERB
vaise,fr,1,NOUN
détailler,fr,1,VERB
scrupuleusement,fr,2,ADV
honteux,fr,1,ADJ
subordination,fr,1,NOUN
plaisant,fr,3,ADJ
verge,fr,2,NOUN
contenance,fr,3,NOUN
accoucher,fr,1,VERB
serrer,fr,2,VERB
milady,fr,17,PROPN
faiseur,fr,1,NOUN
passau,fr,1,PROPN
divertir,fr,1,VERB
effrayant,fr,2,ADJ
etna,fr,1,PROPN
maitresse,fr,12,NOUN
coquillage,fr,1,NOUN
osier,fr,1,NOUN
prompt,fr,1,ADJ
ingénieux,fr,1,ADJ
mufti,fr,2,PROPN
chandelier,fr,3,NOUN
aug,fr,2,NOUN
omnia,fr,1,X
pareillement,fr,2,ADV
ç,fr,3,PRON
effrayer,fr,6,VERB
raccourcir,fr,1,VERB
supposition,fr,1,NOUN
oranger,fr,3,NOUN
diffamatoire,fr,1,ADJ
maligne,fr,1,ADJ
précéder,fr,5,VERB
parure,fr,2,NOUN
fanatisme,fr,1,NOUN
amans,fr,2,PROPN
juli,fr,1,X
endormir,fr,2,VERB
ruiner,fr,4,VERB
préjugé,fr,1,NOUN
provision,fr,1,NOUN
soupçonner,fr,1,VERB
andrinople,fr,10,PROPN
nacre,fr,4,NOUN
inégal,fr,1,ADJ
affront,fr,3,NOUN
volt,fr,1,PROPN
scrupule,fr,6,NOUN
stérilité,fr,1,NOUN
janissaires,fr,1,PROPN
égaler,fr,1,VERB
marmara,fr,1,PROPN
éclatant,fr,3,ADJ
vil,fr,1,NOUN
lumiere,fr,5,NOUN
haber,fr,1,X
parceque,fr,2,ADV
tempus,fr,1,PROPN
medio,fr,1,X
larme,fr,7,NOUN
promptement,fr,4,ADV
dama,fr,3,NOUN
casserole,fr,1,NOUN
peres,fr,1,PROPN
eunuque,fr,4,NOUN
lieue,fr,6,NOUN
embellir,fr,4,VERB
gais,fr,1,ADJ
huître,fr,1,NOUN
candie,fr,2,PROPN
exagération,fr,1,NOUN
modele,fr,1,NOUN
murmure,fr,3,NOUN
fruitier,fr,3,ADJ
lesbos,fr,1,PROPN
hac,fr,2,INTJ
tur,fr,2,NOUN
galon,fr,1,NOUN
enrôler,fr,1,VERB
servius,fr,1,PROPN
vanter,fr,4,VERB
délicieux,fr,2,ADJ
turban,fr,3,NOUN
baigner,fr,1,VERB
expressif,fr,1,ADJ
nn,fr,1,PRON
ustensile,fr,1,NOUN
scrupuleux,fr,3,ADJ
soucoupe,fr,2,NOUN
digression,fr,3,NOUN
ster,fr,1,X
nomen,fr,3,NOUN
sinan,fr,2,PROPN
craquer,fr,1,VERB
remarier,fr,3,VERB
germanicus,fr,1,PROPN
brodé,fr,1,NOUN
qua,fr,4,ADV
priam,fr,1,PROPN
infâme,fr,1,ADJ
révolter,fr,1,VERB
evêque,fr,3,NOUN
grillage,fr,2,NOUN
omission,fr,1,NOUN
guirlande,fr,3,NOUN
martre,fr,7,NOUN
netteté,fr,1,NOUN
casus,fr,1,NOUN
partial,fr,1,ADJ
apud,fr,1,X
geler,fr,4,VERB
épanouir,fr,1,VERB
sé,fr,1,NOUN
consoler,fr,3,VERB
enfilade,fr,2,NOUN
quam,fr,9,INTJ
infecter,fr,3,VERB
esse,fr,4,INTJ
boucler,fr,2,VERB
corset,fr,3,NOUN
méchanceté,fr,4,NOUN
metellus,fr,1,PROPN
tremblant,fr,1,ADJ
surpasser,fr,1,VERB
sculpter,fr,1,VERB
crêpe,fr,2,NOUN
serviette,fr,2,NOUN
meo,fr,1,INTJ
chalumeau,fr,1,NOUN
acclamation,fr,1,NOUN
summa,fr,1,NOUN
ardemment,fr,1,ADV
arroser,fr,1,VERB
œillet,fr,3,NOUN
sédition,fr,1,NOUN
ragoût,fr,1,NOUN
peupler,fr,7,VERB
pus,fr,6,VERB
miraculeux,fr,1,ADJ
grief,fr,1,NOUN
intérieurement,fr,1,ADV
moni,fr,1,ADJ
humilier,fr,1,VERB
empressement,fr,3,NOUN
rafraîchir,fr,3,VERB
zélé,fr,1,ADJ
durazzo,fr,1,PROPN
volatile,fr,1,NOUN
duce,fr,1,NOUN
accommoder,fr,2,VERB
consentir,fr,1,VERB
écrouler,fr,1,VERB
tum,fr,1,INTJ
avarice,fr,1,NOUN
moudre,fr,1,VERB
pressant,fr,2,ADJ
avantageusement,fr,2,ADV
devancer,fr,1,VERB
écrevisse,fr,1,NOUN
partialité,fr,4,NOUN
décapiter,fr,1,VERB
prodigieux,fr,18,ADJ
cadi,fr,3,PROPN
trembler,fr,3,VERB
gaieté,fr,1,NOUN
exquis,fr,1,ADJ
inculte,fr,1,ADJ
impatient,fr,2,ADJ
exciter,fr,2,VERB
tabouret,fr,1,NOUN
opere,fr,1,X
quiétude,fr,1,ADJ
blancheur,fr,2,NOUN
enchantement,fr,3,NOUN
tourterelle,fr,2,NOUN
spacieux,fr,2,ADJ
airain,fr,2,NOUN
rhume,fr,3,NOUN
sulfureux,fr,1,ADJ
vétusté,fr,1,NOUN
lasser,fr,2,VERB
tresse,fr,3,NOUN
prescrire,fr,1,VERB
quod,fr,6,INTJ
flatteur,fr,1,ADJ
confidente,fr,1,NOUN
enflammer,fr,1,VERB
déchirer,fr,1,VERB
raab,fr,2,PROPN
quando,fr,1,INTJ
agréablement,fr,6,ADV
gaie,fr,2,ADJ
fatiguer,fr,4,VERB
adoucir,fr,2,VERB
consister,fr,10,VERB
girofle,fr,2,PROPN
ergo,fr,1,NOUN
prévenant,fr,1,ADJ
frotter,fr,1,VERB
tumulte,fr,1,NOUN
rebut,fr,1,NOUN
dorure,fr,3,NOUN
imprudence,fr,3,NOUN
riant,fr,2,ADJ
figue,fr,1,NOUN
nunc,fr,2,INTJ
ravager,fr,3,VERB
ongle,fr,2,NOUN
laide,fr,1,ADJ
brocard,fr,5,NOUN
pitoyable,fr,1,ADJ
lazuli,fr,1,NOUN
rab,fr,1,PROPN
efforcer,fr,1,VERB
cimier,fr,1,NOUN
magnificence,fr,22,NOUN
ravir,fr,1,VERB
éclaircissement,fr,1,NOUN
priscus,fr,1,PROPN
magnifiquement,fr,8,ADV
infirmité,fr,1,NOUN
caresse,fr,1,NOUN
sieurs,fr,1,ADV
choeur,fr,1,NOUN
bre,fr,1,X
atteler,fr,1,VERB
inclination,fr,4,NOUN
rabutin,fr,1,PROPN
nuptial,fr,1,ADJ
dépouiller,fr,1,VERB
distinctement,fr,1,ADV
nicopolis,fr,1,PROPN
esper,fr,9,VERB
rôti,fr,1,NOUN
grosseur,fr,7,NOUN
senator,fr,2,X
siecle,fr,4,NOUN
réjouir,fr,2,VERB
incrédulité,fr,1,NOUN
ménélas,fr,2,PROPN
traiteur,fr,1,NOUN
rie,fr,1,NOUN
consternation,fr,1,NOUN
adroit,fr,1,ADJ
déguiser,fr,2,VERB
occasionner,fr,2,VERB
gouvernant,fr,1,NOUN
vix,fr,1,X
allumette,fr,1,NOUN
amasser,fr,1,VERB
coquet,fr,2,ADJ
galan,fr,1,ADJ
révérence,fr,1,NOUN
quidam,fr,1,NOUN
sapho,fr,2,PROPN
reinette,fr,1,NOUN
tullius,fr,1,PROPN
ipsum,fr,1,INTJ
vitrage,fr,2,NOUN
scylla,fr,1,PROPN
réitérer,fr,1,VERB
fracas,fr,1,NOUN
fâché,fr,1,VERB
sofie,fr,1,NOUN
abréger,fr,3,NOUN
essuyer,fr,18,VERB
cierge,fr,2,NOUN
extraordinairement,fr,2,ADV
pleuvoir,fr,2,VERB
réverbération,fr,1,NOUN
savoye,fr,1,PROPN
cocu,fr,1,NOUN
impraticable,fr,3,ADJ
diamétralement,fr,1,ADV
dépeindre,fr,2,VERB
agiter,fr,1,VERB
sunt,fr,1,INTJ
marinier,fr,1,NOUN
ravisseur,fr,1,NOUN
laideur,fr,1,NOUN
dévot,fr,1,ADJ
fiance,fr,1,NOUN
avidité,fr,1,NOUN
inoculation,fr,3,NOUN
idiome,fr,2,NOUN
veronese,fr,1,PROPN
tempore,fr,1,NOUN
frisé,fr,2,ADJ
stupidité,fr,2,NOUN
drave,fr,1,PROPN
soeur,fr,12,PROPN
dévote,fr,2,NOUN
impureté,fr,1,NOUN
poignarder,fr,1,VERB
reconduire,fr,1,VERB
fausseté,fr,2,NOUN
gaze,fr,4,NOUN
nobis,fr,1,INTJ
assortiment,fr,1,NOUN
lugubre,fr,2,ADJ
riviere,fr,11,NOUN
découler,fr,1,VERB
précepte,fr,1,NOUN
sélim,fr,2,PROPN
tris,fr,1,NOUN
petitesse,fr,1,NOUN
sultane,fr,17,PROPN
magno,fr,1,NOUN
moscovie,fr,1,PROPN
vouer,fr,1,VERB
quarré,fr,4,NOUN
saleté,fr,2,NOUN
opiniâtre,fr,1,ADJ
hiéroglyphe,fr,1,NOUN
jusques,fr,5,ADV
sagacité,fr,1,NOUN
gul,fr,2,PROPN
magazin,fr,1,NOUN
faucheur,fr,1,NOUN
rafraîchissement,fr,1,NOUN
tartares,fr,2,PROPN
ennuyer,fr,11,VERB
sourcil,fr,3,NOUN
fard,fr,2,NOUN
mander,fr,2,VERB
tem,fr,70,NOUN
suede,fr,1,PROPN
insolent,fr,1,ADJ
rebus,fr,2,NOUN
bellum,fr,1,NOUN
honorablement,fr,1,ADV
plaquer,fr,2,VERB
ecriture,fr,2,NOUN
vérole,fr,5,NOUN
endurer,fr,3,VERB
denrée,fr,2,NOUN
convive,fr,1,NOUN
griller,fr,1,VERB
regno,fr,1,X
harlequin,fr,1,PROPN
balbi,fr,2,PROPN
nostri,fr,1,X
brame,fr,1,NOUN
regni,fr,1,NOUN
plumet,fr,1,NOUN
imprudent,fr,1,ADJ
bourrelet,fr,1,NOUN
déplaire,fr,3,VERB
odi,fr,1,X
implorer,fr,1,VERB
mulâtre,fr,1,NOUN
compliment,fr,7,NOUN
pera,fr,6,PROPN
précipice,fr,3,NOUN
blâmer,fr,4,VERB
caput,fr,1,PROPN
insolence,fr,1,NOUN
lar,fr,2,NOUN
imperio,fr,1,X
militum,fr,1,NOUN
éclipser,fr,1,VERB
béatitude,fr,1,NOUN
mépriser,fr,3,VERB
regnum,fr,2,PROPN
ipsa,fr,1,X
oisiveté,fr,1,NOUN
ubi,fr,2,X
hâter,fr,3,VERB
espere,fr,1,PROPN
envelopper,fr,7,VERB
frere,fr,7,NOUN
continuel,fr,6,ADJ
savamment,fr,1,ADV
troyennes,fr,1,PROPN
laconique,fr,1,ADJ
indigence,fr,1,NOUN
civilité,fr,1,NOUN
superficiellement,fr,1,ADV
applaudir,fr,3,VERB
fouler,fr,2,VERB
méritoire,fr,1,ADJ
dédommager,fr,4,VERB
glorifier,fr,2,VERB
broder,fr,21,VERB
iki,fr,1,X
hideux,fr,1,ADJ
respectueusement,fr,1,ADV
décence,fr,1,NOUN
démentir,fr,1,VERB
derniere,fr,15,ADJ
libelle,fr,1,NOUN
prodiguer,fr,2,VERB
galata,fr,2,PROPN
nicher,fr,1,VERB
possum,fr,1,NOUN
gaité,fr,1,NOUN
indulgent,fr,1,ADJ
bacha,fr,1,PROPN
garnir,fr,15,VERB
pantoufle,fr,2,NOUN
guer,fr,1,ADJ
enim,fr,1,INTJ
curia,fr,1,X
ecuyer,fr,1,NOUN
illa,fr,1,INTJ
superstitieux,fr,1,ADJ
hardiesse,fr,6,NOUN
asservir,fr,1,VERB
jonquille,fr,3,NOUN
irriter,fr,1,VERB
effendi,fr,9,PROPN
égarer,fr,3,VERB
parée,fr,1,NOUN
étoit,fr,9,NOUN
tempérer,fr,2,VERB
charmer,fr,7,VERB
caser,fr,1,VERB
hellespont,fr,1,PROPN
divertissant,fr,2,ADJ
sacrer,fr,1,VERB
toise,fr,1,NOUN
bajazet,fr,1,PROPN
milord,fr,18,PROPN
vizirs,fr,1,PROPN
difforme,fr,1,ADJ
flatter,fr,6,VERB
bizarrerie,fr,1,NOUN
mède,fr,1,NOUN
joujou,fr,1,NOUN
tâcher,fr,5,VERB
ance,fr,1,NOUN
fomenter,fr,1,VERB
gregoire,fr,1,PROPN
bourbier,fr,1,NOUN
noster,fr,1,X
ecrivain,fr,1,NOUN
assied,fr,1,VERB
vulgairement,fr,1,ADV
incessamment,fr,1,ADV
eternel,fr,1,PROPN
interêt,fr,1,NOUN
populace,fr,1,NOUN
fâcher,fr,12,VERB
insipide,fr,3,ADJ
jais,fr,1,NOUN
maniere,fr,45,NOUN
grimace,fr,1,NOUN
impiété,fr,1,NOUN
extravagance,fr,1,NOUN
erat,fr,2,INTJ
raille,fr,1,NOUN
désagrément,fr,2,NOUN
ordinis,fr,2,X
ravissement,fr,1,NOUN
mousseline,fr,1,NOUN
inconstant,fr,2,ADJ
bellis,fr,1,NOUN
galanterie,fr,5,NOUN
rascie,fr,1,PROPN
loix,fr,8,NOUN
discipliné,fr,1,ADJ
redouter,fr,1,VERB
nihil,fr,1,INTJ
postillon,fr,1,NOUN
ensevelir,fr,1,VERB
sane,fr,1,NOUN
annis,fr,1,INTJ
caresser,fr,1,VERB
conteuse,fr,1,NOUN
lâchement,fr,1,ADV
gra,fr,1,X
ejus,fr,4,X
severe,fr,1,PROPN
prolixe,fr,2,ADJ
congreve,fr,1,PROPN
proportionné,fr,2,ADJ
touffu,fr,2,ADJ
quibus,fr,1,X
cous,fr,1,NOUN
indiscrétion,fr,1,NOUN
pacem,fr,1,NOUN
idylles,fr,1,PROPN
hécube,fr,1,PROPN
déshabiller,fr,1,VERB
dompter,fr,1,VERB
piter,fr,1,X
maritza,fr,1,PROPN
tali,fr,1,NOUN
catacombe,fr,1,NOUN
bize,fr,1,X
redingote,fr,1,NOUN
bienfaisant,fr,1,ADJ
batelier,fr,1,NOUN
calamité,fr,1,NOUN
fatigant,fr,1,ADJ
renfermer,fr,2,VERB
passionner,fr,1,VERB
transsubstantiation,fr,1,NOUN
illuminer,fr,2,VERB
méprendre,fr,1,VERB
regna,fr,1,X
débiter,fr,2,VERB
ceinturon,fr,1,NOUN
caleçon,fr,4,NOUN
expédient,fr,1,NOUN
dépêcher,fr,1,VERB
professer,fr,3,VERB
confiner,fr,1,VERB
eam,fr,1,INTJ
parfumer,fr,3,VERB
éblouissant,fr,1,ADJ
mortification,fr,3,NOUN
anglois,fr,24,PROPN
enfouir,fr,1,VERB
oratio,fr,1,NOUN
melita,fr,1,PROPN
boiserie,fr,1,NOUN
rappeller,fr,4,VERB
théocrite,fr,2,PROPN
pul,fr,1,PROPN
brocart,fr,1,NOUN
omphale,fr,1,PROPN
crotte,fr,2,NOUN
mente,fr,1,NOUN
yvoire,fr,2,NOUN
répudier,fr,1,VERB
divi,fr,2,PROPN
nimis,fr,1,INTJ
regle,fr,1,NOUN
falsifier,fr,1,VERB
italicus,fr,1,X
regne,fr,2,NOUN
encourir,fr,1,VERB
montesinos,fr,1,PROPN
encensoir,fr,1,NOUN
paresseuse,fr,1,NOUN
lapi,fr,1,NOUN
offensant,fr,1,ADJ
paver,fr,4,VERB
déisme,fr,1,NOUN
tarquini,fr,1,PROPN
adorateur,fr,1,NOUN
marcio,fr,1,PROPN
jeûner,fr,1,VERB
imaginable,fr,1,ADJ
arriere,fr,2,NOUN
domi,fr,1,NOUN
étourdissement,fr,1,NOUN
vestra,fr,1,X
courber,fr,1,VERB
stance,fr,4,NOUN
rallumer,fr,1,VERB
accabler,fr,1,VERB
camisole,fr,2,NOUN
ducat,fr,3,NOUN
quis,fr,1,INTJ
oppresseur,fr,1,NOUN
pernicieux,fr,1,ADJ
euclides,fr,1,PROPN
verum,fr,1,NOUN
gemelli,fr,1,PROPN
impertinence,fr,1,NOUN
pelisse,fr,1,NOUN
environné,fr,1,ADJ
crédule,fr,2,ADJ
sorbet,fr,5,NOUN
insensiblement,fr,1,ADV
nissa,fr,1,PROPN
civitate,fr,1,NOUN
voiler,fr,2,NOUN
byrsa,fr,1,PROPN
meum,fr,1,INTJ
objecter,fr,1,VERB
mollesse,fr,1,NOUN
maltraiter,fr,1,VERB
alcée,fr,1,PROPN
inintelligible,fr,1,ADJ
patri,fr,1,NOUN
flegme,fr,1,NOUN
échauffer,fr,3,VERB
datte,fr,1,NOUN
incruster,fr,3,VERB
moeurs,fr,1,NOUN
troye,fr,2,PROPN
charybde,fr,1,PROPN
ture,fr,1,NOUN
gratis,fr,1,NOUN
réjouissance,fr,1,NOUN
harnois,fr,2,NOUN
serpens,fr,1,NOUN
subordonner,fr,1,VERB
veritable,fr,1,ADJ
magis,fr,1,NOUN
accoutumé,fr,1,ADJ
mihi,fr,1,INTJ
mune,fr,1,NOUN
louage,fr,2,NOUN
tournoyer,fr,1,VERB
dégoûter,fr,1,VERB
natus,fr,2,X
lintz,fr,2,PROPN
indécent,fr,1,ADJ
langueur,fr,2,NOUN
verd,fr,9,NOUN
dorer,fr,6,VERB
schelin,fr,1,NOUN
embarrasser,fr,2,VERB
déiste,fr,1,NOUN
uzel,fr,1,PROPN
françoises,fr,3,PROPN
polin,fr,1,PROPN
interpreter,fr,1,VERB
graces,fr,1,PROPN
regler,fr,2,VERB
quæ,fr,1,INTJ
passable,fr,4,ADJ
commodément,fr,1,ADV
faulx,fr,1,NOUN
appeller,fr,16,VERB
marito,fr,1,NOUN
incommode,fr,1,ADJ
rufo,fr,1,PROPN
liberi,fr,1,X
circonstancié,fr,1,ADJ
dénoter,fr,1,VERB
bassesse,fr,1,NOUN
blon,fr,1,NOUN
destiner,fr,17,VERB
flatterie,fr,1,NOUN
pécher,fr,2,VERB
consider,fr,3,VERB
etruria,fr,1,PROPN
conac,fr,1,PROPN
ché,fr,1,NOUN
escroquer,fr,1,VERB
barbouillé,fr,1,ADJ
sabrer,fr,1,VERB
cien,fr,1,ADJ
contredanse,fr,2,NOUN
dormer,fr,1,VERB
guetter,fr,1,VERB
enchanter,fr,5,VERB
importuner,fr,1,VERB
estropié,fr,1,NOUN
moissonneur,fr,1,NOUN
postiche,fr,1,NOUN
cujus,fr,1,NOUN
ble,fr,2,NOUN
scamandre,fr,3,PROPN
maudire,fr,1,VERB
stamboul,fr,1,PROPN
attirail,fr,1,NOUN
boutel,fr,1,NOUN
espece,fr,13,NOUN
régle,fr,2,NOUN
péra,fr,1,PROPN
papiste,fr,1,ADJ
derriere,fr,12,NOUN
trib,fr,3,X
roder,fr,1,VERB
caftan,fr,3,NOUN
milesiens,fr,1,PROPN
dédaigneux,fr,3,ADJ
frémir,fr,1,VERB
laire,fr,1,VERB
omnis,fr,1,INTJ
éblouir,fr,3,VERB
decem,fr,1,NOUN
lesli,fr,1,PROPN
éterniser,fr,1,VERB
cabrer,fr,1,VERB
lisier,fr,1,VERB
prude,fr,4,NOUN
jetter,fr,3,VERB
philippopolis,fr,5,PROPN
matiere,fr,6,NOUN
troisieme,fr,2,NOUN
dessécher,fr,1,VERB
astreindre,fr,2,VERB
bateleur,fr,1,PROPN
agat,fr,1,X
entasser,fr,2,VERB
défigurer,fr,3,VERB
soupire,fr,2,VERB
interprete,fr,8,NOUN
ceder,fr,1,VERB
quereller,fr,1,VERB
curiam,fr,1,NOUN
rhodope,fr,1,PROPN
indécence,fr,1,NOUN
difformité,fr,2,NOUN
fixement,fr,1,NOUN
industrieux,fr,2,ADJ
tunc,fr,1,X
meis,fr,1,INTJ
conjecturer,fr,1,VERB
négligemment,fr,1,NOUN
murmurer,fr,1,VERB
epouse,fr,2,PROPN
mylord,fr,4,PROPN
norum,fr,1,X
gâter,fr,2,VERB
indolence,fr,1,NOUN
canelle,fr,1,PROPN
frontiere,fr,2,ADJ
salamis,fr,1,PROPN
bierre,fr,1,NOUN
pek,fr,1,PROPN
dégoûtant,fr,2,ADJ
voluptueux,fr,1,ADJ
hif,fr,1,NOUN
montem,fr,1,INTJ
ingi,fr,2,PROPN
ingens,fr,1,X
solidum,fr,1,X
bassas,fr,3,PROPN
enfler,fr,1,VERB
knolles,fr,1,PROPN
particulierement,fr,2,ADV
tion,fr,3,NOUN
desir,fr,5,NOUN
assortir,fr,2,VERB
illi,fr,1,INTJ
poëte,fr,6,NOUN
auctore,fr,1,NOUN
honores,fr,1,NOUN
electeur,fr,4,NOUN
epître,fr,1,NOUN
civitatis,fr,1,X
siége,fr,9,NOUN
hodie,fr,1,NOUN
accourir,fr,1,VERB
prodigieusement,fr,1,ADV
déshonorer,fr,1,VERB
léthé,fr,1,PROPN
casuel,fr,1,NOUN
quoque,fr,1,INTJ
réchapper,fr,1,VERB
hanc,fr,2,NOUN
yok,fr,3,X
captiver,fr,2,VERB
nien,fr,1,ADJ
impudence,fr,3,NOUN
regar,fr,1,VERB
apprêter,fr,2,VERB
civili,fr,1,NOUN
provin,fr,1,NOUN
régaler,fr,2,VERB
ravelin,fr,2,NOUN
poëme,fr,1,PROPN
somptuosité,fr,1,NOUN
fidem,fr,1,INTJ
difficilis,fr,1,X
étre,fr,1,NOUN
illo,fr,1,INTJ
complimenter,fr,2,VERB
railleur,fr,1,NOUN
convoiter,fr,1,VERB
démangeaison,fr,1,NOUN
scio,fr,2,PROPN
entierement,fr,10,ADV
rebutant,fr,1,ADJ
tresser,fr,1,VERB
chok,fr,1,X
anthropophage,fr,1,NOUN
cæsar,fr,2,PROPN
janissaire,fr,21,NOUN
sommeiller,fr,1,VERB
esope,fr,1,PROPN
récréer,fr,1,VERB
judicature,fr,1,PROPN
felouque,fr,1,NOUN
briel,fr,1,PROPN
écorcher,fr,1,VERB
generosa,fr,1,X
talen,fr,2,NOUN
circassien,fr,1,NOUN
rejaillir,fr,1,VERB
nud,fr,6,ADJ
hominum,fr,1,X
senatore,fr,1,NOUN
importune,fr,1,ADJ
umut,fr,1,X
calcédoine,fr,3,PROPN
centum,fr,2,PROPN
bude,fr,5,PROPN
savan,fr,1,NOUN
majore,fr,2,NOUN
bekir,fr,1,PROPN
umur,fr,1,X
égratignure,fr,1,NOUN
casu,fr,1,NOUN
filio,fr,1,X
obstiner,fr,1,VERB
auxilium,fr,1,X
propter,fr,1,INTJ
propontide,fr,1,PROPN
empresser,fr,3,VERB
regner,fr,8,VERB
beber,fr,1,PROPN
flamini,fr,1,X
opprimer,fr,1,VERB
naif,fr,1,NOUN
cuillerée,fr,1,NOUN
altheim,fr,1,PROPN
accroire,fr,2,VERB
cier,fr,1,NOUN
déraciner,fr,1,VERB
eurotas,fr,2,PROPN
sincere,fr,1,ADJ
tarquinius,fr,1,PROPN
reux,fr,1,ADJ
bitan,fr,1,NOUN
scuderi,fr,1,PROPN
narbonensis,fr,2,PROPN
vobis,fr,5,INTJ
seur,fr,1,NOUN
ruineux,fr,1,ADJ
whiston,fr,2,PROPN
tapisser,fr,1,VERB
demarche,fr,1,NOUN
sultanes,fr,1,PROPN
eski,fr,1,PROPN
sopha,fr,9,NOUN
accoutumer,fr,6,VERB
affabilité,fr,1,NOUN
connoisseur,fr,2,NOUN
isca,fr,1,PROPN
quondam,fr,3,X
trembleur,fr,1,NOUN
émailler,fr,1,VERB
virorum,fr,1,X
kahia,fr,3,PROPN
célébre,fr,3,ADJ
mélibée,fr,1,PROPN
poële,fr,7,NOUN
œnone,fr,1,PROPN
lucrece,fr,4,PROPN
egée,fr,1,PROPN
ipsius,fr,1,X
enthousiasmer,fr,1,VERB
baviere,fr,1,PROPN
feni,fr,1,INTJ
vivan,fr,2,ADJ
nante,fr,1,NOUN
solum,fr,1,NOUN
infailliblement,fr,1,ADV
reges,fr,1,PROPN
sestos,fr,2,PROPN
davenant,fr,2,PROPN
orien,fr,2,PROPN
préparatif,fr,2,NOUN
apelles,fr,1,PROPN
differ,fr,4,VERB
traitable,fr,1,ADJ
consomption,fr,1,NOUN
enchérir,fr,4,VERB
parsemer,fr,2,VERB
sçavoir,fr,2,VERB
plebis,fr,1,INTJ
potius,fr,1,NOUN
collége,fr,1,NOUN
siécle,fr,1,NOUN
satch,fr,1,PROPN
patre,fr,1,NOUN
carlowitz,fr,1,PROPN
effe,fr,1,NOUN
caffé,fr,12,NOUN
achmet,fr,4,PROPN
malea,fr,1,PROPN
flétrir,fr,2,VERB
vicinus,fr,1,INTJ
romulo,fr,1,PROPN
multis,fr,1,NOUN
entêter,fr,1,VERB
pétrir,fr,1,VERB
recit,fr,1,NOUN
fluctus,fr,1,X
voûter,fr,1,VERB
infidel,fr,1,ADJ
dant,fr,1,ADP
frigida,fr,1,X
affliger,fr,4,VERB
ques,fr,1,CCONJ
payenne,fr,1,PROPN
jalou,fr,2,ADJ
mahométane,fr,1,PROPN
poëtes,fr,1,PROPN
majorum,fr,1,NOUN
plai,fr,1,NOUN
historiette,fr,1,NOUN
plebe,fr,1,INTJ
daigner,fr,2,VERB
colere,fr,1,NOUN
prophete,fr,4,PROPN
divus,fr,1,NOUN
délasser,fr,2,VERB
multa,fr,1,NOUN
sensus,fr,1,X
connoissance,fr,15,NOUN
partem,fr,1,NOUN
tamen,fr,1,NOUN
captiva,fr,1,X
révérer,fr,1,VERB
angloise,fr,6,NOUN
nostris,fr,1,INTJ
particuliere,fr,4,ADJ
tribuno,fr,1,NOUN
domum,fr,1,PROPN
nape,fr,1,NOUN
quatrieme,fr,1,NOUN
alcine,fr,1,PROPN
chere,fr,45,NOUN
décrépit,fr,1,ADJ
alcoran,fr,4,PROPN
grois,fr,1,ADJ
visi,fr,1,INTJ
charman,fr,1,ADJ
marli,fr,2,PROPN
provinciarum,fr,1,PROPN
scandaliser,fr,1,VERB
mirer,fr,3,VERB
circassie,fr,1,PROPN
nominer,fr,1,VERB
somptuaire,fr,2,ADJ
mant,fr,1,NOUN
suant,fr,1,ADJ
alae,fr,1,PROPN
encenser,fr,1,VERB
romanæ,fr,1,PROPN
fratre,fr,1,NOUN
papisme,fr,1,PROPN
barriere,fr,1,NOUN
enchâsser,fr,1,VERB
entremêler,fr,2,VERB
cæli,fr,1,X
benim,fr,1,PROPN
quiete,fr,1,INTJ
hæc,fr,1,INTJ
persicum,fr,1,PROPN
inachus,fr,1,PROPN
proceder,fr,1,VERB
sigée,fr,2,PROPN
quot,fr,1,INTJ
sardoine,fr,1,NOUN
dixi,fr,1,X
priere,fr,1,NOUN
soupirer,fr,1,VERB
sodalis,fr,1,X
annorum,fr,1,X
entiere,fr,5,ADJ
xantus,fr,1,PROPN
dégeler,fr,1,VERB
puto,fr,1,INTJ
wolfenbuttel,fr,3,PROPN
quidem,fr,6,NOUN
misere,fr,3,NOUN
scilicet,fr,1,INTJ
mortifier,fr,1,VERB
préfere,fr,2,VERB
jó,fr,1,PROPN
avilir,fr,1,VERB
leipsick,fr,3,PROPN
matre,fr,1,NOUN
cinquieme,fr,1,NOUN
advocatus,fr,1,X
habere,fr,1,NOUN
dominis,fr,1,X
maque,fr,1,NOUN
incommoder,fr,3,VERB
mahométisme,fr,1,PROPN
poësie,fr,4,PROPN
suos,fr,1,X
carache,fr,1,PROPN
derman,fr,1,X
entrelacer,fr,3,VERB
seiller,fr,1,VERB
fléche,fr,2,NOUN
disgracier,fr,1,VERB
sincerement,fr,5,ADV
barthelemi,fr,1,PROPN
larder,fr,1,VERB
garderobe,fr,1,PROPN
roir,fr,1,NOUN
dervis,fr,5,PROPN
ployer,fr,1,VERB
proportionner,fr,1,VERB
mahométan,fr,3,NOUN
régulierement,fr,2,ADV
réprouver,fr,3,VERB
célebre,fr,5,ADJ
tagne,fr,1,NOUN
esset,fr,1,NOUN
appercevoir,fr,5,VERB
tabletiers,fr,1,PROPN
temoin,fr,1,NOUN
sommerset,fr,1,PROPN
ravisse,fr,1,NOUN
hollandois,fr,1,PROPN
toire,fr,1,NOUN
pittacus,fr,1,PROPN
smyrniote,fr,1,PROPN
xercès,fr,1,PROPN
aventurine,fr,1,NOUN
fiere,fr,1,ADJ
tez,fr,1,X
voltiger,fr,1,VERB
uzelle,fr,2,PROPN
bassette,fr,1,PROPN
ricaut,fr,4,PROPN
chevre,fr,1,NOUN
reserver,fr,1,VERB
provinciæ,fr,1,PROPN
connoître,fr,27,VERB
galliæ,fr,2,PROPN
possit,fr,1,INTJ
civitatem,fr,1,X
répeter,fr,2,VERB
utilitate,fr,1,NOUN
premierement,fr,1,NOUN
artistement,fr,4,ADV
novam,fr,1,X
senin,fr,2,X
dicere,fr,1,INTJ
reip,fr,2,PROPN
reliquis,fr,1,NOUN
utili,fr,1,NOUN
omnem,fr,1,INTJ
mystiquement,fr,1,ADV
bouti,fr,1,NOUN
juppe,fr,1,NOUN
publice,fr,1,NOUN
magistratus,fr,1,PROPN
deinde,fr,1,X
stirpe,fr,1,X
lugduno,fr,1,PROPN
reglé,fr,1,ADJ
archiduchesses,fr,1,PROPN
paulins,fr,1,PROPN
amurat,fr,1,PROPN
veterani,fr,1,PROPN
recourber,fr,1,VERB
sance,fr,2,NOUN
rejetter,fr,1,VERB
méchanique,fr,1,NOUN
severim,fr,1,X
miserabili,fr,1,X
viros,fr,1,INTJ
ètat,fr,1,NOUN
flumine,fr,1,X
protestans,fr,1,PROPN
enten,fr,1,NOUN
gallipolis,fr,1,PROPN
carosse,fr,3,NOUN
regnante,fr,2,PROPN
hargin,fr,1,X
portiere,fr,1,PROPN
amphitrion,fr,4,PROPN
fatime,fr,14,PROPN
mastarna,fr,1,X
temeswar,fr,1,PROPN
gingi,fr,1,X
fidelle,fr,1,ADJ
invisiblement,fr,1,ADV
rier,fr,1,NOUN
illam,fr,1,INTJ
cénis,fr,2,PROPN
benden,fr,2,X
limonier,fr,1,NOUN
huic,fr,2,INTJ
futaille,fr,1,NOUN
tergo,fr,1,X
estropier,fr,1,VERB
postquam,fr,2,INTJ
romam,fr,1,PROPN
posseder,fr,2,VERB
adant,fr,3,ADV
regnant,fr,1,ADJ
hebrus,fr,2,PROPN
tenes,fr,1,PROPN
tyrannis,fr,1,X
primam,fr,2,X
tiam,fr,1,NOUN
suorum,fr,1,NOUN
pahu,fr,1,X
simoïs,fr,2,PROPN
lement,fr,2,NOUN
coûtume,fr,1,NOUN
venerie,fr,1,PROPN
alieni,fr,1,X
persanne,fr,1,PROPN
videtur,fr,1,X
bibliothéque,fr,1,NOUN
remede,fr,1,NOUN
oceanum,fr,1,PROPN
epithalame,fr,2,PROPN
breche,fr,2,NOUN
ornare,fr,1,NOUN
hélene,fr,2,PROPN
suæ,fr,1,INTJ
toujous,fr,1,ADV
grotesquement,fr,1,ADV
reconnoissance,fr,3,NOUN
urbes,fr,1,X
visir,fr,1,PROPN
paren,fr,14,NOUN
grati,fr,2,ADJ
palfi,fr,1,PROPN
boëte,fr,2,NOUN
patribus,fr,1,NOUN
ombrager,fr,1,VERB
superbi,fr,1,PROPN
tents,fr,1,PROPN
gouvernemens,fr,1,PROPN
istam,fr,1,NOUN
provinciali,fr,1,X
logemen,fr,2,NOUN
piéce,fr,2,NOUN
praef,fr,1,X
terrein,fr,10,NOUN
thuilleries,fr,1,PROPN
guères,fr,5,ADV
obérer,fr,1,VERB
infideles,fr,2,PROPN
trinacria,fr,1,PROPN
barbouilleur,fr,1,NOUN
fauxbourg,fr,4,NOUN
belveder,fr,1,PROPN
présens,fr,2,NOUN
imperi,fr,2,INTJ
digito,fr,1,NOUN
statim,fr,1,NOUN
systême,fr,2,NOUN
moneses,fr,1,PROPN
aù,fr,1,PRON
notæ,fr,1,INTJ
reconnoître,fr,2,VERB
rable,fr,1,NOUN
postscriptum,fr,1,PROPN
nostræ,fr,3,INTJ
druso,fr,1,PROPN
chevrefeuille,fr,1,NOUN
homere,fr,6,PROPN
portare,fr,1,X
sixieme,fr,1,ADJ
troisiéme,fr,1,ADJ
affectionnée,fr,1,NOUN
nostros,fr,1,X
assiter,fr,1,VERB
perenni,fr,1,X
irrémissible,fr,2,ADJ
poudrer,fr,1,VERB
minaudier,fr,1,ADJ
desidera,fr,1,X
batteau,fr,1,NOUN
vité,fr,1,NOUN
beneficium,fr,1,X
facultates,fr,1,X
tradere,fr,1,NOUN
pendans,fr,1,NOUN
parere,fr,1,X
gloriæ,fr,1,INTJ
detailler,fr,1,VERB
espéce,fr,3,NOUN
amne,fr,1,X
poëtique,fr,2,ADJ
hó,fr,1,X
foible,fr,3,NOUN
fuo,fr,1,INTJ
confreres,fr,1,NOUN
neur,fr,1,NOUN
mignature,fr,1,NOUN
cicogne,fr,1,NOUN
blankenbourg,fr,2,PROPN
meroi,fr,1,NOUN
eorumdem,fr,2,PROPN
apti,fr,1,PROPN
sirma,fr,1,PROPN
translata,fr,1,X
sanguinem,fr,1,NOUN
protec,fr,1,NOUN
potior,fr,1,NOUN
empedocles,fr,1,PROPN
nempe,fr,1,NOUN
oldum,fr,2,X
vré,fr,1,ADJ
importunité,fr,2,NOUN
consulatum,fr,1,PROPN
réguliere,fr,1,ADJ
rhodanus,fr,1,X
tiroit,fr,1,NOUN
enfan,fr,22,NOUN
environner,fr,15,VERB
patruus,fr,1,X
grossiereté,fr,1,NOUN
kudi,fr,1,PROPN
reditum,fr,1,NOUN
exqui,fr,1,X
sensin,fr,1,PROPN
florem,fr,1,X
aniversaire,fr,1,NOUN
enrhumer,fr,1,VERB
ceur,fr,1,NOUN
desirer,fr,10,VERB
nimegue,fr,3,PROPN
vétu,fr,1,ADJ
habitan,fr,12,NOUN
sabloneux,fr,1,ADJ
désobliger,fr,1,VERB
honoribus,fr,1,X
odoriférant,fr,1,ADJ
milit,fr,2,PROPN
connois,fr,2,NOUN
terminos,fr,1,NOUN
valentius,fr,1,PROPN
laitiere,fr,2,NOUN
deshonneur,fr,1,NOUN
truit,fr,1,NOUN
experimento,fr,1,X
chersonese,fr,2,PROPN
hautesse,fr,1,PROPN
boutonner,fr,1,VERB
arduum,fr,1,INTJ
greques,fr,1,PROPN
flater,fr,1,VERB
légere,fr,3,ADJ
mittere,fr,1,INTJ
mîme,fr,1,NOUN
nimio,fr,1,INTJ
apper,fr,1,VERB
remberg,fr,1,PROPN
éxagérer,fr,1,VERB
voyé,fr,1,ADJ
magine,fr,1,NOUN
littéra,fr,1,ADJ
palmam,fr,1,X
païsan,fr,1,NOUN
necesse,fr,1,NOUN
divum,fr,1,INTJ
gueres,fr,2,X
senatores,fr,2,PROPN
alcmene,fr,2,PROPN
diaman,fr,16,NOUN
seraskier,fr,1,PROPN
vétus,fr,2,ADJ
récrier,fr,1,VERB
extremos,fr,1,NOUN
culier,fr,1,ADJ
vereor,fr,1,INTJ
lende,fr,1,NOUN
sciote,fr,1,PROPN
gentilshomme,fr,2,NOUN
coloniarum,fr,1,X
evoir,fr,2,VERB
pierrerie,fr,13,NOUN
solemnel,fr,2,ADJ
correge,fr,1,PROPN
julium,fr,1,PROPN
fluit,fr,1,X
portans,fr,1,X
quadrupede,fr,1,NOUN
parius,fr,1,PROPN
eoque,fr,1,NOUN
exténuer,fr,1,VERB
joncher,fr,1,VERB
asopus,fr,1,PROPN
repertum,fr,1,NOUN
passan,fr,1,NOUN
attrouper,fr,1,VERB
amicum,fr,1,NOUN
doine,fr,1,NOUN
murlins,fr,1,PROPN
curæ,fr,1,X
cessaire,fr,1,NOUN
elisées,fr,2,PROPN
paroître,fr,43,VERB
