letter_idx,sentence,top_emotion,top_emotion_score
0,"I FLATTER, myself, dear sister, that I shall give you some pleasure in letting you know that I have safely passed the sea, though we had the ill fortune of a storm.",joy,0.967958927154541
0,"We were persuaded by the captain of the yacht to set out in a calm, and he pretended there was nothing so easy as to tide it over; but, after two days slowly moving, the wind blew so hard, that none of the sailors could keep their feet, and we were all Sunday night tossed very handsomely.",anger,0.37339890003204346
0,I never saw a man more frighted (sic) than the captain.,fear,0.9823507070541382
0,"For my part, I have been so lucky, neither to suffer from fear nor seasickness; though, I confess, I was so impatient to see myself once more upon dry land, that I would not stay till the yacht could get to Rotterdam, but went in the long-boat to Helvoetsluys, where we had voitures to carry us to the Briel.",fear,0.7772514224052429
0,I was charmed with the neatness of that little town; but my arrival at Rotterdam presented me a new scene of pleasure.,joy,0.9901397824287415
0,"All the streets are paved with broad stones, and before many of the meanest artificers doors are placed seats of various coloured marbles, so neatly kept, that, I assure you, I walked almost all over the town yesterday, _incognito_,  in my slippers without receiving one spot of dirt; and you may see the Dutch maids washing the pavement of the street, with more application than ours do our bed-chambers.",disgust,0.4438871741294861
0,"The town seems so full of people, with such busy faces, all in motion, that I can hardly fancy it is not some celebrated fair; but I see it is every day the same.",surprise,0.6989019513130188
0,'Tis certain no town can be more advantageously situated for commerce.,neutral,0.944022536277771
0,"Here are seven large canals, on which the merchants ships come up to the very doors of their houses.",neutral,0.8928142786026001
0,"The shops and warehouses are of a surprising neatness and magnificence, filled with an incredible quantity of fine merchandise, and so much cheaper than what we see in England, that I have much ado to persuade myself I am still so near it.",surprise,0.929538369178772
0,Here is neither dirt nor beggary to be seen.,disgust,0.7378792762756348
0,"One is not shocked with those loathsome cripples, so common in London, nor teased with the importunity of idle fellows and wenches, that chuse (sic) to be nasty and lazy.",disgust,0.6615444421768188
0,"The common servants, and little shop-women, here, are more nicely clean than most of our ladies; and the great variety of neat dresses (every woman dressing her head after her own fashion) is an additional pleasure in seeing the town.",joy,0.8591021299362183
0,"You see, hitherto, I make no complaints, dear sister; and if I continue to like travelling as I do at present, I shall not repent my project.",anger,0.2625758945941925
0,"It will go a great way in making me satisfied with it, if it affords me an opportunity of entertaining you.",joy,0.9399396777153015
0,But it is not from Holland that you may expect a _disinterested_ offer.,neutral,0.9113561511039734
0,"I can write enough in the stile (sic) of Rotterdam, to tell you plainly, in one word that I expect returns of all the London news.",neutral,0.9039137363433838
0,"You see I have already learnt to make a good bargain; and that it is not for nothing I will so much as tell you, I am your affectionate sister.",joy,0.6699538230895996
1,"I MAKE haste to tell you, dear Madam, that, after all the dreadful fatigues you threatened me with, I am hitherto very well pleased with my journey.",fear,0.9631620645523071
1,"We take care to make such short stages every day, that I rather fancy myself upon parties of pleasure, than upon the road; and sure nothing can be more agreeable than travelling in Holland.",neutral,0.570196807384491
1,"The whole country appears a large garden; the roads are well paved, shaded on each side with rows of trees, and bordered with large canals, full of boats, passing and repassing.",neutral,0.7572113871574402
1,"Every twenty paces gives you the prospect of some villa, and every four hours that of a large town, so surprisingly neat, I am sure you would be charmed with them.",surprise,0.47046422958374023
1,The place I am now at is certainly one of the finest villages in the world.,joy,0.582353413105011
1,"Here are several squares finely built, and (what I think a particular beauty) the whole set with thick large trees.",neutral,0.7117176055908203
1,"The _Vour-hout_ is, at the same time, the Hyde-Park and Mall of the people of quality; for they take the air in it both on foot and in coaches.",neutral,0.9053090214729309
1,"There are shops for wafers, cool liquors, &c.--I have been to see several of the most celebrated gardens, but I will not teaze (sic) you with their descriptions.",neutral,0.651505708694458
1,I dare say you think my letter already long enough.,anger,0.6054862141609192
1,"But I must not conclude without begging your pardon, for not obeying your commands, in sending the lace you ordered me.",anger,0.5859946012496948
1,"Upon my word, I can yet find none, that is not dearer than you may buy it at London.",neutral,0.8879768252372742
1,"If you want any India goods, here are great variety of penny-worths; and I shall follow your orders with great pleasure and exactness; being,              Dear Madam, &c. &c.",joy,0.516270101070404
2,"I AM extremely sorry, my dear S. that your fears of disobliging your relations, and their fears for your health and safety, have hindered me from enjoying the happiness of your company, and you the pleasure of a diverting journey.",sadness,0.9647673964500427
2,"I receive some degree of mortification from every agreeable novelty, or pleasing prospect, by the reflection of your having so unluckily missed the delight which I know it would have given you.",sadness,0.4725976288318634
2,"If you were with me in this town, you would be ready to expect to receive visits from your Nottingham friends.",neutral,0.9325025081634521
2,"No two places were ever more resembling; one has but to give the Maese the name of the Trent, and there is no distinguishing the prospect.",neutral,0.9170346856117249
2,"The houses, like those of Nottingham, are built one above another, and are intermixed in the same manner with trees and gardens.",neutral,0.9086446166038513
2,"The tower they call Julius Caesar's, has the same situation with Nottingham castle; and I cannot help fancying, I see from it the Trentfield, Adboulton, places so well known to us.",neutral,0.8431121110916138
2,"'Tis true, the fortifications make a considerable difference.",neutral,0.9239374995231628
2,"All the learned in the art of war bestow great commendations on them; for my part, that know nothing of the matter, I shall content myself with telling you, 'tis a very pretty walk on the ramparts, on  which there is a tower, very deservedly called the Belvidera; where people go to drink coffee, tea, &c. and enjoy one of the finest prospects in the world.",joy,0.952544629573822
2,"The public walks have no great beauty but the thick shade of the trees, which is solemnly delightful.",joy,0.6754270792007446
2,"But I must not forget to take notice of the bridge, which appeared very surprising to me.",surprise,0.9807722568511963
2,"It is large enough to hold hundreds of men, with horses and carriages.",neutral,0.7124217748641968
2,"They give the value of an English two-pence to get upon it, and then away they go, bridge and all, to the other side of the river, with so slow a motion, one is hardly sensible of any at all.",neutral,0.8356650471687317
2,"I was yesterday at the French church, and stared very much at their manner of service.",disgust,0.7498233914375305
2,"The parson clapped on a broad-brimmed hat in the first place, which gave him entirely the air of _what d'ye call him_, in Bartholomew fair, which he kept up by extraordinary antic gestures, and preaching much such stuff as the other talked to the puppets.",neutral,0.6973530650138855
2,"However, the congregation seemed to receive it with great devotion; and I was informed by some of his flock, that he is a person of particular fame amongst them.",neutral,0.5093126893043518
2,"I believe, by this time, you are as much tired with my account of him, as I was with his sermon; but I am sure your brother will excuse a digression in favour of the church of England.",neutral,0.8189328908920288
2,"You know speaking disrespectfully of the Calvinists, is the same thing as speaking honourably of the church.",disgust,0.6306036710739136
2,"Adieu, my dear S. always remember me; and be assured I can never forget you, &c. &c.",joy,0.416311115026474
3,"IF my lady ---- could  have any notion of the fatigues that I have suffered these two last days, I am sure she would own it a great proof of regard, that I now sit down to write to her.",neutral,0.8144216537475586
3,"We hired horses from Nimeguen hither, not having the conveniency (sic) of the post, and found but very indifferent accommodations at Reinberg, our first stage; but it was nothing to what I suffered yesterday.",disgust,0.4445134103298187
3,"We were in hopes to reach Cologn; our horses tired at Stamel, three hours from it, where I was forced to pass the night in my clothes, in a room not at all better than a hovel; for though I have my bed with me, I had no mind to undress, where the wind came from a thousand places.",fear,0.49265897274017334
3,"We left this wretched lodging at day-break, and about six this morning came safe here, where I got immediately into bed.",fear,0.4804888665676117
3,"I slept so well for three hours, that I found myself perfectly recovered, and have had spirits enough to go and see all that is curious in the town, that is to say, the churches, for here is nothing else worth seeing.",neutral,0.6719475984573364
3,"This is a very large town, but the most part of it is old built.",neutral,0.7068982124328613
3,"The Jesuits church, which is the neatest, was shewed (sic) me, in a very complaisant manner, by a handsome young Jesuit; who, not knowing who I was, took a liberty in his compliments and railleries, which very much diverted me.",disgust,0.4982321858406067
3,"Having never before seen any thing of that nature, I could not enough admire the magnificence of the altars, the rich images of the saints (all massy silver) and the _enchassures_ of the relicks (sic); though I could not help murmuring, in my heart, at the profusion of pearls, diamonds, and rubies, bestowed on the adornment of rotten teeth, and dirty rags.",disgust,0.9850651621818542
3,"I own that I had wickedness enough to covet St Ursula's pearl necklaces; though perhaps this was no wickedness at all, an image not being certainly one's neighbour's; but I went yet farther, and wished the wench herself converted into dressing-plate.",disgust,0.7941541075706482
3,"I should also gladly see converted into silver, a great St Christopher, which I imagine would look very well in a cistern.",joy,0.9230339527130127
3,"These were my pious reflections: though I was very well satisfied to see, piled up to the honour of our nation, the skulls of the eleven thousand virgins.",disgust,0.49074020981788635
3,"I have seen some hundreds of relicks here of no less, consequence; but I will not imitate the common stile (sic) of travellers so far, as to give you a list of them; being persuaded, that you have no manner of curiosity for the titles given to jaw-bones and bits of worm-eaten wood.--Adieu, I am just going to supper, where I shall drink your health in an admirable sort of Lorrain (sic) wine, which I am sure is the same you call Burgundy in London, &c. &c.",neutral,0.7956954836845398
4,"AFTER five days travelling post, I could not sit down to write on any other occasion, than to tell my dear lady, that I have not forgot her obliging command, of sending her some account of my travels.",neutral,0.7328377962112427
4,"I have already passed a large part of Germany, have seen all that is remarkable in Cologn, Frankfort, Wurtsburg, and this place.",surprise,0.8487347364425659
4,"'Tis impossible not to observe the difference between the free towns and those under the government of absolute princes, as all the little sovereigns of Germany are.",neutral,0.46636104583740234
4,"In the first, there appears an air of commerce and plenty.",neutral,0.9367719292640686
4,"The streets are well-built, and full of people, neatly and plainly dressed.",neutral,0.6734076142311096
4,"The shops are loaded with merchandise, and the commonalty are clean and cheerful.",joy,0.9585253000259399
4,"In the other you see a sort of shabby finery, a number of dirty people of quality tawdered (sic) out; narrow nasty streets out of repair, wretchedly thin of inhabitants, and above half of the common sort asking alms.",disgust,0.9690640568733215
4,"I cannot help fancying one under the figure of a clean Dutch citizen's wife, and the other like a poor town lady of pleasure, painted and ribboned out in her head-dress, with tarnished silver-laced shoes, a ragged under-petticoat, a miserable mixture of vice and poverty.--They have sumptuary laws in this town, which distinguish their rank by their dress, prevent the excess which ruins so many other cities, and has a more agreeable effect to the eye of a stranger, than our fashions.",disgust,0.538468062877655
4,"I need not be ashamed to own, that I wish these laws were in force in other parts of the world.",neutral,0.37839582562446594
4,"When one considers impartially, the merit of a rich suit of clothes in most places, the respect and the smiles of favour it procures, not to speak of the envy and the sighs it occasions (which is very often the principal charm to the wearer), one is forced to confess, that there is need of an uncommon understanding to resift the temptation of pleasing friends and mortifying rivals; and that it is natural to young people to fall into a folly, which betrays them to that want of money which is the source of a thousand basenesses (sic).",disgust,0.7992936372756958
4,"What numbers of men have begun the world with generous inclinations, that have afterwards been the instruments of bringing misery on a whole people, being led by vain expence (sic) into debts that they could clear no other way but by the forfeit of their honour, and which they never could have contracted, if the respect the multitude pays to habits, was fixed by law, only to a particular colour or cut of plain cloth!",disgust,0.5305565595626831
4,These reflections draw after them others that are too melancholy.,sadness,0.9674551486968994
4,"I will make haste to put them out of your head by the farce of relicks, with which I have been entertained in all Romish churches.",neutral,0.5141417384147644
4,THE Lutherans are not quite free from these follies.,neutral,0.9645056128501892
4,"I have seen here, in the principal church, a large piece of the cross set in jewels, and the point of the spear, which they told me very gravely, was the same that pierced the side of our Saviour.",disgust,0.5981041193008423
4,"But I was particularly diverted in a little Roman Catholic church which is permitted here, where the professors of that religion are not very rich, and consequently cannot adorn their images in so rich a manner as their neighbour.",neutral,0.7504985332489014
4,"For, not to be quite destitute of all finery, they have dressed up an image of our Saviour over the altar, in a fair full-bottomed wig very well powdered.",disgust,0.6568754315376282
4,"I imagine I see your lady ship stare at this article, of which you very much doubt the veracity; but, upon my word, I have not yet made use of the privilege of a traveller; and my whole account is written with the same plain sincerity of heart, with which I assure you that I am, dear Madam, yours, &c. &c.",neutral,0.768123984336853
5,"I HAD the pleasure of receiving yours, but the day before I left London.",joy,0.8289065361022949
5,"I give you a thousand thanks for your good wishes, and have such an opinion of their efficacy that, I am persuaded, I owe in part, to them, the good luck of having proceeded so far on my long journey without any ill accident.",joy,0.9320783019065857
5,"For I don't reckon it any, to have been stopped a few days in this town by a cold, since it has not only given me an opportunity of seeing all that is curious in it, but of making some acquaintance with the ladies, who have all been to see me with great civility, particularly _Madame_ ----, the wife of our king's envoy from Hanover.",neutral,0.7937756180763245
5,"She has carried me to all the assemblies, and I have been magnificently entertained at her house, which is one of the finest here.",joy,0.8485733866691589
5,"You know, that all the nobility of this place are envoys from different states.",neutral,0.9135802388191223
5,"Here are a great number of them, and they might pass their time agreeably enough, if they were less delicate on the point of ceremony.",neutral,0.9669854044914246
5,"But instead of joining in the design of making the town as pleasant to one another as they can, and improving their little societies, they amuse themselves no other way than with perpetual quarrels, which they take care to eternize (sic), by leaving them to their successors; and an envoy to Ratisbon receives, regularly, half a dozen quarrels, among the perquisites of his employment.",disgust,0.33139199018478394
5,"You may be sure the ladies are not wanting, on their side, in cherishing and improving  these important _picques_, which divide the town almost into as many parties, as there are families.",neutral,0.7555567622184753
5,"They chuse rather to suffer the mortification of sitting almost alone on their assembly nights, than to recede one jot from their pretensions.",disgust,0.6505558490753174
5,"I have not been here above a week, and yet I have heard from almost every one of them the whole history of their wrongs, and dreadful complaint of the injustice of their neighbours, in hopes to draw me to their party.",disgust,0.4293433725833893
5,"But I think it very prudent to remain neuter, though, if I was to stay amongst them, there would be no possibility of continuing so, their quarrels running so high, that they will not be civil to those that visit their adversaries.",neutral,0.6873664855957031
5,"The foundation of these everlasting disputes, turns entirely upon rank, place, and the title of Excellency, which they all pretend to; and, what is very hard, will give it to no body.",neutral,0.6659882068634033
5,"For my part, I could not forbear advising them, (for the public good) to give the title of Excellency to every body; which would include the receiving it from every body; but the very mention of such a dishonourable peace, was received with as much indignation, as Mrs Blackaire did the motion of a reference.",anger,0.9660758972167969
5,"And indeed, I began to think myself ill-natured, to offer to take from them, in a town where there are so few diversions, so entertaining an amusement.",disgust,0.5452827215194702
5,"I know that my peaceable disposition already gives me a very ill figure, and that 'tis _publicly_ whispered as a piece of impertinent pride in me, that I have hitherto been saucily civil to every body, as if I thought nobody good enough to quarrel with.",sadness,0.5114861130714417
5,"I should be obliged to change my behaviour, if I did not intend to pursue my journey in a few days.",sadness,0.39992889761924744
5,"I have been to see the churches here, and had the permission of touching the relicks, which was never suffered in places where I was not known.",neutral,0.702812135219574
5,"I had, by this privilege, the opportunity of making an observation, which I doubt not might have been made in all the other churches, that the emeralds and rubies which they show round their relicks and images are most of them false; though they tell you that many of the _Crosses_ and _Madonas_ (sic), set round with these stones, have been the gifts of emperors and other great princes.",neutral,0.8706054091453552
5,"I don't doubt, indeed, but they were at first jewels of value; but the good fathers have found it convenient to apply them to other uses, and the people are just as well satisfied with bits of glass amongst these relicks.",neutral,0.4899449348449707
5,"They shewed me a prodigious claw set in gold, which they called the claw of a griffin; and I could not forbear asking the reverend priest that shewed it, Whether the griffin was a saint?",disgust,0.9160221815109253
5,"The question almost put him beside his gravity; but he answered, They only kept it as a curiosity.",neutral,0.8896819949150085
5,"I was very much scandalised at a large silver image of the _Trinity_, where the _Father_ is represented under the figure of a decrepit old man, with a beard down to his knees, and triple crown on his head, holding in his arms the _Son_, fixed on the cross, and the _Holy Ghost_, in the shape of a dove, hovering over him.",disgust,0.9673373103141785
5,"Madam ---- is come this minute to call me to the assembly, and forces me to tell you, very abruptly, that I am ever your, &c. &c.",surprise,0.7664379477500916
6,"I AM now, my dear sister, safely arrived at Vienna; and, I thank God, have not at all suffered in my health, nor (what is dearer to me) in that of my child, by all our fatigues.",joy,0.7998759746551514
6,"We travelled by water from Ratisbon, a journey perfectly agreeable, down the Danube, in one of those little vessels, that they, very properly, call wooden houses, having in them all the conveniences of a palace, stoves in the chambers, kitchens, &c.  They are rowed by twelve men each, and move with such incredible swiftness, that in the same day you have the pleasure of a vast variety of prospects; and, within the space of a few hours, you have the pleasure of seeing a populous city adorned with magnificent palaces, and the most romantic solitudes, which appear distant from the commerce of mankind, the banks of the Danube being charmingly diversified with woods, rocks, mountains covered with vines, fields of corn, large cities, and ruins of ancient castles.",joy,0.581841766834259
6,"I saw the great towns of Passau and Lintz, famous for the retreat of the imperial court, when Vienna was besieged.",fear,0.8725139498710632
6,"This town, which has the honour of being the emperor's residence, did not at all answer my expectation, nor ideas of it, being much less than I expected to find it; the streets are very close, and so narrow, one cannot observe the fine fronts of the palaces, though many of them very well deserve observation, being truly magnificent.",neutral,0.3564361035823822
6,"They are built of fine white stone, and are excessive high.",neutral,0.8426500558853149
6,"For as the town is too little for the number of the people that desire to live in it, the builders seem to have projected to repair that misfortune, by clapping one town on the top of another, most of the houses being of five, and some of them six stories.",neutral,0.7249951958656311
6,"You may easily imagine, that the streets being so narrow, the rooms are extremely dark; and, what is an inconveniency much more intolerable, in my opinion, there is no house has so few as five or six families in it.",disgust,0.509798526763916
6,"The apartments of the greatest ladies, and even of the ministers of state, are divided, but by a partition, from that of a taylor (sic) or shoemaker; and I know no body that has above two floors in any house, one for their own use, and one higher for their servants.",neutral,0.5396056771278381
6,"Those that have houses of their own, let Out the rest of them to whoever will take them; and thus the great stairs, (which are all of stone) are as common and as dirty as the street.",disgust,0.9366981983184814
6,"'Tis true, when you have once travelled through them, nothing can be more surprisingly magnificent than the apartments.",surprise,0.9638183116912842
6,"They are commonly a _suite_ of eight or ten large rooms, all inlaid, the doors and windows richly carved and gilt, and the furniture, such as is seldom seen in the palaces of sovereign princes in other countries.",neutral,0.8800883889198303
6,"Their apartments are adorned with hangings of the finest tapestry of Brussels, prodigious large looking glasses in silver frames, fine japan tables, beds, chairs, canopies, and window curtains of the richest Genoa damask or velvet, almost covered with gold lace or embroidery.",neutral,0.8151863813400269
6,"All this is made gay by pictures, and vast jars of japan china, and large lustres of rock crystal.",neutral,0.8564212322235107
6,"I have already had the honour of being invited to dinner by several of the first people of quality; and I must do them the justice to say, the good taste and magnificence of their tables, very well answered to that of their furniture.",joy,0.6134011149406433
6,"I have been more than once entertained with fifty dishes of meat all served in silver, and well dressed; the desert (sic) proportionable, served in the finest china.",joy,0.8565471172332764
6,"But the variety and richness of their wines, is what appears the most surprising.",surprise,0.9762868285179138
6,"The constant way is, to lay a list of their names upon the plates of the guests, along with the napkins; and I have counted several times to the number of eighteen different sorts, all exquisite in their kinds.",neutral,0.8801831007003784
6,"I was yesterday at Count Schoonbourn, the vice-chancellor's garden, where I was invited to dinner.",joy,0.9799962043762207
6,"I must own, I never saw a place so perfectly delightful as the Fauxburg (sic) of Vienna.",neutral,0.3516625761985779
6,"It is very large, and almost wholly composed of delicious palaces.",joy,0.6819390654563904
6,"If the emperor found it proper to permit the gates of the town to be laid open, that the Fauxburg might be joined to it, he would have one of the largest and best built cities in Europe.",neutral,0.764862060546875
6,"Count Schoonbourn's villa is one of the most magnificent; the furniture all rich brocades, so well fancied and fitted up, nothing can look more gay and splendid; not to speak of a gallery, full of rarities of coral, mother of pearl, and, throughout the whole house, a profusion of gilding, carving, fine paintings, the most beautiful porcelain, statues of alabaster and ivory, and vast orange and lemon trees in gilt pots.",joy,0.34077224135398865
6,"The dinner was perfectly fine and well ordered, and made still more agreeable by the good humour of the Count.",joy,0.9347298741340637
6,"I have not yet been at court, being forced to stay for my gown, without which there is no waiting on the empress; though I am not without great impatience to see a beauty that has been the admiration of so many different nations.",anger,0.9260327219963074
6,"When I have had that honour, I will not fail to let you know my real thoughts, always taking a particular pleasure in communicating them to my dear sister.",joy,0.7138224840164185
7,PERHAPS you'll laugh at me for thanking you very gravely for all the obliging concern you express for me.,fear,0.5412499308586121
7,"'Tis certain that I may, if I please, take the fine things you say to me for wit and raillery; and, it may be, it would be taking them right.",neutral,0.8556374311447144
7,"But I never, in my life, was half so well disposed to take you in earnest as I am at present; and that distance which makes the continuation of your friendship improbable, has very much increased my faith in it.",fear,0.8152081370353699
7,"I find that I have, (as well as the rest of my sex) whatever face I set on't, a strong disposition to believe in miracles.",neutral,0.6597232222557068
7,"Don't fancy, however, that I am infected by the air of these popish countries; I have, indeed, so far wandered from the discipline of the church of England, as to have been last Sunday at the opera, which was performed in the garden of the Favorita; and I was so much pleased with it, I have not yet repented my seeing it.",disgust,0.4083685874938965
7,"Nothing of that kind ever was more magnificent; and I can easily believe what I am told, that the decorations and habits cost the emperor thirty thousand pounds Sterling.",surprise,0.739876925945282
7,"The stage was built over a very large canal, and, at the beginning of the second act, divided into two parts, discovering the water, on which there immediately came, from different parts, two fleets of little gilded vessels, that gave the representation of a naval fight.",neutral,0.4149821698665619
7,"It is not easy to imagine the beauty of this scene, which I took particular notice of.",neutral,0.4382532835006714
7,But all the rest were perfectly fine in their kind.,neutral,0.8996661901473999
7,"The story of the opera is the enchantment of Alcina, which gives opportunities for great variety of machines, and changes of the scenes, which are performed with a surprising swiftness.",surprise,0.9288201928138733
7,"The theatre is so large, that it is hard to carry the eye to the end of it, and the habits in the utmost magnificence, to the number of one hundred and eight.",neutral,0.7783080339431763
7,"No house could hold such large decorations: but the ladies all sitting in the open air, exposes them to great inconveniences; for there is but one canopy for the imperial family; and the first night it was represented, a shower of rain happening, the opera was broke off, and the company crowded away in such confusion, that I was almost squeezed to death.--But if their operas are thus delightful, their comedies are in as high a degree ridiculous.",joy,0.5330439209938049
7,"They have but one play-house, where I had the curiosity to go to a German comedy, and was very glad it happened to be the story of Amphitrion (sic).",joy,0.9809485673904419
7,"As that subject has been already handled by a Latin, French, and English poet, I was curious to see what an Austrian author would make of it.",surprise,0.6392598152160645
7,"I understand enough of that language to comprehend the greatest part of it; and besides, I took with me a lady, that had the goodness to explain to me every word.",neutral,0.6849048733711243
7,"The way is, to take a box, which holds four, for yourself and company.",neutral,0.9228302240371704
7,The fixed price is a gold ducat.,neutral,0.9479225873947144
7,"I thought the house very low and dark; but I confess, the comedy admirably recompensed that defect.",joy,0.33525463938713074
7,I never laughed so much in my life.,neutral,0.3077116906642914
7,"It began with Jupiter's falling in love out of a peep-hole in the clouds, and ended with the birth of Hercules.",neutral,0.5745488405227661
7,"But what was most pleasant, was the use Jupiter made of his metamorphosis; for you no sooner saw him under the figure of Amphitrion, but, instead of flying to Alcmena, with the raptures Mr Dryden puts into his mouth, he sends for Amphitrion's taylor, and cheats him of a laced coat, and his banker of a bag of money, a Jew of a diamond ring, and bespeaks a great supper in his name; and the greatest part of the comedy turns upon poor Amphitrion's being tormented by these people for their debts.",joy,0.5012514591217041
7,Mercury uses Sofia in the same manner.,neutral,0.9269227981567383
7,"But I could not easily pardon the liberty the poet has taken of larding his play with, not only indecent expressions, but such gross words, as I don't think Our mob would suffer from a mountebank.",disgust,0.9763153791427612
7,"Besides, the two Sofias very fairly let down their breeches in the direct view of the boxes, which were full of people of the first rank, that seemed very well pleased with their entertainment, and assured me, this was a celebrated piece.",joy,0.9746835231781006
7,"I shall conclude my letter with this remarkable relation, very well worthy the serious consideration of Mr Collier.",joy,0.4760805666446686
7,"I won't trouble you with farewel (sic) compliments, which I think generally as impertinent, as courtesies at leaving the room, when the visit had been too long already.",neutral,0.7521481513977051
8,"THOUGH I have so lately troubled you, my dear sister, with a long letter, yet I will keep my promise in giving you an account of my first going to court.",sadness,0.7818227410316467
8,"In order to that ceremony, I was squeezed up in a gown, and adorned with a gorget and the other implements thereunto belonging; a dress very inconvenient, but which certainly shows the neck and shape to great advantage.",disgust,0.8666033744812012
8,"I cannot forbear giving you some description of the fashions here, which are more monstrous, and contrary to all common sense and reason, than 'tis possible for you to imagine.",disgust,0.9044379591941833
8,"They build certain fabrics of gauze on their heads, about a yard high, consisting of three or four stories, fortified with numberless yards of heavy ribbon.",neutral,0.80986088514328
8,"The foundation of this structure is a thing they call a _Bourle_, which is exactly of the same shape and kind, but about four times as big as those rolls our prudent milk-maids make use of to fix their pails upon.",neutral,0.9421848654747009
8,"This machine they cover With their own hair, which they mix with a great deal of false, it being a particular beauty to have their heads too large to go into a moderate tub.",neutral,0.8807705044746399
8,"Their hair is prodigiously powdered to conceal the mixture, and set out with three or four rows of bodkins (wonderfully large, that stick out two or three inches from their hair) made of diamonds, pearls, red, green, and yellow stones, that it certainly requires as much art and experience to carry the load upright, as to dance upon May-day with the garland.",neutral,0.883224368095398
8,"Their whale-bone petticoats outdo ours by several yards, circumference, and cover some acres of ground.",neutral,0.8916726112365723
8,"You may easily suppose how this extraordinary dress sets off and improves the natural ugliness, with which God Almighty has been pleased to endow them, generally speaking.",neutral,0.8193846940994263
8,"Even the lovely empress herself is obliged to comply, in some degree, with these absurd fashions, which they would not quit for all the world.",neutral,0.510878324508667
8,"I had a private audience (according to ceremony) of half an hour, and then all the other ladies were permitted to come and make their court.",neutral,0.829744815826416
8,"I was perfectly charmed with the empress; I cannot however tell you that her features are regular; her eyes are not large, but have a lively look full of sweetness; her complexion the finest I ever saw; her nose and forehead well made, but her mouth has ten thousand charms, that touch the soul.",joy,0.9112033247947693
8,"When she smiles, 'tis with a beauty and sweetness that forces adoration.",joy,0.9132061004638672
8,"She has a vast quantity of fine fair hair; but then her person!--one must speak of it poetically to do it rigid justice; all that the poets have said of the mien of Juno, the air of Venus, come not up to the truth.",neutral,0.631623387336731
8,The Graces move with her; the famous statue of Medicis was not formed with more delicate proportions; nothing can be added to the beauty of her neck and hands.,neutral,0.8233595490455627
8,"Till I saw them, I did not believe there were any in nature so perfect, and I was almost sorry that my rank here did not permit me to kiss them; but they are kissed sufficiently; for every body that waits on her pays that homage at their entrance, and when they take leave.",neutral,0.38266268372535706
8,"When the ladies were come in, she sat down to Quinze.",disgust,0.8018260598182678
8,"I could not play at a game I had never seen before, and she ordered me a seat at her right hand, and had the goodness to talk to me very much, with that grace so natural to her.",disgust,0.4111967086791992
8,"I expected every moment, when the men were to come in to pay their court; but this drawing-room is very different from that of England; no man enters it but the grand-master, who comes in to advertise the empress of the approach of the emperor.",surprise,0.4022415578365326
8,His imperial majesty did me the honour of speaking to me in a very obliging manner; but he never speaks to any of the other ladies; and the whole passes with a gravity and air of ceremony that has something very formal in it.,neutral,0.6045404672622681
8,"The empress Amelia, dowager of the late emperor Joseph, came this evening to wait on the reigning empress, followed by the two arch-duchesses her daughters, who are very agreeable young princesses.",joy,0.6409738063812256
8,"Their imperial majesties rose and went to meet her at the door of the room, after which she was seated in an armed (sic) chair, next the empress, and in the same manner at supper, and there the men had the permission of paying their court.",disgust,0.6322241425514221
8,The arch-duchesses sat on chairs with backs without arms.,disgust,0.8995404839515686
8,"The table was entirely served, and all the dishes set on by the empress's maids of honour, which are twelve young ladies of the first quality.",neutral,0.5722198486328125
8,"They have no salary, but their chamber at court, where they live in a sort of confinement, not being suffered to go to the assemblies or public places in town, except in compliment to the wedding of a sister maid, whom the empress always presents with her picture set in diamonds.",disgust,0.45752957463264465
8,"The three first of them are called _Ladies of the Key_, and wear gold keys by their sides; but what I find most pleasant, is the custom, which obliges them, as long as they live, after they have left the empress's service, to make her some present every year on the day of her feast.",joy,0.6179712414741516
8,"Her majesty is served by no married women but the _grande maitresse_, who is generally a widow of the first quality, always very old, and is at the same time groom of the stole, and mother of the maids.",neutral,0.7254766821861267
8,"The dressers are not, at all, in the figure they pretend to in England, being looked upon no otherwise than as downright chambermaids.",disgust,0.8454040288925171
8,"I had an audience next day Of the empress mother, a princess of great virtue and goodness, but who picques herself too much on a violent devotion.",disgust,0.7092500925064087
8,"She is perpetually performing extraordinary acts of penance, without having ever done any thing to deserve them.",disgust,0.505561351776123
8,"She has the same number of maids of honour, whom she suffers to go in colours; but she herself never quits her mourning; and sure nothing can be more dismal than the mourning here, even for a brother.",sadness,0.9712873697280884
8,There is not the least bit of linen to be seen; all black crape (sic) instead of it.,neutral,0.6918765902519226
8,"The neck, ears and side of the face are covered with a plaited piece of the same stuff, and the face that peeps out in the midst of it, looks as if it were pilloried.",disgust,0.576363205909729
8,"The widows wear over and above, a crape forehead cloth; and, in this solemn weed, go to all the public places of diversion without scruple.",neutral,0.38775941729545593
8,"The next day I was to wait on the empress Amelia, who is now at her palace of retirement, half a mile from the town.",neutral,0.7413665056228638
8,"I had there the pleasure of seeing a diversion wholly new to me, but which is the common amusement of this court.",joy,0.979213535785675
8,"The empress herself was seated on a little throne at the end of the fine alley in the garden, and on each side of her were ranged two parties of her ladies of quality, headed by two Young archduchesses, all dressed in their hair, full of jewels, with fine light guns in their hands; and at proper distances were placed three oval pictures, which were the marks to be shot at.",disgust,0.5738911628723145
8,"The first was that of a CUPID, filling a bumper of Burgundy, and the motto, _'Tis easy to be valiant here_.",neutral,0.8715251088142395
8,"The second a FORTUNE, holding a garland in her hand, the motto, _For her whom Fortune favours_.",neutral,0.6961740851402283
8,"The third was a SWORD, with a laurel wreath on the point, the motto, _Here is no shame to be vanquished_.--Near the empress was a gilded trophy wreathed with flowers, and made of little crooks, on which were hung rich Turkish handkerchiefs, tippets, ribbons, laces, &c. for the small prizes.",disgust,0.449150949716568
8,"The empress gave the first with her own hand, which was a fine ruby ring set round with diamonds, in a gold snuff-box.",neutral,0.8473641276359558
8,"There was for the second, a little Cupid set with brilliants, and besides these a set of fine china for the tea-table, enchased in gold, japan trunks, fans, and many gallantries of the same nature.",neutral,0.7615475654602051
8,"All the men of quality at Vienna were spectators; but the ladies only had permission to shoot, and the arch-duchess Amelia carried off the first prize.",neutral,0.7128674983978271
8,"I was very well pleased with having seen this entertainment, and I do not know but it might make as good a figure as the prize-shooting in the Eneid, if I could write  as well as Virgil.",joy,0.9886593818664551
8,"This is the favourite pleasure of the emperor, and there is rarely a week without some feast of this kind, which makes the young ladies skilful enough to defend a fort.",joy,0.9157940745353699
8,They laughed very much to see me afraid to handle a gun.,fear,0.709498405456543
8,"My dear sister, you will easily pardon an abrupt conclusion.",neutral,0.8122736215591431
8,"I believe, by this time, you are ready to think I shall never conclude at all.",neutral,0.9239190816879272
9,"I AM extremely rejoiced, but not at all surprised, at the long, delightful letter, you have had the goodness to send me.",surprise,0.6977169513702393
9,"I know that you can think of an absent friend even in the midst of a court, and you love to oblige, where you can have no view of a return; and I expect from you that you should love me, and think of me, when you don't see me.",anger,0.48301464319229126
9,"I have compassion for the mortifications that you tell me befel (sic) our little old friend, and I pity her much more, since I know, that they are only owing to the barbarous customs of our country.",disgust,0.7563471794128418
9,"Upon my word, if she were here, she would have no other fault but that of being something too young for the fashion, and she has nothing to do but to transplant herself hither about seven years hence, to be again a young and blooming beauty.",neutral,0.865718424320221
9,"I can assure you, that wrinkles, or a small stoop in the shoulders, nay, even gray-hairs (sic), are no objection to the making new conquests.",neutral,0.8277223706245422
9,"I know you cannot easily figure to yourself, a young fellow of five and twenty, ogling my lady S-ff--k with passion, or pressing to hand the countess of O----d from an opera.",disgust,0.9649984240531921
9,"But such are the sights I see every day, and I don't perceive any body surprized (sic) at them but myself.",neutral,0.601218044757843
9,"A woman, till five and thirty, is only looked upon as a raw girl, and can possibly make no noise in the world, till about forty.",disgust,0.9500585198402405
9,"I don't know what your ladyship may think of this matter; but 'tis a considerable comfort to me, to know there is upon earth such a paradise for old women; and I am content to be insignificant at present, in the design of returning when I am fit to appear no where else.",joy,0.8472785949707031
9,"I cannot help, lamenting, on  this occasion, the pitiful case of too many English ladies, long since retired to prudery and ratafia, who, if their stars had luckily conducted hither, would shine in the first rank of beauties.",sadness,0.9866824150085449
9,"Besides, that perplexing word _reputation_, has quite another meaning here than what you give it at London; and getting a lover is so far from losing, that 'tis properly getting reputation; ladies being much more respected in regard to the rank of their lovers, than that of their husbands.",neutral,0.3636763095855713
9,"BUT what you'll think very odd, the two sects that divide our whole nation of petticoats, are utterly unknown in this place.",surprise,0.6869314312934875
9,Here are neither coquettes nor prudes.,neutral,0.943104088306427
9,No woman dares appear coquette enough to encourage two lovers at a time.,disgust,0.5261034965515137
9,"And I have not seen any such prudes as to pretend fidelity to their husbands, who are certainly the best natured set of people in the world, and look upon their wives' gallants as favourably as men do upon their deputies, that take the troublesome part of their business off their hands.",disgust,0.5474458932876587
9,"They have not however the less to do on that account; for they are generally deputies in another place themselves; in one word, 'tis the established custom for every lady to have two husbands, one that bears the name, and another that performs the duties.",neutral,0.9096074104309082
9,"And the engagements are so well known, that it would be a downright affront, and publicly resented, if you invited a woman of quality to dinner, without, at the same time, inviting her two attendants of lover and husband, between whom she sits in state with great gravity.",disgust,0.7398333549499512
9,"The sub-marriages generally last twenty years together, and the lady often commands the poor lover's estate, even to the utter ruin of his family.",disgust,0.404232382774353
9,"These connections, indeed, are as seldom begun by any real passion as other matches; for a man makes but an ill figure that is not in some commerce of this nature; and a woman looks out for a lover as soon as she's married, as part of her equipage, without which she could not be genteel; and the first article of the treaty is establishing the pension, which remains to the lady, in case the gallant should prove inconstant.",disgust,0.4659433364868164
9,"This chargeable point of honour, I look upon as the real foundation of so many wonderful influences of constancy.",neutral,0.6284549832344055
9,"I really know some women of the first quality, whose pensions are as well known as their annual rents, and yet nobody esteems them the less; on the contrary, their discretion would be called in question, if they should be suspected to be mistresses for nothing.",disgust,0.5192667841911316
9,"A great part of their emulation consists in trying who shall get most; and having no intrigue at all, is so far a disgrace, that, I'll assure you, a lady, who is very much my friend here, told me but yesterday, how much I was obliged to her for justifying my conduct in a conversation relating to me, where it was publicly asserted, that I could not possibly have common sense, since I had been in town above a fortnight, and had made no steps towards commencing an amour.",disgust,0.7143559455871582
9,"My friend pleaded for me, that my stay was uncertain, and she believed that was the cause of my seeming stupidity; and this was all she could find to say in my justification.",anger,0.6476306319236755
9,"But one of the pleasantest adventures I ever met with in my life was last night, and it will give you a just idea in what a delicate manner the _belles passions_ are managed in this country.",joy,0.9602007865905762
9,"I was at the assembly of the countess of -----, and the young count of ----- leading me down stairs, asked me how long I was to stay at Vienna?",fear,0.37737834453582764
9,"I made answer, that my stay depended on the emperor, and it was not in my power to determine it.",neutral,0.6389917135238647
9,"Well, madam, (said he) whether your time here is to be longer or shorter, I think you ought to pass it agreeably, and to that end you must engage in a _little affair of the heart_.--My heart, (answered I gravely enough) does not engage very easily, and I have no design of parting with it.",sadness,0.8397040963172913
9,"I see, madam, (said he sighing) by the ill nature of that answer, I am not to hope for it, which is a great mortification to me that am charmed with you.",joy,0.520852267742157
9,"But, however, I am still devoted to your service; and since I am not worthy of entertaining you myself, do me the honour of letting me know whom you like best amongst us, and I'll engage to manage the affair entirely to your satisfaction.",neutral,0.357478529214859
9,"You may judge in what manner I should have received this compliment in my own country; but I was well enough acquainted with the way of this, to know that he really intended me an obligation, and I thanked him with a very grave courtesy for his zeal to serve me, and only assured him, I had no occasion to make use of it.",neutral,0.6242954730987549
9,"Thus you see, my dear, that gallantry and good-breeding are as different, in different climates, as morality and religion.",neutral,0.9051814675331116
9,"Who have the rightest (sic) notions of both, we shall never know till the day of judgment; for which great day of _eclaircissement_, I own there is very little impatience in your, &c. &c.",anger,0.5887794494628906
10,I WAS never more agreeably surprised than by your obliging letter.,surprise,0.9847835898399353
10,"'Tis a peculiar mark of my esteem that I tell you so; and I can assure you, that if I loved you one grain less than I do, I should be very sorry to see it so diverting as it is.",sadness,0.9329442381858826
10,"The mortal aversion I have to writing, makes me tremble at the thoughts of a new correspondent; and I believe I have disobliged no less than a dozen of my London acquaintance by refusing to hear from them, though I did verily think they intended to send me very entertaining letters.",fear,0.9933919310569763
10,"But I had rather lose the pleasure of reading several witty things, than be forced to write many stuped (sic) ones.",neutral,0.3040146827697754
10,"Yet, in spite of these considerations, I am charmed with the proof of your friendship, and beg a continuation of the same goodness, though I fear the dulness of this will make you immediately repent of it.",fear,0.5158877968788147
10,"It is not from Austria that one can write with vivacity, and I am already infected with the phlegm of the country.",disgust,0.8551971912384033
10,"Even their amours and their quarrels are carried on with a surprising temper, and they are never lively but upon points of ceremony.",surprise,0.9353235363960266
10,"There, I own, they shew all their passions; and 'tis not long since two coaches, meeting in a narrow street at night, the ladies in them not being able to adjust the ceremonial of which should go back, sat there, with equal gallantry till two in the morning, and were both so fully determined to die upon the spot rather than yield, in a point of that importance, that the street would never have been cleared till their deaths, if the emperor had not sent his guards to part them; and even then they refused to stir, till the expedient could be found out of taking them both out in chairs, exactly in the same moment.",neutral,0.3440120816230774
10,"After the ladies were agreed, it was with some difficulty that the pass was decided between the two coachmen, no less tenacious of their rank than the ladies.",neutral,0.6081298589706421
10,"This passion is so omnipotent in the breasts of the women, that even their husbands never die but they are ready to break their hearts, because that fatal hour puts an end to their rank, no widows having any place at Vienna.",anger,0.47333839535713196
10,"The men are not much less touched with this point of honour, and they do not only scorn to marry, but even to make love to any woman of a family not as illustrious as their own; and the pedigree is much more considered by them, than either the complexion of features of their mistresses.",disgust,0.6517411470413208
10,"Happy are the she's (sic) that can number amongst their ancestors, counts of the empire; they have neither occasion for beauty, money, nor good conduct to get them husbands.",joy,0.857420027256012
10,"'Tis true, as to money, 'tis seldom any advantage to the man they marry; the laws of Austria confine the woman's portion to two thousand florins (about two hundred pounds English), and whatever they have beside, remains in their own possession and disposal.",neutral,0.7004207372665405
10,"Thus, here are many ladies much richer than their husbands, who are however obliged to allow them pin-money agreeable to their quality; and I attribute to this considerable branch of prerogative, the liberty that they take upon other occasions.",neutral,0.7112550139427185
10,"I am sure, you, that know my laziness, and extreme indifference on this subject, will pity me, entangled amongst all these ceremonies, which are a wonderful burden to me, though I am the envy of the whole town, having, by their own customs, the pass before them all.",disgust,0.4814186990261078
10,"They indeed, so revenge, upon the poor envoys, this great respect shewn to ambassadors, that (with all my indifference) I should be very uneasy to suffer it.",fear,0.9064856171607971
10,"Upon days of ceremony they have no entrance at court, and on other days must content themselves with walking after every soul, and being the very last taken notice of.",neutral,0.8564252257347107
10,"But I must write a volume to let you know all the ceremonies, and I have already said too much on so dull a subject, which however employs the whole care of the people here.",sadness,0.819110631942749
10,"I need not, after this, tell you how agreeably time slides away with me; you know as well as I do the taste of, Your's, &c. &c.",neutral,0.9433924555778503
11,"YOU desire me, madam, to send you some accounts of the customs here, and at the same time a description of Vienna.",neutral,0.7461527585983276
11,"I am always willing to obey your commands; but you must, upon this occasion, take the will for the deed.",neutral,0.6016493439674377
11,"If I should undertake to tell you all the particulars, in which the manners here differ from ours, I must write a whole quire of the dullest stuff that ever was read, or printed without being read.",sadness,0.7841980457305908
11,"Their dress agrees with the French or English in no one article, but wearing petticoats.",neutral,0.9265622496604919
11,"They have many fashions peculiar to themselves; they think it indecent for a widow ever to wear green or rose colour, but all the other gayest colours at her own discretion.",disgust,0.4937323331832886
11,"The assemblies here are the only regular diversion, the operas being always at court, and commonly on some particular occasion.",neutral,0.8647451996803284
11,"Madam Rabutin has the assembly constantly every night at her house; and the other ladies, whenever they have a mind to display the magnificence of their apartments, or oblige a friend by complimenting them on the day of their saint, they declare, that on such a day the assembly shall be at their house in honour of the feast of the count or countess--_such a one_.",neutral,0.3973332941532135
11,"These days are called days of Gala, and all the friends or relations of the lady, whose saint it is, are obliged to appear in their best clothes, and all their jewels.",neutral,0.7533556818962097
11,"The mistress of the house takes no particular notice of any body, nor returns any body's visit; and, whoever pleases, may go, without the formality of being presented.",disgust,0.3680003583431244
11,"The company are entertained with ice in several forms, winter and summer; afterwards they divide into several parties of ombre, piquet, or conversation, all games of hazard being forbid.",neutral,0.8235482573509216
11,"I SAW t'other day the Gala for Count Altheim, the emperor's favourite, and never in my life saw so many fine clothes ill-fancied.",sadness,0.46135812997817993
11,"They embroider the richest gold stuffs; and provided they can make their clothes expensive enough, that is all the taste they shew in them.",neutral,0.8367511630058289
11,"On other days, the general dress is a scarf, and what you please under it.",neutral,0.8695785999298096
11,"BUT now I am speaking of Vienna, I am sure you expect I should say something of the convents; they are of all sorts and sizes, but I am best pleased with that of St Lawrence, where the ease and neatness they seem to live with, appears to be much more edifying than those stricter orders, where perpetual penance and nastiness must breed discontent and wretchedness.",neutral,0.26386570930480957
11,The Nuns are all of quality.,neutral,0.9472035765647888
11,I think there are to the number of fifty.,neutral,0.8939215540885925
11,"They have each of them a little cell perfectly clean, the walls of which are covered with pictures more or less fine, according to their quality.",neutral,0.9557218551635742
11,"A long white stone gallery runs by all of them, furnished With the pictures of exemplary sisters; the chapel is extremely neat and richly adorned.",joy,0.5078946352005005
11,"But I could not forbear laughing at their shewing me a wooden head of our Saviour, which, they assured me, spoke during the siege of Vienna; and, as a proof of it, bid me mark his mouth, which had been open ever since.",disgust,0.7041160464286804
11,Nothing can be more becoming than the dress of these Nuns.,neutral,0.6899179220199585
11,"It is a white robe, the sleeves of which are turned up with fine white callico (sic), and their head-dress the same, excepting a small veil of black crape that falls behind.",neutral,0.8573018908500671
11,"They have a lower sort of serving Nuns, that wait on them as their chambermaids.",neutral,0.9666027426719666
11,"They receive all visits of women, and play at ombre in their chambers, with permission of their abbess, which is very easy to be obtained.",neutral,0.747139573097229
11,"I never saw an old woman so good-natured; she is near fourscore, and yet shews very little sign of decay, being still lively and cheerful.",joy,0.7273790836334229
11,"She caressed me as if I had been her daughter, giving me some pretty things of her own work, and sweetmeats in abundance.",neutral,0.8124697804450989
11,"The grate is not of the most rigid; it is not very hard to put a head through, and I don't doubt but a man, a little  more slender than ordinary, might squeeze in his whole person.",disgust,0.5237999558448792
11,"The young count of Salamis came to the grate, while I was there, and the abbess gave him her hand to kiss.",disgust,0.9728848338127136
11,"But I was surprised to find here, the only beautiful young woman I have seen at Vienna, and not only beautiful but genteel, witty, and agreeable, of a great family, and who had been the admiration of the town.",surprise,0.9791570901870728
11,I could not forbear shewing my surprise at seeing a Nun like her.,surprise,0.975640058517456
11,"She made me a thousand obliging compliments, and desired me to come often.",joy,0.6244932413101196
11,"It will be an infinite pleasure to me, (said she, sighing) but I avoid, with the greatest care, seeing any of my former acquaintance, and whenever they come to our convent, I lock myself in my cell.",joy,0.39321568608283997
11,"I observed tears come into her eyes, which touched me extremely, and I began to talk to her in that strain of tender pity she inspired me with; but she would not own to me, that she is not perfectly happy.",sadness,0.8644191026687622
11,"I have since endeavoured to learn the real cause of her retirement, without being able to get any other account, but that every body was surprised at it, and no body guessed the reason.",surprise,0.9835125803947449
11,I have been several times to see her; but it gives me too much melancholy to see so agreeable a young creature buried alive.,sadness,0.9790634512901306
11,"I am not surprised that Nuns have so often inspired violent passions; the pity one naturally feels for them, when they seem worthy of another destiny, making an easy way for yet more tender sentiments.",sadness,0.6320867538452148
11,"I never in my life had so little charity for the Roman Catholick (sic) religion, as since I see the misery it occasions; so many poor unhappy women!",sadness,0.9783309698104858
11,"and then the gross superstition of the common people, who are some or other of them, day and night, offering bits of candle to the wooden figures that are set up almost in every street.",disgust,0.9499123096466064
11,"The processions I see very often, are a pageantry, as offensive, and apparently contradictory to common sense, as the pagods (sic) of China.",disgust,0.8195643424987793
11,"God knows whether it be the _womanly_ spirit of contradiction that works in me; but there never before was such zeal against popery in the heart of, Dear madam, &c. &c.",neutral,0.5182846784591675
12,I DESERVE not all the reproaches you make me.,anger,0.6166315674781799
12,"If I have some time without answering your letter, it is not, that I don't know how many thanks are due to you for it; or that I am stupid enough to prefer any amusements to the pleasure of hearing from you; but after the professions of esteem you have so obligingly made me, I cannot help delaying, as long as I can, shewing you that you are mistaken.",neutral,0.42290374636650085
12,"If you are sincere, when you say you expect to be extremely entertained by my letters, I ought to be mortified at the disappointment that I am sure you will receive when you hear from me; though I have done my best endeavours to find out something worth writing to you.",disgust,0.49052906036376953
12,"I have seen every thing that was to be seen with a very, diligent curiosity.",neutral,0.9238324165344238
12,"Here are some fine villas, particularly the late prince of Litchtenstein's (sic); but the statues are all modern, and the pictures not of the first hands.",neutral,0.864225447177887
12,"'Tis true, the emperor has some of great value.",neutral,0.9424554109573364
12,"I was yesterday to see the repository, which they call his Treasure, where they seem to have been more diligent in amassing a great quantity of things, than in the choice of them.",neutral,0.7635254263877869
12,"I spent above five hours there, and yet there were very few things that stopped me long to consider them.",surprise,0.5754958987236023
12,"But the number is prodigious, being a very long gallery filled on both sides, and five large rooms.",surprise,0.7408002018928528
12,"There is a vast quantity of paintings, amongst which are many fine miniatures; but the most valuable pictures, are a few of Corregio (sic), those of Titian being at the Favorita.",neutral,0.910728394985199
12,THE cabinet of jewels did not appear to me so rich as I expected to see it.,surprise,0.8217936158180237
12,"They shewed me here a cup, about the size of a tea dish, of one entire emerald, which they had so particular a respect for, that only the emperor has the liberty of touching it.",neutral,0.6791821122169495
12,"There is a large cabinet full of curiosities of clock-work, only one of which I thought worth observing, that was a craw-fish, with all the motions so natural, that it was hard to distinguish it from the life.",neutral,0.36503151059150696
12,"THE next cabinet was a large collection of agates, some of them extremely beautiful, and of an uncommon size, and several vases of Lapis Lazuli.",neutral,0.6120981574058533
12,"I was surprised to see the cabinet of medals so poorly furnished; I did not remark one of any value, and they are kept in a most ridiculous disorder.",surprise,0.9718918800354004
12,"As to the antiques, very few of them deserve that name.",neutral,0.7866699695587158
12,"Upon my saying they were modern, I could not forbear laughing at the answer of the profound antiquary that shewed them, that _they were ancient enough; for, to his knowledge, they had been there these forty years_.",neutral,0.4846494197845459
12,"But the next cabinet diverted me yet better, being nothing else but a parcel of wax babies, and toys in ivory, very well worthy to be presented children of five years old.",neutral,0.37117892503738403
12,"Two of the rooms were wholly filled with these trifles of all kinds, set in jewels, amongst which I was desired to observe a crucifix, that they assured me had spoke very wisely to the emperor Leopold.",neutral,0.6228500008583069
12,I won't trouble you with a catalogue of the rest of the lumber; but I must not forget to mention a small piece of loadstone that held up an anchor of steel too heavy for me to lift.,neutral,0.7920061945915222
12,This is what I thought most curious in the whole treasure.,surprise,0.9099554419517517
12,There are some few heads of ancient statues; but several of them are defaced by modern additions.,neutral,0.6536171436309814
12,"I foresee that you will be very little satisfied with this letter, and I dare hardly ask you to be good-natured enough to charge the dulness (sic) of it on the barrenness of the subject, and to overlook the stupidity of,                                       Your, &c. &c.",sadness,0.35081997513771057
13,"I HOPE my dear sister wants no new proofs of my sincere affection for her: but I am sure, if you do, I could not give you a stronger than writing at this time, after three days, or, more properly speaking, three nights and days, hard post-travelling.--The kingdom of Bohemia is the most desert of any I have seen in Germany.",neutral,0.5289623737335205
13,"The villages are so poor, and the post-houses so miserable, that clean straw and fair water are blessings not always to be met with, and better accommodation not to be hoped for.",sadness,0.8986866474151611
13,"Though I carried my own bed with me, I could not sometimes find a place to set it up in; and I rather chose to travel all night, as cold as it is, wrapped up in my furs, than go into the common stoves, which are filled with a mixture of all sorts of ill scents.",disgust,0.7161194682121277
13,"THIS town was once the royal seat of the Bohemian king, and is still the capital of the kingdom.",neutral,0.9059983491897583
13,"There are yet some remains of its former splendour, being one of the largest towns in Germany, but, for the most part, old built, and thinly inhabited, which makes the houses very cheap.",neutral,0.8718125224113464
13,"Those people of quality, who cannot easily bear the expence of Vienna, chuse to reside here, where they have assemblies, music, and all other diversions, (those of a court excepted) at very moderate rates, all things being here in great abundance, especially the best wild-fowl I ever tasted.",neutral,0.697966992855072
13,"I have already been visited by some of the most considerable ladies, whose relations I know at Vienna.",joy,0.851870059967041
13,"They are dressed after the fashions there, after the manner that the people at Exeter imitate those of London; that is, their imitation is more excessive than the original.",neutral,0.6890658736228943
13,'Tis not easy to describe what extraordinary figures they make.,surprise,0.6391470432281494
13,"The person is so much lost between head-dress and petticoat, that they have as much occasion to write upon their backs, ""_This is a Woman_,"" for the information of travellers, as ever sign-post painter had to write, _""This is a Bear_.""",neutral,0.784122884273529
13,"I will not forget to write to you again from Dresden and Leipzig, being much more solicitous to content your curiosity, than to indulge my own repose.",joy,0.7741771936416626
13,"I am, &c.",neutral,0.5486242175102234
14,"I BELIEVE, dear sister, you will easily forgive my not writing to you from Dresden, as I promised, when I tell you, that I never went out of my chaise from Prague to this place.",joy,0.4642942249774933
14,"You may imagine how heartily I was tired with twenty-four hours post-travelling, without sleep or refreshment (for I can never sleep in a coach, however fatigued.)",sadness,0.7977620959281921
14,"We passed, by moon-shine, the frightful precipices that divide Bohemia from Saxony, at the bottom, of which runs the river Elbe; but I cannot say, that I had reason to fear drowning in it, being perfectly convinced, that in case of a tumble, it was utterly impossible to come alive to the bottom.",fear,0.9917880892753601
14,"In many places, the road is so narrow, that I could not discern an inch of space between the wheels and the precipice.",fear,0.38131338357925415
14,"Yet I was so good a wife, as not to wake Mr W----y, who was fast asleep by my side, to make him share in my fears, since the danger was unavoidable, till I perceived, by the bright light of the moon, our postilions nodding on horse-back, while the horses were on a full gallop.",fear,0.9643184542655945
14,Then indeed I thought it very convenient to call out to desire them to look where they were going.,neutral,0.8140859603881836
14,"My calling waked (sic) Mr W----Y, and he was much more surprised than myself at the situation we were in, and assured me, that he passed the Alps five times in different places, without ever having gone a road so dangerous.",surprise,0.9758595824241638
14,"I have been told since, that 'tis common to find the bodies of travellers in the Elbe; but, thank God, that was not our destiny; and we came safe to Dresden, so much tired with fear and fatigue, it was not possible for me to compose myself to write.",fear,0.9472885727882385
14,"After passing these dreadful rocks, Dresden appeared to me a wonderfully agreeable situation, in a fine large plain on the banks of the Elbe.",fear,0.9233271479606628
14,I was very glad to stay there a day to rest myself.,joy,0.9855330586433411
14,"The town is the neatest I have seen in Germany; most of the houses are new built; the elector's palace is very handsome, and his repository full of curiosities of different kinds, with a collection of medals very much esteemed.",joy,0.77370285987854
14,"Sir ----, our king's envoy, came to see me here, and Madame de L----, whom I knew in London, when her husband was minister to the king of Poland there.",joy,0.5632607936859131
14,"She offered me all things in her power to entertain me, and brought some ladies with her, whom she presented to me.",neutral,0.35311856865882874
14,"The Saxon ladies resemble the Austrian no more than the Chinese do those of London; they are very genteelly dressed, after the English and French modes, and have generally pretty faces, but they are the most determined _minaudieres_ in the whole world.",neutral,0.6932063102722168
14,"They would think it a mortal sin against good-breeding, if they either spoke or moved in a natural manner.",disgust,0.8043553233146667
14,"They all affect a little soft lisp, and a pretty pitty-pat step; which female frailties ought, however, to be forgiven them, in favour of their civility and good nature to strangers, which I have a great deal of reason to praise.",neutral,0.7132563591003418
14,"THE countess of Cozelle is kept prisoner in a melancholy castle, some leagues from hence; and I cannot forbear telling you what I have heard of her, because it seems to me very extraordinary, though I foresee I shall swell my letter to the size of a pacquet.--She was mistress to the king of Poland, (elector of Saxony) with so absolute a dominion over him, that never any lady had so much power in that court.",sadness,0.9710129499435425
14,"They tell a pleasant story of his majesty's first declaration of love, which he made in a visit to her, bringing in one hand a bag of a hundred thousand crowns, and in the other a horse-shoe, which he snapped asunder before her face, leaving her to draw the consequences of such remarkable proofs of strength and liberality.",joy,0.39823994040489197
14,"I know not which charmed her most; but she consented to leave her husband, and to give herself up to him entirely, being divorced publicly, in such a manner, as, by their laws, permits either party to marry again.",anger,0.3105732202529907
14,"God knows whether it was at this time, or in some other fond fit, but 'tis certain, the king had the weakness to make her a formal contract of marriage; which, though it could signify nothing during the life of the queen, pleased her so well, that she could not be contented, without telling it to all the people she saw, and giving herself the airs of a queen.",joy,0.7106292247772217
14,"Men endure every thing while they are in love; but when the excess of passion was cooled by long possession, his majesty began to reflect on the ill consequences of leaving such a paper in her hands, and desired to have it restored to him.",disgust,0.49750879406929016
14,"But she rather chose to endure all the most violent effects of his anger, than give it up; and though she is one of the richest and most avaricious ladies of her country, she has refused the offer of the continuation of a large pension, and the security of a vast sum of money she has amassed; and has, at last, provoked the king to confine her person to a castle, where she endures all the terrors of a strait imprisonment, and remains still inflexible, either to threats or promises.",anger,0.7844973802566528
14,"Her violent passions have brought her indeed into fits, which 'tis supposed, will soon put an end to her life.",anger,0.7062192559242249
14,"I cannot forbear having some compassion for a woman that suffers for a point of honour, however mistaken, especially in a country where points of honour are not over scrupulously observed among ladies.",disgust,0.5531928539276123
14,I COULD have wished Mr W----y's business had permitted him a longer stay at Dresden.,sadness,0.6741381883621216
14,PERHAPS I am partial to a town where they profess the protestant religion; but every thing seemed to me with quite another air of politeness than I have found in other places.,neutral,0.604401171207428
14,"Leipzig, where I am at present, is a town very considerable for its trade, and I take this opportunity of buying pages liveries, gold stuffs for myself, &c. all things of that kind being at least double the price at Vienna; partly because of the excessive customs, and partly through want of genius and industry in the people, who make no one sort of thing there; so that the ladies are obliged to send, even for their shoes, out of Saxony.",joy,0.4218541085720062
14,"The fair here is one of the most considerable in Germany, and the resort of all the people of quality, as well as of the merchants.",joy,0.5900456309318542
14,"This is also a fortified town, but I avoid ever mentioning fortifications, being sensible that I know not how to speak of them.",neutral,0.9349538683891296
14,"I am the more easy Under my ignorance, when I reflect that I am sure you'll willingly forgive the omission; for if I made you the most exact description of all the ravelins and bastions I see in my travels, I dare swear you would ask me, What is a ravelin?",anger,0.5043573975563049
14,"and, What is a bastion?",anger,0.515433669090271
14,"Adieu, my dear sister.",sadness,0.7769653797149658
15,"I AM just come to Brunswick, a very old town, but which has the advantage of being the capital of the duke of Wolsenbuttle's dominions, a family (not to speak of its ancient honours) illustrious, by having its younger branch on the throne of England, and having given two empresses to Germany.",neutral,0.47278866171836853
15,"I have not forgot to drink your health here in mum, which I think very well deserves its reputation of being the best in the world.",neutral,0.7123098373413086
15,"This letter is the third I have writ to you during my journey; and I declare to you, that if you don't send me immediately a full and true account of all the changes and chances among our London acquaintance, I will not write you any description of Hanover (where I hope to be to-night) though I know you have more curiosity to hear of that place than any other.",neutral,0.6912528276443481
16,"I RECEIVED your ladyship's letter, but the day before I left Vienna, though, by the date, I ought to have had it much sooner; but nothing was ever worse  regulated than the post in most parts of Germany.",disgust,0.4277511537075043
16,"I can assure you, the pacquet at Prague was behind my chaise, and in that manner conveyed to Dresden, so that the secrets of half the country were at my mercy, if I had had any curiosity for them.",neutral,0.8947733044624329
16,"I would not longer delay my thanks for yours, though the number of my acquaintances here, and my duty of attending at court, leave me hardly any time to dispose of.",neutral,0.39576563239097595
16,"I am extremely pleased that I can tell you, without flattery or partiality, that our young prince [Footnote: The father of his present Majesty.]",joy,0.9849121570587158
16,"has all the accomplishments that 'tis possible to have at his age, with an air of sprightliness and understanding, and something so very engaging and easy in his behaviour, that he needs not the advantage of his rank to appear charming.",joy,0.883937656879425
16,"I had the honour of a long conversation with him last night, before the king came in.",neutral,0.6260051131248474
16,"His governor retired on purpose (as he told me afterwards) that I might make some judgment of his genius, by hearing him speak without constraint; and I was surprised at the quickness and politeness that appeared in every thing he said; joined to a person perfectly agreeable, and the fine fair hair of the princess.",surprise,0.9828736186027527
16,THIS town is neither large nor handsome; but the palace is capable of holding a much greater court than that of St James's.,neutral,0.8632648587226868
16,"The king has had the goodness to appoint us a lodging in one part of it, without which we should have been very ill accommodated; for the vast number of English, crowds the town so much, 'tis very good luck to get one sorry room in a miserable tavern.",sadness,0.9771506786346436
16,"I dined to-day with the Portuguese ambassador, who thinks himself very happy to have two wretched parlours in an inn.",disgust,0.599177360534668
16,"I have now made the tour of Germany, and cannot help observing a considerable difference between travelling here and in England.",sadness,0.4966925084590912
16,"One sees none of those fine seats of noblemen, so common amongst us, nor any thing like a country gentleman's house, though they have many situations perfectly fine.",neutral,0.9167842268943787
16,"But the whole people are divided into absolute sovereignties, where all the riches and magnificence are at Court, or into communities of merchants, such as Nurenburg (sic) and Frankfort, where they live always in town for the convenience of trade.",neutral,0.9337106943130493
16,The king's company of French comedians play here every night.,neutral,0.7188670039176941
16,"They are very well dressed, and some of them not ill actors.",neutral,0.7553215622901917
16,His majesty dines and sups constantly in public.,neutral,0.8044602274894714
16,"The court is very numerous, and his affability and goodness make it one of the most agreeable places in the world.",joy,0.6866702437400818
16,"Dear madam, your, &c. &c.",neutral,0.43833670020103455
17,"I AM very glad, my  dear lady R----, that you have been so well pleased, as you tell me, at the report of my returning to England; though, like other pleasures, I can assure you it has no real foundation.",joy,0.991104245185852
17,I hope you know me enough to take my word against any report concerning me.,neutral,0.5007681250572205
17,"'Tis true, as to distance of place, I am much nearer to London than I was some weeks ago; but, as to the thoughts of a return, I never was farther off in my life.",neutral,0.37727367877960205
17,"I own, I could with great joy indulge the pleasing hopes of seeing you, and the very few others that share my esteem; but while Mr W---- is determined to proceed in his design, I am determined to follow him.",joy,0.9678472280502319
17,"I am running on upon my own affairs, that is to say, I am going to write very dully, as most people do when they write of themselves.",fear,0.6805712580680847
17,"I will make haste to change the disagreeable subject, by telling you, that I am now got into the region of beauty.",neutral,0.6859066486358643
17,"All the women have (literally) rosy cheeks, snowy foreheads and bosoms, jet eye-brows, and scarlet lips, to which they generally add coal-black hair.",neutral,0.8886525630950928
17,"Those perfections never leave them, till the hour of their deaths, and have a very fine effect by candle light; but I could wish they were handsome with a little more variety.",neutral,0.7480518817901611
17,"They resemble one another as much as Mrs Salmon's court of Great Britain, and are in as much danger of melting away, by too near approaching the fire, which they for that reason carefully avoid, though 'tis now such excessive cold weather, that I believe they suffer extremely by that piece of self-denial.",neutral,0.5545939803123474
17,"The snow is already very deep, and the people begin to slide about in their traineaus.",disgust,0.3201213777065277
17,This is a favourite diversion all over Germany.,joy,0.6151371598243713
17,"They are little machines fixed upon a sledge, that hold a lady and gentleman, and are drawn by one horse.",neutral,0.9266424775123596
17,"The gentleman has the honour of driving, and they move with a prodigious swiftness.",neutral,0.885292649269104
17,"The lady, the horse, and the traineau, are all as fine as they can be made; and when there are many of them together, 'tis a very agreeable show.",joy,0.9286386370658875
17,"At Vienna, where all pieces of magnificence are carried to excess, there are sometimes machines of this kind, that cost five or six hundred pounds English.",neutral,0.9276363253593445
17,"The duke of Wolfenbuttle is now at this court; you know he is nearly related to our king, and uncle to the reigning empress, who is, I believe, the most beautiful princess upon earth.",neutral,0.4292715787887573
17,"She is now with child, which is all the consolation of the imperial court, for the loss of the archduke.",sadness,0.6482713222503662
17,"I took my leave of her the day before I left Vienna, and she began to speak to me with so much grief and tenderness, of the death of that young prince, I had much ado to withhold my tears.",sadness,0.8998010158538818
17,"You know that I am not at all partial to people for their titles; but I own, that I love that charming princess, (if I may use so familiar an expression) and if I had not, I should have been very much moved at the tragical end of an only son, born, after being so long desired, and at length killed by want of good management, weaning him in the beginning of the winter.",joy,0.7220946550369263
17,"Adieu, dear lady R----; continue to write to me, and believe none of your goodness is lost upon   Your, &c.",neutral,0.40772759914398193
18,"I RECEIVED your's, dear sister, the very day I left Hanover.",joy,0.55284184217453
18,You may easily imagine I was then in too great a hurry to answer it; but you see I take the first opportunity of doing myself that pleasure.,joy,0.5456146001815796
18,"I came here the 15th, very late at night, after a terrible journey, in the worst roads and weather that ever poor traveller suffered.",fear,0.9870433211326599
18,"I have taken this little fatigue merely to oblige the reigning empress, and carry a message from her imperial majesty to the duchess of Blankenburg, her mother, who is a princess of great address and good-breeding, and may be still called a fine woman.",neutral,0.795884907245636
18,"It was so late when I came to this town, I did not think it proper to disturb the duke and duchess with the news of my arrival; so I took up my quarters in a miserable inn: but as soon as I had sent my compliments to their highnesses, they immediately sent me their own coach and six horses, which had however enough to do to draw us up the very high hill on which the castle is situated.",sadness,0.9712490439414978
18,"The duchess is extremely obliging to me, and this little court is not without its diversions.",neutral,0.7131079435348511
18,"The duke taillys (sic) at basset every night; and the duchess tells me, she is so well pleased with my company, that it makes her play less than she used to do.",joy,0.982220470905304
18,"I should find it very difficult to steal time to write, if she was not now at church, where I cannot wait on her, not understanding the language enough to pay my devotions in it.",neutral,0.8357316255569458
18,"You will not forgive me, if I do not say something of Hanover; I cannot tell you that the town is either large or magnificent.",neutral,0.3645705580711365
18,"The opera house, which was built by the late elector, is much finer than that of Vienna.",neutral,0.728269636631012
18,"I was very sorry that the ill weather did not permit me to see Hernhausen in all its beauty; but in spite of the snow, I thought the gardens very fine.",sadness,0.9635670781135559
18,"I was particularly surprised at the vast number of orange trees, much larger than any I have ever seen in England, though this climate is certainly colder.",surprise,0.9817102551460266
18,"But I had more reason to wonder that night at the king's table, to see a present from a gentleman of this country, of two large baskets full of ripe oranges and lemons of different sorts, many of which were quite new to me; and what I thought worth all the rest, two ripe ananasses (sic), which, to my taste, are a fruit perfectly delicious.",surprise,0.8774764537811279
18,"You know they are naturally the growth of Brazil, and I could not imagine how they came here, but by enchantment.",surprise,0.9177702069282532
18,"Upon inquiry, I learnt that they have brought their stoves to such perfection, they lengthen their summer as long as they please, giving to every plant the degree of heat it would receive from the sun in its native soil.",neutral,0.906767725944519
18,The effect is very near the same; I am surprised we do not practise (sic) in England so useful an invention.,surprise,0.9832894206047058
18,"This reflection leads me to consider our obstinacy in shaking with cold, five months in the year rather than make use of stoves, which are certainly one of the greatest conveniencies (sic) of life.",fear,0.9776228070259094
18,"Besides, they are so far from spoiling the form of a room, that they add very much to the magnificence of it, when they are painted and gilt, as they are at Vienna, or at Dresden, where they are often in the shapes of china jars, statues, or fine cabinets, so naturally represented, that they are not to be distinguished.",neutral,0.6904369592666626
18,"If ever I return, in defiance to the fashion, you shall certainly see one in the chamber of,     Dear sister, your, &c. I WILL write often, since you desire it: but I must beg you to be a little more particular in your's; you fancy me at forty miles distance, and forget, that, after so long an absence, I can't understand hints.",neutral,0.3019231855869293
19,"I HAVE just received here at Vienna, your ladyship's compliments on my return to England, sent me from Hanover.",joy,0.6114806532859802
19,"You see, madam, all things that are asserted with confidence are not absolutely true; and that you have no sort of reason to complain of me for making my designed return a mystery to you, when you say, all the world are informed of it.",neutral,0.5411281585693359
19,"You may tell all the world in my name, that they are never so well informed of my affairs as I am myself; that I am very positive I am at this time at Vienna, where the carnival is begun, and all sorts of diversions are carried to the greatest height, except that of masquing (sic), which is never permitted during a war with the Turks.",joy,0.8175252676010132
19,"The balls are in public places, where the men pay a gold ducat at entrance, but the ladies nothing.",disgust,0.8288988471031189
19,"I am told, that these houses get sometimes a thousand ducats in a night.",neutral,0.7963985800743103
19,"They are very magnificently furnished, and the music good, if they had not that detestible (sic) custom of mixing hunting horns with it, that almost deafen the company.",disgust,0.665629506111145
19,"But that noise is so agreeable here, they never make a concert without them.",neutral,0.7924462556838989
19,"The ball always concludes with English country dances, to the number of thirty or forty couple, and so ill danced, that there is very little pleasure in them.",neutral,0.5210622549057007
19,"They know but half a dozen, and they have danced them over and over these fifty years: I would fain have taught them some new ones, but I found it would be some months labour to make them comprehend them.",neutral,0.8786361217498779
19,Last night there was an Italian comedy acted at court.,joy,0.7342833280563354
19,"The scenes were pretty, but the comedy itself such intolerable low farce, without either wit or humour, that I was surprised how all the court could sit there attentively for four hours together.",surprise,0.9686172604560852
19,"No women are suffered to act on the stage, and the men dressed like them, were such awkward figures, they very much added to the ridicule of the spectacle.",disgust,0.8744463324546814
19,"What completed the diversion, was the excessive cold, which was so great, I thought I should have died there.",surprise,0.3556002974510193
19,"It is now the very extremity of the winter here; the Danube is entirely frozen, and the weather not to be supported without stoves and furs; but, however, the air so clear, almost every body is well, and colds not half so common as in England.",neutral,0.4529501497745514
19,"I am persuaded there cannot be a purer air, nor more wholesome, than that of Vienna.",joy,0.6914510726928711
19,"The plenty and excellence of all sorts of provisions are greater here than in any place I ever was before, and 'tis not very expensive to keep a splendid table.",joy,0.6722536087036133
19,"'Tis really a pleasure to pass through the markets, and see the abundance of what we should think rarities, of fowls and venison, that are daily brought in from Hungary and Bohemia.",joy,0.8393062353134155
19,"They want nothing but shell-fish, and are so fond of oysters, that they have them sent from Venice, and eat them very greedily, stink or not stink.",disgust,0.8745729327201843
19,"Thus I obey your commands, madam, in giving you an account of Vienna, though I know you will not be satisfied with it.",anger,0.7088222503662109
19,"You chide me for my laziness, in not telling you a thousand agreeable and surprising things, that you say you are sure I have seen and heard.",joy,0.664434015750885
19,"Upon my Word, madam, 'tis my regard to truth, and not laziness, that I do not entertain you with as many prodigies as other travellers use to divert their readers with.",neutral,0.4512196481227875
19,"I might easily pick up wonders in every town I pass through, or tell you a long series of popish miracles; but I cannot fancy, that there is any thing new in letting you know that priests will lie, and the mob believe, all the world over.",neutral,0.8856239318847656
19,"Then as for news, that you are so inquisitive about, how can it be entertaining to you (that don't know the people) that the prince of ---- has forsaken the countess of ----?",neutral,0.7834987640380859
19,"or that the prince such a one, has an intrigue with the countess such a one?",neutral,0.7828982472419739
19,Would you have me write novels like the countess of D'----?,neutral,0.7999853491783142
19,"and is it not better to tell you a plain truth,                                That I am, &c.",sadness,0.36789971590042114
20,"I AM now, dear sister, to take leave of you for a long time, and of Vienna for ever; designing to-morrow, to begin my journey through Hungary, in spite of the excessive cold, and deep snows, which are enough to damp a greater courage than I am mistress of.",joy,0.5050970911979675
20,"But my principles of _passive obedience_, carries me through every thing.",neutral,0.8092634677886963
20,I have had my audience of leave of the empress.,neutral,0.3659878671169281
20,"His imperial majesty was pleased to be present, when I waited on the reigning empress; and, after a very obliging conversation, both their imperial majesties invited me to take Vienna in my road back; but I have no thoughts of enduring, over again, so great a fatigue.",joy,0.9365330338478088
20,I delivered a letter from the duchess of Blankenburg.,joy,0.588277280330658
20,"I stayed but a few days at that court, though her highness pressed me very much to stay; and when I left her, engaged me to write to her.",anger,0.5050630569458008
20,"I wrote you a long letter from thence, which I hope you have received, though you don't mention it; but I believe I forgot to tell you one curiosity in all the German courts, which I cannot forbear taking notice of:  All the princes keep favourite dwarfs.",neutral,0.4983299970626831
20,"The emperor and empress have two of these little monsters, as ugly as devils, especially the female; but they are all bedaubed with diamonds, and stand at her majesty's elbow, in all public places.",disgust,0.9559556245803833
20,"The duke of Wolfenbuttle has one, and the duchess of Blankenburg is not without hers, but indeed the most proportionable I ever saw.",neutral,0.9001592397689819
20,"I am told the king of Denmark has so far improved upon this fashion, that his dwarf is his chief minister.",neutral,0.9242965579032898
20,"I can assign no reason for their fondness for these pieces of deformity, but the opinion all the absolute princes have, that it is below them to converse with the rest of mankind; and not to be quite alone, they are forced to seek their companions among the refuse of human nature, these creatures being the only part of their court privileged to talk freely to them.",disgust,0.5955235362052917
20,"I am at present confined to my chamber by a sore throat; and am really glad of the excuse, to avoid seeing people, that I love well enough, to be very much mortified when I think I am going to part with them for ever.",anger,0.7561001181602478
20,"'Tis true, the Austrians are not commonly the most polite people in the world, nor the most agreeable.",neutral,0.7970017790794373
20,"But Vienna is inhabited by all nations, and I had formed to myself a little society of such as were perfectly to my own taste.",neutral,0.9264525175094604
20,"And though the number was not very great, I could never pick up, in any other place, such a number of reasonable, agreeable people.",neutral,0.7022494673728943
20,"We were almost always together, and you know I have ever been of opinion, that a chosen conversation, composed of a few that one esteems, is the greatest happiness of life.",neutral,0.7613893151283264
20,"Here are some Spaniards of both sexes, that have all the vivacity and generosity of sentiments anciently ascribed to their nation; and could I believe that the whole kingdom were like them, I would with nothing more than to end my days there.",neutral,0.8181330561637878
20,"The ladies of my acquaintance have so much goodness for me, they cry whenever they see me, since I have determined to undertake this journey.",sadness,0.9164206981658936
20,"And, indeed, I am not very easy when I reflect on what I am going to suffer.",sadness,0.8417897820472717
20,Almost every body I see frights me with some new difficulty.,neutral,0.43093401193618774
20,"Prince Eugene has been so good as to say all the things he could, to persuade me to stay till the Danube is thawed, that I may have the conveniency of going by water; assuring me, that the houses in Hungary are such, as are no defence against the weather; and that I shall be obliged to travel three or four days between Buda and Essek, without finding any house at all, through desert plains covered with snow; where the cold is so violent, many have been killed by it.",anger,0.8983296155929565
20,"I own these terrors have made a very deep impression on my mind, because I believe he tells me things truly as they are, and no body can be better informed of them.",fear,0.8219029903411865
20,"NOW I have named that great man, I am sure you expect I should say Something particular of him, having the advantage of seeing him very often; but I am as unwilling to speak of him at Vienna, as I should be to talk of Hercules in the court of Omphale, if I had seen him there.",disgust,0.31814688444137573
20,"I don't know what comfort other people find in considering the weakness of great men, (because, perhaps, it brings them nearer to their level) but 'tis always a mortification to me, to observe that there is no perfection in humanity.",sadness,0.4633626341819763
20,"The young prince of Portugal is the admiration of the whole court; he is handsome and polite, with a great vivacity.",disgust,0.40125903487205505
20,All the officers tell wonders of his gallantry the last campaign.,neutral,0.45073482394218445
20,"He is lodged at court with all the honours due to his rank.--Adieu, dear sister: this is the last account you will have from me of Vienna.",neutral,0.490525484085083
20,"If I survive my journey, you shall hear from me again.",joy,0.7637661695480347
20,"I can say, with great truth, in the words of Moneses (sic), _I have long learnt to hold myself as nothing_; but when I think of the fatigue my poor infant must suffer, I have all a mother's fondness in my eyes, and all her tender passions in my heart.",sadness,0.45114022493362427
20,_P.,neutral,0.8903363347053528
20,"S._ I have written a letter to my lady ----, that I believe she won't like; and, upon cooler reflection, I think I had done better to have let it alone; but I was downright peevish at all her questions, and her ridiculous imagination, that I have certainly seen abundance of wonders which I keep to myself out of mere malice.",anger,0.3099420964717865
20,She is very angry that I won't lie like other travellers.,anger,0.9637150764465332
20,"I verily believe she expects I should tell her of the _Anthropophagi_, men whose heads grow below their shoulders; however, pray say Something to pacify her.",neutral,0.7582888603210449
21,"I HAVE not time to answer your letter, being in the hurry of preparing for my journey; but, I think, I ought to bid adieu to my friends with the same solemnity as if I was going to mount a breach, at least, if I am to believe the information of the people here, who denounce all sorts of terrors to me; and, indeed, the weather is at present such, as very few ever set out in.",neutral,0.2906462848186493
21,"I am threatened at the same time, with being frozen to death, buried in the snow, and taken by the Tartars, who ravage that part of Hungary I am to pass.",fear,0.9937047362327576
21,"'Tis true, we shall have a considerable _escorte_ (sic), so that possibly I may be diverted with a new scene, by finding myself in the midst of a battle.",neutral,0.723454475402832
21,"How my adventures will conclude, I leave entirely to Providence; if comically, you shall hear of them.--Pray be so good as to tell Mr ---- I have received his letter.",joy,0.935412585735321
21,"Make him my adieus; if I live, I will answer it.",neutral,0.7995445728302002
21,The same compliment to my lady R----.,disgust,0.7493245601654053
22,"AT length, dear sister I am safely arrived, with all my family, in good health, at Peterwaradin; having suffered so little from the rigour of the season, (against which we were well provided by furs) and found such tolerable accommodation every where, by the care of sending before, that I can hardly forbear laughing, when I recollect all the frightful ideas that were given me of this journey.",fear,0.9773268103599548
22,"These, I see, were wholly owing to the tenderness of my Vienna friends, and their desire of keeping me with them for this winter.",joy,0.8183533549308777
22,"Perhaps it will not be disagreeable to you, to give a short journal of my journey, being through a country entirely unknown to you, and very little passed, even by the Hungarians themselves, who generally chuse to take the conveniency of going down the Danube.",neutral,0.5440052151679993
22,"We have had the blessing of being favoured with finer weather than is common at this time of the year; though the snow was so deep, we were obliged to have our own coaches fixed upon traineaus, which move so swift and so easily, 'tis by far the most agreeable manner of travelling post.",joy,0.4376322627067566
22,"We came to Raab (the second day from Vienna) on the seventeenth instant, where Mr W---- sending word of our arrival to the governor, the best house in the town was provided for us, the garrison put under arms, a guard ordered at our door, and all other honours paid to us.",joy,0.45431196689605713
22,"The governor, and all other officers immediately waited on Mr W----, to know if there was any thing to be done for his service.",neutral,0.9521300196647644
22,"The bishop of Temeswar came to visit us, with great civility, earnestly pressing us to dine with him next day; which we refusing, as being resolved to pursue our journey, he sent us several baskets of winter fruit, and a great variety of Hungarian wines, with a young hind just killed.",joy,0.6452601552009583
22,"This is a prelate of great power in this country, of the ancient family of Nadasti, so considerable for many ages, in this kingdom.",neutral,0.5792248845100403
22,"He is a very polite, agreeable, cheerful old man, wearing the Hungarian habit, with a venerable white beard down to his girdle.--Raab is a strong town, well garrisoned and fortified, and was a long time the frontier town between the Turkish and German empires.",joy,0.9051079154014587
22,"It has its name from the River Rab, on which it is situated, just on its meeting with the Danube, in an open champaign (sic) country.",neutral,0.9294286966323853
22,"It was first taken by the Turks, under the command of bassa Sinan, in the reign of sultan Amurath III.",neutral,0.7823646664619446
22,in the year fifteen hundred and ninety-four.,neutral,0.3102279305458069
22,"The governor, being supposed to have betrayed it, was afterwards beheaded by the emperor's command.",disgust,0.6060158014297485
22,"The counts of Swartzenburg; and Palsi retook it by surprise, 1598; since which time it has remained in the hands of the Germans, though the Turks once more attempted to gain it by stratagem in 1642.",surprise,0.9446027278900146
22,"The cathedral is large and well built, which is all I saw remarkable in the town.",surprise,0.7991285920143127
22,"Leaving Comora on the other side the river, we went the eighteenth to Nosmuhl, a small village, where however, we made shift to find tolerable accommodation.",neutral,0.3008863627910614
22,"We continued two days travelling between this place and Buda, through the finest plains in the world, as even as if they were paved, and extremely fruitful; but for the most part desert and uncultivated, laid waste by the long wars between the Turk and the Emperor; and the more cruel civil war, occasioned by the barbarous persecution of the protestant religion by the emperor Leopold.",disgust,0.9314290285110474
22,"That prince has left behind him the character of an extraordinary piety, and was naturally of a mild merciful temper; but, putting his conscience into the hands of a Jesuit, he was more cruel and treacherous to his poor Hungarian subjects, than ever the Turk has been to the Christians; breaking, without scruple his coronation oath, and his faith, solemnly given in many public treaties.",disgust,0.5500089526176453
22,"Indeed, nothing can be more melancholy than in travelling through Hungary, to reflect on the former flourishing state of that kingdom, and to see such a noble spot of earth almost uninhabited.",sadness,0.9762853384017944
22,"Such are also the present circumstances of Buda (where we arrived very early the twenty-second) once the royal seat of the Hungarian kings, whose palace was reckoned one of the most beautiful buildings of the age, now wholly destroyed, no part of the town having been repaired since the last siege, but the fortifications and the castle, which is the present residence of the governor general Ragule, an officer of great merit.",disgust,0.6345224976539612
22,"He came immediately to see us, and carried us in his coach to his house, where I was received by his lady with all possible civility, and magnificently entertained.",joy,0.780653178691864
22,This city is situated upon a little hill on the south side of the Danube.,fear,0.35521021485328674
22,"The castle is much higher than the town, and from it the prospect is very noble.",joy,0.8807709813117981
22,"Without the walls ly (sic) a vast number of little houses, or rather huts, that they call the Rascian town, being altogether inhabited by that people.",neutral,0.47847267985343933
22,"The governor assured me, it would furnish twelve thousand fighting men.",neutral,0.5552728772163391
22,"These towns look very odd; their houses stand in rows, many thousands of them so close together, that they appear, at a little distance, like old-fashioned thatched tents.",disgust,0.5115674138069153
22,"They consist, every one of them, of one hovel above, and another under ground; these are their summer and winter apartments.",neutral,0.953536331653595
22,"Buda was first taken by Solyman the Magnificent, in 1526, and lost the following year to Ferdinand I, king of Bohemia.",sadness,0.7225481271743774
22,"Solyman regained it by the treachery of the garrison, and voluntarily gave it into the hands of king John of Hungary; after whose death, his son being an infant, Ferdinand laid siege to it, and the queen mother was forced to call Solyman to her aid.",anger,0.7598767876625061
22,"He indeed raised the siege, but left a Turkish garrison in the town, and commanded her to remove her court from thence, which she was forced to submit to, in 1541.",disgust,0.5556583404541016
22,"It resisted afterwards the sieges laid to it by the marquis of Brandenburg, in the year 1542; count Schwartzenburg, in 1598; General Rosworm, in 1602; and the duke of Lorrain, commander of the emperor's forces, in 1684, to whom it yielded, in 1686, after an obstinate defence, Apti Bassa, the governor, being killed, fighting in the breach with a Roman bravery.",anger,0.7049806714057922
22,"The loss of this town was so important, and so much resented by the Turks, that it occasioned the deposing of their emperor Mahomet IV.",anger,0.5925093293190002
22,the year following.,neutral,0.6878259778022766
22,"WE did not proceed on our journey till the twenty-third, when we passed through Adam and Todowar, both considerable towns, when in the hands of the Turks, but now quite ruined.",sadness,0.5733216404914856
22,"The remains, however, of some Turkish towns, shew something of what they have been.",neutral,0.7768064737319946
22,"This part of the country is very much overgrown with wood, and little frequented.",disgust,0.47804343700408936
22,"'Tis incredible what vast numbers of wild-fowl we saw, which often live here to a good old age,--and _undisturb'd by guns, in quiet sleep_.--We came the five and twentieth, to Mohatch, and were shewed the field near it, where Lewis, the young king of Hungary lost his army and his life, being drowned in a ditch, trying to fly from Balybeus, general of Solyman the Magnificent.",fear,0.3207830488681793
22,"This battle opened the first passage for the Turks into the heart of Hungary.--I don't name to you the little villages, of which I can say nothing remarkable; but I'll assure you, I have always found a warm stove, and great plenty, particularly of wild boar, venison, and all kinds of _gibier_.",neutral,0.38461142778396606
22,"The few people that inhabit Hungary, live easily enough; they have no money, but the woods and plains afford them provision in great abundance; they were ordered to give us all things necessary, even what horses we pleased to demand, _gratis_; but Mr W----y would not oppress the poor country people, by making use of this order, and always paid them to the full worth of what we had.",neutral,0.5951404571533203
22,"They were so surprised at this unexpected generosity, which they are very little used to, that they always pressed upon us, at parting, a dozen of fat pheasants, or something of that sort, for a present.",surprise,0.974939227104187
22,"Their dress is very primitive, being only a plain sheep's skin, and a cap and boots of the same stuff.",disgust,0.6808235049247742
22,You may easily imagine this lasts them many winters; and thus they have very little occasion for money.,neutral,0.9606516361236572
22,"The twenty-sixth, we passed over the frozen Danube, with all our equipage and carriages.",neutral,0.6179896593093872
22,"We met on the other side general Veterani, who invited us, with great civility, to pass the night at a little castle of his, a few miles off, assuring us we should have a very hard day's journey to reach Essek.",neutral,0.6890332102775574
22,"This we found but too true, the woods being very dangerous, and scarce passable, from the vast quantity of wolves that hoard in them.",fear,0.5184500813484192
22,"We came, however, safe, though late to Essek, where we stayed a day, to dispatch a courier with letters to the bassa of Belgrade; and I took that opportunity of seeing the town, which is not very large, but fair built, and well fortified.",joy,0.562812089920044
22,"This was a town of great trade, very rich and populous, when in the hands of the Turks.",disgust,0.368111252784729
22,"It is situated on the Drave, which runs into the Danube.",fear,0.3347628116607666
22,"The bridge was esteemed one of the most extraordinary in the world, being eight thousand paces long, and all built of oak.",neutral,0.6142842769622803
22,"It was burnt, and the city laid in ashes by count Lesly, 1685, but was again repaired and fortified by the Turks, who, however, abandoned it in 1687.",anger,0.430414617061615
22,"General Dunnewalt then took possession of it for the emperor, in whose hands it has remained ever since, and is esteemed one of the bulwarks of Hungary.",neutral,0.7844504714012146
22,"The twenty-eighth, we went to Bocorwar, a very large Rascian town, all built after the manner I have described to you.",neutral,0.7937646508216858
22,"We were met there by colonel ----, who would not suffer us to go any where but to his quarters, where I found his wife, a very agreeable Hungarian lady, and his niece and daughter, two pretty young women, crowded into three or four Rascian houses, cast into one, and made as neat and convenient as those places are capable of being made.",disgust,0.36157506704330444
22,The Hungarian ladies are much handsomer than those of Austria.,neutral,0.8579407930374146
22,"All the Vienna beauties are of that country; they are generally very fair and well-shaped, and their dress, I think, is extremely becoming.",neutral,0.885279655456543
22,"This lady was in a gown of scarlet velvet, lined and faced with sables, made exact to her shape, and the skirt falling to her feet.",disgust,0.8632665276527405
22,"The sleeves are strait to their arms, and the stays buttoned before, with two rows of little buttons of gold, pearl, or diamonds.",neutral,0.8816478848457336
22,"On their heads they wear a tassel of gold, that hangs low on one side, lined with sable, or some other fine fur.---They gave us a handsome dinner, and I thought the conversation very polite and agreeable.",neutral,0.4461744427680969
22,They would accompany us part of our way.,disgust,0.37328922748565674
22,"The twenty-ninth, we arrived here, where we were met by the commanding officer, at the head of all the officers of the garrison.",neutral,0.5411434173583984
22,"We are lodged in the best apartment of the governor's house, and entertained in a very splendid manner by the emperor's order.",joy,0.8381905555725098
22,"We wait here till all points are adjusted, concerning our reception on the Turkish frontiers.",neutral,0.9669017195701599
22,"Mr W----'s courier, which he sent from Essek, returned this morning, with the bassa's answer in a purse of scarlet satin, which the interpreter here has translated.",neutral,0.8582445979118347
22,'Tis to promise him to be honourably received.,neutral,0.822827935218811
22,"I desired him to appoint where he would be met by the Turkish convoy.--He has dispatched the courier back, naming Betsko, a village in the midway between Peterwaradin and Belgrade.",neutral,0.771316647529602
22,"We shall stay here till we receive his answer.--Thus, dear sister, I have given you a very particular, and (I am afraid you'll think) a tedious account of this part of my travels.",fear,0.7757382988929749
22,"It was not an affectation of shewing my reading that has made me tell you some little scraps of the history of the towns I have passed through; I have always avoided any thing of that kind, when I spoke Of places that I believe you knew the story of as well as myself.",neutral,0.9383233785629272
22,"But Hungary being a part of the world, which I believe quite new to you, I thought you might read with some pleasure an account of it, which I have been very solicitous to get from the best hands.",joy,0.7257996201515198
22,"However, if you don't like it, 'tis in your power to forbear reading it.",anger,0.34130194783210754
22,"I am, dear sister, &c. I AM promised to have this letter carefully sent to Vienna.",sadness,0.4633485674858093
23,"I DID verily intend to write you a long letter from Peterwaradin, where I expected to stay three or four days; but the bassa here was in such haste to see us, that he dispatched the courier back (which Mr W---- had sent to know the time he would send the convoy to meet us) without suffering him to pull off his boots.",neutral,0.434445858001709
23,"My letters were not thought important enough to stop our journey; and we left Peterwaradin the next day, being waited on by the chief officers of the garrison, and a considerable convoy of Germans and Rascians.",fear,0.5039272308349609
23,"The emperor has several regiments of these people; but, to say the truth, they are rather plunderers than soldiers; having no pay, and being obliged to furnish their own arms and horses; they rather look like vagabond gypsies, or stout beggars, than regular troops.",disgust,0.6881511807441711
23,"I cannot forbear speaking a word of this race of creatures, who are very numerous all over Hungary.",neutral,0.4418618679046631
23,"They have a patriarch of their own at Grand Cairo, and are really of the Greek church; but their extreme ignorance gives their priests occasion to impose several new notions upon them.",neutral,0.6652701497077942
23,"These fellows, letting their hair and beard grow inviolate, make exactly the figure of the Indian bramins (sic).",neutral,0.6640554070472717
23,"They are heirs-general to all the money of the laity; for which, in return, they give them formal passports signed and sealed for heaven; and the wives and children only inherit the house and cattle.",neutral,0.7759572267532349
23,"In most other points they follow the Greek church.--This little digression has interrupted my telling you we passed over the fields of Carlowitz, where the last great victory was obtained by prince Eugene over the Turks.",neutral,0.6778268218040466
23,"The marks of that glorious bloody day are yet recent, the field being yet strewed with the skulls and carcasses of unburied men, horses, and camels.",disgust,0.608123242855072
23,"I could not look, without horror, on such numbers of mangled human bodies, nor without reflecting on the injustice of war, that makes murder not only necessary but meritorious.",fear,0.9506061673164368
23,"Nothing seems to be a plainer proof of the _irrationality_ of mankind (whatever fine claims we pretend to reason) than the rage with which they contest for a small spot of ground, when such vast parts of fruitful earth lie quite uninhabited.",anger,0.9562761187553406
23,"'Tis true, custom has now made it unavoidable; but can there be a greater demonstration of want of reason, than a custom being firmly established, so plainly contrary to the interest of man in general?",disgust,0.38991591334342957
23,"I am a good deal inclined to believe Mr Hobbs, that the _state of nature_ is a _state of war_; but thence I conclude human nature, not rational, if the word reason means common sense, as I suppose it does.",neutral,0.6672672033309937
23,"I have a great many admirable arguments to support this refection; I won't however trouble you with them, but return, in a plain style, to the history of my travels.",neutral,0.7298429608345032
23,"WE were met at Betsko (a village in the midway between Belgrade and Peterwaradin) by an aga of the janizaries, with a body of Turks, exceeding the Germans by one hundred men, though the bassa had engaged to send exactly the same number.",surprise,0.35988491773605347
23,You may judge by this of their fears.,fear,0.5212360620498657
23,"I am really persuaded, that they hardly thought the odds of one hundred men set them even with the Germans; however, I was very uneasy till they were parted, fearing some quarrel might arise, notwithstanding the parole given.",fear,0.9843863844871521
23,"We came late to Belgrade, the deep snows making the ascent to it very difficult.",fear,0.4383271336555481
23,"It seems a strong city, fortified on the east side by the Danube; and on the south by the river Save, and was formerly the barrier of Hungary.",fear,0.4694810211658478
23,"It was first taken by Solyman the Magnificent, and since by the emperor's forces, led by the elector of Bavaria.",neutral,0.7521089315414429
23,"The emperor held it only two Years, it being retaken by the grand vizier.",neutral,0.7805799245834351
23,"It is now fortified with the utmost care and skill the Turks are capable of, and strengthened by a very numerous garrison of their bravest janizaries, commanded by a bassa seraskier (i.e.",neutral,0.5903407335281372
23,"general) though this last expression is not very just; for, to say truth, the seraskier is commanded by the janizaries.",neutral,0.7642976641654968
23,"These troops have an absolute authority here, and their conduct carries much more the aspect of rebellion, than the appearance of subordination.",neutral,0.7622102499008179
23,"You may judge of this by the following story, which, at the same time, will give you an idea of the _admirable_ intelligence of the governor of Peterwaradin, though so few hours distant.",neutral,0.9618728160858154
23,"We were told by him at Peterwaradin, that the garrison and inhabitants of Belgrade were so weary of the war, they had killed their bassa about two months ago, in a mutiny, because he had suffered himself to be prevailed upon, by a bribe of five purses (five hundred pounds sterling) to give permission to the Tartars to ravage the German frontiers.",disgust,0.45529139041900635
23,"We were very well pleased to hear of such favourable dispositions in the people; but when we came hither, we found the governor had been ill-informed, and the real truth of the story to be this.",joy,0.52402263879776
23,"The late bassa fell under the displeasure of his soldiers; for no other reason, but restraining their incursions on the Germans.",anger,0.8087171912193298
23,"They took it into their heads, from that mildness, that he had intelligence with the enemy, and sent such information to the grand signior at Adrianople; but, redress not coming quick enough from thence, they assembled themselves in a tumultuous manner, and by force dragged their bassa before the cadi and mufti, and there demanded justice in a mutinous way; one crying out, Why he protected the infidels?",anger,0.9222350120544434
23,"Another, Why he squeezed them of their money?",anger,0.4374532997608185
23,"The bassa easily guessing their purpose, calmly replied to them, that they asked him too many questions, and that he had but one life, which must answer for all.",neutral,0.7193843126296997
23,They then immediately fell upon him with their scimitars (without waiting the sentence of their heads of the law) and in a few moments cut him in pieces.,anger,0.6268463134765625
23,"The present bassa has not dared to punish the murder; on the contrary, he affected to applaud the actors of it, as brave fellows, that knew to do themselves justice.",disgust,0.4293554127216339
23,"He takes all pretences of throwing money among the garrison, and suffers them to make little excursions into Hungary, where they burn some poor Rascian houses.",anger,0.5690147876739502
23,"You may imagine, I cannot be very easy in a town which is really under the government of an insolent soldiery.--We expected to be immediately dismissed, after a night's lodging here, but the bassa detains us till he receives orders from Adrianople, which may, possibly be a month a-coming.",sadness,0.8858607411384583
23,"In the mean time, we are lodged in one of the best houses, belonging to a very considerable man amongst them, and have a whole chamber of janizaries to guard us.",neutral,0.7356824278831482
23,"My only diversion is the conversation of our host, Achmet Beg, a title something like that of count in Germany.",neutral,0.6763314008712769
23,"His father was a great bassa, and he has been educated in the most polite eastern learning, being perfectly skilled in the Arabic and Persian languages, and an extraordinary scribe, which they call _effendi_.",neutral,0.7855996489524841
23,"This accomplishment makes way to the greatest preferments; but he has had the good sense to prefer an easy, quiet, secure life, to all the dangerous honours of the Porte.",neutral,0.6342466473579407
23,"He sups with us every night, and drinks wine very freely.",disgust,0.45117881894111633
23,You cannot imagine how much he is delighted with the liberty of conversing with me.,joy,0.6996963620185852
23,"He has explained to me many pieces of Arabian poetry, which, I observe, are in numbers not unlike ours, generally of an alternate verse, and of a very musical sound.",neutral,0.8718713521957397
23,Their expressions of love are very passionate and lively.,joy,0.7793080806732178
23,"I am so much pleased with them, I really believe I should learn to read Arabic, if I was to stay here a few months.",joy,0.9793385863304138
23,"He has a very good library of their books of all kinds; and, as he tells me, spends the greatest part of his life there.",neutral,0.7426446080207825
23,"I pass for a great scholar with him, by relating to him some of the Persian tales, which I find are genuine.",neutral,0.8988507390022278
23,At first he believed I understood Persian.,surprise,0.6659116744995117
23,"I have frequent disputes with him concerning the difference of our customs, particularly the confinement of women.",anger,0.7066910266876221
23,"He assures me, there is nothing at all in it; only, says he, we have the advantage, that when our wives cheat us, nobody knows it.",neutral,0.5195427536964417
23,"He has wit, and is more polite than many Christian men of quality.",neutral,0.8151273131370544
23,"I am very much entertained with him.--He has had the curiosity to make one of our servants set him an alphabet of our letters, and can already write a good Roman hand.",joy,0.7979755401611328
23,"But these amusements do not hinder my wishing heartily to be out of this place; though the weather is colder than I believe it ever was, any where, but in Greenland.--We have a very large stove constantly kept hot, and yet the windows of the room are frozen on the inside.--God knows when I may have an opportunity of sending this letter: but I have written it, for the discharge of my own conscience and you cannot now reproach me, that one of yours makes ten of mine.",anger,0.28629517555236816
23,Adieu.,neutral,0.6417044997215271
24,"I HAVE now, madam, finished a journey that has not been undertaken by any Christian since the time of the Greek emperors: and I shall not regret all the fatigues I have suffered in it, if it gives me an opportunity of amusing your R. H. by an account of places utterly unknown amongst us; the emperor's ambassadors, and those few English that have come hither, always going on the Danube to Nicopolis.",sadness,0.44177353382110596
24,"But the river was now frozen, and Mr W---- was so zealous for the service of his Majesty, that he would not defer his journey to wait for the conveniency of that passage.",neutral,0.3467588424682617
24,"We crossed the deserts of Servia (sic), almost quite over-grown with wood, through a country naturally fertile.",neutral,0.7671288251876831
24,"The inhabitants are industrious; but the oppression of the peasants is so great, they are forced to abandon their houses, and neglect their tillage, all they have being a prey to the janizaries, whenever they please to seize upon it.",disgust,0.6239202618598938
24,"We had a guard of five hundred of them, and I was almost in tears every day, to see their insolencies (sic) in the poor villages through which we passed.--After seven days travelling through thick woods, we came to Nissa, once the capital of Servia, situated in a fine plain on the river Nissava, in a very good air, and so fruitful a soil, that the great plenty is hardly credible.",sadness,0.39530229568481445
24,"I was certainly assured, that the quantity of wine last vintage was so prodigious, that they were forced to dig holes in the earth to put it in, not having vessels enough in the town to hold it.",disgust,0.5272829532623291
24,The happiness of this plenty is scarce perceived by the oppressed people.,neutral,0.39285263419151306
24,I saw here a new occasion for my compassion.,joy,0.4743179380893707
24,"The wretches that had provided twenty waggons for our baggage from Belgrade hither for a certain hire, being all sent back without payment, some of their horses lamed (sic), and others killed, without any satisfaction made for them.",anger,0.7161664366722107
24,"The poor fellows came round the house weeping and tearing their hair and beards in a most pitiful manner, without getting any thing but drubs from the insolent soldiers.",sadness,0.8827476501464844
24,I cannot express to your R. H. how much I was moved at this scene.,surprise,0.4654514491558075
24,"I would have paid them the money out of my own pocket, with all my heart; but it Would only have been giving so much to the aga, who would have taken it from them without any remorse.",sadness,0.7733480334281921
24,"After four days journey from this place over the mountains, we came to Sophia, situated in a large beautiful plain on the river Isca, and surrounded with distant mountains.",fear,0.9169979095458984
24,'Tis hardly possible to see a more agreeable landscape.,neutral,0.5724076628684998
24,"The city itself is very large, and extremely populous.",neutral,0.7971164584159851
24,"Here are hot baths, very famous for their medicinal virtues.--Four days journey from hence we arrived at Philippopolis, after having passed the ridges between the mountains of Haemus and Rhodope, which are always covered with snow.",joy,0.4785110652446747
24,"This town is situated on a rising ground near the river Hebrus, and is almost wholly inhabited by Greeks; here are still some ancient Christian churches.",neutral,0.815193772315979
24,"They have a bishop; and several Of the richest Greeks live here; but they are forced to conceal their wealth with great care, the appearance of poverty [which includes part of its inconveniencies (sic)] being all their security against feeling it in earnest.",disgust,0.43350380659103394
24,"The country from hence to Adrianople, is the finest in the world.",neutral,0.7704602479934692
24,Vines grow wild on all the hills; and the perpetual spring they enjoy makes every thing gay and flourishing.,joy,0.6390407681465149
24,"But this climate, happy as it seems, can never be preferred to England, with all its frosts and snows, while we are blessed with an easy government, under a king, who makes his own happiness consist in the liberty of his people, and chuses rather to be looked upon as their father than their master.--This theme would carry me very far, and I am sensible, I have already tired out your R. H.'s patience.",joy,0.7402381896972656
24,"But my letter is in your hands, and you may make it as short as you please, by throwing it into the fire, when weary of reading it.",sadness,0.3473696708679199
24,"I am, madam, With the greatest respect, &c.",anger,0.8859052658081055
25,"I AM now got into a new world, where every thing I see appears to me a change of scene; and I write to your ladyship with some content of mind, hoping, at least, that you will find the charms of novelty in my letters, and no longer reproach me, that I tell you nothing extraordinary.",surprise,0.4996694028377533
25,"I won't trouble you with a relation of our tedious journey; but must not omit what I saw remarkable at Sophia, one of the most beautiful towns in the Turkish empire, and famous for its hot baths, that are resorted to both for diversion and health.",neutral,0.4387549161911011
25,"I stopped here one day, on purpose to see them; and, designing to go _incognito_, I hired a Turkish coach.",neutral,0.45036420226097107
25,"These voitures are not at all like ours, but much more convenient for the country, the heat being so great, that glasses would be very troublesome.",neutral,0.7339962124824524
25,"They are made a good deal in the manner of the Dutch stage-coaches, having wooden lattices painted and gilded; the inside being also painted with baskets and nosegays of flowers, intermixed commonly with little poetical mottos.",neutral,0.8045912981033325
25,"They are covered all over with scarlet cloth, lined with silk, and very often richly embroidered and fringed.",disgust,0.7522129416465759
25,"This covering entirely hides the persons in them, but may be thrown back at pleasure, and thus permits the ladies to peep through the lattices.",neutral,0.48411068320274353
25,"They hold four people very conveniently, seated on cushions, but not raised.",neutral,0.8671462535858154
25,"IN one of these covered waggons (sic), I went to the bagnio about ten o'clock.",neutral,0.7581149339675903
25,It was already full of women.,neutral,0.5268159508705139
25,"It is built of stone, in the shape of a dome,  with no windows but in the roof, which gives light enough.",neutral,0.8375930786132812
25,"There were five of these domes joined together, the outmost being less than the rest, and serving only as a hall, where the portress stood at the door.",neutral,0.8131330013275146
25,Ladies of quality generally give this woman a crown or ten shillings; and I did not forget that ceremony.,neutral,0.9280993938446045
25,"The next room is a very large one paved with marble, and all round it are two raised sofas of marble, one above another.",neutral,0.3918280601501465
25,"There were four fountains of cold water in this room, falling first into marble basons (sic), and then running on the floor in little channels made for that purpose, which carried the streams into the next room, something less than this, with the same sort of marble sofas, but so hot with steams of sulphur proceeding from the baths joining to it, 'twas impossible to stay there with one's cloaths (sic) on.",neutral,0.4830237627029419
25,"The two other domes were the hot baths, one of which had cocks of cold water turning into it, to temper it to what degree of warmth the bathers pleased to have.",neutral,0.6954448819160461
25,"I WAS in my travelling habit, which is a riding dress, and certainly appeared very extraordinary to them.",surprise,0.9568081498146057
25,"Yet there was not one of them that shewed the least surprise or impertinent curiosity, but received me with all the obliging civility possible.",surprise,0.9309592843055725
25,"I know no European court, where the ladies would have behaved themselves in so polite a manner to such a stranger.",disgust,0.4871262311935425
25,"I believe, upon the whole, there were two hundred women, and yet none of those disdainful smiles, and satirical whispers, that never fail in our assemblies, when any body appears that is not dressed exactly in the fashion.",disgust,0.5940482020378113
25,"They repeated over and over to me; ""UZELLE, PEK UZELLE,"" which is nothing but, _Charming, very Charming_.--The first sofas were covered with cushions and rich carpets, on which sat the ladies; and on the second, their slaves behind them, but without any distinction of rank by their dress, all being in the state of nature, that is, in plain English, stark naked, without any beauty or defect concealed.",disgust,0.5156745910644531
25,Yet there was not the least wanton smile or immodest gesture amongst them.,disgust,0.7202835083007812
25,"They walked and moved with the same majestic grace, which Milton describes our general mother with.",neutral,0.8960964679718018
25,"There were many amongst them, as exactly proportioned as ever any goddess was drawn by the pencil of a Guido or Titian,--and most of their skins shiningly white, only adorned by their beautiful hair divided into many tresses, hanging on their shoulders, braided either with pearl or ribbon, perfectly representing the figures of the Graces.",neutral,0.6495413184165955
25,"I WAS here convinced of the truth of a reflection I have often made, _That if it were the fashion to go naked, the face would be hardly observed_.",neutral,0.39847075939178467
25,"I perceived, that the ladies of the most delicate skins and finest shapes had the greatest share of my admiration, though their faces were sometimes less beautiful than those of their companions.",disgust,0.5334734916687012
25,"To tell you the truth, I had wickedness enough, to wish secretly, that Mr Gervais could have been there invisible.",disgust,0.47782567143440247
25,"I fancy it would have very much improved his art, to see so many fine women naked, in different postures, some in conversation, some working, others drinking coffee or sherbet, and many negligently lying on their cushions, while their slaves (generally pretty girls of seventeen or eighteen) were employed in braiding their hair in several pretty fancies.",disgust,0.857323408126831
25,"In short, 'tis the women's coffee-house, where all the news of the town is told, scandal invented, &c.--They generally take this diversion once a-week (sic), and stay there at least four or five hours, without getting cold by immediate coming out of the hot bath into the cold room, which was very surprising to me.",surprise,0.9707145094871521
25,"The lady, that seemed the most considerable among them, entreated me to sit by her, and would fain have undressed me for the bath.",disgust,0.9715169668197632
25,I excused myself with some difficulty.,disgust,0.8861156702041626
25,"They being however all so earnest in persuading me, I was at last forced to open my shirt, and shew them my stays; which satisfied them very well; for, I saw, they believed I was locked up in that machine, and that it was not in my own power to open it, which contrivance they attributed to my husband,--I was charmed with their civility and beauty, and should have been very glad to pass more time with them; but Mr W---- resolving to pursue his journey next morning early,  I was in haste to see the ruins of Justinian's church, which did not afford me so agreeable a prospect as I had left, being little more than a heap Of stones.",joy,0.8858879208564758
25,"ADIEU, madam, I am sure I have now entertained you with an account of such a sight as you never saw in your life, and what no book of travels could inform you of, as 'tis no less than death for a man to be found in one of these places.",disgust,0.3833225667476654
26,You see I am very exact in keeping the promise you engaged me to make.,neutral,0.8556377291679382
26,"I know not, however, whether your curiosity will be satisfied with the accounts I shall give you, though I can assure you, the desire I have to oblige you to the utmost of my power, has made me very diligent in my enquiries and observations.",neutral,0.8707142472267151
26,"'Tis certain we have but very imperfect accounts of the manners and religion of these people; this part of the world being seldom visited, but by merchants, who mind little but their own affairs; or travellers, who make too short a stay, to be able to report any thing exactly of their own knowledge.",neutral,0.745505690574646
26,"The Turks are too proud to converse familiarly with merchants, who can only pick up some confused informations, which are generally false; and can give no better account of the ways here, than a French refugee, lodging in a garret in Greek-street, could write of the court of England.",neutral,0.9467358589172363
26,"The journey we have made from Belgrade hither, cannot possibly be passed by any out of a public character.",neutral,0.7596511840820312
26,"The desert woods of Servia, are the common refuge of thieves, who rob fifty in a company, so that we had need of all our guards to secure us; and the villages are so poor, that only force could extort from them necessary provisions.",disgust,0.3208821713924408
26,"Indeed the janizaries had no mercy on their poverty, killing all the poultry and sheep they could find, without asking to whom they belonged; while the wretched owners durst not put in their claim, for fear of being beaten.",fear,0.5373613834381104
26,"Lambs just fallen, geese and turkies (sic) big with egg, all massacred without distinction!",anger,0.7185578346252441
26,I fancied I heard the complaints of Melibeus for the hope of his flock.,neutral,0.45163393020629883
26,"When the bassas travel, 'tis yet worse.",disgust,0.9120984673500061
26,"These oppressors are not content with eating all that is to be eaten belonging to the peasants; after they have crammed themselves and their numerous retinue, they have the impudence to exact what they call _teeth-money_, a contribution for the use of their teeth, worn with doing them the honour of devouring their meat.",disgust,0.4637632369995117
26,"This is literally and exactly true, however extravagant it may seem; and such is the natural corruption of a military government, their religion not allowing of this barbarity, any more than ours does.",disgust,0.8780185580253601
26,"I HAD the advantage of lodging three weeks at Belgrade, with a principal effendi, that is to say a scholar.",neutral,0.6371514797210693
26,"This set of men are equally capable of preferments in the law or the church, these two sciences being cast into one, and a lawyer and a priest being the same word in the Turkish language.",neutral,0.9383829832077026
26,They are the only men really considerable in the empire; all the profitable employments and church revenues are in their hands.,neutral,0.9371844530105591
26,"The grand signior, though general heir to his people, never presumes to touch their lands or money, which go, in an uninterrupted succession, to their children.",neutral,0.5894667506217957
26,"'Tis true, they lose this privilege, by accepting a place at court, or the title of Bassa; but there are few examples of such fools among them.",neutral,0.7998586297035217
26,"You may easily judge of the power of these men, who have engrossed all the learning, and almost all the wealth of the empire.",neutral,0.8935624361038208
26,"'Tis they that are the real authors, though the soldiers are the actors of revolutions.",neutral,0.9500091075897217
26,"They deposed the late sultan Mustapha; and their power is so well known, that 'tis the emperor's interest to flatter them.",anger,0.518887996673584
26,THIS is a long digression.,neutral,0.7077577114105225
26,"I was going to tell you, that an intimate daily conversation with the effendi Achmet-beg, gave me an opportunity of knowing their religion and morals in a more particular manner than perhaps any Christian ever did.",joy,0.5647430419921875
26,"I explained to him the difference between the religion of England and Rome; and he Was pleased to hear there were Christians that did not worship images, or adore the Virgin Mary.",joy,0.9744789600372314
26,"The ridicule of transubstantiation appeared very strong to him.--Upon comparing our creeds together, I am convinced that if our friend Dr ---- had free liberty of preaching here, it would be very easy to persuade the generality to Christianity, whose notions are very little different from his.",joy,0.5009451508522034
26,Mr Whiston would make a very good apostle here.,neutral,0.8685993552207947
26,"I don't doubt but his zeal will be much fired, if you communicate this account to him; but tell him, he must first have the gift of tongues, before he can possibly be of any use.--Mahometism (sic) is divided into as many sects as Christianity; and the first institution as much neglected and obscured by interpretations.",neutral,0.5427758693695068
26,"I cannot here forbear reflecting on the natural inclination of mankind, to make mysteries and novelties.--The Zeidi, Kudi, Jabari, &c. put me in mind of the Catholics, Lutherans, and Calvinists, and are equally zealous against one another.",anger,0.690569281578064
26,"But the most prevailing opinion, if you search into the secret of the effendis, is, plain deism.",neutral,0.9048313498497009
26,"This is indeed kept from the people, who are amused with a thousand different notions, according to the different interest of their preachers.--There are very few amongst them (Achmet-beg denied there were any) so absurd, as to set up for wit, by declaring they believe no God at all.",disgust,0.378231942653656
26,"And Sir Paul Rycaut is mistaken (as he commonly is) in calling the sect _muterin_, (i. e. _the secret with us_) atheists, they being deists, whose impiety consists in making a jest of their prophet.",disgust,0.7333715558052063
26,"Achmet-beg did not own to me that he was of this opinion; but made no scruple of deviating from some part of Mahomet's law, by drinking wine with the same freedom we did.",disgust,0.6354637742042542
26,When I asked him how he came to allow himself that liberty?,neutral,0.5426401495933533
26,"He made answer, that all the creatures of God are good, and designed for the use of man; however, that the prohibition of wine was a very wise maxim, and meant for the common people, being the source of all disorders amongst them; but, that the prophet never designed to confine those that knew how to use it with moderation; nevertheless, he said, that scandal ought to be avoided, and that he never drank it in public.",disgust,0.45422396063804626
26,"This is the general way of thinking amongst them, and very few forbear drinking wine that are able to afford it.",neutral,0.7903187274932861
26,"He assured me, that if I understood Arabic, I should be very well pleased with reading the alcoran, which is so far from the nonsense we charge it with, that it is the purest morality, delivered in the very best language.",joy,0.6513400077819824
26,"I have since heard impartial Christians speak of it in the same manner; and I don't doubt but that all our translations are from copies got from the Greek priests, who would not fail to falsify it with the extremity of malice.",neutral,0.5576900839805603
26,"No body of men ever were more ignorant, or more corrupt; yet they differ so little from the Romish church, that, I confess, nothing gives me a greater abhorrence of the cruelty of your clergy, than the barbarous persecution of them, whenever they have been their masters, for no other reason than their not acknowledging the pope.",disgust,0.8907756209373474
26,"The dissenting in that one article, has got them the titles of heretics and schismatics; and, what is worse, the same treatment.",disgust,0.932500958442688
26,"I found at Philippopolis, a sect of Christians that call themselves Paulines.",neutral,0.531198263168335
26,"They shew an old church, where, they say, St Paul preached; and he is their favourite saint, after the same manner that St Peter is at Rome; neither do they forget to give him the same preference over the rest of the apostles.",neutral,0.835070013999939
26,"BUT of all the religions I have seen, that of the Arnounts seems to me the most particular; they are natives of Arnountlich, the ancient Macedonia, and still retain the courage and hardiness, though they have lost the name of Macedonians, being the best militia in the Turkish empire, and the only check upon the janizaries.",neutral,0.9310354590415955
26,"They are foot soldiers; we had a guard of them, relieved in every considerable town we passed; they are all cloathed and armed at their own expence, dressed in clean white coarse cloth, carrying guns of a prodigious length, which they run with upon their shoulders, as if they did not feel the weight of them, the leader singing a sort of rude tune, not unpleasant, and the rest making up the chorus.",disgust,0.8410208821296692
26,"These people living between Christians and Mahometans, and not being skilled in controversy, declare, that they are utterly unable to judge which religion is best; but, to be certain of not entirely rejecting the truth, they very prudently follow both.",neutral,0.8304200768470764
26,"They go to the mosques on Fridays, and to the church on Sunday, saying, for their excuse, that at the day of judgment they are sure of protection from the true prophet; but which that is, they are not able to determine in this world.",neutral,0.8768209218978882
26,"I believe there is no other race of mankind, who have so modest an opinion of their own capacity.",surprise,0.8890570402145386
26,"THESE are the remarks I have made, on the diversity of religions I have seen.",neutral,0.8598937392234802
26,I don't ask your pardon for the liberty I have taken in speaking of the Roman.,anger,0.5886550545692444
26,"I know you equally condemn the quakery (sic) of all churches, as much as you revere the sacred truths, in which we both agree.",disgust,0.5529350638389587
26,YOU will expect I should say something to you of the antiquities of this country; but there are few remains of ancient Greece.,neutral,0.5466419458389282
26,"We passed near the piece of an arch, which is commonly called Trajan's Gate, from a supposition, that he made it to shut up the passage over the mountains, between Sophia and Philippopolis.",disgust,0.3467356860637665
26,"But I rather believe it the remains of some triumphal arch, (tho' I could not see any inscription;) for if that passage had been shut up, there are many others that would serve for the march of an army; and, notwithstanding the story of Baldwin earl of Flanders being overthrown in these straits, after he won Constantinople, I don't fancy the Germans would find themselves stopped by them at this day.",neutral,0.5744965076446533
26,"'Tis true, the road is now made (with great industry) as commodious as possible, for the march of the Turkish army; there is not one ditch or puddle between this place and Belgrade, that has not a large strong bridge of planks built over it; but the precipices are not so terrible as I had heard them represented.",disgust,0.48877570033073425
26,"At these mountains we lay at the little village Kiskoi, wholly inhabited by Christians, as all the peasants of Bulgaria are.",disgust,0.5598939061164856
26,"Their houses are nothing but little huts, raised of dirt baked in the sun; and they leave them and fly into the mountains, some months before the march of the Turkish army, who would else entirely ruin them, by driving away their whole flocks.",disgust,0.3261956572532654
26,"This precaution Secures them in a sort of plenty; for such vast tracts of land lying in common, they have the liberty of sowing what they please, and are generally very industrious husbandmen.",neutral,0.4942954480648041
26,I drank here several sorts of delicious wine.,joy,0.9336630702018738
26,"The women dress themselves in a great variety of coloured glass beads, and are not ugly, but of a tawny complexion.",disgust,0.7777526378631592
26,"I have now told you all that is worth telling you, and perhaps more, relating to my journey.",neutral,0.9274958372116089
26,"When I am at Constantinople, I'll try to pick up some curiosities, and then you shall hear again from                                 Your's, &c.",neutral,0.43589547276496887
27,"AS I never can forget the smallest of your ladyship's commands, my first business here has been to enquire after the stuffs you ordered me to look for, without being able to find what you would like.",neutral,0.7026188969612122
27,"The difference of the dress here and at London is so great, the same sort of things are not proper for _caftans_ and _manteaus_.",neutral,0.7943092584609985
27,"However, I will not give over my search, but renew it again at Constantinople, though I have reason to believe there is nothing finer than what is to be found here, as this place is at present the residence of the court.",neutral,0.36293986439704895
27,"The grand signior's eldest daughter was married some few days before I came hither; and, upon that occasion, the Turkish ladies display all their magnificence.",joy,0.5985965728759766
27,The bride was conducted to her husband's house in very great splendor (sic).,joy,0.7241902351379395
27,"She is widow of the late vizier, who was killed at Peterwaradin, though that ought rather to be called a contract than a marriage, since she never has lived with him; however, the greatest part of his wealth is hers.",sadness,0.5762951374053955
27,"He had the permission of visiting her in the seraglio; and, being one of the handsomest men in the empire, had very much engaged her affections.--When she saw this second husband, who is at least fifty, she could not forbear bursting into tears.",disgust,0.48198413848876953
27,"He is indeed a man of merit, and the declared favourite of the sultan, (which they call _ mosayp_) but that is not enough to make him pleasing in the eyes of a girl of thirteen.",neutral,0.7570974826812744
27,"THE government here is entirely in the hands of the army, the grand signior, with all his absolute power, is as much a slave as any of his subjects, and trembles at a janizary's frown.",anger,0.4870247542858124
27,"Here is, indeed, a much greater appearance of subjection than amongst us; a minister of state is not spoke to, but upon the knee: should a reflection on his conduct be dropt (sic) in a coffee-house (for they have spies every where) the house would be raz'd (sic) to the ground, and perhaps the whole company put to the torture.",disgust,0.888187050819397
27,"No _huzzaing mobs, senseless pamphlets, and tavern disputes about politics_; A consequential ill that freedom draws; A bad effect,--but from a noble cause.",anger,0.44480061531066895
27,None of our harmless calling names!,anger,0.7477697134017944
27,"but when a minister here displeases the people, in three hours time he is dragged even from his master's arms.",disgust,0.8760877847671509
27,"They cut off hands, head, and feet, and throw them before the palace gate, with all the respect in the world; while the sultan (to whom they all profess an unlimited adoration) sits trembling in his apartment, and dare neither defend nor revenge his favourite.",fear,0.9317513704299927
27,"This is the blessed condition of the most absolute monarch upon earth, who o---- no l---- but his _will_.",neutral,0.7998574376106262
27,[Editor's note: Two words are unreadable due to damage to the book which may have occurred at the time of printing.,neutral,0.39092209935188293
27,"It seems probable that the sentence should end "".. who owns no limit but his _will_."".]",neutral,0.5533729791641235
27,"I CANNOT help wishing, in the loyality (sic) of my heart, that the parliament would send hither a ship-load of young passive obedient men, that they might see arbitrary government in its clearest, and strongest light, where 'tis hard to judge, whether the prince, people, or ministers, are most miserable.",sadness,0.92948979139328
27,"I could make many reflections on this subject; but I know, madam, your own good sense has already furnished you with better than I am capable of.",neutral,0.8683115839958191
27,I WENT yesterday along with the French ambassadress to see the grand signior in his passage to the mosque.,neutral,0.6663523316383362
27,"He was preceded by a numerous guard of janizaries, with vast white feathers on their heads, as also by the _spahis_ and _bostangees_, (these are foot and horse guards) and the royal gardeners, which are a very considerable body of men, dressed in different habits of fine lively colours, so that at a distance, they appeared like a parterre of tulips.",neutral,0.8252256512641907
27,"After them the aga of the janizaries, in a robe of purple velvet, lined with silver tissue, his horse led by two slaves richly dressed.",disgust,0.9720776081085205
27,"Next him the _kyzlier-aga_ (your ladyship knows, this is the chief guardian of the seraglio ladies) in a deep yellow cloth (which suited very well to his black face) lined with sables.",neutral,0.8229027986526489
27,"Last came his sublimity himself, arrayed in green, lined with the fur of a black Moscovite fox, which is supposed worth a thousand pounds sterling, and mounted on a fine horse, with furniture embroidered with jewels.",neutral,0.7788960933685303
27,"Six more horses richly caparisoned were led after him; and two of his principal courtiers bore, one his gold, and the other his silver coffee-pot, on a staff; another carried a silver stool on his head for him to sit on.---It would be too tedious to tell your ladyship the various dresses and turbants (sic) by which their rank is distinguished; but they were all extremely rich and gay, to the number of some thousands; so that perhaps there cannot be seen a more beautiful procession.",neutral,0.4771960973739624
27,"The sultan appeared to us a handsome man of about forty, with something, however, severe in his countenance, and his eyes very ---- ---- ---- [Editor's note: as above a few words are illegible but seem to be 'sultry and black'.]",anger,0.8913803696632385
27,"He happened to stop under the window where he stood, and (I suppose being told who we were) looked upon us very attentively, so that we had full leisure to consider him.",disgust,0.6359130144119263
27,"The French ambassadress agreed with me as to his good mien; I see that lady very often; she is young, and her conversation would be a great relief to me, if I could persuade her to live without those forms and ceremonies that make life so formal and tiresome.",joy,0.6613001227378845
27,"But she is so delighted with her guards, her four and twenty footmen, gentlemen, ushers, &c. that she would rather die than make me a visit without them; not to reckon a coachful of attending damsels ycleap'd (sic) maids of honour.",joy,0.9573836326599121
27,"What vexes me is, that as long as she will visit me with a troublesome equipage, I am obliged to do the same: however, our mutual interest makes us much together.",anger,0.776680052280426
27,"I went with her the other day all round the town, in an open gilt chariot, with our joint train of attendants, preceded by our guards, who might have summoned the people to see what they had never seen, nor ever perhaps would see again, two young Christian ambassadresses at the same time.",neutral,0.41503119468688965
27,"Your ladyship may easily imagine, we drew a vast crowd of spectators, but all silent as death.",neutral,0.6967127323150635
27,"If any of them had taken the liberties of our mobs upon any strange sight, our janizaries had made no scruple of falling on them with their scimitars, without danger for so doing, being above law.",fear,0.8457926511764526
27,"These people however (I mean the janizaries) have some good qualities; they are very zealous and faithful where they serve, and look upon it as their business to fight for you on all occasions.",neutral,0.875336229801178
27,"Of this I had a very pleasant instance in a village on this side Philippopolis, where we were met by our domestic guards.",joy,0.8397466540336609
27,"I happened to bespeak pigeons for supper, upon which one of my janizaries went immediately to the cadi (the chief civil officer of the town) and ordered him to send in some dozens.",disgust,0.6440971493721008
27,"The poor man answered, that he had already sent about, but could get none.",sadness,0.637442409992218
27,"My janizary, in the height of his zeal for my service, immediately locked him up prisoner in his room, telling him he deserved death for his impudence, in offering to excuse his not obeying my command; but, out of respect to me, he would not punish him but by my order.",anger,0.8935610055923462
27,"Accordingly he came very gravely to me, to ask what should be done to him; adding, by way of compliment, that if I pleased he would bring me his head.--This may give you some idea of the unlimited power of these fellows, who are all sworn brothers, and bound to revenge the injuries done to one another, whether at Cairo, Aleppo, or any part of the world.",anger,0.4295085072517395
27,"This inviolable league makes them so powerful, that the greatest man at court never speaks to them but in a flattering tone; and in Asia, any man that is rich is forced to enrol himself a janizary, to secure his estate.--But I have already said enough; and I dare swear, dear madam, that, by this time, 'tis a very comfortable reflection to you, that there is no possibility of your receiving such a tedious letter but once in six months; 'tis that consideration has given me the assurance of entertaining you so long, and will, I hope, plead the excuse of, dear madam,  Your's, &c.",joy,0.508120059967041
28,"I WISH to God, dear sister, that you were as regular in letting me know what passes on your side of the globe, as I am careful in endeavouring to amuse you by the account of all I see here, that I think worth your notice.",neutral,0.6345865726470947
28,"You content yourself with telling me over and over, that the town is very dull: it may, possibly, be dull to you, when every day does not present you with something new; but for me that am in arrears, at least two months news, all that seems very stale with you, would be very fresh and sweet here.",sadness,0.5589083433151245
28,"Pray let me into more particulars, and I will try to awaken your gratitude, by giving you a full and true relation of the novelties of this place, none of which would surprise you more than a sight of my person, as I am now in my Turkish habit, though I believe you would be of my opinion, that 'tis admirably becoming.--I intend to send you my picture; in the mean time accept of it here.",surprise,0.7202825546264648
28,"THE first part of my dress is a pair of drawers, very full that reach to my shoes, and conceal the legs more modestly than your petticoats.",neutral,0.6438667178153992
28,"They are of a thin rose-coloured damask, brocaded with silver flowers.",neutral,0.8483718037605286
28,"My shoes are of white kid leather, embroidered with gold.",neutral,0.7871522903442383
28,"Over this hangs my smock, of a fine white silk gauze, edged with embroidery.",neutral,0.47447553277015686
28,"This smock has wide sleeves hanging half way down the arm, and is closed at the neck with a diamond button; but the shape and colour of the bosom is very well to be distinguished through it.--The _antery_ is a waistcoat, made close to the shape, of white and gold damask, with very long sleeves falling back, and fringed with deep gold fringe, and should have diamond or pearl buttons.",neutral,0.8198497891426086
28,"My _caftan_, of the same stuff with my drawers, is a robe exactly fitted to my shape, and reaching to my feet, with very long strait falling sleeves.",neutral,0.7355027794837952
28,"Over this is my girdle, of about four fingers broad, which, all that can afford it, have entirely of diamonds or other precious stones; those who will not be at that expence, have it of exquisite embroidery on sattin (sic); but it must be fastened before with a clasp of diamonds.--The _curdee_ is a loose robe they throw off, or put on, according to the weather, being of a rich brocade (mine is green and gold) either lined with ermine or sables; the sleeves reach very little below the shoulders.",neutral,0.7842200994491577
28,"The head dress is composed of a cap, called _talpock_, which is, in winter, of fine velvet embroidered with pearls or diamonds, and in summer, of a light shining silver stuff.",neutral,0.7925938963890076
28,"This is fixed on one side of the head, hanging a little way down with a gold tassel, and bound on, either with a circle of diamonds (as I have seen several) or a rich embroidered handkerchief.",neutral,0.8858736753463745
28,"On the other side of the head, the hair is laid flat; and here the ladies are at liberty to shew their fancies; some putting flowers, others a plume of heron's feathers, and, in short, what they please; but the most general fashion is a large _bouquet_ of jewels, made like natural flowers; that is, the buds, of pearl; the roses, of different coloured rubies: the jessamines, of diamonds; the jonquils, of topazes, &c. so well set and enamelled, 'tis hard to imagine any thing of that kind so beautiful.",neutral,0.4987775385379791
28,"The hair hangs at its full length behind, divided into tresses braided with pearl or ribbon, which is always in great quantity.",neutral,0.7769518494606018
28,I never saw in my life so many fine heads of hair.,surprise,0.6641234159469604
28,"In one lady's, I have counted a hundred and ten of the tresses, all natural; but it must be owned, that every kind of beauty is more common here than with us.",neutral,0.8284356594085693
28,'Tis surprising to see a young woman that is not very handsome.,surprise,0.9647082686424255
28,"They have naturally the most beautiful complexion in the world, and generally large black eyes.",neutral,0.7482163310050964
28,"I can assure you with great truth, that the court of England (though I believe it the fairest in Christendom) does not contain so many beauties as are under our protection here.",neutral,0.6912301182746887
28,"They generally shape their eye-brows, and both Greeks and Turks have the custom of putting round their eyes a black tincture, that, at a distance, or by candle-light, adds very much to the blackness of them.",neutral,0.8010436296463013
28,"I fancy many of our ladies would be overjoyed to know this secret, but 'tis too visible by day.",joy,0.9835106134414673
28,"They dye their nails a rose colour; but, I own, I cannot enough accustom myself to this fashion, to find any beauty in it.",disgust,0.4991205930709839
28,"AS to their morality or good conduct, I can say, like Harlequin, that 'tis just as 'tis with you; and the Turkish ladies don't commit one sin the less for not being Christians.",neutral,0.6981033086776733
28,"Now, that I am a little acquainted with their ways, I cannot forbear admiring, either the exemplary discretion, or extreme stupidity of all the writers that have given accounts of them.",disgust,0.3829387128353119
28,"'Tis very easy to see, they have in reality more liberty than we have.",neutral,0.9080723524093628
28,"No woman, of what rank soever, is permitted to go into the streets without two _murlins_, one that covers her face all but her eyes, and another, that hides the whole dress of her head, and hangs half way down her back.",neutral,0.6323533654212952
28,"Their shapes are also wholely (sic) concealed, by a thing they call a _serigee_, which no woman of any sort appears without; this has strait sleeves, that reach to their fingers-ends, and it laps all round them, not unlike a riding-hood.",neutral,0.8764720559120178
28,"In winter, 'tis of cloth; and in summer, of plain stuff or silk.",neutral,0.45885664224624634
28,"You may guess then, how effectually this disguises them, so that there is no distinguishing the great lady from her slave.",neutral,0.9288005232810974
28,"'Tis impossible for the most jealous husband to know his wife, when he meets her; and no man dare touch or follow a woman in the street.",anger,0.5760318040847778
28,"THIS perpetual masquerade gives them entire liberty of following their inclinations, without danger of discovery.",neutral,0.7104599475860596
28,"The most usual method of intrigue, is, to send an appointment to the lover to meet the lady at a Jew's shop, which are as notoriously convenient as our Indian-houses; and yet, even those who don't make use of them, do not scruple to go to buy pennyworths, and tumble over rich goods, which are chiefly to be found amongst that sort of people.",neutral,0.6747698187828064
28,"The great ladies seldom let their gallants know who they are; and 'tis so difficult to find it out, that they can very seldom guess at her name, whom they have corresponded with for above half a year together.",neutral,0.792485773563385
28,"You may easily imagine the number of faithful wives very small in a country where they have nothing to fear from a lover's indiscretion, since we see so many have the courage to expose themselves to that in this world, and all the threatened punishment of the next, which is never preached to the Turkish damsels.",fear,0.5756511688232422
28,"Neither have they much to apprehend from the resentment of their husbands; those ladies that are rich, having all their money in their own hands.",anger,0.7189767360687256
28,"Upon the whole, I look upon the Turkish women, as the only free people in the empire; the very divan pays respect to them; and the grand signior himself, when a bassa is executed, never violates the privileges of the _haram_, (or womens apartment) which remains unsearched and entire to the widow.",disgust,0.5825645327568054
28,"They are queens of their slaves, whom the husband has no permission so much as to look upon, except it be an old woman or two that his lady chuses.",neutral,0.5432215332984924
28,"'Tis true, their law permits them four wives; but there is no instance of a man of quality that makes use of this liberty, or of a woman of rank that would suffer it.",disgust,0.4263097941875458
28,"When a husband happens to be inconstant, (as those things will happen) he keeps his mistress in a house apart, and visits her as privately as he can, just as it is with you.",disgust,0.9187275171279907
28,"Amongst all the great men here, I only know the _testerdar_, (i.e.",neutral,0.6926020979881287
28,"a treasurer) that keeps a number of she slaves, for his own use, (that is, on his own side of the house; for a slave once given to serve a lady, is entirely at her disposal) and he is spoke of as a libertine, or what we should call a rake, and his wife won't see him, though she continues to live in his house.",neutral,0.5686200261116028
28,"Thus you see, dear sister, the manners of mankind do not differ so Widely, as our voyage-writers would make us believe.",neutral,0.9422293901443481
28,"Perhaps, it would be more entertaining to add a few surprising customs of my own invention; but nothing seems to me so agreeable as truth, and I believe nothing so acceptable to you.",surprise,0.7423620223999023
28,"I conclude therefore with repeating the great truth of my being, Dear sister, &c.",neutral,0.45023101568222046
29,"I DARE say you expect, at least, something very new in this letter, after I have gone a journey, not undertaken by any Christian for some hundred years.",neutral,0.735450029373169
29,"The most remarkable accident that happened to me, was my being very near overturned into the Hebrus; and, if I had much regard for the glories that one's name enjoys after death, I should certainly be sorry for having missed the romantic conclusion of swimming down the same river in which the musical head of Orpheus repeated verses so many ages since: ""_Caput a cervice revulsum, ""Gurgite cum medio, portans Oeagrius Hebrus, ""Volveret, Eurydicen vox ipsa, et frigida lingua, ""Ah!",surprise,0.5453868508338928
29,miseram Eurydicen!,joy,0.605861485004425
29,"anima fugiente vocabat, ""Eurydicen toto referebant flumine ripae_"" Who knows but some of your bright wits might have found it a subject affording many poetical turns, and have told the world, in an heroic elegy, that, _As equal were our souls, so equal were our fates?_ I despair of ever hearing so many fine things said of me, as so extraordinary a death would have given occasion for.",sadness,0.6562793254852295
29,"I AM at this present moment writing in a house situated on the banks of the Hebrus, which runs under my chamber window.",fear,0.8059137463569641
29,"My garden is full of all cypress trees, upon the branches of which several couple of true turtles are saying soft things to one another from morning till night.",neutral,0.6145924925804138
29,"How naturally do _boughs_ and _vows_ come into my mind, at this minute?",neutral,0.6161226034164429
29,"and must not you confess, to my praise, that 'tis more than an ordinary discretion that can resist the wicked suggestions of poetry, in a place where truth, for once, furnishes all the ideas of pastoral.",neutral,0.41874101758003235
29,"The summer is already far advanced in this part of the world; and, for some miles round Adrianople, the whole ground is laid out in gardens, and the banks of the rivers are set with rows of fruit-trees, under which all the most considerable Turks divert themselves every evening, not with walking, that is not one of their pleasures; but a set party of them chuse out a green spot, where the shade is very thick, and, there they spread a carpet, on which they sit drinking their coffee, and are generally attended by some slave with a fine voice, or that plays on some instrument.",disgust,0.47744590044021606
29,"Every twenty paces you may see one of these little companies listening to the dashing of the river; and this taste is so universal, that the very gardeners are not without it.",neutral,0.6701149344444275
29,"I have often seen them and their children sitting on the banks of the river, and playing on a rural instrument, perfectly answering the description of the ancient _fistula_, being composed of unequal reeds, with a simple, but agreeable softness in the sound.",neutral,0.5103424191474915
29,"MR ADDISON might here make the experiment he speaks of in his travels; there not being one instrument Of music among the Greek or Roman statues, that is not to be found in the hands of the people of this country.",neutral,0.8134298920631409
29,"The young lads generally divert themselves with making garlands for their favourite lambs, which I have often seen painted and adorned with flowers, lying at their feet, while they sung or played.",neutral,0.5495871305465698
29,"It is not that they ever read romances, but these are the ancient amusements here, and as natural to them as cudgel-playing and foot-ball to our British swains; the softness and warmth of the climate forbidding all rough exercises, which were never so much as heard of amongst them, and naturally inspiring a laziness and aversion to labour, which the great plenty indulges.",neutral,0.5501725077629089
29,These gardeners are the only happy race of country people in Turkey.,joy,0.9146367311477661
29,"They furnish all the city with fruits and herbs, and seem to live very easily.",neutral,0.5502280592918396
29,"They are most of them Greeks, and have little houses in the midst of their gardens, where their wives and daughters take a liberty, not permitted in the town, I mean, to go unveiled.",neutral,0.6646230816841125
29,"These wenches are very neat and handsome, and pass their time at their looms, under the shade of the trees.",neutral,0.8645784854888916
29,"I No longer look upon Theocritus as a romantic writer; he has only given a plain image of the way of life amongst the peasants of his country; who, before oppression had reduced them to want, were, I suppose, all employed as the better sort of them are now.",neutral,0.7448346614837646
29,"I don't doubt, had he been born a Briton, but his _Idyliums_  had been filled with descriptions of threshing and churning, both which are unknown here, the corn being all trode (sic) out by oxen; and butter (I speak it with sorrow) unheard of.",sadness,0.9759631156921387
29,"I READ over your Homer here, with an infinite pleasure, and find several little passages explained, that I did not before entirely comprehend the beauty of; many of the customs, and much Of the dress then in fashion, being yet retained.",surprise,0.7212080955505371
29,"I don't wonder to find more remains here, of an age so distant, than is to be found in any other country, the Turks not taking that pains to introduce their own manners, as has been generally practised by other nations, that imagine themselves more polite.",surprise,0.7656940817832947
29,"It would be too tedious to you, to point out all the passages that relate to present customs.",neutral,0.6667876839637756
29,"But, I can assure you, that the princesses and great ladies pass their time at their looms, embroidering veils and robes, surrounded by their maids, which are always very numerous, in the same manner as we find Andromache and Helen described.",neutral,0.8567348718643188
29,"The description of the belt of Menelaus, exactly resembles those that are now worn by the great men, fastened before with broad golden clasps, and embroidered round with rich work.",neutral,0.7752715349197388
29,"The snowy veil that Helen throws over her face, is still fashionable; and I never see half a dozen of old bashaws (as I do very often) with their reverend beards, sitting basking in the sun, but I recollect good king Priam and his counsellors.",disgust,0.6409795880317688
29,Their manner of dancing is certainly the same that Diana is _sung_  (sic) to have danced on the banks of Eurotas.,neutral,0.7756029367446899
29,"The great lady still leads the dance, and is followed by a troop of young girls, who imitate her steps, and, if she sings, make up the chorus.",neutral,0.7861348986625671
29,"The tunes are extremely gay and lively, yet with something in them wonderfully soft.",joy,0.8253491520881653
29,"The steps are varied according to the pleasure of her that leads the dance, but always in exact time, and infinitely more agreeable than any of our dances, at least in my opinion.",neutral,0.4803866744041443
29,"I sometimes make one in the train, but am not skilful enough to lead; these are the Grecian dances, the Turkish being very different.",neutral,0.45059576630592346
29,"I SHOULD have told you, in the first place, that the Eastern manners give a great light into many scripture-passages, that appear odd to us, their phrases being commonly what we should call scripture-language.",neutral,0.4472588896751404
29,"The vulgar Turk is very different from what is spoke at court, or amongst the people of figure; who always mix so much Arabic and Persian in their discourse, that it may very well be called another language.",disgust,0.6172159314155579
29,"And 'tis as ridiculous to make use of the expressions commonly used, in speaking to a great man or lady, as it would be to speak broad Yorkshire, or Somersetshire, in the drawing room.",anger,0.5224591493606567
29,"Besides this distinction, they have what they call the _sublime_, that is, a style proper for poetry, and which is the exact scripture style.",neutral,0.9640116691589355
29,"I believe you will be pleased to see a genuine example of this; and I am very glad I have it in my power to satisfy your curiosity, by sending you a faithful copy of the verses that Ibrahim Bassa, the reigning favourite, has made for the young princess, his contracted wife, whom he is not yet permitted to visit without witnesses, though she is gone home to his house.",joy,0.9777905344963074
29,"He is a man of wit and learning; and whether or no he is capable of writing good verse, you may be sure, that, on such an occasion, he would not want the assistance of the best poets in the empire.",neutral,0.5876820087432861
29,"Thus the verses may be looked upon as a sample of their finest poetry; and I don't doubt you'll be of my mind, that it is most wonderfully resembling _The song of Solomon_, which was also addressed to a royal bride.",joy,0.5608455538749695
29,"TURKISH VERSES addressed to the _Sultana_, eldest daughter of SULTAN ACHMET III.",neutral,0.7090975046157837
29,STANZA I. Ver.,neutral,0.7668086290359497
29,1.,neutral,0.8028571605682373
29,_THE nightingale now wanders in the vines: Her passion is to seek roses._ 2.,neutral,0.7186926007270813
29,_I went down to admire the beauty of the vines: The sweetness of your charms has ravished my soul._ 3.,joy,0.5211699604988098
29,"_Your eyes are black and lovely, But wild and disdainful as those of a stag._ STANZA II.",anger,0.8050339221954346
29,1.,neutral,0.8028571605682373
29,"_The wished possession is delayed from day to day; The cruel Sultan ACHMET will not permit me To see those cheeks, more vermilion than roses._ 2.",sadness,0.8031809329986572
29,_I dare not snatch one of your kisses; The sweetness of your charms has ravished my soul._ 3.,anger,0.5261457562446594
29,"_Your eyes are black and lovely, But wild and disdainful as those of a stag._ STANZA III 1.",anger,0.8357219696044922
29,_The wretched_ IBRAHIM _sighs in these verses: One dart from your eyes has pierc'd thro' my  heart._ 2.,sadness,0.9323573112487793
29,_Ah!,surprise,0.7390138506889343
29,when will the hour of possession arrive?,neutral,0.8372175693511963
29,Must I yet wait a long time?,neutral,0.9299849271774292
29,The sweetness of your charms has ravished my soul._ 3.,joy,0.37313205003738403
29,_Ah!_ SULTANA!,disgust,0.4754558801651001
29,_stag-ey'd--an angel amongst angels!,surprise,0.8068448901176453
29,"I desire,--and, my desire remains unsatisfied.--Can you take delight to prey upon my heart?_ STANZA IV 1.",joy,0.8562948107719421
29,_My cries pierce the heavens!,fear,0.324831485748291
29,My eyes are without sleep!,sadness,0.6737395524978638
29,"Turn to me,_ SULTANA--_let me gaze on thy beauty._ 2.",neutral,0.7010979652404785
29,_Adieu--I go down to the grave.,sadness,0.5130168795585632
29,If you call me--I return.,neutral,0.6627423167228699
29,"My heart is--hot as sulphur;--sigh, and it will flame._ 3.",sadness,0.9175437688827515
29,_Crown of my life!,anger,0.9003517627716064
29,fair light of my eyes!,surprise,0.5658634305000305
29,My_ SULTANA!,surprise,0.5139037370681763
29,_my princess!,surprise,0.5630905628204346
29,I rub my face against the earth; I am drown'd in scalding tears-- I rave!,anger,0.6045330762863159
29,Have you no compassion?,anger,0.7819341421127319
29,"Will you not turn to look upon me?_ I have taken abundance of pains to get these verses in a literal translation; and if you were acquainted with my interpreters, I might spare myself the trouble of assuring you, that they have received no poetical touches from their hands.",neutral,0.7261911630630493
29,In my opinion (allowing for the inevitable faults of a prose translation into a language so very different) there is a good deal of beauty in them.,neutral,0.684489369392395
29,"The epithet of _stag-ey'd_ (though the sound is not very agreeable in English) pleases me extremely; and I think it a very lively image of the fire and indifference in his mistress's eyes.--Monsieur Boileau has very justly observed, that we are never to judge of the elevation of an expression in an ancient author, by the sound it carries with us; since it may be extremely fine with them, when, at the same time, it appears low or uncouth to us.",joy,0.46148228645324707
29,"You are so well acquainted with Homer, you cannot but have observed the same thing, and you must have the same indulgence for all Oriental poetry.",neutral,0.8773607015609741
29,"The repetitions at the end of the two first stanzas are meant for a sort of chorus, and are agreeable to the ancient manner of writing.",neutral,0.8604532480239868
29,"The music of the verses apparently changes in the third stanza, where the burden is altered; and I think he very artfully, seems more passionate at the conclusion, as 'tis natural for people to warm themselves by their own discourse, especially on a subject in which one is deeply concerned; 'tis certainly far more touching than our modern custom of concluding a song of passion with a turn which is inconsistent with it.",joy,0.7040792107582092
29,"The first verse is a description of the season of the year; all the country now being full of nightingales, whole amours with roses, is an Arabian fable, as well known here as any part of Ovid amongst us, and is much the same as if an English poem should begin, by saying,--""_Now Philomela sings_.""",neutral,0.825957179069519
29,"Or what if I turned the whole into the style of English poetry, to see how it would look?",neutral,0.7321411371231079
29,STANZA I.,neutral,0.7291009426116943
29,"""NOW Philomel renews her tender strain, ""Indulging all the night her pleasing pain; ""I sought in groves to hear the wanton sing, ""There saw a face more beauteous than the spring.",sadness,0.4046825170516968
29,"""Your large stag-eyes, where thousand glories play, ""As bright, as lively, but as wild as they.",joy,0.9243584275245667
29,STANZA II.,neutral,0.817748486995697
29,"""In vain I'm promis'd such a heav'nly prize, ""Ah!",sadness,0.336982786655426
29,cruel SULTAN!,anger,0.6152776479721069
29,who delay'st my joys!,surprise,0.5642226338386536
29,"""While piercing charms transfix my am'rous heart, ""I dare not snatch one kiss to ease the smart.",fear,0.9303553700447083
29,"""Those eyes!",surprise,0.7445394396781921
29,"like, &c. STANZA III.",neutral,0.8546679615974426
29,"""Your wretched lover in these lines complains; ""From those dear beauties rise his killing pains.",disgust,0.6827639937400818
29,"""When will the hour of wish'd-for bliss arrive?",neutral,0.7362881898880005
29,"""Must I wait longer?--Can I wait and live?",neutral,0.62941575050354
29,"""Ah!",surprise,0.8919060230255127
29,bright Sultana!,neutral,0.39244377613067627
29,maid divinely fair!,joy,0.5955201983451843
29,"""Can you, unpitying, see the pains I bear?",sadness,0.38941362500190735
29,STANZA IV.,neutral,0.8337224125862122
29,"""The heavens relenting, hear my piercing cries, ""I loathe the light, and sleep forsakes my eyes; ""Turn thee, Sultana, ere thy lover dies: ""Sinking to earth, I fight the last adieu, ""Call me, my goddess, and my life renew.",anger,0.5866671204566956
29,"""My queen!",surprise,0.7204970121383667
29,my angel!,surprise,0.635816752910614
29,my fond heart's desire!,joy,0.9546859860420227
29,"""I rave--my bosom burns with heav'nly fire!",anger,0.7635689377784729
29,"""Pity that passion, which thy charms inspire.""",disgust,0.41309693455696106
29,"I have taken the liberty, in the second verse, of following what I suppose the true sense of the author, though not literally expressed.",neutral,0.883791446685791
29,"By his saying, _He went down to admire the beauty of the vines, and her charms ravished his soul_, I understand a poetical fiction, of having first seen her in a garden, where he was admiring the beauty of the spring.",neutral,0.4781656861305237
29,"But I could not forbear retaining the comparison of her eyes with those of a stag, though perhaps the novelty of it may give it a burlesque sound in our language.",disgust,0.6408647298812866
29,"I cannot determine upon the whole, how well I have succeeded in the translation, neither do I think our English proper to express such violence of passion, which is very seldom felt amongst us.",anger,0.6618083119392395
29,We want also those compound words which are very frequent and strong in the Turkish language.,neutral,0.9419626593589783
29,"YOU see I am pretty far gone in Oriental learning; and, to say truth, I study very hard.",neutral,0.880696713924408
29,"I wish my studies may give me an occasion of entertaining your curiosity, which will be the utmost advantage hoped for from them, by,                                        Your's, &c.",joy,0.8454121351242065
30,"IN my opinion, dear S. I ought rather to quarrel with you, for not answering my Nimeguen letter of August, till December, than to excuse my not writing again till now.",anger,0.9631142020225525
30,"I am sure there is on my side a very good excuse for silence, having gone such tiresome land-journies (sic), though I don't find the conclusion of them so  bad as you seem to imagine.",sadness,0.680483877658844
30,"I am very easy here, and not in the solitude you fancy me.",neutral,0.4268811345100403
30,"The great number of Greeks, French, English, and Italians that are under our protection, make their court to me from morning till night; and, I'll assure you, are, many of them, very fine ladies; for there is no possibility for a Christian to live easily under this government, but by the protection of an ambassador--and the richer they are, the greater is their danger.",neutral,0.5407916307449341
30,"THOSE dreadful stories you have heard  of the _plague_, have very little foundation in truth.",fear,0.9294304251670837
30,"I own, I have much ado to reconcile myself to the sound of a word, which has always given me such terrible ideas; though I am convinced there is little more in it, than in a fever.",fear,0.9486556649208069
30,"As a proof of this, let me tell you that we passed through two or three towns most violently infected.",anger,0.6460399627685547
30,"In the very next house where we lay, (in one of those places) two persons died of it.",sadness,0.6253989934921265
30,"Luckily for me I was so well deceived, that I knew nothing of the matter; and I was made believe, that our second cook had only a great cold.",neutral,0.7691459059715271
30,"However, we left our doctor to take care of him, and yesterday they both arrived here in good health; and I am now let into the secret, that he has had the _plague_.",joy,0.5446014404296875
30,"There are many that escape it, neither is the air ever infected.",neutral,0.9482893347740173
30,"I am persuaded, that it would be as easy a matter to root it out here, as out of Italy and France; but it does so little mischief, they are not very solicitous about it, and are content to suffer this distemper, instead of our variety, which they are utterly unacquainted with.",neutral,0.3211735486984253
30,"_A propos_ of distempers, I am going to tell you a thing that will make you wish yourself here.",surprise,0.4032435715198517
30,"The small-pox, so fatal, and so general amongst us, is here entirely harmless, by the invention of _ingrafting_, which is the term they give it.",neutral,0.8060940504074097
30,"There is a set of old women, who make it their business to perform the operation, every autumn, in the month of September, when the great heat is abated.",neutral,0.9099790453910828
30,"People send to one another to know if any of their family has a mind to have the small-pox: they make parties for this purpose, and when they are met (commonly fifteen or sixteen together) the old woman comes with a nutshell full of the matter of the best sort of small-pox, and asks what vein you please to have opened.",neutral,0.9219381213188171
30,"She immediately rips open that you offer to her, with a large needle, (which gives you no more pain than a common scratch) and puts into the vein as much matter as can ly upon the head of her needle, and after that, binds up the little wound with a hollow bit of shell; and in this manner opens four or five veins.",neutral,0.6667732000350952
30,"The Grecians have commonly the superstition of opening one in the middle of the forehead, one in each arm, and one on the breast, to mark the sign of the cross; but this has a very ill effect, all these wounds leaving little scars, and is not done by those that are not superstitious, who chuse to have them in the legs, or that part of the arm that is concealed.",neutral,0.45779433846473694
30,"The children or young patients play together all the rest of the day, and are in perfect health to the eighth.",neutral,0.8123471140861511
30,"Then the fever begins to seize them, and they keep their beds two days, very seldom three.",neutral,0.8409163951873779
30,"They have very rarely above twenty or thirty in their faces, which never mark; and in eight days time they are as well as before their illness.",neutral,0.9315698146820068
30,"Where they are wounded, there remain running sores during the distemper, which I don't doubt is a great relief to it.",neutral,0.37528184056282043
30,"Every year thousands undergo this operation; and the French ambassador says pleasantly, that they take the small-pox here by way of diversion, as they take the waters in other countries.",joy,0.7162058353424072
30,"There is no example of any one that has died in it; and you may believe I am well satisfied of the safety of this experiment, since I intend to try it on my dear little son.",joy,0.9424580335617065
30,"I am patriot enough to take pains to bring this useful invention into fashion in England; and I should not fail to write to some of our doctors very particularly about it, if I knew any one of them that I thought had virtue enough to destroy such a considerable branch of their revenue, for the good of mankind.",anger,0.3852214515209198
30,"But that distemper is too beneficial to them, not to expose to all their resentment the hardy wight (sic) that should undertake to put an end to it.",anger,0.6650264859199524
30,"Perhaps, if I live to return, I may, however, have courage to war with them.",neutral,0.8197113871574402
30,"Upon this occasion, admire the heroism in the heart of Your friend, &c. &c.",joy,0.811147153377533
31,"I CAN now tell dear Mrs T----, that I am safely arrived at the end of my very long journey.",joy,0.876135528087616
31,I will not tire you with the account of the many fatigues I have suffered.,neutral,0.5430706143379211
31,"You would rather be informed of the strange things that are to be seen here; and a letter out of Turkey, that has nothing extraordinary in it, would be as great a disappointment, as my visitors will receive at London, if I return thither without any rarities to shew them.--What shall I tell you of?--You never saw camels in your life; and perhaps the description of them will appear new to you; I can assure you the first sight of them was so to me; and though I have seen hundreds of pictures of those animals, I never saw any that was resembling enough, to give a true idea of them.",surprise,0.6825955510139465
31,"I am going to make a bold observation, and possibly a false one, because nobody has ever made it before me; but I do take them to be of the stag kind; their legs, bodies, and necks, are exactly shaped like them, and their colour very near the same.",neutral,0.9108575582504272
31,"'Tis true they are much larger, being a great deal higher than a horse; and so swift, that, after the defeat of Peterwaradin, they far outran the swiftest horses, and brought the first news of the loss of the battle to Belgrade.",neutral,0.4150486886501312
31,"They are never thoroughly tamed; the drivers take care to tie them one to another, with strong ropes, fifty in a string, led by an ass, on which the driver rides.",neutral,0.6436302661895752
31,I have seen three hundred in one caravan.,neutral,0.7918027639389038
31,"They carry the third part more than any horse; but 'tis a particular art to load them, because of the bunch on their backs.",neutral,0.9199163913726807
31,"They seem to be very ugly creatures, their heads being ill-formed and disproportioned (sic) to their bodies.",disgust,0.9635850191116333
31,"They carry all the burdens; and the beasts destined to the plough, are buffaloes, an animal you are also unacquainted with.",disgust,0.6184594035148621
31,"They are larger and more clumsy than an ox; they have short thick black horns close to their heads, Which grow turning backwards.",neutral,0.4799211919307709
31,They say this horn looks very beautiful when 'tis well polished.,joy,0.5315337181091309
31,"They are all black, with very short hair on their hides, and have extremely little white eyes, that make them look like devils.",neutral,0.7808494567871094
31,"The country people dye their tails, and the hair of their forehead, red, by way of ornament.",disgust,0.7471562623977661
31,"Horses are not put here to any laborious work, nor are they at all fit for it.",neutral,0.5708956122398376
31,"They are beautiful and full of spirit, but generally little, and not strong, as the breed of colder countries; very gentle, however, with all their vivacity, and also swift and surefooted.",neutral,0.565577507019043
31,"I have a little white favourite, that I would not part with on any terms; he prances under me with so much fire, you would think that I had a great deal of courage to dare to mount him; yet I'll assure you, I never rid a horse so much at my command in my life.",anger,0.4885505139827728
31,"My side-saddle is the first that was ever seen in this part of the world, and is gazed at with as much wonder as the ship of Columbus in the first discovery of America.",surprise,0.8910887837409973
31,"Here are some little birds, held in a sort of religious reverence, and, for that reason, multiply prodigiously: turtles, on the account of their innocence; and storks, because they are supposed to make every winter the pilgrimage to Mecca.",neutral,0.8167423605918884
31,"To say truth, they are the happiest subjects under the Turkish government, and are so sensible of their privileges, that they walk the streets without fear, and generally build in the low parts of houses.",joy,0.9432960152626038
31,"Happy are those whose houses are so distinguished, as the vulgar Turks are perfectly persuaded that they will not be, that year, attacked either by fire or pestilence.",joy,0.9185211062431335
31,I have the happiness of one of their sacred nests under my chamber-window.,joy,0.9052720069885254
31,"NOW I am talking of my chamber, I remember the description of the houses here will be as new to you, as any of the birds or beasts.",neutral,0.8220798373222351
31,"I suppose you have read, in most of our accounts of Turkey, that their houses are the most miserable pieces of building in the world.",sadness,0.5815178155899048
31,"I can speak very learnedly on that subject, having been in so many of them; and, I assure you, 'tis no such thing.",neutral,0.9249378442764282
31,We are now lodged in a palace belonging to the grand signior.,neutral,0.8802759051322937
31,"I really think the manner of building here very agreeable, and proper for the country.",joy,0.9854171872138977
31,"'Tis true, they are not at all solicitous to beautify the outsides of their houses, and they are generally built of wood; which, I own, is the cause of many inconveniencies; but this is not to be charged on the ill taste of the people, but on the oppression of the government.",disgust,0.7228847742080688
31,"Every house, at the death of its master, is at the grand signior's disposal; and therefore, no man cares to make a great expence, which he is not sure his family will be the better for.",neutral,0.479280948638916
31,"All their design is to build a house commodious, and that will last their lives; and they are very indifferent if it falls down the year after.",neutral,0.501807689666748
31,"Every house, great and small, is divided into two distinct parts, which only join together by a narrow passage.",neutral,0.9054659008979797
31,"The first house has a large court before it, and open galleries all round it, which is to me a thing very agreeable.",joy,0.6232624053955078
31,"This gallery leads to all the chambers, which are commonly large, and with two rows of windows, the first being of painted glass; they seldom build above two stories, each of which has galleries.",neutral,0.8637750148773193
31,"The stairs are broad, and not often above thirty steps.",neutral,0.8340671062469482
31,"This is the house belonging to the lord, and the adjoining one is called the _haram_, that is, the ladies apartment, (for the name of _seraglio_ is peculiar to the grand signior;) it has also a gallery running round it towards the garden, to which all the windows are turned, and the same number of chambers as the other, but more gay and splendid, both in painting and furniture.",neutral,0.5530188679695129
31,"The second row of windows is very low, with grates like those of convents; the rooms are all spread with Persian carpets, and raised at one end of them (my chambers are raised at both ends) about two feet.",neutral,0.7685109376907349
31,"This is the sofa, which is laid with a richer sort of carpet, and all round it a sort of couch, raised half a foot, covered with rich silk, according to the fancy or magnificence of the owner.",neutral,0.7168178558349609
31,"Mine is of scarlet cloth, with a gold fringe; round about this are placed, standing against the wall, two rows of cushions, the first very large, and the next, little ones; and here the Turks display their greatest magnificence.",disgust,0.4907957911491394
31,"They are generally brocade, or embroidery of gold wire upon white sattin.--Nothing can look more gay and splendid.",neutral,0.4286411702632904
31,"These seats are also so convenient and easy, that I believe I shall never endure chairs as long as I live.--The rooms are low, which I think no fault, and the ceiling is always of wood, generally inlaid or painted with flowers.",neutral,0.5746492147445679
31,"They open in many places, with folding doors, and serve for cabinets, I think, more conveniently than ours.",neutral,0.8856453895568848
31,"Between the windows are little arches to set pots of perfume, or baskets of flowers.",disgust,0.839917778968811
31,"But what pleases me best, is the fashion of having marble fountains in the lower part of the room, which throw up several spouts of water, giving, at the same time, an agreeable coolness, and a pleasant dashing sound, falling from one basin to another.",joy,0.7398852705955505
31,Some of these are very magnificent.,neutral,0.3863885700702667
31,"Each house has a bagnio, which consists generally in two or three little rooms, leaded on the top, paved with marble, with basins, cocks of water, and all conveniencies for either hot or cold baths.",neutral,0.9343035221099854
31,"YOU will perhaps be surprised at an account so different from what you have been entertained with by the common voyage-writers, who are very fond of speaking of what they don't know.",surprise,0.9764994978904724
31,"It must be under a very particular character, or on some extraordinary occasion, that a Christian is admitted into the house of a man of quality; and their _harams_ are always forbidden ground.",disgust,0.649254560470581
31,"Thus they can only speak of the outside, which makes no great appearance; and the womens apartments are always built backward, removed from sight, and have no other prospect than the gardens, which are inclosed with very high walls.",neutral,0.7168739438056946
31,"There are none of our parterres in them; but they are planted with high trees, which give an agreeable shade, and, to my fancy, a pleasing view.",neutral,0.670494556427002
31,"In the midst of the garden is the _chiosk_, that is, a large room, commonly beautified with a fine fountain in the midst of it.",neutral,0.6712865233421326
31,"It is raised nine or ten steps, and inclosed with gilded lattices, round which, vines, jessamines, and honey-suckles, make a sort of green wall.",neutral,0.7437885999679565
31,"Large trees are planted round this place, which is the scene of their greatest pleasures, and where the ladies spend most of their hours, employed by their music or embroidery.--In the public gardens, there are public _chiosks_ where people go, that are not so well accommodated at home, and drink their coffee, sherbet, &c.--Neither are they ignorant of a more durable manner of building: their mosques are all of free-stone, and the public _hanns_, or inns, extremely magnificent, many of them taking up a large square, built round with shops under stone arches, where poor artificers are lodged _gratis_.",disgust,0.34047189354896545
31,"They have always a mosque joining to them, and the body of the _hann_ is a most noble hall, capable of holding three or four hundred persons, the court extremely spacious, and cloisters round it, that give it the air of our colleges.",neutral,0.7828041315078735
31,"I own, I think it a more reasonable piece of charity than the founding of convents.--I think I have now told you a great deal for once.",joy,0.5638434886932373
31,"If you don't like my choice of subjects, tell me what you would have me write Upon; there is nobody more desirous to entertain you, than, dear Mrs T----, Your's, &c. &c.",joy,0.9548550844192505
32,"I WROTE to you, dear sister, and to all my other English correspondents, by the last ship, and only Heaven can tell, when I shall have another opportunity of sending to you; but I cannot forbear to write again, though perhaps my letter may ly upon my hands this two months.",sadness,0.5485715270042419
32,"To confess the truth, my head is so full of my entertainment yesterday, that 'tis absolutely necessary, for my own repose, to give it some vent.",sadness,0.5718430280685425
32,"Without farther preface, I will then begin my story.",neutral,0.662796676158905
32,"I WAS invited to dine with the grand vizier's lady, and it was with a great deal of pleasure I prepared myself for an entertainment, which was never before given to any Christian.",joy,0.9593438506126404
32,"I thought I should very little satisfy her curiosity, (which I did not doubt was a considerable motive to the invitation) by going in a dress she was used to see, and therefore dressed myself in the court habit of Vienna, which is much more magnificent than ours.",neutral,0.2976793944835663
32,"However, I chose to go _incognito_, to avoid any disputes about ceremony, and went in a Turkish coach, only attended by my woman, that held up my train, and the Greek lady, who was my interpretess.",neutral,0.8646073341369629
32,"I was met at the court door by her black eunuch, who helped me out of the coach with great respect, and conducted me through several rooms, where her she-slaves, finely dressed, were ranged on each side.",disgust,0.8615970611572266
32,"In the innermost, I found the lady sitting on her sofa, in a sable vest.",disgust,0.9726951122283936
32,"She advanced to meet me, and presented me half a dozen of her friends, with great civility.",neutral,0.49144065380096436
32,"She seemed a very good woman, near fifty years old.",joy,0.5901074409484863
32,"I was surprised to observe so little magnificence in her house, the furniture being all very moderate; and, except the habits and number of her slaves, nothing about her appeared expensive.",surprise,0.9757506251335144
32,"She guessed at my thoughts, and told me she was no longer of an age to spend either her time or money in superfluities; that her whole expence was in charity, and her whole employment praying to God.",neutral,0.7685396075248718
32,There was no affectation in this speech; both she and her husband are entirely given up to devotion.,neutral,0.7548022270202637
32,"He never looks upon any other woman; and, what is much more extraordinary, touches no bribes, notwithstanding the example of all his predecessors.",neutral,0.46110567450523376
32,"He is so scrupulous on this point, he would not accept Mr W----'s present, till he had been assured over and over, that it was a settled perquisite Of his place, at the entrance of every ambassador.",neutral,0.46980226039886475
32,"She entertained me with all kind of civility, till dinner came in, which was served, one dish at a time, to a vast number, all finely dressed after their manner, which I don't think so bad as you have perhaps heard it represented.",disgust,0.5262690782546997
32,"I am a very good judge of their eating, having lived three weeks in the house of an _effendi_ at Belgrade, who gave us very magnificent dinners, dressed by his own cooks.",neutral,0.48021093010902405
32,"The first week they pleased me extremely; but, I own, I then began to grow weary of their table, and desired our own cook might add a dish or two after our manner.",disgust,0.496692031621933
32,"But I attribute this to custom, and am very much inclined to believe, that an Indian, who had never tasted of either, would prefer their cookery to ours.",neutral,0.9535687565803528
32,"Their sauces are very high, all the roast very much done.",neutral,0.9131872057914734
32,They use a great deal of very rich spice.,neutral,0.8955316543579102
32,"The soup is served for the last dish; and they have, at least, as great a variety of ragouts as we have.",neutral,0.8516353368759155
32,"I was very sorry I could not eat of as many as the good lady would have had me, who was very earnest in serving me of every thing.",sadness,0.8834424614906311
32,"The treat concluded with coffee and perfumes, which is a high mark of respect; two slaves kneeling _censed_ my hair, clothes, and handkerchief.",disgust,0.852966845035553
32,"After this ceremony, she commanded her slaves to play and dance, which they did with their guitars in their hands, and she excused to me their want of skill, saying she took no care to accomplish them in that art.",disgust,0.9319226145744324
32,"I RETURNED her thanks, and, soon after, took my leave.",neutral,0.6663724780082703
32,"I was conducted back in the same manner I entered, and would have gone straight to my own house; but the Greek lady with me, earnestly solicited me to visit the _kahya's_ lady, saying, he was the second officer in the empire, and ought indeed to be looked upon as the first, the grand vizier having only the name, while he exercised the authority.",disgust,0.3088681995868683
32,"I had found so little diversion in the vizier's _haram_, that I had no mind to go into another.",neutral,0.6545447111129761
32,"But her importunity prevailed with me, and I am extremely glad I was so complaisant.",joy,0.9854524731636047
32,"All things here were with quite another air than at the grand vizier's; and the very house confessed the difference between an old devotee, and a young beauty.",neutral,0.4242076575756073
32,It was nicely clean and magnificent.,joy,0.7119876146316528
32,"I was met at the door by two black eunuchs, who led me through a long gallery, between two ranks of beautiful young girls, with their hair finely plaited, almost hanging to their feet, all dressed in fine light damasks, brocaded with silver.",disgust,0.7980425357818604
32,I was sorry that decency did not permit me to stop to consider them nearer.,sadness,0.8134089708328247
32,"But that thought was lost upon my entrance into a large room, or rather pavilion, built round with gilded sashes, which were most of them thrown up, and the trees planted near them gave an agreeable shade, which hindered the sun from being troublesome.",neutral,0.4278106987476349
32,"The jessamines and honey-suckles that twisted round their trunks, shed a soft perfume, increased by a white marble fountain playing sweet water in the lower part of the room, which fell into three or four basins, with a pleasing sound.",disgust,0.7078608274459839
32,"The roof was painted with all sorts of flowers, falling out of gilded baskets, that seemed tumbling down.",neutral,0.5803923606872559
32,"On a sofa, raised three steps, and covered with fine Persian carpets, sat the _kahya_'s lady, leaning on cushions of white sattin, embroidered; and at her feet sat two young girls about twelve years old, lovely as angels, dressed perfectly rich, and almost covered with jewels.",disgust,0.5204833745956421
32,"But they were hardly seen near the fair _Fatima_, (for that is her name) so much her beauty effaced every thing I have seen, nay, all that has been called lovely either in England or Germany.",neutral,0.7488468885421753
32,"I must own, that I never saw any thing so gloriously beautiful, nor can I recollect a face that would have been taken notice of near hers.",neutral,0.3302517235279083
32,"She stood up to receive me, saluting me after their fashion, putting her hand to her heart with a sweetness full of majesty, that no court breeding could ever give.",neutral,0.46378371119499207
32,"She ordered cushions to be given me, and took care to place me in the corner, which is the place of honour.",disgust,0.6339548826217651
32,"I confess, though the Greek lady had before given me a great opinion of her beauty, I was so struck with admiration, that I could not, for some time, speak to her, being wholly taken up in gazing.",surprise,0.769682765007019
32,That surprising harmony of features!,surprise,0.9447897672653198
32,that charming result of the whole!,joy,0.9847895503044128
32,that exact proportion of body!,surprise,0.5685757994651794
32,that lovely bloom of complexion unsullied by art!,sadness,0.9396116733551025
32,"the unutterable enchantment of her smile!--But her eyes!--large and black, with all the soft languishment of the blue!",sadness,0.6560583710670471
32,every turn of her face discovering some new grace.,neutral,0.7538304328918457
32,"AFTER my first surprise was over, I endeavoured, by nicely examining her face, to find out some imperfection, without any fruit of my search, but my being clearly convinced of the error of that vulgar notion, that a face exactly proportioned, and perfectly beautiful, would not be agreeable; nature having done for her, with more success, what Appelles is said to have essayed, by a collection of the most exact features, to form a perfect face.",surprise,0.8648638129234314
32,"Add to all this, a behaviour so full of grace and sweetness, such easy motions, with an air so majestic, yet free from stiffness or affectation, that I am persuaded, could she be suddenly transported upon the most polite throne of Europe, no body would think her other than born and bred to be a queen, though educated in a country we call barbarous.",neutral,0.533273458480835
32,"To say all in a word, our most celebrated English beauties would vanish near her.",neutral,0.5469292402267456
32,"SHE was dressed in a _caftan_ of gold brocade, flowered with silver, very well fitted to her shape, and shewing to admiration the beauty of her bosom, only shaded by the thin gauze of her shift.",neutral,0.7737822532653809
32,"Her drawers were pale pink, her waistcoat green and silver, her slippers white sattin, finely embroidered: her lovely arms adorned with bracelets of diamonds, and her broad girdle set round with diamonds; upon her head a rich Turkish handkerchief of pink and silver, her own fine black hair hanging a great length, in various tresses, and on one side of her head some bodkins of jewels.",neutral,0.34022390842437744
32,I am afraid you will accuse me of extravagance in this description.,fear,0.9853172898292542
32,"I think I have read somewhere, that women always speak in rapture when they speak of beauty, and I cannot imagine why they should not be allowed to do so.",surprise,0.8840048313140869
32,I rather think it a virtue to be able to admire without any mixture of desire or envy.,disgust,0.40959495306015015
32,"The gravest writers have spoken with great warmth, of some celebrated pictures and statues.",joy,0.5415278673171997
32,"The workmanship of Heaven, certainly excels all our weak imitations, and, I think, has a much better claim to our praise.",neutral,0.8929017186164856
32,"For my part, I am not ashamed to own, I took more pleasure in looking on the beauteous Fatima, than the finest piece of sculpture could have given me.",disgust,0.7518926858901978
32,"She told me, the two girls at her feet were her daughters, though she appeared too young to be their mother.",neutral,0.6454269886016846
32,"Her fair maids were ranged below the sofa, to the number of twenty, and put me in mind of the pictures of the ancient nymphs.",neutral,0.890403687953949
32,I did not think all nature could have furnished such a scene of beauty.,surprise,0.9610704183578491
32,She made them a sign to play and dance.,neutral,0.8089307546615601
32,"Four of them immediately began to play some soft airs on instruments, between a lute and a guitar, which they accompanied with their voices, while the others danced by turns.",neutral,0.7709687352180481
32,This dance was very different from what I had seen before.,neutral,0.4633415639400482
32,"Nothing could be more artful, or more proper to raise _certain ideas_.",neutral,0.5668361186981201
32,The tunes so soft!--the motions so languishing!--accompanied with pauses and dying eyes!,sadness,0.791650116443634
32,"half-falling back, and then recovering themselves in so artful a manner, that I am very positive, the coldest and most rigid pride upon earth, could not have looked upon them without thinking of _something not to be spoke of_.--I suppose you may have read that the Turks have no music, but what is shocking to the ears; but this account is from those who never heard any but what is played in the streets, and is just as reasonable, as if a foreigner should take his ideas of English music, from the _bladder_ and _string_, or the _marrow-bones_ and _cleavers_.",surprise,0.8086563348770142
32,"I can assure you that the music is extremely pathetic; 'tis true, I am inclined to prefer the Italian, but perhaps I am partial.",sadness,0.7113721966743469
32,"I am acquainted with a Greek lady who sings better than Mrs Robinson, and is very well skilled in both, who gives the preference to the Turkish.",neutral,0.7955353260040283
32,'Tis certain they have very fine natural voices; these were very agreeable.,neutral,0.7498458623886108
32,"When the dance was over, four fair slaves came into the room, with silver censers in their hands, and perfumed the air with amber, aloes-wood, and other scents.",disgust,0.9736779928207397
32,"After this, they served me coffee upon their knees, in the finest japan china, with _soucoups_ of silver, gilt.",neutral,0.8421313762664795
32,"The lovely Fatima entertained me, all this while, in the most polite agreeable manner, calling me often _uzelle sultanam_, or the beautiful sultana; and desiring my friendship with the best grace in the world, lamenting that she could not entertain me in my own language.",joy,0.6246971487998962
32,"WHEN I took my leave, two maids brought in a fine silver basket of embroidered handkerchiefs; she begged I would wear the richest for her sake, and gave the others to my woman and interpretess.--I retired through the same ceremonies as before, and could not help thinking, I had been some time in Mahomet's paradise; so much was I charmed with what I had seen.",joy,0.8114588856697083
32,I know not how the relation of it appears to you.,surprise,0.4866766631603241
32,"I wish it may give you part of my pleasure; for I would have my dear sister share in all the diversions of,   Yours,&c.",joy,0.7424342036247253
33,"I AM going to leave Adrianople, and I would not do it without giving you some account of all that is curious in it, which I have taken a great deal of pains to see.",neutral,0.5653480291366577
33,"I will not trouble you with wise dissertations, whether or no this is the same city that was anciently called Orestesit or Oreste, which you know better than I do.",neutral,0.8070614337921143
33,"It is now called from the emperor Adrian, and was the first European seat of the Turkish empire, and has been the favourite residence of many sultans.",neutral,0.5029168128967285
33,"Mahomet the fourth, and Mustapha, the brother of the reigning emperor, were so fond of it, that they wholly abandoned Constantinople; which humour so far exasperated the janizaries, that it was a considerable motive to the rebellions that deposed them.",anger,0.5150849223136902
33,Yet this man seems to love to keep his court here.,disgust,0.6098523736000061
33,I can give you no reason for this partiality.,anger,0.548780620098114
33,"'Tis true, the situation is fine, and the country all round very beautiful; but the air is extremely bad, and the seraglio itself is not free from the ill effect of it.",disgust,0.45306897163391113
33,"The town is said to be eight miles in compass, I suppose they reckon in the gardens.",neutral,0.9008294939994812
33,"There are some good houses in it, I mean large ones; for the architecture of their palaces never makes any great shew.",neutral,0.8253858685493469
33,"It is now very full of people; but they are most of them such as follow the court, or camp; and when they are removed, I am told, 'tis no populous city.",neutral,0.5752356648445129
33,"The river Maritza (anciently the Hebrus) on which it is situated, is dried up every summer, which contributes very much to make it unwholesome.",neutral,0.352411150932312
33,It is now a very pleasant stream.,joy,0.9591787457466125
33,There are two noble bridges built over it.,neutral,0.9208927154541016
33,"I had the curiosity to go to see the exchange in my Turkish dress, which is disguise sufficient.",neutral,0.7151654958724976
33,"Yet I own, I was not very easy when I saw it crowded with janizaries; but they dare not be rude to a woman, and made way for me with as much respect as if I had been in my own figure.",anger,0.6573596596717834
33,"It is half a mile in length, the roof arched, and kept extremely neat.",neutral,0.9291236996650696
33,"It holds three hundred and sixty-five shops, furnished with all sorts of rich goods, exposed to sale in the same manner as at the new exchange in London.",neutral,0.8991193175315857
33,"But the pavement is kept much neater; and the shops are all so clean, they seem just new painted.--Idle people of all sorts walk here for their diversion, or amuse themselves with drinking coffee, or sherbet, which is cried about as oranges and sweet-meats are in our play-houses.",neutral,0.41124430298805237
33,I observed most of the rich tradesmen were Jews.,disgust,0.6690641641616821
33,That people are in incredible power in this country.,surprise,0.5279088616371155
33,"They have many privileges above all the natural Turks themselves, and have formed a very considerable commonwealth here, being judged by their own laws.",neutral,0.8677173256874084
33,"They have drawn the whole trade of the empire into their hands, partly by the firm union amongst themselves, and partly by the idle temper and want of industry in the Turks.",neutral,0.4737791121006012
33,"Every bassa has his Jew, who is his _homme d'affaires_; he is let into all his secrets, and does all his business.",neutral,0.9032217860221863
33,"No bargain is made, no bribe received, no merchandise disposed of, but what passes through their hands.",neutral,0.4807857275009155
33,"They are the physicians, the stewards, and the interpreters of all the great men.",neutral,0.9557973742485046
33,You may judge how advantageous this is to a people who never fail to make use of the smallest advantages.,neutral,0.9450246691703796
33,"They have found the secret of making themselves so necessary, that they are certain of the protection of the court, whatever ministry is in power.",neutral,0.9086095094680786
33,"Even the English, French, and Italian merchants, who are sensible of their artifices, are, however, forced to trust their affairs to their negotiation, nothing of trade being managed without them, and the meanest amongst them being too important to be disobliged, since the whole body take care of his interests, with as much vigour as they would those of the most considerable of their members.",disgust,0.5330976843833923
33,"They are many of them vastly rich, but take care to make little public shew of it, though they live in their houses in the utmost luxury and magnificence.",neutral,0.740260660648346
33,"This copious subject has drawn me from my description of the exchange, founded by Ali Bassa, whose name it bears.",neutral,0.708777666091919
33,"Near it is the _sherski_, a street of a mile in length, full of shops of all kind of fine merchandise, but excessive dear, nothing being made here.",neutral,0.5027130246162415
33,"It is covered on the top with boards, to keep out the rain, that merchants may meet conveniently in all weathers.",neutral,0.9633403420448303
33,"The _besiten_ near it, is another exchange, built upon pillars, where all sorts of horse-furniture is sold: glittering every where with gold, rich embroidery, and jewels, it makes a very agreeable shew.",neutral,0.5074630379676819
33,"From this place I went, in my Turkish coach, to the camp, which is to move in a few days to the frontiers.",neutral,0.8221763968467712
33,"The sultan is already gone to his tents, and all his court; the appearance of them is, indeed, very magnificent.",joy,0.3536408841609955
33,"Those of the great men are rather like palaces than tents, taking up a great compass of ground, and being divided into a vast number of apartments.",neutral,0.7253598570823669
33,"They are all of green, and the _bassas of three tails_, have those ensigns of their power placed in very conspicuous manner before their tents, which are adorned on the top with gilded balls, more or less, according to their different ranks.",neutral,0.8971145749092102
33,"The ladies go in coaches to see the camp, as eagerly, as ours did to that of Hyde-park; but 'tis very easy to observe, that the soldiers do not begin the campaign with any great cheerfulness.",joy,0.9841429591178894
33,"The war is a general grievance upon the people, but particularly hard upon the tradesmen, now that the grand signior is resolved to lead his army in person.",anger,0.9129182696342468
33,"Every company of them is obliged, upon this occasion, to make a present according to their ability.",neutral,0.7847988605499268
33,"I TOOK the pains of rising at six in the morning to see the ceremony which did not, however, begin till eight.",sadness,0.37491488456726074
33,"The grand signior was at the seraglio window, to see the procession, which passed through the principal streets.",fear,0.4834374785423279
33,"It was preceded by an _effendi_, mounted on a camel, richly furnished, reading aloud the alcoran, finely bound, laid upon a cushion.",neutral,0.8035317659378052
33,"He was surrounded by a parcel of boys, in white, singing some verses of it, followed by a man dressed in green boughs, representing a clean husbandman sowing seed.",disgust,0.953963041305542
33,"After him several reapers, With garlands of ears of corn, as Ceres is pictured, with scythes in their hands, seeming to mow.",disgust,0.8344240188598633
33,"Then a little machine drawn by oxen, in which was a wind-mill, and boys employed in grinding corn, followed by another machine, drawn by buffaloes, carrying an oven, and two more boys, one employed in kneading the bread, and another in drawing it out of the oven.",disgust,0.48172345757484436
33,"These boys threw little cakes on both sides amongst the crowd, and were followed by the whole company of bakers, marching on foot, two by two, in their best clothes, with cakes, loaves, pasties, and pies of all sorts on their heads, and after them two buffoons, or jack-puddings, with their faces and clothes smeared with meal, who diverted the mob with their antic gestures.",disgust,0.8687159419059753
33,"In the same manner followed all the companies of trade in the empire; the nobler sort, such as jewellers, mercers, &c. finely mounted, and many of the pageants that represent their trades, perfectly magnificent; amongst which, that of the furriers made one of the best figures, being a very large machine, set round with the skins of ermines, foxes, &c. so well stuffed, that the animals seemed to be alive, and followed by music and dancers.",joy,0.6498749852180481
33,"I believe they were, upon the whole, twenty thousand men, all ready to follow his highness, if he commanded them.",neutral,0.6893935203552246
33,"The rear was closed by the volunteers, who came to beg the honour of dying in his service.",neutral,0.44469234347343445
33,"This part of the shew seemed to me so barbarous, that I removed from the window upon the first appearance of it.",disgust,0.9610581994056702
33,They were all naked to the middle.,disgust,0.9328229427337646
33,"Some had their arms pierced through with arrows, left sticking in them.",disgust,0.7156444191932678
33,"Others had them sticking in their heads, the blood trickling down their faces.",disgust,0.7656289339065552
33,"Some slashed their arms with sharp knives, making the blood spring out upon those that stood there; and this is looked upon as an expression of their zeal for glory.",disgust,0.6508934497833252
33,"I am told that some make use of it to advance their love; and, when they are near the window where their mistress stands, (all the women in town being veiled to see this spectacle) they stick another arrow for her sake, who gives some sign of approbation and encouragement to this gallantry.",disgust,0.7831162810325623
33,"The whole shew lasted for near eight hours, to my great sorrow, who was heartily tired, though I was in the house of the widow of the captain bassa (admiral) who refreshed me with coffee, sweetmeats, sherbet, &c. with all possible civility.",sadness,0.9431528449058533
33,"I WENT two days after, to see, the mosque of sultan Selim I. which is a building very well worth the curiosity of a traveller.",joy,0.4639086127281189
33,"I was, dressed in my Turkish habit, and admitted without scruple; though I believe they guessed who I was, by the extreme officiousness of the door-keeper, to shew me every part of it.",disgust,0.8016182780265808
33,"It is situated very advantageously in the midst of the city, and in the highest part of it, making a very noble show.",joy,0.5665364861488342
33,"The first court has four gates, and the innermost three.",neutral,0.8725179433822632
33,"They are both of them surrounded with cloisters, with marble pillars of the Ionic order, finely polished, and of very lively colours; the whole pavement is of white marble, and the roof of the cloisters divided into several cupolas or domes, headed with gilt balls on the top.",joy,0.6854491233825684
33,"In the midst of each court, are fine fountains of white marble; and, before the great gate of the mosque, a portico, with green marble pillars, which has five gates, the body of the mosque being one prodigious dome.",neutral,0.5339136123657227
33,"I understand so little of architecture, I dare not pretend to speak of the proportions.",disgust,0.2963499128818512
33,"It seemed to me very regular, this I am sure of, it is vastly high, and I thought it the noblest building I ever saw.",neutral,0.45098504424095154
33,"It has two rows of marble galleries on pillars, with marble balusters; the pavement is also marble, covered with Persian carpets.",neutral,0.8543711304664612
33,"In my opinion, it is a great addition to its beauty, that it is not divided into pews, and incumbered with forms and benches like our churches; nor the pillars (which are most of them red and white marble) disfigured by the little tawdry images and pictures, that give Roman-catholic churches the air of toy-shops.",disgust,0.579245924949646
33,"The walls seemed to be inlaid with such very lively colours, in small flowers, that I could not imagine what stones had been made use of.",joy,0.7598167657852173
33,"But going nearer, I saw they were crusted with japan china, which has a very beautiful effect.",disgust,0.7784414291381836
33,"In the midst hung a vast lamp of silver, gilt; besides which, I do verily believe, there were at least two thousand of a lesser size.",neutral,0.7385979294776917
33,"This must look very glorious, when they are all lighted; but being at night, no women are suffered to enter.",joy,0.5598535537719727
33,"Under the large lamp is a great pulpit of carved wood, gilt; and just by, a fountain to wash, which, you know, is an essential part of their devotion.",disgust,0.5273790955543518
33,"In one corner is a little gallery, inclosed with gilded lattices, for the grand-signior.",neutral,0.4413185119628906
33,"At the upper end, a large niche, very like an altar, raised two steps, covered with gold brocade, and standing before it, two silver gilt candlesticks, the height of a man, and in them white wax candles, as thick as a man's waist.",disgust,0.8601725101470947
33,"The outside of the mosque is adorned with towers, vastly high, gilt on the top, from whence the _imaums_ (sic) call the people to prayers.",neutral,0.7320922017097473
33,"I had the curiosity to go up one of them, which is contrived so artfully, as to give surprise to all that see it.",surprise,0.9643803834915161
33,"There is but one door, which leads to three different stair-cases, going to the three different stories of the tower, in such a manner, that three priests may ascend, rounding, without ever meeting each other; a contrivance very much admired.",neutral,0.8415666222572327
33,"Behind the mosque, is an exchange full of shops, where poor artificers are lodged _gratis_.",disgust,0.43065211176872253
33,I saw several dervises (sic) at their prayers here.,neutral,0.6233134269714355
33,"They are dressed in a plain piece of woolen, with their arms bare, and a woolen cap on their heads, like a high crowned hat without brims.",disgust,0.6009906530380249
33,"I went to see some other mosques, built much after the same manner, but not comparable in point of magnificence to this I have described, which is infinitely beyond any church in Germany or England; I won't talk of other countries I have not seen.",neutral,0.8403342366218567
33,The seraglio does not seem a very magnificent palace.,surprise,0.3635261058807373
33,"But the gardens are very large, plentifully supplied with water, and full of trees; which is all I know of them, having never been in them.",joy,0.45810043811798096
33,"I TELL you nothing of the order of Mr W----'s entry, and his audience.",neutral,0.6718313097953796
33,"These things are always the same, and have been so often described, I won't trouble you with the repetition.",neutral,0.5693597793579102
33,"The young prince, about eleven years old, sits near his father, when he gives audience: he is a handsome boy; but, probably, will not immediately succeed the sultan, there being two sons of sultan Mustapha (his eldest brother) remaining; the eldest about twenty years old, on whom the hopes of the people are fixed.",joy,0.39517468214035034
33,This reign has been bloody and avaricious.,disgust,0.8063811659812927
33,"I am apt to believe, they are very impatient to see the end of it.",anger,0.6569342613220215
33,"I am, Sir, yours, &c. &c. P. S. I will write to you again from Constantinople.",neutral,0.6149238348007202
34,"I HAVE had the advantage of very fine weather, all my journey; and as the summer is now in its beauty, I enjoyed the pleasure of fine prospects; and the meadows being full of all sorts of garden flowers, and sweet herbs, my berlin perfumed the air as it pressed them.",joy,0.9776416420936584
34,"The grand signior furnished us with thirty covered waggons for our baggage, and five coaches of the country for my women.",neutral,0.8551358580589294
34,We found the road full of the great spahis and their equipages coming out of Asia to the war.,neutral,0.8914368748664856
34,They always travel with tents; but I chose to ly in houses all the way.,neutral,0.9502202272415161
34,"I will not trouble you with the names of the villages we passed, in which there was nothing remarkable, but at Ciorlei, where there was a _conac_, or little seraglio, built for the use of the grand signior, when he goes this road.",surprise,0.6210293769836426
34,I had the curiosity to view all the apartments destined for the ladies of his court.,neutral,0.8224554657936096
34,"They were in the midst of a thick grove of trees, made fresh by fountains; but I was most surprised to see the walls almost covered with little distiches of Turkish verse, wrote with pencils.",surprise,0.979319155216217
34,"I made my interpreter explain them to me, and I found several of them very well turned; though I easily believed him, that they had lost much of their beauty in the translation.",neutral,0.4851412773132324
34,"One was literally thus in English: _We come into this world; we lodge, and we depart; He never goes, that's lodged within my heart._ THE rest of our journey was through fine painted meadows, by the side of the sea of Marmora, the ancient Propontis.",neutral,0.7384616732597351
34,"We lay the next night at Selivrea, anciently a noble town.",fear,0.3568131625652313
34,"It is now a good sea-port, and neatly built enough, and has a bridge of thirty-two arches.",neutral,0.6577439308166504
34,Here is a famous ancient Greek church.,neutral,0.39141109585762024
34,"I had given one of my coaches to a Greek lady, who desired the conveniency of travelling with me; she designed to pay her devotions, and I was glad of the opportunity of going with her.",joy,0.9906570911407471
34,"I found it an ill-built edifice, set out with the same sort of ornaments, but less rich, as the Roman-catholic churches.",disgust,0.7262308597564697
34,"They shewed me a saint's body, where I threw a piece of money; and a picture of the virgin Mary, drawn by the hand of St Luke, very little to the credit of his painting; but, however, the finest Madona (sic) of Italy, is not more famous for her miracles.",disgust,0.598314106464386
34,"The Greeks have a monstrous taste in their pictures, which, for more finery, are always drawn upon a gold ground.",disgust,0.9583404660224915
34,"You may imagine what a good air this has; but they have no notion, either of shade or proportion.",neutral,0.8131232261657715
34,"They have a bishop here, who officiated in his purple robe, and sent me a candle almost as big as myself for a present, when I was at my lodging.",neutral,0.497174471616745
34,"We lay that night at a town called Bujuk Cekmege, or Great Bridge; and the night following, at Kujuk Cekmege, or Little Bridge; in a very pleasant lodging, formerly a monastery of dervises; having before it a large court, encompassed with marble cloisters, with a good fountain in the middle.",joy,0.6454097032546997
34,"The prospect from this place, and the gardens round it, is the most agreeable I have seen; and shews, that monks of all religions know how to chuse their retirements.",joy,0.6931846141815186
34,"'Tis now belonging to a _hogia_ or schoolmaster, who teaches boys here.",neutral,0.8568770885467529
34,"I asked him to shew me his own apartment, and was surprised to see him point to a tall cypress tree in the garden, on the top of which was a place for a bed for himself, and a little lower, one for his wife and two children, who slept there every night.",surprise,0.981177568435669
34,"I was so much diverted with the fancy, I resolved to examine his nest nearer; but after going up fifty steps, I found I had still fifty to go up, and then I must climb from branch to branch, with some hazard of my neck.",fear,0.962274432182312
34,I thought it therefore the best way to come down again.,neutral,0.5971396565437317
34,"WE arrived the next day at Constantinople; but I can yet tell you very little of it, all my time having been taken up with receiving visits, which are, at least, a very good entertainment to the eyes, the young women being all beauties, and their beauty highly improved by the high taste of their dress.",joy,0.9238043427467346
34,"Our palace is in Pera, which is no more a suburb of Constantinople, than Westminster is a suburb to London.",neutral,0.8933455944061279
34,All the ambassadors are lodged very near each other.,neutral,0.9365406632423401
34,"One part of our house shews us the port, the city, and the seraglio, and the distant hills of Asia; perhaps, all together, the most beautiful prospect in the world.",neutral,0.8574810028076172
34,"A CERTAIN French author says, Constantinople is twice as big as Paris.",neutral,0.7512094378471375
34,"Mr W----y is unwilling to own 'tis bigger than London, though I confess it appears to me to be so; but I don't believe it is so populous.",surprise,0.8186601400375366
34,The burying fields about it are certainly much larger than the whole city.,neutral,0.6405104398727417
34,'Tis surprising what a vast deal of land is lost this way in Turkey.,surprise,0.9782853126525879
34,"Sometimes I have seen burying places of several miles, belonging to very inconsiderable villages, which were formerly great towns, and retain no other mark of their ancient grandeur, than this dismal one.",sadness,0.6145116090774536
34,On no occasion do they ever remove a stone that serves for a monument.,neutral,0.6868489384651184
34,"Some of them are costly enough, being of very fine marble.",neutral,0.7527551651000977
34,"They set up a pillar, with a carved turbant on the top of it, to the memory of a man; and as the turbants, by their different shapes, shew the quality or profession, 'tis in a manner putting up the arms of the deceased; besides, the pillar commonly bears an inscription in gold letters.",neutral,0.7227920293807983
34,"The ladies have a simple pillar without other ornament, except those that die unmarried, who have a rose on the top of their monument.",neutral,0.8701093792915344
34,"The sepulchres of particular families are railed in, and planted round with trees.",disgust,0.5813860893249512
34,"Those of the sultans, and some great men, have lamps constantly burning in them.",disgust,0.7962377667427063
34,"WHEN I spoke of their religion, I forgot to mention two particularities, one of which I have read of, but it seemed so odd to me, I could not believe it; yet 'tis certainly true; that when a man has divorced his wife, in the most solemn manner, he can take her again, upon no other terms, than permitting another man to pass a night with her; and there are some examples of those who have submitted to this law, rather than not have back their beloved.",surprise,0.7263385653495789
34,The other point of doctrine is very extraordinary.,surprise,0.9193000197410583
34,Any woman that dies unmarried is looked upon to die in a state of reprobation.,disgust,0.8395554423332214
34,"To confirm this belief, they reason, that the end of the creation of woman is to increase and multiply; and that she is only properly employed in the works of her calling, when she is bringing forth children, or taking care of them, which are all the virtues that God expects from her.",neutral,0.8653964400291443
34,"And indeed, their way of life, which shuts them out of all public commerce, does not permit them any other.",neutral,0.7939361333847046
34,"Our vulgar notion, that they don't own women to have any souls, is a mistake.",disgust,0.9357023239135742
34,"'Tis true, they say, they are not of so elevated a kind, and therefore must not hope to be admitted into the paradise appointed for the men, who are to be entertained by celestial beauties.",neutral,0.7935608625411987
34,"But there is a place of happiness destined for souls of the inferior order, where all good women are to be in eternal bliss.",neutral,0.9504305124282837
34,"Many of them are very superstitious, and will not remain widows ten days, for fear of dying in the reprobate state of an useless creature.",fear,0.6136221289634705
34,"But those that like their liberty, and are not slaves to their religion, content themselves with marrying when they are afraid of dying.",neutral,0.6047500967979431
34,"This is a piece of theology, very different from that which teaches nothing to be more acceptable to God than a vow of perpetual virginity: which divinity is most rational, I leave you to determine.",neutral,0.9234870076179504
34,I HAVE already made some progress in a collection of Greek medals.,neutral,0.7156764268875122
34,"Here are several professed antiquaries, who are ready to serve any body that desires them.",neutral,0.9554915428161621
34,"But you cannot imagine how they stare in my face, when I enquire about them, as if no body was permitted to seek after medals, till they were grown a piece of antiquity themselves.",disgust,0.4439186453819275
34,"I have got some very valuable ones of the Macedonian kings, particularly one of Perseus, so lively, I fancy I can see all his ill qualities in his face.",neutral,0.5389763116836548
34,"I have a prophyry (sic) head finely cut, of the true Greek sculpture; but who it represents, is to be guessed at by the learned when I return.",neutral,0.8063539266586304
34,For you are not to suppose these antiquaries (who are all Greeks) know any thing.,neutral,0.8883604407310486
34,"Their trade is only to sell; they have correspondents at Aleppo, Grand Cairo, in Arabia and Palestine, who send them all they can find, and very often great heaps, that are only fit to melt into pans and kettles.",neutral,0.9528916478157043
34,"They get the best price they can for them, without knowing those that are valuable from those that are not.",neutral,0.9318238496780396
34,"Those that pretend to skill, generally find out the image of some saint in the medals of the Greek cities.",neutral,0.7867905497550964
34,"One of them, shewing me the figure of a Pallas, with a victory in her hand on a reverse, assured me, it was the Virgin, holding a crucifix.",disgust,0.7448802590370178
34,"The same man offered me the head of a Socrates, on a sardonyx; and, to enhance the value, gave him the title of saint Augustine.",neutral,0.7118639945983887
34,"I have bespoke a mummy, which I hope will come safe to my hands, notwithstanding the misfortune that befel (sic) a very fine one, designed for the king of Sweden.",neutral,0.49370720982551575
34,"He gave a great price for it, and the Turks took it into their heads, that he must have some considerable project depending upon it.",neutral,0.9138535261154175
34,"They fancied it the body of, God knows who; and that the state of their empire mystically depended on the conversation of it.",neutral,0.8503100275993347
34,"Some old prophecies were remembered upon this occasion, and the mummy committed prisoner to the Seven Towers, where it has remained under close confinement ever since, I dare not try my interest in so considerable a point, as the release of it; but I hope mine will pass without examination.",neutral,0.598574697971344
34,I can  tell you nothing more at present of this famous city.,joy,0.6149053573608398
34,"When I have looked a little about me, you shall hear from me again.",neutral,0.3275441825389862
34,"I am, Sir,   Your's, &c. &c.",neutral,0.4856164753437042
35,"I HOPE, before this time, you have received two or three of my letters.",neutral,0.7407751083374023
35,"I had yours but yesterday, though dated the third of February, in which you suppose me to be dead and buried.",sadness,0.8946942687034607
35,"I have already let you know, that I am still alive; but to say truth, I look upon my present circumstances to be exactly the same with those of departed spirits.",neutral,0.7044562697410583
35,"The heats of Constantinople have driven me to this place, which perfectly answers the description of the Elysian fields.",neutral,0.8890504837036133
35,"I am in the middle of a wood, consisting chiefly of fruit-trees, watered by a vast number of fountains, famous for the excellency of their water, and divided into many shady walks, upon short grass, that seems to me artificial, but, I am assured, is the pure work of nature--within view of the Black sea, from whence we perpetually enjoy the refreshment of cool breezes, that make us insensible of the heat of the summer.",joy,0.7434211373329163
35,"The village is only inhabited by the richest amongst the Christians, who meet every night at a fountain, forty paces from my house, to sing and dance.",neutral,0.37309807538986206
35,"The beauty and dress of the women exactly resemble the ideas of the ancient nymphs, as they are given us by the representations of the poets and painters.",neutral,0.8131269812583923
35,"But what persuades me more fully of my decease, is the situation of my own mind, the profound ignorance I am in, of what passes among the living (which only comes to me by chance) and the great calmness with which I receive it.",neutral,0.7515881657600403
35,"Yet I have still a hankering after my friends and acquaintances left in the world, according to the authority of that admirable author, _That spirits departed are wondrous kind To friends and relations left behind: Which nobody can deny_.",fear,0.6261676549911499
35,"Of which solemn truth, I am a _dead_ instance.",sadness,0.551067054271698
35,"I think Virgil is of the same opinion, that in human souls there will still be some remains of human passions: --_Curae non ipsae in morte relinquunt_.",neutral,0.7960878610610962
35,"And 'tis very necessary, to make a perfect elysium (sic), that there should be a river Lethe, which I am not so happy as to find.",joy,0.5305444598197937
35,"To say truth, I am sometimes very weary of the singing, and dancing, and sunshine, and wish for the smoke and impertinencies in which you toil; though I endeavour to persuade myself, that I live in a more agreeable variety than you do; and that Monday, setting of partridges; Tuesday, reading English; Wednesday, studying in the Turkish language, (in which, by the way, I am already very learned;) Thursday, classical authors; Friday, spent in writing; Saturday, at my needle; and Sunday, admitting of visits, and hearing of music, is a better way of disposing of the week; than, Monday, at the drawing room; Tuesday, lady Mohun's; Wednesday, at the opera; Thursday, the play; Friday, Mrs Chetwynd's, &c. a perpetual round of hearing the same scandal, and seeing the same follies acted over and over, which here affect me no more than they do other dead people.",sadness,0.4586459994316101
35,"I can now hear of displeasing things with pity, and without indignation.",anger,0.8786770701408386
35,"The reflection on the great gulph (sic) between you and me, cools all news that come hither.",neutral,0.8318390250205994
35,"I can neither be sensibly touched with joy or grief, when I consider, that possibly the cause of either is removed, before the letter comes to my hands.",sadness,0.9396317005157471
35,"But (as I said before) this indolence does not extend to my few friendships; I am still warmly sensible of yours and Mr Congreve's, and desire to live in your remembrance, though dead to all the world beside.",sadness,0.777459979057312
35,"I am, &c. &c.",neutral,0.5534117817878723
36,"I HEARTILY beg your ladyship's pardon; but I really could not forbear laughing heartily at your letter, and the commissions you are pleased to honour me with.",joy,0.9607030153274536
36,"You desire me to buy you a Greek slave, who is to be mistress of a thousand good qualities.",neutral,0.40950247645378113
36,"The Greeks are subjects, and not slaves.",neutral,0.8255856037139893
36,"Those who are to be bought in that manner, are either such as are taken in war, or stolen by the Tartars from Russia, Circassia, or Georgia, and are such miserable, awkward, poor wretches, you would not think any of them worthy to be your house-maids.",sadness,0.7190583348274231
36,"'Tis true, that many thousands were taken in the Morea; but they have been, most of them, redeemed by the charitable contributions of the Christians, or ransomed by their own relations at Venice.",neutral,0.5405691862106323
36,"The fine slaves that wait upon the great ladies, or serve the pleasures of the great men, are all bought at the age of eight or nine years old, and educated with great care, to accomplish them in singing, dancing, embroidery, &c.  They are commonly Circassians, and their patron never sells them, except it is as a punishment for some very great fault.",neutral,0.43889665603637695
36,"If ever they grow weary of them, they either present them to a friend, or give them their freedom.",neutral,0.7737018465995789
36,"Those that are exposed to sale at the markets, are always either guilty of some crime, or so entirely worthless, that they are of no use at all.",disgust,0.6817914843559265
36,"I am afraid you will doubt the truth of this account, which, I own, is very different from our common notions in England; but it is no less truth for all that.--Your whole letter is full of mistakes, from one end to the other.",fear,0.9476355314254761
36,"I see you have taken your ideas of Turkey, from that worthy author Dumont, who has wrote with equal ignorance and confidence.",neutral,0.8763656616210938
36,"'Tis a particular pleasure to me here, to read the voyages to the Levant, which are generally so far removed from truth, and so full of absurdities, I am very well diverted with them.",disgust,0.3696881830692291
36,"They never fail giving you an account of the women, whom, 'tis certain, they never saw, and talking very wisely of the genius of the men, into whose company they are never admitted; and very often describe mosques, which they dare not even peep into.",disgust,0.5482028722763062
36,"The Turks are very proud, and will not converse with a stranger they are not assured is considerable in his own country.",neutral,0.8012521266937256
36,"I speak of the men of distinction; for, as to the ordinary fellows, you may imagine what ideas their conversation can give of the general genius of the people.",neutral,0.8460440635681152
36,"AS to the balm of Mecca, I will certainly send you some; but it is not so easily got as you suppose it, and I cannot, in conscience, advise you to make use of it.",neutral,0.752897322177887
36,I know not how it comes to have such universal applause.,surprise,0.6701987981796265
36,"All the ladies of my acquaintance at London and Vienna, have begged me to send pots of it to them.",neutral,0.4928417503833771
36,"I have had a present of a small quantity (which, I'll assure you, is very valuable) of the best sort, and with great joy applied it to my face, expecting some wonderful effect to my advantage.",joy,0.9894421100616455
36,"The next morning, the change indeed was wonderful; my face was swelled to a very extraordinary size, and all over as red as my lady H----'s.",surprise,0.5962361097335815
36,"It remained in this lamentable state three days, during which, you may be sure, I passed my time very ill.",sadness,0.9704434275627136
36,"I believed it would never be otherways (sic); and to add to my mortification, Mr W----y reproached my indiscretion, without ceasing.",sadness,0.4840086102485657
36,"However, my face is since _in statu quo_; nay, I am told by the ladies here, that it is much mended by the operation, which, I confess, I cannot perceive in my looking-glass.",neutral,0.5042910575866699
36,"Indeed, if one was to form an opinion of this balm from their faces, one should think very well of it.",neutral,0.9204760789871216
36,"They all make use of it, and have the loveliest bloom in the world.",neutral,0.6172184348106384
36,"For my part, I never intend to endure the pain of it again; let my complexion take its natural course, and decay in its own due time.",sadness,0.5356945991516113
36,"I have very little esteem for medicines of this nature, but do as you please, madam; only remember, before you use it, that your face will not be such as you will care to shew in the drawing-room for some days after.",neutral,0.8622568249702454
36,"If one was to believe the women in this country, there is a surer way of making one's self beloved, than by becoming handsome; though, you know that's our method.",neutral,0.8610802888870239
36,"But they pretend to the knowledge of secrets, that, by way of inchantment (sic), give them the entire empire over whom they please.",neutral,0.6401712894439697
36,"For me, who am not very apt to believe in wonders, I cannot find faith for this.",fear,0.4905604422092438
36,"I disputed the point last night with a lady, who really talks very sensibly on any other subject; but she was downright angry with me, in that she did not perceive, she had persuaded me of the truth of forty stories she told me of this kind; and, at last, mentioned several ridiculous marriages, that there could be no other reason assigned for.",anger,0.9602997303009033
36,"I assured her, that, in England, where we were entirely ignorant of all magic, where the climate is not half so warm, nor the women half so handsome, we were not without our ridiculous marriages; and that we did not look upon it as any thing supernatural, when a man played the fool, for the sake of a woman.",neutral,0.6095226407051086
36,But my arguments could not convince her against (as she said) her certain knowledge.,disgust,0.3454478681087494
36,"To this she added, that she scrupled making use of _charms_ herself; but that she could do it whenever she pleased; and, staring me in the face, said, (with a very learned air) that no enchantments would have their effects upon me; and that there were some people exempt from their power, but very few.",neutral,0.4775952398777008
36,You may imagine how I laughed at this discourse; but all the women are of the same opinion.,neutral,0.39142465591430664
36,They don't pretend to any commerce with the devil; but only that there are certain compositions adapted to inspire love.,neutral,0.9574416875839233
36,"If one could send over a ship-load of them, I fancy it would be a very quick way of raising an estate.",neutral,0.9120967984199524
36,What would not some ladies of our acquaintance give for such merchandize?,neutral,0.5962709188461304
36,"Adieu, my dear lady ----.",neutral,0.3838319778442383
36,I cannot conclude my letter with a subject that affords more delightful scenes to the imagination.,joy,0.9672483205795288
36,"I leave you to figure to yourself the extreme court that  will be made to me, at my return, if my travels should furnish me with such a useful piece of learning.",neutral,0.47744911909103394
36,"I am, dear madam, yours, &c. &c.",neutral,0.4648734927177429
37,"I AM infinitely obliged to you, dear Mrs T---- for your entertaining letter.",joy,0.9015766382217407
37,"You are the  only one of my correspondents that have judged right enough, to think I would gladly be informed of the news amongst you.",joy,0.780004620552063
37,"All the rest of them tell me, (almost in the same words) that they suppose I know every thing.",neutral,0.9184085726737976
37,"Why they are pleased to suppose in this manner, I can guess no reason, except they are persuaded, that the breed of Mahomet's pigeon still subsists in this country, and that I receive supernatural intelligence.",joy,0.8757085800170898
37,I wish I could return your goodness with some diverting accounts from hence.,sadness,0.6052353382110596
37,"But I know not what part of the scenes here would gratify your curiosity, or whether you have any curiosity at all for things so far distant.",neutral,0.8924940824508667
37,"To say the truth, I am at this present writing, not very much turned for the recollection of what is diverting, my head being wholly filled with the preparations necessary for the increase of my family, which I expect every day.",neutral,0.5346463322639465
37,You may easily guess at my uneasy situation.,fear,0.9574471116065979
37,"But I am, however, comforted in some degree, by the glory that accrues to me from it, and a reflection on the contempt I should otherwise fall under.",joy,0.958331823348999
37,"You won't know what to make of this speech; but, in this country, 'tis more despicable to be married and not fruitful, than 'tis with us to be fruitful before marriage.",disgust,0.8538942337036133
37,"They have a notion, that whenever a woman leaves off bringing forth children, 'tis because she is too old for that business, whatever her face says to the contrary.",neutral,0.7053640484809875
37,"This opinion makes the ladies here so ready to make proofs of their youth, (which is as necessary, in order to be a _received beauty_, as it is to shew the proofs of nobility, to be admitted _knights of Malta_) that they do not content themselves with using the natural means, but fly to all sorts of quackeries, to avoid the scandal of being past childbearing, and often kill themselves by them.",neutral,0.6174339056015015
37,"Without any exaggeration, all the women of my acquaintance have twelve or thirteen children; and the old ones boast of having had five and twenty, or thirty a-piece, and are respected according to the number they have produced.--When they are with child, 'tis their common expression to say, _They hope God will be so merciful as to send them two this time;_ and when I have asked them sometimes, How they expected to provide for such a flock as they desire?",neutral,0.4622880220413208
37,"They answered, That the plague will certainly kill half of them; which, indeed, generally happens, without much concern to the parents, who are satisfied with the vanity of having brought forth so plentifully.",neutral,0.6063566207885742
37,The French ambassadress is forced to comply with this fashion as well as myself.,anger,0.42239588499069214
37,"She has not been here much above a year, and has lain in once, and is big again.",neutral,0.8568658828735352
37,"What is most wonderful, is, the exemption they seem to enjoy from the curse entailed on the sex.",joy,0.9073728919029236
37,"They see all company on the day of their delivery, and, at the fortnight's end, return visits, set out in their jewels and new clothes.",neutral,0.6688398718833923
37,I wish I may find the influence of the climate in this particular.,sadness,0.3062696158885956
37,"But I fear I shall continue an English woman in that affair, as well as I do in my dread of fire and plague, which are two things very little feared here.",fear,0.990200936794281
37,"Most families have had their houses burnt down once or twice, occasioned by their extraordinary way of warming themselves, which is neither by chimnies (sic) nor stoves, but by a certain machine called a _tendour_, the height of two feet, in the form of a table, covered with a fine carpet or embroidery.",anger,0.4025110602378845
37,"This is made only of wood, and they put into it a small quantity of hot ashes, and sit with their legs under the carpet.",neutral,0.5055348873138428
37,"At this table they work, read and very often, sleep; and, if they chance to dream, kick down the _tendour_, and the hot ashes commonly set the house on fire.",anger,0.7963197827339172
37,"There were five hundred houses burnt in this manner about a fortnight ago, and I have seen several of the owners since, who seem not at all moved at so common a misfortune.",anger,0.2915390431880951
37,"They put their goods into a _bark_, and see their houses burn with great philosophy, their persons being very seldom endangered, having no stairs to descend.",anger,0.9191743731498718
37,"BUT, having entertained you with things I don't like, 'tis but just I should tell you something that pleases me.",joy,0.6083906888961792
37,The climate is delightful in the extremest degree.,joy,0.9327849745750427
37,"I am  now sitting, this present fourth of January, with the windows open, enjoying the warm shine of the sun, while you are freezing over a sad sea-coal fire; and my chamber is set out with carnations, roses, and jonquils, fresh from my garden.",sadness,0.8450204133987427
37,"I am also charmed with many points of the Turkish law, to our shame be it spoken, better designed, and better executed than ours; particularly, the punishment of convicted liars (triumphant criminals in our country, God knows).",disgust,0.693491518497467
37,"They are burnt in the forehead with a hot iron, when they are proved the authors of any notorious falsehoods.",disgust,0.4928196668624878
37,How many white foreheads should we see disfigured!,surprise,0.7668682932853699
37,"How many fine gentlemen would be forced to wear their wigs as low as their eye-brows, were this law in practice with us!",surprise,0.6742358207702637
37,"I should go on to tell you many other parts of justice, but I must send for my midwife.",neutral,0.6212494969367981
38,"I HAVE not written to you, dear sister, these many months--a great piece of self-denial.",neutral,0.41948339343070984
38,"But I know not where to direct, or what part of the world you are in.",neutral,0.9145402908325195
38,"I have received no letter from you since that short note of April last, in which you tell me, that you are on the point of leaving England, and promise me a direction for the place you stay in; but I have, in vain, expected it till now; and now I only learn from the gazette, that you are returned, which induces me to venture this letter to your house at London.",sadness,0.6238266825675964
38,"I had rather ten of my letters should be lost, than you imagine I don't write; and I think it is hard fortune, if one in ten don't reach you.",sadness,0.4647018015384674
38,"However, I am resolved to keep the copies, as testimonies of my inclination, to give you, to the utmost of my power, all the diverting part of my travels, while you are exempt from all the fatigues and inconveniences.",neutral,0.8180475234985352
38,"IN the first place, then, I wish you joy of your niece; for I was brought to bed of a daughter [Footnote: The present Countess of Bute] five weeks ago.",joy,0.9328163862228394
38,"I don't mention this as one of my diverting adventures; though I must own, that it is not half so mortifying here as in England; there being as much difference, as there is between a little cold in the head, which sometimes happens here, and the consumption cough, so common in London.",disgust,0.745944619178772
38,"No body keeps their house a month for lying in; and I am not so fond of any of our customs, as to retain them when they are not necessary.",neutral,0.466744065284729
38,"I returned my visits at three weeks end; and, about four days ago, crossed the sea, which divides this place from Constantinople, to make a new one, where I had the good fortune to pick up many curiosities.",joy,0.9480248093605042
38,"I went to see the sultana: Hafiten, favourite of the late emperor Mustapha, who, you know, (or perhaps you don't know) was deposed by his brother, the reigning sultan, and died a few weeks after, being poisoned, as it was generally believed.",sadness,0.8581565618515015
38,"This lady was, immediately after his death, saluted with an absolute order to leave the seraglio, and chuse herself a husband among the great men at the Porte.",disgust,0.9602704048156738
38,"I suppose you may imagine her overjoyed at this proposal.--Quite the contrary.--These women, who are called, and esteem themselves queens, look upon this liberty as the greatest disgrace and affront that can happen to them.",joy,0.9327684640884399
38,"She threw herself at the sultan's feet, and begged him to poniard (sic) her, rather than use his brother's widow with that contempt.",anger,0.5697658658027649
38,"She represented to him, in agonies of sorrow, that she was privileged from this misfortune, by having brought five princes into the Ottoman family; but all the boys being dead, and only one girl surviving, this excuse was not received, and she was compelled to make her choice.",sadness,0.970996081829071
38,"She chose Bekir Effendi, then secretary of state, and above four score years old, to convince the world, that she firmly intended to keep the vow she had made, of never suffering a second husband to approach her bed; and since she must honour some subject so far, as to be called his wife, she would chuse him as a mark of her gratitude, since it was he that had presented her, at the age of ten years, to, her last lord.",neutral,0.6448079943656921
38,"But she never permitted him to pay her one visit; though it is now fifteen years she has been in his house, where she passes her time in uninterrupted mourning, with a constancy very little known in Christendom, especially in a widow of one and twenty, for she is now but thirty-six.",sadness,0.7756088376045227
38,"She has no black eunuchs for her guard, her husband being obliged to respect her as a queen, and not to inquire at all into what is done in her apartment.",neutral,0.5646815896034241
38,"I WAS led into a large room, with a sofa the whole length of it, adorned with white marble pillars like a _ruelle_, covered with pale blue figured velvet, on a silver ground, with cushions of the same, where I was desired to repose, till the sultana appeared, who had contrived this manner of reception, to avoid rising up at my entrance, though she made me an inclination of her head, when I rose up to her.",disgust,0.6357468366622925
38,"I was very glad to observe a lady that had been distinguished by the favour of an emperor, to whom beauties were, every day, presented from all parts of the world.",joy,0.9885730743408203
38,"But she did not seem to me, to have ever been half so beautiful as the fair Fatima I saw at Adrianople; though she had the remains of a fine face, more decayed by sorrow than time.",sadness,0.9685702919960022
38,"But her dress was something so surprisingly rich, that I cannot forbear describing it to you.",surprise,0.9642462730407715
38,"She wore a vest called _dualma_, which differs from a _caftan_ by longer sleeves, and folding over at the bottom.",neutral,0.7716969847679138
38,"It was of purple cloth, strait to her shape, and thick set, on each side, down to her feet, and round the sleeves, with pearls of the best water, of the same size as their buttons commonly are.",neutral,0.7627947330474854
38,"You must not suppose, that I mean as large as those of my Lord ----, but about the bigness of a pea; and to these buttons large loops of diamonds, in the form of those gold loops, so common on birth-day coats.",neutral,0.779237687587738
38,"This habit was tied, at the waist, with two large tassels of smaller pearls, and round the arms embroidered with large diamonds.",neutral,0.7810004353523254
38,"Her shift was fastened at the bottom with a great diamond, shaped like a lozenge; her girdle as broad as the broadest English ribband, entirely covered with diamonds.",neutral,0.4459112882614136
38,"Round her neck she wore three chains, which reached to her knees; one of large pearl, at the bottom of which hung a fine coloured emerald, as big as a turkey-egg; another, consisting of two hundred emeralds, close joined together, of the most lively green, perfectly matched, every one as large as a half-crown piece, and as thick as three crown pieces, and another of small emeralds, perfectly round.",neutral,0.6941986680030823
38,But her ear-rings eclipsed all the rest.,surprise,0.6389365792274475
38,"They were two diamonds, shaped exactly like pears, as large as a big hazle-nut (sic).",neutral,0.9384610652923584
38,"Round her _talpoche_ she had four strings of pearl--the whitest and most perfect in the world, at least enough to make four necklaces, every one as large as the duchess of Marlborough's, and of the same shape, fastened with two roses, consisting of a large ruby for the middle stone, and round them twenty drops of clean diamonds to each.",neutral,0.8117285370826721
38,"Besides this, her head-dress was covered with bodkins of emeralds and diamonds.",disgust,0.6331499218940735
38,"She wore large diamond bracelets, and had five rings on her fingers (except Mr Pitt's) the largest I ever saw in my life.",surprise,0.37221571803092957
38,"'Tis for jewellers to compute the value of these things; but, according to the common estimation of jewels, in our part of the world, her whole dress must be worth a hundred thousand pounds sterling.",neutral,0.5572202801704407
38,"This I am sure of, that no European queen has half the quantity; and the empress's jewels, though very fine would look very mean near her's.",neutral,0.9305504560470581
38,"She gave me a dinner of fifty dishes of meat, which (after their fashion) were placed on the table but one at a time, and was extremely tedious.",disgust,0.8610173463821411
38,But the magnificence of her table answered very well to that of her dress.,disgust,0.3530724346637726
38,"The knives were of gold, and the hafts set with diamonds.",neutral,0.6688604354858398
38,"But the piece of luxury which grieved my eyes, was the table-cloth and napkins, which were all tiffany, embroidered with silk and gold, in the finest manner, in natural flowers.",disgust,0.7803522348403931
38,"It was with the utmost regret that I made use of these costly napkins, which were as finely wrought as the finest handkerchiefs that ever came out of this country.",sadness,0.5150546431541443
38,"You may be sure, that they were entirely spoiled before dinner was over.",neutral,0.9149273037910461
38,The sherbet (which is the liquor they drink at meals) was served in china bowls; but the covers and salvers massy gold.,disgust,0.8779321908950806
38,"After dinner, water was brought in gold basons, and towels of the same kind with the napkins, which I very unwillingly wiped my hands upon, and coffee was served in china, with gold _soucoups_ [Footnote: Saucers.]",disgust,0.5570000410079956
38,"THE sultana seemed in a very good humour, and talked to me with the utmost civility.",disgust,0.5809363126754761
38,"I did not omit this opportunity of learning all that I possibly could of the seraglio, which is so entirely unknown amongst us.",neutral,0.9194602370262146
38,"She assured me, that the story of the sultan's _throwing a handkerchief_, is altogether fabulous; and the manner, upon that occasion, no other than this: He sends the _kyslir aga_, to signify to the lady the honour he intends her.",joy,0.7740011811256409
38,"She is immediately complimented upon it, by the others, and led to the bath, where she is perfumed and dressed in the most magnificent and becoming manner.",disgust,0.5976005792617798
38,"The emperor precedes his visit by a royal present, and then comes into her apartment: neither is there any such thing as her creeping in at the bed's foot.",disgust,0.424540251493454
38,"She said, that the first he made choice of was always after the first in rank, and not the mother of the eldest son, as other writers would make us believe.",neutral,0.9436306953430176
38,"Sometimes the sultan diverts himself in the company of all his ladies, who stand in a circle round him.",disgust,0.8966708779335022
38,"And she confessed, they were ready to die with envy and jealousy of the _happy she_ that he distinguished by any appearance of preference.",neutral,0.9023256301879883
38,"But this seemed to me neither better nor worse than the circles in most courts, where the glance of the monarch is watched, and every smile is waited for with impatience, and envied by those who cannot obtain it.",anger,0.6442776322364807
38,"SHE never mentioned the sultan without tears in her eyes, yet she seemed very fond of the discourse.",disgust,0.7163214087486267
38,"""My past happiness, _said she_, ""appears a dream to me.",joy,0.48762351274490356
38,"Yet I cannot forget, that I was beloved by ""the greatest and most lovely of mankind.",joy,0.6412687301635742
38,"I was chosen from all the ""rest, to make all his campaigns with him; and I would not survive ""him, if I was not passionately fond of the princess my daughter.",sadness,0.46377474069595337
38,"""Yet all my tenderness for her was hardly enough to make me preserve ""my life.",sadness,0.5556168556213379
38,"When I left him, I passed a whole twelvemonth without ""seeing the light.",disgust,0.460591584444046
38,"Time has softened my despair; yet I now pass some ""days every week in tears, devoted to the memory of my sultan.""",sadness,0.9607036709785461
38,There was no affectation in these words.,neutral,0.6254101991653442
38,"It was easy to see she was in a deep melancholy, though her good humour made her willing to divert me.",sadness,0.9219205975532532
38,"SHE asked me to walk in her garden, and one of her slaves immediately brought her a _pellice_ of rich brocade lined with sables.",neutral,0.49825090169906616
38,"I waited on her into the garden, which had nothing in it remarkable but the fountains; and from thence she shewed me all her apartments.",surprise,0.40034064650535583
38,"In her bed-chamber, her toilet was displayed, consisting of two looking-glasses, the frames covered With pearls, and her night _talpoche_ set with bodkins of jewels, and near it three vests of fine sables, every one of which is, at least, worth a thousand dollars, (two hundred pounds English money.)",neutral,0.6700975298881531
38,"I don't doubt but these rich habits were purposely placed in sight, though they seemed negligently thrown on the sofa.",disgust,0.6571587920188904
38,"When I took my leave of her, I was complimented with perfumes, as at the grand vizier's, and presented with a very fine embroidered handkerchief.",joy,0.4821182191371918
38,"Her slaves were to the number of thirty, besides ten little ones, the eldest not above seven years old.",neutral,0.8647225499153137
38,"These were the most beautiful girls I ever saw, all richly dressed; and I observed that the sultana took a great deal of pleasure in these lovely children, which is a vast expence; for there is not a handsome girl of that age to be bought under a hundred pounds sterling.",disgust,0.5455719232559204
38,"They wore little garlands of flowers, and their own hair, braided, which was all their head-dress; but their habits were all of gold stuffs.",disgust,0.5056815147399902
38,"These served her coffee kneeling; brought water when she washed, &c.--'Tis a great part of the work of the older slaves to take care of these young girls, to learn them to embroider, and to serve them as carefully as if they were children of the family.",neutral,0.4065367579460144
38,"Now, do you imagine I have entertained you, all this while, with a relation that has, at least, received many embellishments from my hand?",neutral,0.7708373069763184
38,"This, you will say, is but too like the Arabian tales.--These embroidered napkins!",surprise,0.407604455947876
38,"and a jewel as large as a turkey's egg!--You forget, dear sister, those very tales were written by an author of this country, and (excepting the enchantments) are a real representation of the manners here.",neutral,0.7249804139137268
38,"We travellers are in very hard circumstances: If we say nothing but what has been said before us, _we are dull, and we have  observed nothing_.",sadness,0.9479253888130188
38,"If we tell any thing new, we are laughed at as _fabulous and romantic_, not allowing either for the difference of ranks, which affords difference of company, or more curiosity, or the change of customs, that happen every twenty years in every country.",neutral,0.722690224647522
38,"But the truth is, people judge of travellers, exactly with the same candour, good nature, and impartiality, they judge of their neighbours upon all occasions.",neutral,0.9374688267707825
38,"For my part, if I live to return amongst you, I am so well acquainted with the morals of all my dear friends and acquaintances, that I am resolved to tell them nothing at all, to avoid the imputation (which their charity would certainly incline them to) of my telling too much.",neutral,0.3795984983444214
38,"But I depend upon your knowing me enough, to believe whatever I seriously assert for truth; though I give you leave to be surprised at an account so new to you.",surprise,0.9773645997047424
38,"But what would you say if I told you, that I have been in a haram, where the winter apartment was wainscoted (sic) with inlaid work of mother of pearl, ivory of different colours, and olive wood, exactly like the little boxes you have seen brought Out of this country; and in whose rooms designed for summer, the walls are all crusted with japan china, the roofs gilt, and the floors spread with the finest Persian carpets?",neutral,0.37300437688827515
38,"Yet there is nothing more true; such is the palace of my lovely friend, the fair Fatima, whom I was acquainted with at Adrianople.",neutral,0.3110364079475403
38,"I went to visit her yesterday; and, if possible, she appeared to me handsomer than before.",surprise,0.4351252019405365
38,"She met me at the door of her chamber, and, giving me her hand With the best grace in the world; You Christian ladies (said she, with a smile that made her as beautiful as an angel) have the reputation of inconstancy, and I did not expect, whatever goodness you expressed for me at Adrianople, that I should ever see you again.",neutral,0.40207982063293457
38,"But I am now convinced that I have really the happiness of pleasing you; and, if you knew how I speak of you amongst our ladies, you would be assured, that you do me justice in making me your friend.",joy,0.9363104104995728
38,"She placed me in the corner of the sofa, and I spent the afternoon in her conversation, with the greatest pleasure in the world.--The sultana Hafiten is, what one Would naturally expect to find a Turkish lady, willing to oblige, but not knowing how to go about it; and 'tis easy to see, in her manner, that she has lived excluded from the world.",disgust,0.5074893832206726
38,"But Fatima has all the politeness and good breeding of a court, with an air that inspires, at once, respect and tenderness; and now, that I understand her language, I find her wit as agreeable as her beauty.",joy,0.6458542943000793
38,"She is very carious after the manners of other countries, and has not the partiality for her own, so common in little minds.",neutral,0.8745823502540588
38,"A Greek that I carried with me, who had never seen her before, (nor could have been admitted now, if she had not been in my train,) shewed that surprise at her beauty and manners, which is unavoidable at the first sight, and said to me in Italian,--_This is no Turkish lady, she is certainly some Christian_.--Fatima guessed she spoke of her, and asked what she said.",surprise,0.9589880704879761
38,"I would not have told her, thinking she would have been no better pleased with the compliment, than one of our court beauties to be told she had the air of a Turk; but the Greek lady told it to her; and she smiled, saying, _It is not the first time I have heard so: my mother was a Poloneze, taken at the siege of Caminiec; and my father used to rally me, saying, He believed his Christian wife had found some gallant; for that I had not the air of a Turkish girl_.--I assured her, that if all the Turkish ladies were like her, it was absolute necessary to confine them from public view, for the repose of mankind; and proceeded to tell her, what a noise such a face as hers would make in London or Paris.",joy,0.3488321304321289
38,"_I can't believe you_, replied she agreeably; _if beauty was so much valued in your country, as you say, they would never have suffered you to leave it_.--Perhaps, dear sister, you laugh at my vanity in repeating this compliment; but I only do it, as I think it very well turned, and give it you as an instance of the spirit of her conversation.",surprise,0.5008432865142822
38,"Her house was magnificently furnished, and very well fancied; her winter rooms being furnished with figured velvet, on gold grounds, and those for summer, with fine Indian quilting embroidered with gold.",joy,0.7817990779876709
38,The houses of the great Turkish ladies are kept clean with as much nicety as those in Holland.,neutral,0.9044799208641052
38,"This was situated in a high part of the town; and from the window of her summer apartment, we had the prospect of the sea, the islands, and the Asian mountains.--My letter is insensibly grown so long, I am ashamed of it.",disgust,0.8944590091705322
38,This is a very bad symptom.,disgust,0.8730617761611938
38,'Tis well if I don't degenerate into a downright story-teller.,disgust,0.5258183479309082
38,"It may be, our proverb, that _knowledge is no burden_, may be true, as to one's self but knowing too much, is very apt to make us troublesome to other people.",anger,0.44556623697280884
38,"I am, &c, &c.",neutral,0.6513891220092773
39,"I AM extremely pleased, my dear lady, that you have, at length, found a commission for me, that I can answer, without disappointing your expectations; though I must tell you, that it is not so easy as perhaps you think it; and that if my curiosity had not been more diligent than any other stranger's has ever yet been, I must have answered you with an excuse, as, I was forced to do, when you desired me to buy you a Greek slave.",joy,0.916702389717102
39,"I have got for you, as you desire, a Turkish love-letter, which I have put into a little box, and ordered the captain of the Smyrniote to deliver it to you with this letter.",neutral,0.9226039052009583
39,"The translation of it is literally as follows: The first piece you should pull out of the purse, is a little pearl, which is in Turkish called _Ingi_, and must be understood in this manner: Ingi,              Sensin Uzellerin gingi _Pearl_,          _Fairest of the young_.",joy,0.4377935230731964
39,"Caremfil,          Caremfilsen cararen yok _Clove_,           Conge gulsum timarin yok Benseny chok than severim Senin benden, haberin yok.",joy,0.4531412422657013
39,"_You are as slender as the clove!_ _You are an unblown rose!_ _I have long loved you, and you have not known it!_ Pul,               Derdime derman bul _Jonquil_,        _Have pity on my passion!_ Kihat,             Birlerum sahat sahat _Paper_,          _I faint every hour!_ Ermus,             Ver bixe bir umut _Pear_,           _Give me some hope._ Jabun,             Derdinden oldum zabun _Soap_,           _I am sick with love._ Chemur,            Ben oliyim size umur _Coal_,           _May I die, and all my years be yours!_ GUl                Ben aglarum sen gul _A rose_,         _May you be pleased, and your sorrows mine!_ Hasir,             Oliim sana yazir _A straw_,        _Suffer me to be your slave._ Jo ho,             Ustune bulunmaz pahu _Cloth_,          _Your price is not to be found._ Tartsin,           Sen ghel ben chekeim senin hargin _Cinnamon_,       _But my fortune is yours._ Giro,              Esking-ilen oldum ghira _A match_,        _I burn, I burn!",sadness,0.8420056700706482
39,"my flame consumes me!_ Sirma,             Uzunu benden a yirma _Goldthread_,     _Don't turn away your face._ Satch,             Bazmazum tatch _Hair_,           _Crown of my head!_ Uzum               Benim iki Guzum _Grape_,          _My eyes!_ Til,               Ulugorum tez ghel _Gold wire_,      _I die--come quickly._ And, by way of postscript: Beber,             Bize bir dogm haber _Pepper_,         _Send me an answer._ You see this letter is all in verse, and I can assure you, there is as much fancy shewn in the choice of them, as in the most studied expressions of our letters; there being, I believe, a million of verses designed for this use.",surprise,0.33900007605552673
39,"There is no colour, no flower, no weed, no fruit, herb, pebble, or feather, that has not a verse belonging to it; and you may quarrel, reproach, or send letters of passion, friendship, or civility, or even Of news, without ever inking your fingers.",anger,0.8406369686126709
39,"I FANCY you are now wondering at my profound learning; but, alas!",surprise,0.9098930358886719
39,"dear madam, I am almost fallen into the misfortune so common to the ambitious; while they are employed on distant insignificant conquests abroad, a rebellion starts up at home;--I am in great danger of losing my English.",fear,0.8065908551216125
39,"I find 'tis not half so easy to me to write in it, as it was a twelvemonth ago.",neutral,0.5889616012573242
39,"I am forced to study for expressions, and must leave off all other languages, and try to learn my mother tongue.--Human understanding is as much limited as human power, or human strength.",disgust,0.2586323916912079
39,"The memory can retain but a certain number of images; and 'tis as impossible for one human creature to be perfect master of ten different languages, as to have, in perfect subjection, ten different kingdoms, or to fight against ten men at a time; I am afraid I shall at last know none as I should do.",fear,0.9845718145370483
39,"I live in a place, that very well represents the tower of Babel: in Pera they speak Turkish, Greek, Hebrew, Armenian, Arabic, Persian, Russian, Sclavonian, Walachian, German, Dutch, French, English, Italian, Hungarian; and, what is worse, there are ten of these languages spoken in my own family.",disgust,0.9263242483139038
39,"My grooms are Arabs; my footmen French, English, and Germans; my nurse an Armenian; my house-maids Russians; half a dozen other servants, Greeks; my steward an Italian; my janizaries Turks; so that I live in the perpetual hearing of this medley of sounds, which produces a very extraordinary effect upon the people that are born here; for they learn all these languages at the same time, and without knowing any of them well enough to write or read in it.",neutral,0.580148458480835
39,"There are very few men, women, or even children here, that have not the same compass of words in five or six of them.",neutral,0.9517782330513
39,"I know, myself, several infants of three or four years old, that speak Italian, French, Greek, Turkish, and Russian, which last they learn of their nurses, who are generally of that country.",neutral,0.935492992401123
39,"This seems almost incredible to you, and is, in my mind, one of the most curious things in this country, and takes off very much from the merit of our ladies, who set up for such extraordinary geniuses, upon the credit of some superficial knowledge of French and Italian.",surprise,0.9059397578239441
39,"AS I prefer English to all the rest, I am extremely mortified at the daily decay of it in my head, where I'll assure you (with grief of heart) it is reduced to such a small number of words, I cannot recollect any tolerable phrase to conclude my letter with, and am forced to tell your ladyship very bluntly, that I am, Your's, &C. &c.",disgust,0.3358210623264313
40,AT length I have heard from my dear Lady B---- for the first time.,disgust,0.6871463656425476
40,"I am persuaded you have had the goodness to write before, but I have had the ill fortune to lose your letters.",sadness,0.6372712850570679
40,"Since my last, I have staid (sic) quietly at Constantinople, a city that I ought in conscience to give your ladyship a right notion of, since I know you can have none but what is partial and mistaken from the writings of travellers.",neutral,0.39922770857810974
40,"'Tis certain, there are many people that pass years here in Pera, without having ever seen it, and yet they all pretend to describe it.",neutral,0.5459105372428894
40,"Pera, Tophana, and Galata, wholly inhabited by French Christians (and which, together, make the appearance of a very fine town,) are divided from it by the sea, which is not above half so broad as the broadest part of the Thames; but the Christian men are loth to hazard the adventures they sometimes meet with amongst the _levents_ or seamen, (worse monsters than our watermen) and the women must cover their faces to go there, which they have a perfect aversion to do.",fear,0.3732549846172333
40,"'Tis true, they wear veils in Pera, but they are such as only serve to shew their beauty to more advantage, and would not be permitted in Constantinople.",disgust,0.42145228385925293
40,These reasons deter almost every creature from seeing it; and the French ambassadress will return to France (I believe) without ever having been there.,neutral,0.49791157245635986
40,"You'll wonder, madam, to hear me add, that I have been there very often.",surprise,0.966439962387085
40,"The _asmack_, or Turkish veil, is become not only very easy, but agreeable to me; and, if it was not, I would be content to endure some inconveniency, to gratify a passion that is become so powerful with me, as curiosity.",joy,0.826411247253418
40,"And, indeed, the pleasure of going in a barge to Chelsea, is not comparable to that of rowing upon the canal of the sea here, where, for twenty miles together, down the Bosphorus, the most beautiful variety of prospects present themselves.",joy,0.9593384861946106
40,"The Asian side is covered with fruit-trees, villages, and the most delightful landskips (sic) in nature; on the European, stands Constantinople, situated on seven hills.--The unequal heights make it seem as large again as it is, (though one of the largest cities in the world) shewing an agreeable mixture of gardens, pine and cypress-trees, palaces, mosques, and public buildings, raised one above another, with as much beauty and appearance of symmetry, as your ladyship ever saw in a cabinet, adorned by the most skilful hands, where jars shew themselves above jars, mixed with canisters, babies and candlesticks.",joy,0.6253909468650818
40,This is a very odd comparison; but it gives me an exact idea of the thing.,disgust,0.4546665549278259
40,I have taken care to see as much of the seraglio as is to be seen.,neutral,0.937823474407196
40,"It is on a point of land running into the sea; a palace of prodigious extent, but very irregular.",neutral,0.535816490650177
40,"The gardens take in a large compass of ground, full of high cypress-trees, which is all I know of them.",neutral,0.8522198796272278
40,"The buildings are all of white stone, leaded on the top, with gilded turrets and spires, which look very magnificent; and, indeed, I believe there is no Christian-king's palace half so large.",neutral,0.5702365636825562
40,"There are six large courts in it, all built round, and set with trees, having galleries of stone; one of these for the guard, another for the slaves, another for the officers of the kitchen, another for the stables, the fifth for the divan, and the sixth for the apartment destined for audiences.",neutral,0.8310055732727051
40,"On the ladies side, there are, at least, as many more, with distinct courts belonging to their eunuchs and attendants, their kitchens, &c. THE next remarkable structure is that of St Sophia which is very difficult to see.",surprise,0.5025050640106201
40,"I was forced to send three times to the _caimairam_, (the governor of the town) and he assembled the chief _effendis_, or heads of the law, and enquired of the _mufti_, whether it was lawful to permit it.",anger,0.7574908137321472
40,"They passed some days in this important debate; but I insisting on my request, permission was granted.",anger,0.2829395532608032
40,"I can't be informed why the Turks are more delicate on the subject of this mosque, than on any of the others, where what Christian pleases may enter without scruple.",neutral,0.6554797887802124
40,"I fancy they imagine, that, having been once consecrated, people, on pretence of curiosity, might profane it with prayers, particularly to those saints, who are still very visible in Mosaic work, and no other way defaced but by the decays of time; for it is absolutely false, though so universally asserted, that the Turks defaced all the images that they found in the city.",disgust,0.7702524662017822
40,"The dome of St Sophia is said to be one hundred and thirteen feet diameter, built upon arches, sustained by vast pillars of marble, the pavement and stair-case marble.",neutral,0.6764035224914551
40,"There are two rows of galleries, supported with pillars of party-coloured (sic) marble, and the whole roof Mosaic work, part of which decays very fast, and drops down.",neutral,0.8204831480979919
40,"They presented me a handful of it; its composition seems to me a sort of glass, or that paste with which they make counterfeit jewels.",neutral,0.7362372875213623
40,"They shew here the tomb of the emperor Constantine, for which they have a great veneration.",neutral,0.5575388669967651
40,"THIS is a dull, imperfect description, of this celebrated building; but I understand architecture so little, that I am afraid of talking nonsense, in endeavouring to speak of it particularly.",fear,0.7948160171508789
40,"Perhaps I am in the wrong, but some Turkish mosques please me better.",neutral,0.7152748703956604
40,"That of sultan Solyman is an exact square, with four fine towers in the angles, in the midst is a noble cupola, supported with beautiful marble pillars; two lesser at the ends, supported in the same manner; the pavement and gallery round the mosque, of marble; under the great cupola is a fountain, adorned with such fine coloured pillars, that I can hardly think them natural marble; on one side is the pulpit, of white marble, and on the other, the little gallery for the grand signior.",neutral,0.3577883839607239
40,"A fine stair-case leads to it, and it is built up with gilded lattices.",neutral,0.6722373962402344
40,"At the upper end is a sort of altar, where the name of God is written; and before it stand two candlesticks, as high as a man, with wax candles as thick as three flambeaux.",disgust,0.6000126004219055
40,"The pavement is spread with fine carpets, and the mosque illuminated with a vast number of lamps.",disgust,0.6786549091339111
40,"The court leading to it is very spacious, with galleries of marble, of green columns, covered with twenty-eight leaded cupolas on two sides, and a fine fountain of basins in the midst of it.",neutral,0.45291876792907715
40,THIS description may serve for all the mosques in Constantinople.,neutral,0.95916348695755
40,"The model is exactly the same, and they only differ in largeness and richness of materials.",neutral,0.9455509185791016
40,"That of the sultana Valida is the largest of all, built entirely of marble, the most prodigious, and, I think, the most beautiful structure I ever saw, be it spoken to the honour of our sex, for it was founded by the mother of Mahomet IV.",neutral,0.5452821254730225
40,"Between friends, Paul's church would make a pitiful figure near it, as any of our squares would do near the _atlerdan_, or place of horses, (_at_ signifying a horse in Turkish).",sadness,0.809697151184082
40,"This was the _hippodrome_, in the reign of the Greek emperors.",neutral,0.8755207657814026
40,"In the midst of it is a brazen column, of three serpents twisted together, with their mouths gaping.",disgust,0.9687470197677612
40,"'Tis impossible to learn why so odd a pillar was erected; the Greeks can tell nothing but fabulous legends, when they are asked the meaning of it, and there is no sign of its having ever had any inscription.",surprise,0.49552372097969055
40,"At the upper end is an obelisk of porphyry, probably brought from Egypt, the hieroglyphics all very entire, which I look upon as mere ancient puns.",neutral,0.8303155303001404
40,"It is placed on four little brazen pillars, upon a pedestal of square free stone, full of figures in bas-relief on two sides; one square representing a battle, another an assembly.",disgust,0.7239426374435425
40,"The others have inscriptions in Greek and Latin; the last I took in my pocket-book, and it is as follows: _Difficilis quondam, dominis parere serenis Jussus, et extinctis palman portare tyrannis Omnia Theodosio cedunt, sobolique perenni_.",neutral,0.9214341044425964
40,Your lord will interpret these lines.,neutral,0.546786367893219
40,Don't fancy they are a love-letter to him.,neutral,0.6999948620796204
40,"ALL the figures have their heads on; and I cannot forbear reflecting again on the impudence of authors, who all say they have not; but I dare swear the greatest part of them never saw them; but took the report from the Greeks, who resist, with incredible fortitude, the conviction of their own eyes, whenever they have invented lies to the dishonour of their enemies.",anger,0.4021108150482178
40,"Were you to believe them, there is nothing worth seeing in Constantinople, but Sancta Sophia, though there are several large, and, in my opinion, more beautiful mosques in that city.",neutral,0.4677336812019348
40,"That of sultan Achmet has this particularity, that its gates are of brass.",neutral,0.9450893998146057
40,"In all these mosques there are little chapels, where are the tombs of the founders and their families, with wax candles burning before them.",neutral,0.4408080577850342
40,"THE Exchanges are all noble buildings, full of fine alleys, the greatest part supported with pillars, and kept wonderfully neat.",neutral,0.5692112445831299
40,"Every trade has its distinct alley, where the merchandize is disposed in the same order as in the New Exchange at London.",neutral,0.9308487772941589
40,"The _besisten_, or jeweller's quarter, shews so much riches, such a vast quantity of diamonds, and all kinds of precious stones, that they dazzle the sight.",neutral,0.5752632021903992
40,"The embroiderer's is also very glittering, and people walk here as much for diversion as business.",joy,0.6957899332046509
40,"The markets are most of them handsome squares, and admirably well provided, perhaps better than in any other part of the world.",joy,0.6957047581672668
40,"I KNOW, you'll expect I should say something particular of the slaves; and you will imagine me half a Turk, when I don't speak of it with the same horror other Christians have done before me.",fear,0.9161549806594849
40,"But I cannot forbear applauding the humanity of the Turks to these creatures; they are never ill used, and their slavery is, in my opinion, no worse than servitude all over the world.",disgust,0.9393262267112732
40,"'Tis true, they have no wages; but they give them yearly clothes to a higher value than our salaries to our ordinary servants.",neutral,0.7363728284835815
40,"But you'll object, that men buy women _with an eye to evil_.",anger,0.5302475690841675
40,"In my opinion, they are bought and sold as publicly, and as infamously, in all our Christian great cities.",neutral,0.8900267481803894
40,"I MUST add to the description of Constantinople, that the _historical_ pillar is no more.",neutral,0.8802604079246521
40,It dropped down about two years before I came to this part of the world.,neutral,0.8576396703720093
40,"I have seen no other footsteps of antiquity, except the aqueducts, which are so vast, that I am apt to believe they are yet more ancient than the Greek empire.",neutral,0.5817092061042786
40,"The Turks indeed have clapped in some stones with Turkish inscriptions, to give their natives the honour of so great a work; but the deceit is easily discovered.--The other public buildings are the hanns and monasteries; the first are very large and numerous; the second few in number, and not at all magnificent.",disgust,0.7243347764015198
40,"I had the curiosity to visit one of them, and to observe the devotions of the dervises, which are as whimsical as any at Rome.",joy,0.7620411515235901
40,"These fellows have permission to marry, but are confined to an odd habit, which is only a piece of coarse white cloth, wrapped about them, with their legs and arms naked.",disgust,0.9581098556518555
40,"Their order has few other rules, except that of performing their fantastic rites, every Tuesday and Friday, which is done in this manner: They meet together in a large hall, where they all stand with their eyes fixed on the ground, and their arms across, while the _imaum_ or preacher reads part of the alcoran from a pulpit placed in the midst; and when he has done, eight or ten of them make a melancholy concert with their pipes, which are no unmusical instruments.",sadness,0.9574342370033264
40,"Then he reads again, and makes a short exposition on what he has read; after which they sing and play, 'till their superior (the only one of them dressed in green) rises and begins a sort of solemn dance.",joy,0.48680198192596436
40,"They all stand about him in a regular figure; and while some play, the others tie their robe (which is very wide) fast round their waist, and begin to turn round with an amazing swiftness, and yet with great regard to the music, moving slower or faster as the tune is played.",neutral,0.6091753244400024
40,"This lasts above an hour, without any of them shewing the least appearance of giddiness, which is not to be wondered at, when it is considered they are all used to it from their infancy; most of them being devoted to this way of life from their birth.",neutral,0.6124904751777649
40,"There turned amongst them some little dervises, of six or seven years old, who seemed no more disordered by that exercise than the others.",disgust,0.4546796679496765
40,"At the end of the ceremony, they shout out, _There is no other god, but God, and Mahomet his prophet;_ after which, they kiss the superior's hand, and retire.",neutral,0.6338776350021362
40,The whole is performed with the most solemn gravity.,joy,0.8669325113296509
40,"Nothing can be more austere than the form of these people; they never raise their eyes, and seem devoted to contemplation.",neutral,0.7288463711738586
40,"And as ridiculous as this is in description, there is something touching in the air of submission and mortification they assume.--This letter is of a horrible length; but you may burn it when you have read enough, &c. &c.",disgust,0.8704261779785156
41,"I AM now preparing to leave Constantinople and perhaps you will accuse me of hypocrisy, when I tell you 'tis with regret, but as I am used to the air, and have learnt the language, I am easy here; and as much as I love travelling, I tremble at the inconveniencies attending so great a journey, with a numerous family, and a little infant hanging at the breast.",fear,0.9888577461242676
41,"However, I endeavour, upon this occasion, to do, as I have hitherto done in all the odd turns of my life; turn them, if I can, to my diversion.",neutral,0.5985034108161926
41,"In order to this, I ramble every day, wrapped up in my _serigee_ and _asmack_, about Constantinople, and amuse myself with seeing all that is curious in it.",neutral,0.7882272601127625
41,I know you will expect that this declaration should be followed with some account of what I have seen.,neutral,0.9395455121994019
41,But I am in no humour to copy what has been writ so often over.,neutral,0.3294905424118042
41,"To what purpose should I tell you, that Constantinople is the ancient Byzantium?",neutral,0.875353217124939
41,"that 'tis at present the conquest of a race of people, supposed Scythians?",surprise,0.45465171337127686
41,that there are five or six thousand mosques in it?,surprise,0.6121237277984619
41,that Sancta Sophia was founded by Justinian?,neutral,0.5063489079475403
41,"&c.  I'll assure you, 'tis not for want of learning, that I forbear writing all these bright things.",fear,0.31327900290489197
41,"I could also, with very little trouble, turn over Knolles and Sir Paul Rycaut, to give you a list of Turkish emperors; but I will not tell you what you may find in every author that has writ of this country.",neutral,0.9554495215415955
41,"I am more inclined, out of a true female spirit of contradiction, to tell you the falsehood of a great part of what you find in authors; as, for instance, in the admirable Mr Hill, who so gravely asserts, that he saw, in Sancta Sophia, a sweating pillar, very balsamic for disordered heads.",disgust,0.7467273473739624
41,"There is not the least tradition of any such matter; and I suppose it was revealed to him in vision, during his wonderful stay in the Egyptian catacombs; for I am sure he never heard of any such miracle here.",neutral,0.6547114253044128
41,"'Tis also very pleasant to observe how tenderly he and all his brethren voyage-writers lament the miserable confinement of the Turkish ladies, who are perhaps more free than any ladies in the universe, and are the only women in the world that lead a life of uninterrupted pleasure, exempt from cares; their whole time being spent in visiting, bathing, or the agreeable amusement of spending money, and inventing new fashions.",sadness,0.5187392830848694
41,"A husband would be thought mad, that exacted any degree of economy from his wife, whose expences are no way limited but by her own fancy.",anger,0.7981123924255371
41,"'Tis his business to get money, and hers to spend it: and this noble prerogative extends itself to the very meanest of the sex.",anger,0.5706576704978943
41,Here is a fellow that carries embroidered handkerchiefs upon his back to sell.,disgust,0.6746417880058289
41,"And as miserable a figure as you may suppose such a mean dealer, yet, I'll assure you, his wife scorns to wear any thing less than cloth of gold; has her ermine furs, and a very handsome set of jewels for her head.",sadness,0.9521745443344116
41,"'Tis true, they have no places but the bagnios, and these can only be seen by their own sex; however, that is a diversion they take great pleasure in.",neutral,0.6022672057151794
41,"I WAS, three days ago, at one of the finest in the town, and had the opportunity of seeing a Turkish bride received there, and all the ceremony used on that occasion, which made me recollect the epithalamium of Helen, by Theocritus; and it seems to me, that the same customs have continued ever since.",joy,0.7768368721008301
41,"All the she-friends, relations and acquaintance of the two families, newly allied, meet at the bagnio; several others go, out Of curiosity, and I believe there were that day two hundred women.",neutral,0.8120676279067993
41,"Those that were, or had been married, placed themselves round the rooms, on the marble sofas; but the virgins very hastily threw off their clothes, and appeared without other ornament or covering, than their own long hair braided with pearl or ribbon.",disgust,0.8868803381919861
41,"Two of them met the bride at the door, conducted by her mother and another grave relation.",disgust,0.9476738572120667
41,"She was a beautiful maid of about seventeen, very richly dressed, and shining with jewels, but was presently reduced to the state of nature.",disgust,0.9068147540092468
41,"Two others filled silver gilt pots with perfume, and began the procession, the rest following in pairs, to the number of thirty.",disgust,0.8095178604125977
41,"The leaders sung an epithalamium, answered by the others in chorus, and the two last led the fair bride, her eyes fixed on the ground, with a charming affectation of modesty.",joy,0.8611020445823669
41,In this order they marched round the three largest rooms of the bagnio.,neutral,0.48434513807296753
41,"'Tis not easy to represent to you the beauty of this sight, most of them being well proportioned and white skinned; all of them perfectly smooth and polished by the frequent use of bathing.",neutral,0.6792043447494507
41,"After having made their tour, the bride was again led to every matron round the rooms, who saluted her with a compliment and a present, some of jewels, others of pieces of stuff, handkerchiefs or little gallantries of that nature, which she thanked them for, by kissing their hands.",joy,0.3906683325767517
41,"I was very well pleased with having seen this ceremony; and you may believe me, the Turkish ladies have, at least, as much wit and civility, nay liberty, as among us.",joy,0.9707332849502563
41,"'Tis true, the same customs that give them so many opportunities of gratifying their evil inclinations (if they have any), also put it very fully in the power of their husbands to revenge themselves, if they are discovered; and I do not doubt, but they suffer sometimes for their indiscretions in a very severe manner.",disgust,0.4425804018974304
41,"About two months ago, there was found at day break, not very far from my house, the bleeding body of a young woman, naked, only wrapped in a course sheet, with two wounds of a knife, one in her side, and another in her breast.",disgust,0.9703078269958496
41,"She was not quite cold, and was so surprisingly beautiful, that there were very few men in Pera, that did not go to look upon her; but it was not possible for any body to know her, no woman's face being known.",surprise,0.8385000824928284
41,"She was supposed to have been brought, in the dead of the night, from the Constantinople side, and laid there.",fear,0.4236741364002228
41,"Very little inquiry was made about the murderer, and the corpse was privately buried without noise.",disgust,0.8609322905540466
41,"Murder is never pursued by the king's officers, as with us.",fear,0.45372939109802246
41,'Tis the business of the next relations to revenge the dead person; and if they like better to compound the matter for money (as they generally do) there is no more said of it.,neutral,0.45513319969177246
41,"One would imagine this defect in their government should make such tragedies very frequent, yet they are extremely rare; which is enough to prove the people are not naturally cruel.",disgust,0.44789010286331177
41,"Neither do I think, in many other particulars, they deserve the barbarous character we give them.",disgust,0.6324873566627502
41,"I am well acquainted with a Christian woman of quality, who made it her choice to live with a Turkish husband, and is a very agreeable sensible lady.",joy,0.7375959157943726
41,"Her story is so extraordinary, I cannot forbear relating it; but I promise you, it shall be in as few words as I can possibly express it.",surprise,0.8490139842033386
41,"SHE is a Spaniard, and was at Naples with her family, When that kingdom was part of the Spanish dominion.",neutral,0.9048849940299988
41,"Coming from thence in a felucca, accompanied by her brother, they were attacked by the Turkish admiral, boarded and taken.--And now how shall I modestly tell you the rest of her adventure?",fear,0.9381806254386902
41,"The same accident happened to her, that happened to the fair Lucretia so many years before her.",fear,0.2775655686855316
41,"But she was too good a Christian to kill herself, as that heathenish Roman did.",neutral,0.4440406858921051
41,"The admiral was so much charmed with the beauty and long-suffering of the fair captive, that, as his first compliment, he gave immediate liberty to her brother and attendants, who made haste to Spain, and, in a few months, sent the sum of four thousand pounds sterling, as a ransom for his sister.",joy,0.6712750792503357
41,"The Turk took the money, which he presented to her, and told her she was at liberty.",neutral,0.6183489561080933
41,But the lady very discreetly weighed the different treatment she was likely to find in her native country.,neutral,0.8738107681274414
41,"Her relations (as the kindest thing they could do for her in her present circumstances) would certainly confine her to a nunnery for the rest of her days.--Her infidel lover was very handsome, very tender, very fond of her, and lavished at her feet all the Turkish magnificence.",disgust,0.5561718940734863
41,"She answered him very resolutely, that her liberty was not so precious to her as her honour; that he could no way restore that, but by marrying her; and she therefore desired him to accept the ransom as her portion, and give her the satisfaction of knowing, that no man could boast of her favours, without being her husband.",joy,0.3924092948436737
41,"The admiral was transported at this kind offer, and sent back the money to her relations, saying, he was too happy in her possession.",joy,0.9094623923301697
41,"He married her, and never took any other wife, and (as she says herself) she never had reason to repent the choice she made.",disgust,0.3842366635799408
41,"He left her, some years after, one of the richest widows in Constantinople.",neutral,0.38062557578086853
41,"But there is no remaining honourably a single woman, and that consideration has obliged her to marry the present captain bassa (i.e.",neutral,0.3884199857711792
41,"admiral) his successor.--I am afraid that you will think my friend fell in love with her ravisher; but I am willing to take her word for it, that she acted wholly on principles of honour, though I think she might be reasonably touched at his generosity, which is often found amongst the Turks of rank.",fear,0.8871732354164124
41,"'TIS a degree of generosity to tell the truth, and 'tis very rare that any Turk will assert a solemn falsehood.",neutral,0.7657827734947205
41,"I don't speak of the lowest sort; for as there is a great deal of ignorance, there is very little virtue amongst them; and false witnesses are much cheaper than in Christendom; those wretches not being punished (even when they are publicly detected) with the rigour they ought to be.",disgust,0.5680656433105469
41,"NOW I am speaking of their law, I don't know whether I have ever mentioned to you one custom peculiar to their country, I mean _adoption_, very common amongst the Turks, and yet more amongst the Greeks and Armenians.",neutral,0.7817164659500122
41,"Not having it in their power to give their estates to a friend or distant relation; to avoid its falling into the grand signior's treasury, when they are not likely to have any children of their own, they chuse some pretty child of either sex, amongst the meanest people, and carry the child and its parents before the cadi, and there declare they receive it for their heir.",anger,0.5664555430412292
41,"The parents, at the same time, renounce all future claim to it; a writing is drawn and witnessed, and a child thus adopted, cannot be disinherited.",neutral,0.3081795275211334
41,"Yet I have seen some common beggars, that have refused to part with their children in this manner, to some of the richest among the Greeks; (so powerful is the instinctive affection that is natural to parents!)",disgust,0.6036986708641052
41,"though the adopting fathers are generally very tender to these _children of their souls_, as they call them.",neutral,0.6976080536842346
41,I own this custom pleases me much better than our absurd one of following our name.,disgust,0.5781745910644531
41,"Methinks, 'tis much more reasonable to make happy and rich an infant whom I educate after my own manner, _brought up_ (in the Turkish phrase) _upon my knees_, and who has learned to look upon me with a filial respect, than to give an estate to a creature, without other merit or relation to me, than that of a few letters.",disgust,0.3577631115913391
41,"Yet this is an absurdity we see frequently practised.--Now I have mentioned the Armenians, perhaps it will be agreeable to tell you something of that nation, with which I am sure you are utterly unacquainted.",disgust,0.8110077977180481
41,"I will not trouble you with the geographical account of the situation of their country, which you may see in the maps; or a relation of their ancient greatness, which you may read in the Roman history.",neutral,0.912887692451477
41,"They are now subject to the Turks; and, being very industrious in trade, and increasing and multiplying, are dispersed in great numbers through all the Turkish dominions.",neutral,0.681782603263855
41,"They were, as they say, converted to the Christian religion by St Gregory, and are perhaps the devoutest (sic), Christians in the whole world.",neutral,0.9279490113258362
41,"The chief precepts of their priests enjoin the strict keeping of their lents, which are, at least seven months in every year, and are not to be dispensed with on the most emergent necessity; no occasion whatever can excuse them, if they touch any thing more than mere herbs or roots (without oil) and plain dry bread.",disgust,0.5522388219833374
41,"That is their constant diet.--Mr W----y has one of his interpreters of this nation, and the poor fellow was brought so low, by the severity of his fasts, that his life was despaired of.",sadness,0.8005695343017578
41,"Yet neither his master's commands, nor the doctor's entreaties (who declared nothing else could save his life) were powerful enough to prevail with him to take two or three spoonfuls of broth.",neutral,0.46765780448913574
41,"Excepting this, which may rather be called a custom than an article of faith, I see very little in their religion different from ours.",neutral,0.9194653630256653
41,"'Tis true, they seem to incline very much to Mr Whiston's doctrine; neither do I think the Greek church very distant from it, since 'tis certain, the holy Spirit's proceeding _only_ from the Father, is making a plain subordination in the Son.--But the Armenians have no notion of transubstantiation, whatever account Sir Paul Rycaut gives of them, (which account, I am apt to believe, was designed to compliment our Court in 1679;) and they have a great horror for those amongst them, that change to the Roman religion.",fear,0.9331520795822144
41,"What is most extraordinary in their customs, is their matrimony; a ceremony, I believe, unparallell'd (sic) all over the world.",surprise,0.8161073923110962
41,"They are always promised very young; but the espoused never see one another, till three days after their marriage.",sadness,0.512549877166748
41,"The bride is carried to church, with a cap on her head, in the fashion of a large trencher, and over it a red silken veil, which covers her all over to her feet.",disgust,0.6358880400657654
41,"The priest asks the bridegroom, Whether he is contented to marry that woman, _be she deaf, be she blind?_  These are the literal words: to which having answered, _yes_, she is led home to his house, accompanied with all the friends and relations on both sides, singing and dancing, and is placed on a cushion in the corner of the sofa; but her veil is never lifted up, not even by her husband.",neutral,0.4129129946231842
41,"There is something so odd and monstrous in these ways, that I could not believe them, till I had inquired of several Armenians myself, who all assured me of the truth of them, particularly one young fellow, who wept when he spoke of it, being promised by his mother to a girl that he must marry in this manner, though he protested to me, he had rather die than submit to this slavery, having already figured his bride to himself with all the deformities of nature.--I fancy I see you bless yourself at this terrible relation.",disgust,0.7273436784744263
41,"I cannot conclude my letter with a more surprising story; yet 'tis as seriously true, as that I am,                                Dear sister, yours, &c. &c.",surprise,0.9002139568328857
42,"I AM extremely pleased with hearing from you, and my vanity (the darling frailty of mankind) not a little flattered by the uncommon questions you ask me, though I am utterly incapable of answering them.",joy,0.9845163226127625
42,"And, indeed, were I as good a mathematician as Euclid himself, it requires an age's stay to make just observations on the air and vapours.",neutral,0.9546420574188232
42,"I have not been yet a full year here, and am on the point of removing.",neutral,0.6378620266914368
42,Such is my rambling destiny.,neutral,0.8620123863220215
42,"This will surprise you, and can surprise no body so much as myself.",surprise,0.9716952443122864
42,"Perhaps you will accuse me of laziness, or dulness (sic), or both together, that can leave this place, without giving you some account of the Turkish court.",neutral,0.37521442770957947
42,"I can only tell you, that if you please to read Sir Paul Rycaut, you will there find a full and true account of the vizier's, the _beglerbys_, the civil and spiritual government, the officers of the seraglio, &c. things that 'tis very easy to procure lists of, and therefore may be depended on; though other stories, God knows--I say no more--every body is at liberty to write their own remarks; the manners of people may change; or some of them escape the observation of travellers; but 'tis not the same of the government; and, for that reason, since I can tell you nothing new, I will tell you nothing of it.",neutral,0.9043734073638916
42,"In the same silence shall be passed over the arsenal and seven towers; and for mosques, I have already described one of the noblest to you very particularly.",disgust,0.868596076965332
42,"But I cannot forbear taking notice to you of a mistake of Gemelli, (though I honour him in a much higher degree than any other voyage-writer:) he says that there are no remains of Calcedon; this is certainly a mistake: I was there, yesterday, and went cross the canal in my galley, the sea being very narrow between that city and Constantinople.",neutral,0.4449327290058136
42,"'Tis still a large town, and has several mosques in it.",neutral,0.9301653504371643
42,"The Christians still call it Calcedonia, and the Turks give it a name I forgot, but which is only a corruption of the same word.",neutral,0.8771075010299683
42,"I suppose this is an error of his guide, which his short stay hindered him from rectifying, for I have, in other matters, a very just esteem for his veracity.",neutral,0.8183919191360474
42,"Nothing can be pleasanter than the canal; and the Turks are so well acquainted with its beauties, that all their pleasure-seats are built on its banks, where they have, at the same time, the most beautiful prospects in Europe and Asia; there are near one another some hundreds of magnificent palaces.",joy,0.859508752822876
42,"Human grandeur being here yet more unstable than any where else, 'tis common for the heirs of a great three-tailed bassa, not to be rich enough to keep in repair the house he built; thus, in a few years, they all fall to ruin.",sadness,0.8380158543586731
42,"I was yesterday to see that of the late grand Vizier, who was killed at Peterwaradin.",sadness,0.9094934463500977
42,"It was built to receive his royal bride, daughter of the present sultan; but he did not live to see her there.",sadness,0.8411252498626709
42,"I have a great mind to describe it to you; but I check that inclination, knowing very well, that I cannot give you, with my best description, such an idea of it as I ought.",neutral,0.9156752228736877
42,"It is situated on one of the most delightful parts of the canal, with a fine wood on the side of a hill behind it.",joy,0.8012201189994812
42,"The extent of it is prodigious; the guardian assured me, there are eight hundred rooms in it; I will not, however, answer for that number, since I did not count them; but 'tis certain the number is very large, and the whole adorned with a profusion of marble, gilding, and the most exquisite painting of fruit and flowers.",disgust,0.42235302925109863
42,"The windows are all sashed with the finest crystalline glass brought from England; and here is all the expensive magnificence that you can suppose in a palace founded by a vain luxurious young man, with the wealth of a vast empire at his command.",disgust,0.8058743476867676
42,But no part of it pleased me better than the apartments destined for the bagnios.,joy,0.9012390971183777
42,"There are two built exactly in the same manner, answering to one another; the baths, fountains, and pavements, all of white marble, the roofs gilt, and the walls covered with Japan china.",neutral,0.919971764087677
42,"Adjoining to them are two rooms, the uppermost of which is divided into a sofa, and in the four corners are falls of water from the very roof, from shell to shell, of white marble, to the lower end of the room, where it falls into a large basin, surrounded with pipes, that throw up the water as high as the roof.",neutral,0.7621687650680542
42,"The walls are in the nature of lattices; and, on the outside of them, there are vines and woodbines planted, that form a sort of green tapestry, and give an agreeable obscurity to those delightful chambers.",joy,0.6435674428939819
42,"I should go on and let you into some of the other apartments (all worthy your curiosity); but 'tis yet harder to describe a Turkish palace than any other, being built entirely irregular.",neutral,0.62617027759552
42,"There is nothing that can be properly called front or wings; and though such a confusion is, I think, pleasing to the sight, yet it would be very unintelligible in a letter.",neutral,0.454049289226532
42,"I shall only add, that the chamber destined for the sultan, when he visits his daughter, is wainscotted with mother of pearl, fastened with emeralds like nails.",neutral,0.7584501504898071
42,"There are others of mother of pearl and olive wood inlaid, and several of Japan china.",neutral,0.9323091506958008
42,"The galleries, which are numerous, and very large, are adorned with jars of flowers, and porcelain dishes of fruit of all sorts, so well done in plaster, and coloured in so lively a manner, that it has an enchanting effect.",joy,0.8133106231689453
42,"The garden is suitable to the house, where arbours, fountains, and walks, are thrown together in an agreeable confusion.",neutral,0.7469006180763245
42,"There is no ornament wanting, except that of statues.",neutral,0.6555142998695374
42,"Thus, you see, Sir, these people are not so unpolished as we represent them.",neutral,0.41374173760414124
42,"'Tis true, their magnificence is of a very different taste from ours, and perhaps of a better.",neutral,0.8378642201423645
42,"I am almost of opinion, they have a right notion of life.",neutral,0.9065935611724854
42,"They consume it in music, gardens, wine, and delicate eating, while we are tormenting our brains with some scheme of politics, or studying some science to which we can never attain; or, if we do, cannot persuade other people to set that value upon it we do ourselves.",disgust,0.4243128299713135
42,"'Tis certain, what we feel and see is properly (if any thing is properly) our own; but the good of fame, the folly of praise, are hardly purchased, and, when obtained, a poor recompence (sic) for loss of time and health.",sadness,0.34801387786865234
42,We die or grow old before we can reap the fruit of our labours.,neutral,0.6981539726257324
42,"Considering what short-liv'd, weak animals men are, is there any study so beneficial as the study of present pleasure?",neutral,0.8464716672897339
42,"I dare not pursue this theme; perhaps I have already said too much, but I depend upon the true knowledge you have of my heart.",anger,0.6548646688461304
42,I don't expect from you the insipid railleries I should suffer from another in answer to this letter.,sadness,0.4775136709213257
42,"You know how to divide the idea of pleasure from that of vice, and they are only mingled in the heads of fools.--But I allow you to laugh at me for the sensual declaration in saying, that I had rather be a rich _effendi_, with all his ignorance, than Sir Isaac Newton with all his knowledge.",neutral,0.40694278478622437
42,"I am, Sir, &c. &c.",neutral,0.757511556148529
43,"I LEFT Constantinople the sixth of the last month, and this is the first post from whence I could send a letter, though I have often wished for the opportunity, that I might impart some of the pleasure I found in this voyage, through the most agreeable part of the world, where every scene presents me some poetical idea, _Warm'd with poetic transport I survey Th' immortal islands, and the well known sea.",fear,0.9771214127540588
43,"For here so oft the muse her harp has strung, That not a mountain rears its head unsung_.",disgust,0.486230731010437
43,"I BEG your pardon for this sally, and will, if I can, continue the rest of my account in plain prose.",neutral,0.7127706408500671
43,"The second day after we set sail, we passed Gallipolis, a fair city, situated in the bay of Chersonesus, and much respected by the Turks, being the first town they took in Europe.",joy,0.5243775248527527
43,"At five the next morning, we anchored in the Hellespont, between the castles of Sestos and Abydos, now called the Dardanelli.",fear,0.4770921468734741
43,"These are now two little ancient castles, but of no strength, being commanded by a rising ground behind them, which, I confess, I should never have taken notice of, if I had not heard it observed by our captain and officers, my imagination being wholly employed by the tragic story, that you are well acquainted with: _The swimming lover, and the nightly bride, How HERO lov'd, and how LEANDER died_.",sadness,0.6662441492080688
43,Verse again!--I am certainly infected by the poetical air I have passed through.,disgust,0.5114614963531494
43,"That of Abydos is undoubtedly very amorous, since that soft passion betrayed the castle into the hands of the Turks who besieged it in the reign of Orchanes.",disgust,0.7678694128990173
43,"The governor's daughter, imagining to have seen her future husband in a dream, (though I don't find she had either slept upon bride-cake, or kept St Agnes's fast) fancied she saw the dear figure in the form of one of her besiegers; and, being willing to obey her destiny, tossed a note to him over the wall, with the offer of her person, and the delivery of the castle.",neutral,0.45867595076560974
43,"He shewed it to his general, who consented to try the sincerity of her intentions, and withdrew his army, ordering the young man to return with a select body of men at midnight.",disgust,0.4670654833316803
43,"She admitted him at the appointed hour; he destroyed the garrison, took the father prisoner, and made her his wife.",anger,0.6009901165962219
43,"This town is in Asia, first founded by the Milesians.",neutral,0.9261738061904907
43,"Sestos is in Europe, and was once the principal city of Chersonesus.",neutral,0.8255324363708496
43,"Since I have seen this strait, I find nothing improbable in the adventure of Leander, or very wonderful in the bridge of boats of Xerxes.",fear,0.4075053930282593
43,"'Tis so narrow, 'tis not surprising a young lover should attempt to swim, or an ambitious king try to pass his army over it.",surprise,0.7281419634819031
43,"But then, 'tis so subject to storms, 'tis no wonder the lover perished, and the bridge was broken.",sadness,0.9593934416770935
43,"From hence we had a full view of mount Ida; _Where Juno once caress'd her am'rous Jove, And the world's master lay subdu'd by love_.",neutral,0.5277940630912781
43,"Not many leagues sail from hence, I saw the point of land where poor old Hecuba was buried, and about a league from that place is Cape Janizary, the famous promontory of Sigaeum, where we anchored.",neutral,0.5139045715332031
43,"My curiosity supplied me with strength to climb to the top of it, to see the place where Achilles was buried, and where Alexander ran naked round his tomb, in honour of him, which, no doubt, was a great comfort to his ghost.",fear,0.3367532789707184
43,"I saw there the ruins of a very large city, and found a stone, on which Mr W----y plainly distinguished the words of _Sigaen Polin_.",disgust,0.7303754687309265
43,"We ordered this on board the ship; but were shewed others much more curious by a Greek priest, tho' a very ignorant fellow, that could give no tolerable account of any thing.",disgust,0.7619805335998535
43,"On each side the door of this little church ly two large stones, about ten feet long each, five in breadth, and three in thickness.",neutral,0.5258225798606873
43,"That on the right is a very fine white marble, the side of it beautifully carved in bas-relief; it represents a woman, who seems to be designed for some deity, sitting on a chair with a footstool, and before her another woman, weeping, and presenting to her a young child that she has in her arms, followed by a procession of women with children in the same manner.",neutral,0.6210978627204895
43,This is certainly part of a very ancient tomb; but I dare not pretend to give the true explanation of it.,neutral,0.45154815912246704
43,"On the stone, on the left side, is a very fair inscription; but the Greek is too ancient for Mr W----y's interpretation.",neutral,0.9390453100204468
43,"I am very sorry not to have the original in my possession, which might have been purchased of the poor inhabitants for a small sum of money.",sadness,0.9716633558273315
43,"But our captain assured us, that without having machines made on purpose, 'twas impossible to bear it to the sea-side; and, when it was there, his long-boat would not be large enough to hold it.",fear,0.3651203513145447
43,"THE ruins of this great city are now inhabited by poor Greek peasants, who wear the Sciote habit, the women being in short petticoats, fastened by straps round their shoulders, and large smock sleeves of white linen, with neat shoes and stockings, and on their heads a large piece of muslin, which falls in large folds on their shoulders.--One of my countrymen, Mr Sands, (whose book I doubt not you have read, as one of the best of its kind) speaking of these ruins, supposes them to have been the foundation of a city begun by Constantine, before his building Byzantium; but I see no good reason for that imagination, and am apt to believe them much more ancient.",disgust,0.7622098922729492
43,"WE saw very plainly from this promontory, the river Simois rolling from mount Ida, and running through a very spacious valley.",fear,0.495084285736084
43,"It is now a considerable river, and is called Simores, it is joined in the vale by the Scamander, which appeared a small stream half choaked (sic) with mud, but is perhaps large in the winter.",neutral,0.46735015511512756
43,"This was Xanthus amongst the gods, as Homer tells us; and 'tis by that heavenly name, the nymph Oenone invokes it, in her epistle to Paris.",neutral,0.8676337003707886
43,"The Trojan virgins used to offer their first favours to it, by the name of Scamander, till the adventure, which Monsieur de la Fontaine has told so agreeably, abolish'd that heathenish ceremony.",disgust,0.5246174335479736
43,"When the stream is mingled with the Simois, they run together to the sea.",neutral,0.3551494777202606
43,"ALL that is now left of Troy is the ground on which it stood; for, I am firmly persuaded, whatever pieces of antiquity may be found round it, are much more modern, and I think Strabo says the same thing.",neutral,0.8626372218132019
43,"However, there is some pleasure in seeing the valley where I imagined the famous duel of Menelaus and Paris had been fought, and where the greatest city in the world was situated.",joy,0.972493588924408
43,"'Tis certainly the noblest situation that can be found for the head of a great empire, much to be preferred to that of Constantinople, the harbour here being always convenient for ships from all parts of the world, and that of Constantinople inaccessible almost six months in the year, while the north-wind reigns.",disgust,0.6298080682754517
43,"NORTH of the promontory of Sigaeum we saw that of Rhaeteum, famed for the sepulchre of Ajax.",disgust,0.6086575388908386
43,"While I viewed these celebrated fields and rivers, I admired the exact geography of Homer, whom I had in my hand.",joy,0.5560542941093445
43,"Almost every epithet he gives to a mountain or plain, is still just for it; and I spent several hours here in as agreeable cogitations, as ever Don Quixote had on mount Montesinos.",neutral,0.8132428526878357
43,"We sailed next night to the shore, where 'tis vulgarly reported Troy stood; and I took the pains of rising at two in the morning to view cooly those ruins which are commonly shewed to strangers, and which the Turks call _Eski Stamboul, i.e._ Old Constantinople.",disgust,0.5767033696174622
43,"For that reason, as well as some others, I conjecture them to be the remains of that city begun by Constantine.",neutral,0.9329813718795776
43,"I hired an ass (the only voiture to be had there) that I might go some miles into the country, and take a tour round the ancient walls, which are of a vast extent.",neutral,0.8498924970626831
43,"We found the remains of a castle on a hill, and of another in a valley, several broken pillars and two pedestals, from which I took these Latin inscriptions: DIVI.",disgust,0.8903281092643738
43,AUG. COL.,neutral,0.8799007534980774
43,ET.,neutral,0.8592470288276672
43,COL. IUL.,neutral,0.9264094829559326
43,PHILIPPENSIS EORUNDEM ET PRINCIP.,neutral,0.9306076169013977
43,AM COL. IUL.,neutral,0.8113064765930176
43,PARIANAE.,neutral,0.8735489845275879
43,TRIBUN.,neutral,0.8420436978340149
43,MILIT.,neutral,0.5081522464752197
43,COH.,neutral,0.9318210482597351
43,XXXII.,neutral,0.8919840455055237
43,VOLUNTAR.,neutral,0.8442082405090332
43,TRIB.,neutral,0.8460224866867065
43,MILIT.,neutral,0.5081522464752197
43,LEG.,disgust,0.7658879160881042
43,XIII.,neutral,0.855002760887146
43,GEM.,neutral,0.7775007486343384
43,PRAEFECTO EQUIT.,neutral,0.9159414768218994
43,ALAE.,neutral,0.8754871487617493
43,I. SCUBULORUM VIC.,neutral,0.9072688817977905
43,VIII.,neutral,0.7820315957069397
43,DIVI.,neutral,0.8469285368919373
43,IULI.,neutral,0.8147904872894287
43,FLAMINI C. ANTONIO.,neutral,0.778955340385437
43,M. F. VOLT.,neutral,0.8826245665550232
43,RUFO.,neutral,0.6677206158638
43,FLAMIN.,neutral,0.7436091303825378
43,DIV.,neutral,0.8865149617195129
43,AUG. COL. CL.,neutral,0.8741856813430786
43,APRENS.,neutral,0.617059051990509
43,ET.,neutral,0.8592470288276672
43,COL. IUL.,neutral,0.9264094829559326
43,PHILIPPENSIS EORUNDEM ET PRINCIP.,neutral,0.9306076169013977
43,ITEM COL.  IUL.,neutral,0.8977917432785034
43,PARIANAE TRIB.,neutral,0.8217639327049255
43,MILIT.,neutral,0.5081522464752197
43,COH.,neutral,0.9318210482597351
43,XXXII.,neutral,0.8919840455055237
43,VOLUNTARIOR.,neutral,0.8138317465782166
43,TRIB.,neutral,0.8460224866867065
43,MILIT.,neutral,0.5081522464752197
43,XIII.,neutral,0.855002760887146
43,GEM.,neutral,0.7775007486343384
43,PRAEF.,neutral,0.829465389251709
43,EQUIT.,disgust,0.7237417697906494
43,ALAE.,neutral,0.8754871487617493
43,I. SCUBULORUM VIC.,neutral,0.9072688817977905
43,VII.,neutral,0.5372645258903503
43,"I do not doubt but the remains of a temple near this place, are the ruins of one dedicated to Augustus; and I know not why Mr Sands calls it a Christian temple, since the Romans certainly built hereabouts.",neutral,0.5433382987976074
43,"Here are many tombs of fine marble, and vast pieces of granate (sic), which are daily lessened by the prodigious balls that the Turks make, from them, for their cannon.",neutral,0.7410111427307129
43,"We passed that evening the isle of Tenedos, once under the patronage of Apollo, as he gave it in, himself, in the particulars of his estate, when he courted Daphne.",disgust,0.4063066244125366
43,"It is but ten miles in circuit, but, in those days, very rich and well-peopled, still famous for its excellent wine.",neutral,0.7348337769508362
43,"I say nothing of Tenes, from whom it was called; but naming Mytilene, where we passed next, I cannot forbear mentioning Lesbos, where Sappho sung, and Pittacus reigned, famous for the birth of Alcaeus, Theophrastus and Arion, those masters in poetry, philosophy, and music.",neutral,0.5787080526351929
43,This was one of the last islands that remained in the Christian dominion after the conquest of Constantinople by the Turks.,neutral,0.949872612953186
43,"But need I talk to you of Catucuseno, &c. princes that you are as well acquainted with as I am.",neutral,0.9408033490180969
43,"'Twas with regret I saw us sail from this island into the Egean (sic) sea, now the Archipelago, leaving Scio (the ancient Chios) on the left, which is the richest and most populous of these islands, fruitful in cotton, corn and silk, planted with groves of orange and lemon trees, and the Arvisian mountain, still celebrated for the nectar that Virgil mentions.",sadness,0.8904469609260559
43,Here is the best manufacture of silks in all Turkey.,neutral,0.8829599022865295
43,"The town is well built, the women famous for their beauty, and shew their faces as in Christendom.",neutral,0.8471400737762451
43,"There are many rich families; though they confine their magnificence to the inside of their houses, to avoid the jealousy of the Turks, who have, a bassa here: however, they enjoy a reasonable liberty, and indulge the genius of their country: _And eat, and sing, and dance away their time, Fresh as their groves, and happy as their clime_.",joy,0.6242331862449646
43,"Their chains hang lightly on them, tho' 'tis not long since they were imposed, not being under the Turk till 1566.",neutral,0.7486357688903809
43,"But perhaps 'tis as easy to obey the grand signior as the state of Genoa, to whom they were sold by the Greek emperor.",neutral,0.8805880546569824
43,"But I forget myself in these historical touches, which are very impertinent when I write to you.",neutral,0.8183695673942566
43,"Passing the strait between the islands of Andros and Achaia, now Libadia, we saw the promontory of Lunium, now called Cape Colonna, where are yet standing the vast pillars of a temple of Minerva.",fear,0.33419808745384216
43,"This venerable sight made me think, with double regret, on a beautiful temple of Theseus, which, I am assured, was almost entire at Athens, till the last campaign in the Morea, that the Turks filled it with powder, and it was accidentally blown up.",sadness,0.35889869928359985
43,"You may believe I had a great mind to land on the fam'd Peloponnesus, tho' it were only to look on the rivers of Asopus, Peneus, Inachus and Eurotas, the fields of Arcadia, and other scenes of ancient mythology.",neutral,0.7602085471153259
43,"But instead of demigods and heroes, I was credibly informed, 'tis now over-run by robbers, and that I should run a great risque (sic) of falling into their hands, by undertaking such a journey through a desert country, for which, however, I have so much respect, that I have much ado to hinder myself from troubling you with its whole history, from the foundation of Nycana and Corinth, to the last campaign there; but I check the inclination, as I did that of landing.",neutral,0.5312075018882751
43,"We sailed quietly by Cape Angelo, once Malea, where I saw no remains of the famous temple of Apollo.",fear,0.5343266129493713
43,"We came that evening in sight of Candia: it is very mountainous; we easily distinguished that of Ida.--We have Virgil's authority, that here were a hundred cities-- _--Centum urbes habitant magnas--_ The chief of them--the scene of monstrous passions.--Metellus first conquered this birth-place of his Jupiter; it fell afterwards into the hands of ---- I am running on to the very siege of Candia; and I am so angry with myself, that I will pass by all the other islands with this general reflection, that 'tis impossible to imagine any thing more agreeable than this journey would have been two or three thousand years since, when, after drinking a dish of tea with Sappho, I might have gone, the same evening, to visit the temple of Homer in Chios, and passed this voyage in taking plans of magnificent temples, delineating the miracles of statuaries, and conversing with the most polite and most gay of mankind.",anger,0.9707257151603699
43,Alas!,surprise,0.5724502205848694
43,"art is extinct here; the wonders of nature alone remain; and it was with vast pleasure I observed those of mount Etna, whose flame appears very bright in the night many leagues off at sea, and fills the head with a thousand conjectures.",neutral,0.50267094373703
43,"However, I honour philosophy too much, to imagine it could turn that of Empedocles; and Lucian shall never make me believe such a scandal of a man, of whom, Lucretius says, _--Vix humana videtur stirpe creatus--_ WE passed Trinacria without hearing any of the syrens that Homer describes; and, being thrown on neither Scylla nor Charybdis, came safe to Malta, first called Melita, from the abundance of honey.",disgust,0.6865623593330383
43,It is a whole rock covered with very little earth.,neutral,0.47943243384361267
43,The grand master lives here in the state of a sovereign prince; but his strength at sea now is very small.,neutral,0.6768833994865417
43,"The fortifications are reckoned the best in the world, all cut in the solid rock with infinite expence and labour.--Off this island we were tossed by a severe storm, and were very glad, after eight days, to be able to put into Porta Farine on the African shore, where our ship now rides.",joy,0.9792336225509644
43,At Tunis we were met by the English consul who resides here.,neutral,0.40557554364204407
43,"I readily accepted of the offer of his house there for some days, being very curious to see this part of the world, and particularly the ruins of Carthage.",surprise,0.4781556725502014
43,"I set out in his chaise at nine at night, the moon being at full.",fear,0.9610641598701477
43,"I saw the prospect of the country almost as well as I could have done by day-light; and the heat of the sun is now so intolerable, 'tis impossible to travel at any other time.",disgust,0.45026925206184387
43,"The soil is, for the most part, sandy, but every where fruitful of date, olive, and fig-trees, which grow without art, yet afford the most delicious fruit in the world.",neutral,0.5231612920761108
43,"There vineyards and melon-fields are inclos'd by hedges of that plant we call Indian-fig, which is an admirable fence, no wild beast being able to pass it.",neutral,0.868741512298584
43,"It grows a great height, very thick, and the spikes or thorns are as long and sharp as bodkins; it bears a fruit much eaten by the peasants, and which has no ill taste.",disgust,0.9740148186683655
43,"IT being now the season of the Turkish _ramadan_, or Lent, and all here professing, at least the Mahometan religion, they fast till the going down of the sun, and spend the night in feasting.",neutral,0.8442191481590271
43,"We saw under the trees, companies of the country people, eating, singing, and dancing, to their wild music.",disgust,0.7287595272064209
43,"They are not quite black, but all mulattoes, and the most frightful creatures that can  appear in a human figure.",fear,0.988929808139801
43,"They are almost naked, only wearing a piece of coarse serge wrapped about them.--But the women have their arms, to their very shoulders, and their necks and faces, adorned with flowers, stars, and various sorts of figures impressed by gunpowder; a considerable addition to their natural deformity; which is, however, esteemed very ornamental amongst them; and I believe they suffer a good deal of pain by it.",disgust,0.8035667538642883
43,"ABOUT six miles from Tunis, we saw the remains of that noble aqueduct, which carried the water to Carthage, over several high mountains, the length of forty miles.",disgust,0.389149934053421
43,There are still many arches entire.,neutral,0.9213950634002686
43,"We spent two hours viewing it with great attention, and Mr W----y assured me that of Rome is very much inferior to it.",neutral,0.6525164842605591
43,"The stones are of a prodigious size, and yet all polished, and so exactly fitted to each other, very little cement has been made use of to join them.",neutral,0.43406566977500916
43,"Yet they may probably stand a thousand years longer, if art is not made use of to pull them down.",neutral,0.9590561389923096
43,"Soon after day-break I arrived at Tunis, a town fairly built of very white stone, but quite without gardens, which, they say, were all destroyed when the Turks first took it, none having been planted since.",disgust,0.5716401934623718
43,"The dry land gives a very disagreeable prospect to the eye; and the want of shade contributing to the natural heat of the climate, renders it so excessive, that I have much ado to support it.",anger,0.6065235137939453
43,"'Tis true, here is, every noon, the refreshment of the sea-breeze, without which it would be impossible to live; but no fresh water but what is preserved in the cisterns of the rains that fall in the month of September.",neutral,0.6697532534599304
43,"The women of the town go veiled from head to foot under a black crape, and being mixed with a breed of renegadoes, are said to be many of them fair and handsome.",neutral,0.6485070586204529
43,"This city was besieged in 1270, by Lewis (sic) king of France, who died under the walls of it, of a pestilential fever.",fear,0.6765978932380676
43,"After his death, Philip, his son, and our prince Edward, son of Henry III.",sadness,0.9685127139091492
43,raised the siege on honourable terms.,anger,0.41123509407043457
43,"It remained under its natural African kings, till betrayed into the hands of Barbarossa, admiral of Solyman the Magnificent.",disgust,0.4465363621711731
43,"The emperor Charles V. expelled Barbarossa, but it was recovered by the Turk, under the conduct of Sinan Bassa, in the reign of Selim II.",anger,0.32349273562431335
43,"From that time till now, it has remained tributary to the grand signior, governed by a _bey_, who suffers the name of subject to the Turk, but has renounced the subjection, being absolute, and very seldom paying any tribute.",neutral,0.8487768769264221
43,"The great city of Bagdat (sic) is, at this time, in the same circumstances, and the grand signior connives at the loss of these dominions, for fear of losing even the titles of them.",fear,0.9234106540679932
43,"I WENT very early yesterday morning (after one night's repose) to see the ruins of Carthage.--I was, however, half broiled in the sun, and overjoyed to be led into one of the subterranean apartments, which they called, _The stables of the elephants_, but which I cannot believe were ever designed for that use.",joy,0.9891853332519531
43,"I found in them many broken pieces of columns of fine marble, and some of porphyry.",disgust,0.7669765949249268
43,"I cannot think any body would take the insignificant pains of carrying them thither, and I cannot imagine such fine pillars were designed for the use of stables.",disgust,0.38338297605514526
43,"I am apt to believe they Were summer apartments under their palaces, which the heat of the climate rendered necessary.",surprise,0.633275032043457
43,They are now used as granaries by the country people.,neutral,0.9005193710327148
43,"While I sat here, from the town of _Tents_ not far off, many of the women flocked in to see me, and we were equally entertained with viewing one another.",joy,0.9398655295372009
43,"Their posture in sitting, the colour of their skin, their lank black hair falling on each side their faces, their features, and the shape of their limbs, differ so little from their country-people the baboons, 'tis hard to fancy them a distinct race; I could not help thinking there had been some ancient alliances between them.",disgust,0.6316013336181641
43,"WHEN I was a little refreshed by rest, and some milk and exquisite fruit they brought me, I went up the little hill where once stood the castle of Byrsa, and from thence I had a distinct view of the situation of the famous city of Carthage, which stood on an isthmus, the sea coming on each side of it.",fear,0.6172696948051453
43,"'Tis now a marshy ground on one side, where there are salt ponds.",disgust,0.5861995220184326
43,Strabo calls Carthage forty miles in circumference.,neutral,0.921757161617279
43,"There are now no remains of it, but what I have described; and the history of it is too well known to want my abridgement of it.",neutral,0.8176121115684509
43,"You see, Sir, that I think you esteem obedience better than compliments.",neutral,0.8185800909996033
43,"I have answered your letter by giving you the accounts you desired, and have reserved my thanks to the conclusion.",neutral,0.7857879996299744
43,"I intend to leave this place to-morrow, and continue my journey through Italy and France.",sadness,0.84624183177948
43,"In one of those places I hope to tell you, by word of mouth, that I am,   Your humble servant, &c. &c.",joy,0.8453576564788818
44,"I BEG your pardon, my dear sister, that I did not write to you from Tunis, the only opportunity I have had since I left Constantinople.",neutral,0.4010086953639984
44,"But the heat there was so excessive, and the light so bad for the sight, I was half blind by writing one letter to the Abbot ----, and durst not go to write many others I had designed; nor indeed could I have entertained you very well out of that barbarous country.",disgust,0.6483156681060791
44,"I am now surrounded with subjects of pleasure, and so much charmed with the beauties of Italy, that I should think it a kind of ingratitude not to offer a little praise in return for the diversion I have had here.--I am in the house of Mrs D'Avenant at St Pierre d'Arena, and should be very unjust not to allow her a share of that praise I speak of, since her good humour and good company have very much contributed to render this place agreeable to me.",anger,0.45800450444221497
44,"GENOA is situated in a very fine bay; and being built on a rising hill, extermixed (sic) with gardens, and beautified with the most excellent architecture, gives a very fine prospect off at sea; though it lost much of its beauty in my eyes, having been accustomed to that of Constantinople.",joy,0.7783592343330383
44,"The Genoese were once masters of several islands in the Archipelago, and all that part of Constantinople which is now called Galata.",neutral,0.8756072521209717
44,"Their betraying the Christian cause, by facilitating the taking of Constantinople by the Turk, deserved what has since happened to them, even the loss of all their conquests on that side to those infidels.",anger,0.6069310903549194
44,"They are at present far from rich, and are despised by the French, since their doge was forced by the late king to go in person to Paris, to ask pardon for such a trifle as the arms of France over the house of the envoy, being spattered with dung in the night.",disgust,0.7310129404067993
44,"This, I suppose, was done by some of the Spanish faction, which still makes up the majority here, though they dare not openly declare it.",neutral,0.5155436396598816
44,"The ladies affect the French habit, and are more genteel than those they imitate.",neutral,0.6268215179443359
44,I do not doubt but the custom of Cizisbei's has very much improved their airs.,neutral,0.9416331052780151
44,I know not whether you ever heard of those animals.,neutral,0.7939825057983398
44,"Upon my word, nothing but my own eyes could have convinced me there were any such upon earth.",neutral,0.45744559168815613
44,"The fashion began here, and is now received all over Italy, where the husbands are not such terrible creatures as we represent them.",disgust,0.40631118416786194
44,"There are none among them such brutes, as to pretend to find fault with a custom so well established, and so politically founded, since I am assured, that it was an expedient, first found out by the senate, to put an end to those family hatreds, which tore their state to pieces, and to find employment for those young men who were forced to cut one another's throats, _pour passer le temps_: and it has succeeded so well, that since the institution of Cizisbei, there has been nothing but peace and good humour amongst them.",joy,0.46299269795417786
44,"These are gentlemen who devote themselves to the service of a particular lady (I mean a married one) for the virgins are all invisible, and confined to convents: They are obliged to wait on her to all public places, such as the plays, operas, and assemblies, (which are called here _Conversations_) where they wait behind her chair, take care of her fan and gloves, if she plays, have the privilege of whispers, &c.--When she goes out, they serve her instead of lacquies (sic), gravely trotting by her chair.",disgust,0.3542112112045288
44,"'Tis their business to prepare for her a present against any day of public appearance, not forgetting that of her own name [Footnote: That is, the day of the saint after whom she is called.",neutral,0.722255527973175
44,"]; in short, they are to spend all their time and money in her service, who rewards them accordingly (for opportunity they want none) but the husband is not to have the impudence to suppose this any other than pure Platonic friendship.",neutral,0.5354262590408325
44,"'Tis true, they endeavour to give her a Cizisbei of their own chusing; but when the lady happens not to be of the same taste, as that often happens, she never fails to bring it about to have one of her own fancy.",neutral,0.45741191506385803
44,"In former times, one beauty used to have eight or ten of these humble admirers; but those days of plenty and humility are no more.",neutral,0.9322405457496643
44,"Men grow more scarce and saucy, and every lady is forced to content herself with one at a time.",neutral,0.6909772157669067
44,"You may see in this place the _glorious liberty_ of a republic, or more properly, an aristocracy, the common people being here as arrant slaves as the French; but the old nobles pay little respect to the doge, who is but two years in his office, and whose wife, at that very time, assumes no rank above another noble lady.",neutral,0.6149492263793945
44,"'Tis true, the family of Andrea Doria (that great man, who restored them that liberty they enjoy) have some particular privileges.",neutral,0.8618950247764587
44,"When the senate found it necessary to put a stop to the luxury of dress, forbidding the wearing of jewels and brocades, they left them at liberty to make what expence they pleased.",disgust,0.3944607675075531
44,"I look with great pleasure on the statue of that hero, which is in the court belonging to the house of duke Doria.",joy,0.9489246606826782
44,"This puts me in mind of their palaces, which I can never describe as I ought.--Is it not enough, that I say, they are, most of them, the design of Palladio?",neutral,0.6335330009460449
44,"The street called Strada Nova, is perhaps the most beautiful line of building in the world.",joy,0.45713841915130615
44,"I must particularly mention the vast palaces of Durazzo, those of the two Balbi, joined together by a magnificent colonade (sic), that of the Imperiale at this village of St Pierre d'Arena, and another of the Doria.",joy,0.49690818786621094
44,"The perfection of architecture, and the utmost profusion of rich furniture are to be seen here, disposed with the most elegant taste, and lavish magnificence.",neutral,0.49626773595809937
44,"But I am charmed with nothing so much as the collection of pictures by the pencils of Raphael, Paulo Veronese, Titian, Caracci, Michael Angelo, Guido, and Corregio, which two I mention last as my particular favourites.",joy,0.9718850255012512
44,"I own, I can find no pleasure in objects of horror; and, in my opinion, the more naturally a crucifix is represented, the more disagreeable it is.",fear,0.6710375547409058
44,"These, my beloved painters, shew nature, and shew it in the most charming light.",joy,0.7051173448562622
44,"I was particularly pleased with a Lucretia in the house of Balbi; the expressive beauty of that face and bosom, gives all the passion of pity and adoration, that could be raised in the soul, by the finest artist on that subject.",joy,0.839310348033905
44,"A Cleopatra of the same hand, deserves to be mentioned; and I should say more of her if Lucretia had not first engaged my eyes.--Here are also some inestimable ancient bustos (sic).--The church of St Lawrence is built of black and white marble, where is kept that famous plate of a single emerald, which is not now permitted to be handled, since a plot, which, they say, was discovered, to throw it on the pavement and break it; a childish piece of malice, which they ascribe to the king of Sicily, to be revenged for their refusing to sell it to him.",anger,0.6903500556945801
44,"The church of the annunciation is finely lined with marble; the pillars are of red and white marble; that of St Ambrose has been very much adorned by the Jesuits; but I confess, all the churches appeared so mean to me, after that of Sancta Sophia, I can hardly do them the honour of writing down their names.",disgust,0.6371827125549316
44,"But I hope you will own, I have made good use of my time, in seeing so much, since 'tis not many days that we have been out of the quarantine, from which no body is exempted coming from the Levant.",neutral,0.7023335099220276
44,"Ours, indeed, was very much shortened, and very agreeably passed in Mrs D'Avenant's company, in the village of St Pierre d'Arena, about a mile from Genoa, in a house built by Palladio, so well designed, and so nobly proportioned, 'twas a pleasure to walk in it.",joy,0.8939610719680786
44,"We were visited here only by a few English, in the company of a noble Genoese; commissioned to see we did not touch one another.--I shall stay here some days longer, and could almost wish it were for all my life; but mine, I fear, is not destined to so much tranquillity.",fear,0.8075204491615295
44,"I am, &c. &c.",neutral,0.5534117817878723
45,"I CAME in two days from Genoa, through fine roads, to this place.",neutral,0.6733376383781433
45,"I have already seen what is shewed to strangers in the town, which, indeed, is not worth a very particular description; and I have not respect enough for the holy handkerchief, to speak long of it.",disgust,0.7068762183189392
45,"The churches are handsome, and so is the king's palace; but I have lately seen such perfection of architecture, I did not give much of my attention to these pieces.",neutral,0.7736188173294067
45,"The town itself is fairly built, situated in a fine plain on the banks of the Po.",neutral,0.5388844013214111
45,"At a little distance from it, we saw the palaces of La Venerie, and La Valentin, both very agreeable retreats.",joy,0.6627498269081116
45,"We were lodged in the Piazza Royale, which is one of the noblest squares I ever saw, with a fine portico of white stone quite round it.",neutral,0.6238401532173157
45,"We were immediately visited by the Chevalier ----, whom you knew in England; who, with great civility, begged to introduce us at Court, which is now kept at Rivoli, about a league from Turin.",neutral,0.5933988094329834
45,"I went thither yesterday, and had the honour of waiting on the queen, being presented to her by her first lady of honour.",joy,0.9037211537361145
45,"I found her majesty in a magnificent apartment, with a train of handsome ladies, all dressed in gowns, amongst which it was easy to distinguish the fair princess of Carignan.",joy,0.5176710486412048
45,"The queen entertained me with a world of sweetness and affability, and seemed mistress of a great share of good sense.",joy,0.46933066844940186
45,"She did not forget to put me in mind of her English blood; and added, that she always felt in herself a particular inclination to love the English.",neutral,0.5934957265853882
45,"I returned her civility, by giving her the title of majesty, as often as I could, which, perhaps, she will not have the comfort of hearing many months longer.--The king has a great deal of vivacity in his eyes; and the young prince of Piedmont is a very handsome young man; but the great devotion which this Court is, at present, fallen into, does not permit any of those entertainments proper for his age.",neutral,0.42068028450012207
45,"Processions and masses are all the magnificence in fashion here; and gallantry is so criminal, that the poor Count of ----, who was our acquaintance at London, is very seriously disgraced, for some small overtures he presumed to make to a maid of honour.",disgust,0.914503276348114
45,"I intend to set out tomorrow, and to pass those dreadful Alps, so much talked of.--If I come to the bottom, you shall hear of me.--I am, &c. &c.",fear,0.9833167195320129
46,"I RECEIVED, at my arrival here, both your obliging letters, and also letters from many of my other friends, designed to Constantinople, and sent me from Marseilles hither; our merchant there, knowing we were upon our return.",joy,0.8953842520713806
46,I am surprised to hear my sister has left England.,surprise,0.9847772121429443
46,"I suppose what I wrote to her from Turin will be lost, and where to direct I know not, having no account of her affairs from her own hand.",neutral,0.75616055727005
46,"For my own part, I am confined to my chamber, having kept my bed till yesterday, ever since the 17th, that I came to this town, where I have had so terrible a fever, I believed, for some time, that all my journeys were ended here; and I do not at all wonder, that such fatigues as I have passed, should have such an effect.",surprise,0.534013032913208
46,"The first day's journey from Turin to Novalesse, is through a very fine country, beautifully planted, and enriched by art and nature.",joy,0.9003534913063049
46,"The next day we began to ascend mount Cenis, being carried in little seats of twisted osiers, fixed upon poles, upon mens shoulders; our chaises taken to pieces, and laid upon mules.",disgust,0.4245435297489166
46,"THE prodigious prospect of mountains covered with eternal snow, of clouds hanging far below our feet, and of vast cascades tumbling down the rocks with a confused roaring, would have been entertaining to me, if I had suffered less from the extreme cold that reigns here.",fear,0.8804636597633362
46,"But the misty rains which fall perpetually, penetrated even the thick fur I was wrapped in; and I was half dead with cold, before we got to the foot of the mountain, which was not till two hours after dark.",fear,0.44308891892433167
46,"This hill has a spacious plain on the top of it, and a fine lake there; but the descent is so steep and slippery, 'tis surprising to see these chairmen go so steadily as they do.",surprise,0.9507316946983337
46,"Yet I was not half so much afraid of breaking my neck, as I was of falling sick; and the event has shewed, that I placed my fears right.",fear,0.9843302369117737
46,"THE other mountains are now all passable for a chaise, and very fruitful in vines and pastures: Amongst them is a breed of the finest goats in the world.",neutral,0.6076111197471619
46,"Acquebellet is the last, and soon after we entered Pont Beauvoisin, the frontier town of France, whose bridge parts this kingdom, and the dominions of Savoy.",neutral,0.6630771160125732
46,"The same night we arrived late at this town, where I have had nothing to do, but to take care of my health.",fear,0.4240657687187195
46,"I think myself already out of any danger; and am determined, that the sore throat, which still remains, shall not confine me long.",fear,0.3724791407585144
46,"I am impatient to see the curiosities of this famous city, and more impatient to continue my journey to Paris, from whence I hope to write you a more diverting letter than 'tis possible for me to do now, with a mind weakened by sickness, a head muddled with spleen, from a sorry inn, and a chamber crammed with mortifying objects of apothecaries vials and bottles.--I am, &c. &c.",sadness,0.4407735764980316
47,"I RECEIVED yours here, and should thank you for the pleasure you seem to enjoy from my return; but I can hardly forbear being angry at you for rejoicing at what displeases me so much.",joy,0.6286990642547607
47,You will think this but an odd compliment on my side.,disgust,0.5799179077148438
47,"I'll assure you, 'tis not from insensibility of the joy of seeing my friends; but when I consider, that I must, at the same time, see and hear a thousand disagreeable impertinents; that I must receive and pay visits, make courtesies and assist at tea-tables, where I shall be half killed with questions: and, on the other part, that I am a creature that cannot serve any body, but with insignificant good wishes; and that my presence is not a necessary good to any one member of my native country, I think I might much better have staid where ease and quiet made up the happiness of my indolent life.--I should certainly be melancholy, if I pursued this theme one line farther.",sadness,0.9715617299079895
47,"I will rather fill the remainder of this paper with the inscriptions on the tables of brass, that are placed on each side of the town-house.",neutral,0.8691829442977905
47,I. T A B L E. Maererum.,neutral,0.7205268144607544
47,nostr : : : : : sii : : : : : Equidem.,neutral,0.6731975674629211
47,primam.,neutral,0.8963445425033569
47,omnium.,neutral,0.38895171880722046
47,illum.,neutral,0.7288466095924377
47,cogitationem.,neutral,0.7772014737129211
47,hominum.,disgust,0.7878465056419373
47,quam.,neutral,0.7768208384513855
47,maxime.,neutral,0.8383553624153137
47,primam.,neutral,0.8963445425033569
47,occursuram.,neutral,0.8813661932945251
47,mihi.,neutral,0.6219754815101624
47,provideo.,neutral,0.9223871231079102
47,deprecor.,sadness,0.42357268929481506
47,ne.,sadness,0.32375016808509827
47,quasi.,neutral,0.8025112748146057
47,novam.,neutral,0.6242443323135376
47,istam.,neutral,0.6780553460121155
47,rem.,neutral,0.8280782103538513
47,introduci.,neutral,0.902411699295044
47,exhorreseatis.,neutral,0.9329105019569397
47,sed.,neutral,0.8177875876426697
47,illa.,neutral,0.6935384273529053
47,po.,neutral,0.8170807957649231
47,tius.,neutral,0.7909185886383057
47,cogitetis.,neutral,0.8440173864364624
47,quam.,neutral,0.7768208384513855
47,multa.,neutral,0.8573037981987
47,in.,neutral,0.755123496055603
47,hac.,neutral,0.7560205459594727
47,civitate.,neutral,0.8353623747825623
47,novata.,neutral,0.7230681777000427
47,sint.,neutral,0.8192164897918701
47,et.,neutral,0.6496826410293579
47,quidem.,neutral,0.8603209853172302
47,statim.,neutral,0.6910713315010071
47,ab.,neutral,0.5416558384895325
47,origine.,neutral,0.8266713619232178
47,urbis.,neutral,0.6161759495735168
47,nostrae.,neutral,0.6956409811973572
47,in.,neutral,0.755123496055603
47,quod.,neutral,0.8647899627685547
47,formas.,neutral,0.9217956066131592
47,statusque.,neutral,0.8449158668518066
47,res.,sadness,0.595440685749054
47,p. nostra.,neutral,0.44273415207862854
47,diducta.,neutral,0.41903236508369446
47,sit.,neutral,0.8243716359138489
47,Quondam.,neutral,0.9030579328536987
47,reges.,neutral,0.7114145159721375
47,hanc.,neutral,0.8563147783279419
47,tenuere.,neutral,0.4818069040775299
47,urbem.,neutral,0.8189017176628113
47,ne.,sadness,0.32375016808509827
47,tamen.,neutral,0.9089890122413635
47,domesticis.,neutral,0.7921263575553894
47,successoribus.,neutral,0.8548786640167236
47,eam.,neutral,0.8164157867431641
47,tradere.,neutral,0.741402804851532
47,contigit.,neutral,0.7678983211517334
47,supervenere.,neutral,0.7263912558555603
47,alieni.,neutral,0.6902812123298645
47,et.,neutral,0.6496826410293579
47,quidam.,neutral,0.8618864417076111
47,externi.,neutral,0.7545791268348694
47,ut.,neutral,0.3931296765804291
47,Numa.,neutral,0.4277976453304291
47,Romulo.,neutral,0.9147771596908569
47,successerit.,neutral,0.8802863955497742
47,ex.,neutral,0.8693745136260986
47,Sabinis.,neutral,0.846095085144043
47,veniens.,neutral,0.732341468334198
47,vicinus.,neutral,0.628751277923584
47,quidem.,neutral,0.8603209853172302
47,sed.,neutral,0.8177875876426697
47,tunc.,neutral,0.9549365639686584
47,externus.,neutral,0.858223021030426
47,ut.,neutral,0.3931296765804291
47,Anco.,neutral,0.7995957136154175
47,Marcio.,neutral,0.8773509860038757
47,"Priseus, Tarquinius.",neutral,0.872117817401886
47,propter.,neutral,0.6757965087890625
47,temeratum.,neutral,0.6834543943405151
47,sanguinem.,neutral,0.7184028625488281
47,quod.,neutral,0.8647899627685547
47,patre.,neutral,0.9393772482872009
47,de.,neutral,0.7239819765090942
47,marato.,neutral,0.750901997089386
47,Corinthio.,neutral,0.6478046774864197
47,natus.,neutral,0.7717050313949585
47,eret.,neutral,0.7768813371658325
47,et.,neutral,0.6496826410293579
47,Tarquiniensi.,neutral,0.8109228014945984
47,matre.,neutral,0.715712308883667
47,generosa.,neutral,0.8608550429344177
47,sed.,neutral,0.8177875876426697
47,inopi.,neutral,0.5898810625076294
47,ut.,neutral,0.3931296765804291
47,quae.,neutral,0.8566362857818604
47,tali.,neutral,0.874962568283081
47,marito.,neutral,0.7737813591957092
47,necesse.,neutral,0.5881259441375732
47,habuerit.,neutral,0.6676628589630127
47,succumbere.,neutral,0.7174601554870605
47,cum.,neutral,0.900816798210144
47,domi.,neutral,0.7637189626693726
47,repelleretur.,neutral,0.662178099155426
47,a. gerendis.,neutral,0.6642408967018127
47,honoribus.,neutral,0.6600176095962524
47,postquam.,neutral,0.8298438191413879
47,Romam.,neutral,0.9040319919586182
47,migravit.,neutral,0.8413556814193726
47,regnum.,neutral,0.6646096110343933
47,adeptus.,neutral,0.4923960566520691
47,est.,neutral,0.6752875447273254
47,huie.,neutral,0.6199873089790344
47,quoque.,neutral,0.817581832408905
47,et.,neutral,0.6496826410293579
47,filio.,neutral,0.45046573877334595
47,nepotive.,neutral,0.6743346452713013
47,ejus.,neutral,0.8421838283538818
47,nam.,neutral,0.6884990930557251
47,et.,neutral,0.6496826410293579
47,hoc.,neutral,0.8988348245620728
47,inter.,neutral,0.7767453193664551
47,auctores.,neutral,0.7140430808067322
47,discrepat.,disgust,0.7757766842842102
47,incretus.,neutral,0.48172417283058167
47,Servius.,neutral,0.7143439054489136
47,Tullius.,neutral,0.5856726169586182
47,si.,neutral,0.4077765643596649
47,nostros.,neutral,0.8668169379234314
47,sequimur.,neutral,0.39024731516838074
47,captiva.,neutral,0.5097355842590332
47,natus.,neutral,0.7717050313949585
47,ocresia.,neutral,0.7493042349815369
47,si.,neutral,0.4077765643596649
47,tuscos.,neutral,0.9051941633224487
47,coeli.,neutral,0.8858028650283813
47,quondam.,neutral,0.7627982497215271
47,vivennae.,neutral,0.7744885683059692
47,sodalis.,neutral,0.7479337453842163
47,fidelissimus.,neutral,0.8283054828643799
47,omnisque.,neutral,0.7431424260139465
47,ejus.,neutral,0.8421838283538818
47,casus.,neutral,0.8729977011680603
47,comes.,neutral,0.6153053641319275
47,postquam.,neutral,0.8298438191413879
47,varia.,neutral,0.7214961647987366
47,fortuna.,neutral,0.5102964639663696
47,exactus.,neutral,0.8628405332565308
47,cum.,neutral,0.900816798210144
47,omnibus.,neutral,0.5749548673629761
47,reliquis.,neutral,0.9231417179107666
47,coeliani.,neutral,0.5926305055618286
47,exercitus.,neutral,0.764670193195343
47,Etruria.,neutral,0.6233331561088562
47,excessit.,neutral,0.8751489520072937
47,montem.,neutral,0.7383093237876892
47,Coelium.,neutral,0.9133899211883545
47,occupavit.,neutral,0.8627645373344421
47,et.,neutral,0.6496826410293579
47,a. duce.,neutral,0.47880375385284424
47,suo.,neutral,0.668250560760498
47,Coelio.,neutral,0.8809294104576111
47,ita.,neutral,0.8529184460639954
47,appellitatus.,neutral,0.7535295486450195
47,mutatoque.,neutral,0.6774041056632996
47,nomine.,neutral,0.4290672540664673
47,nam.,neutral,0.6884990930557251
47,tusce.,neutral,0.8764303922653198
47,mastarna.,neutral,0.6539844274520874
47,ei.,neutral,0.529222846031189
47,nomen.,neutral,0.6705964207649231
47,erat.,neutral,0.7522689700126648
47,ita.,neutral,0.8529184460639954
47,appellatus.,neutral,0.6954950094223022
47,est.,neutral,0.6752875447273254
47,ut.,neutral,0.3931296765804291
47,dixi.,neutral,0.7400363683700562
47,et.,neutral,0.6496826410293579
47,regnum.,neutral,0.6646096110343933
47,summa.,neutral,0.8397045135498047
47,cum.,neutral,0.900816798210144
47,reip.,neutral,0.819421112537384
47,utilitate.,anger,0.5766304731369019
47,obtinuit.,neutral,0.7826064229011536
47,diende.,neutral,0.7664072513580322
47,postquam.,neutral,0.8298438191413879
47,Tarquini.,neutral,0.814690887928009
47,Superbi.,neutral,0.9032959938049316
47,mores.,neutral,0.8120867609977722
47,invisi.,neutral,0.5534799695014954
47,civitati.,neutral,0.887193500995636
47,nostrae.,neutral,0.6956409811973572
47,esse.,neutral,0.6305698752403259
47,coeperunt.,neutral,0.7835293412208557
47,qua.,neutral,0.5521380305290222
47,ipsius.,neutral,0.680220365524292
47,qua.,neutral,0.5521380305290222
47,filiorum ejus nempe.,neutral,0.6909149885177612
47,pertaesum.,neutral,0.6006771922111511
47,est.,neutral,0.6752875447273254
47,mentes.,neutral,0.7133166193962097
47,regni.,neutral,0.6084494590759277
47,et.,neutral,0.6496826410293579
47,ad.,sadness,0.5235690474510193
47,consules.,neutral,0.8866389393806458
47,annuos.,neutral,0.7210052609443665
47,magistratus.,neutral,0.7732164263725281
47,administratio.,neutral,0.6989133954048157
47,reip.,neutral,0.819421112537384
47,translata.,neutral,0.9192436933517456
47,est.,neutral,0.6752875447273254
47,Quid.,neutral,0.930773138999939
47,nunc.,neutral,0.8889936208724976
47,commemorem.,neutral,0.6575852036476135
47,"dictaturae, hoc.",neutral,0.7457147240638733
47,ipso.,neutral,0.8603101372718811
47,consulari.,neutral,0.8138607740402222
47,imperium.,neutral,0.5618195533752441
47,valentius.,neutral,0.6191320419311523
47,repertum.,neutral,0.723698616027832
47,apud.,neutral,0.4734135568141937
47,majores.,neutral,0.7999171614646912
47,nostros quo.,neutral,0.7309645414352417
47,in.,neutral,0.755123496055603
47,asperioribus.,neutral,0.84511399269104
47,bellis.,neutral,0.7204957008361816
47,aut.,neutral,0.8124493956565857
47,in.,neutral,0.755123496055603
47,civili.,neutral,0.6571999788284302
47,motu.,neutral,0.8958557844161987
47,difficiliori.,neutral,0.43829458951950073
47,uterentur.,neutral,0.5829622745513916
47,aut.,neutral,0.8124493956565857
47,in.,neutral,0.755123496055603
47,auxilium.,neutral,0.5447747111320496
47,plebis.,neutral,0.7339835166931152
47,creatos.,neutral,0.9009304046630859
47,tribunos.,neutral,0.9068204760551453
47,plebei.,neutral,0.8871588110923767
47,quid.,neutral,0.8675705194473267
47,a. consulibus.,neutral,0.8011937737464905
47,ad.,sadness,0.5235690474510193
47,decemviros.,neutral,0.6684004664421082
47,translatum.,neutral,0.8624518513679504
47,imperium.,neutral,0.5618195533752441
47,solutoque postea decemvirali.,neutral,0.5108147859573364
47,regno.,neutral,0.6118793487548828
47,ad.,sadness,0.5235690474510193
47,consules.,neutral,0.8866389393806458
47,rursus.,neutral,0.6739649772644043
47,reditum.,neutral,0.7366724014282227
47,quid.,neutral,0.8675705194473267
47,im : : : : v ris.,neutral,0.48048219084739685
47,distributum.,neutral,0.5739893913269043
47,"consulare, imperium.",neutral,0.7710949182510376
47,tribunosque.,neutral,0.8921903967857361
47,militum.,neutral,0.5862579345703125
47,consulari.,neutral,0.8138607740402222
47,imperio.,neutral,0.713631272315979
47,appellatus.,neutral,0.6954950094223022
47,qui.,neutral,0.702375590801239
47,seni.,neutral,0.6657995581626892
47,et octoni.,neutral,0.8253166675567627
47,crearentur.,neutral,0.44803285598754883
47,quid.,neutral,0.8675705194473267
47,communicatos.,neutral,0.9312120676040649
47,postremo.,neutral,0.9107432961463928
47,cum.,neutral,0.900816798210144
47,plebe.,neutral,0.8022829294204712
47,honores.,neutral,0.8414613604545593
47,non.,neutral,0.63803631067276
47,imperi.,neutral,0.7127737998962402
47,solum.,neutral,0.7652884125709534
47,sed.,neutral,0.8177875876426697
47,sacerdotorum.,neutral,0.8424410223960876
47,quoque.,neutral,0.817581832408905
47,jamsi.,neutral,0.6349071860313416
47,narrem.,neutral,0.5851035714149475
47,bella.,neutral,0.820977509021759
47,a. quibus.,neutral,0.747870683670044
47,coeperint.,neutral,0.8586888909339905
47,majores.,neutral,0.7999171614646912
47,nostri.,neutral,0.7256699204444885
47,et.,neutral,0.6496826410293579
47,quo.,neutral,0.892868161201477
47,processerimus.,neutral,0.8298874497413635
47,vereor.,neutral,0.49834463000297546
47,ne.,sadness,0.32375016808509827
47,nimio.,neutral,0.7853323817253113
47,insolentior.,neutral,0.6027253866195679
47,esse.,neutral,0.6305698752403259
47,videar.,neutral,0.7237991094589233
47,et.,neutral,0.6496826410293579
47,quaesisse.,neutral,0.9119128584861755
47,jactationem.,neutral,0.9304469227790833
47,gloriae.,disgust,0.7935435175895691
47,prolati.,neutral,0.7725325226783752
47,imperi.,neutral,0.7127737998962402
47,ultra.,disgust,0.4616188406944275
47,oceanum.,neutral,0.6144070029258728
47,sed.,neutral,0.8177875876426697
47,illo.,neutral,0.7479956150054932
47,C. Porius.,neutral,0.800345778465271
47,revertar.,neutral,0.7487859129905701
47,civitatem.,neutral,0.7867311239242554
47,II.,neutral,0.34999191761016846
47,T A B L E. : : : : : : : : : : : : : : : sane : : : : : : : : : : : : : : : : : : : : nova : : : divus : aug : : : no : lus.,joy,0.5609519481658936
47,et.,neutral,0.6496826410293579
47,patruus.,neutral,0.8046637177467346
47,Ti.,neutral,0.8931505084037781
47,Caesar.,neutral,0.5779368877410889
47,omnem.,neutral,0.5198748111724854
47,florem.,neutral,0.5833273530006409
47,ubique.,neutral,0.7354216575622559
47,coloniarum.,neutral,0.6584334373474121
47,ac.,neutral,0.5493223071098328
47,municipiorum.,neutral,0.7860428094863892
47,bonorum.,neutral,0.6844513416290283
47,scilicet.,neutral,0.7118366360664368
47,virorum.,neutral,0.526378333568573
47,et.,neutral,0.6496826410293579
47,locupletium.,neutral,0.7376161813735962
47,in.,neutral,0.755123496055603
47,hac.,neutral,0.7560205459594727
47,curia.,neutral,0.8440653085708618
47,esse.,neutral,0.6305698752403259
47,voluit.,neutral,0.9220843315124512
47,quid.,neutral,0.8675705194473267
47,ergo.,neutral,0.7417383193969727
47,non.,neutral,0.63803631067276
47,italicus.,neutral,0.7488749623298645
47,senator.,neutral,0.7033944129943848
47,"provinciali, potior.",neutral,0.8842784762382507
47,est.,neutral,0.6752875447273254
47,jam.,neutral,0.7234974503517151
47,vobis.,neutral,0.8409686088562012
47,cum.,neutral,0.900816798210144
47,hanc.,neutral,0.8563147783279419
47,partem.,neutral,0.5418294668197632
47,censurae.,neutral,0.42587989568710327
47,meae.,neutral,0.6857045292854309
47,approbare.,neutral,0.529113233089447
47,coepero.,neutral,0.8247862458229065
47,quid.,neutral,0.8675705194473267
47,de.,neutral,0.7239819765090942
47,ca.,neutral,0.6396692395210266
47,re.,neutral,0.6257311701774597
47,sentiam.,neutral,0.9151949286460876
47,rebus.,neutral,0.9160556197166443
47,ostendam.,neutral,0.8578442931175232
47,sed.,neutral,0.8177875876426697
47,ne.,sadness,0.32375016808509827
47,provinciales.,neutral,0.8003708720207214
47,quidem.,neutral,0.8603209853172302
47,si.,neutral,0.4077765643596649
47,modo.,neutral,0.9174404740333557
47,ornare.,neutral,0.7893393635749817
47,curiam.,neutral,0.8837500214576721
47,poterint.,neutral,0.783552348613739
47,rejiciendos.,neutral,0.8176639080047607
47,puto.,neutral,0.7218038439750671
47,Ornatissima.,neutral,0.8021637201309204
47,ecce.,neutral,0.7810842990875244
47,colonia.,neutral,0.8369051218032837
47,valentissimaque.,neutral,0.7218496799468994
47,Riennensium.,neutral,0.8138779997825623
47,quam.,neutral,0.7768208384513855
47,longo.,neutral,0.85676109790802
47,jam.,neutral,0.7234974503517151
47,tempore.,neutral,0.6022900342941284
47,senatores.,neutral,0.8456440567970276
47,huic.,neutral,0.6089974045753479
47,curiae.,neutral,0.4753974676132202
47,consert.,neutral,0.7429527640342712
47,ex.,neutral,0.8693745136260986
47,qua.,neutral,0.5521380305290222
47,colonia.,neutral,0.8369051218032837
47,inter.,neutral,0.7767453193664551
47,paucos.,neutral,0.8801138401031494
47,equestris.,neutral,0.8943156003952026
47,ordinis.,neutral,0.7968985438346863
47,ornamentum.,neutral,0.7209388613700867
47,L. restinum.,neutral,0.8078980445861816
47,familiarissime.,neutral,0.7446487545967102
47,diligo.,neutral,0.778522789478302
47,et.,neutral,0.6496826410293579
47,hodieque.,neutral,0.49086493253707886
47,in.,neutral,0.755123496055603
47,rebus.,neutral,0.9160556197166443
47,meis.,neutral,0.5610010027885437
47,detineo.,neutral,0.8578330874443054
47,cujus.,neutral,0.8639435172080994
47,liberi.,neutral,0.6017709374427795
47,fruantur.,neutral,0.8820298910140991
47,quaeso.,neutral,0.5679630041122437
47,primo.,neutral,0.8816258907318115
47,sacerdotiorum.,neutral,0.8681563138961792
47,gradu.,neutral,0.6506606936454773
47,post.,neutral,0.8443756103515625
47,modo.,neutral,0.9174404740333557
47,cum.,neutral,0.900816798210144
47,annis.,sadness,0.342899352312088
47,promoturi.,neutral,0.896206259727478
47,dignitatis.,neutral,0.7682251334190369
47,suae.,neutral,0.6847653388977051
47,incrementa.,neutral,0.7564370036125183
47,ut.,neutral,0.3931296765804291
47,dirum.,neutral,0.7784919142723083
47,nomen.,neutral,0.6705964207649231
47,latronis.,neutral,0.8341288566589355
47,taceam.,neutral,0.9124743938446045
47,et.,neutral,0.6496826410293579
47,odi.,neutral,0.777657151222229
47,illud.,neutral,0.7552462220191956
47,palestricum.,neutral,0.5184047818183899
47,prodiguum.,neutral,0.6306051015853882
47,quod.,neutral,0.8647899627685547
47,ante.,neutral,0.6471206545829773
47,in.,neutral,0.755123496055603
47,domum.,neutral,0.6373493075370789
47,consulatum.,neutral,0.8072065114974976
47,intulit.,neutral,0.682447612285614
47,quam.,neutral,0.7768208384513855
47,colonia.,neutral,0.8369051218032837
47,sua.,neutral,0.695563018321991
47,solidum.,neutral,0.6034417748451233
47,civitatis.,neutral,0.8526242971420288
47,Romanae.,neutral,0.8108412027359009
47,beneficium.,joy,0.8393075466156006
47,consecuta.,anger,0.37277695536613464
47,est.,neutral,0.6752875447273254
47,idem.,neutral,0.6476680636405945
47,de fratre.,neutral,0.36935359239578247
47,ejus.,neutral,0.8421838283538818
47,possum.,neutral,0.7364383339881897
47,dicere.,neutral,0.6963817477226257
47,miserabili.,neutral,0.8359952569007874
47,quidem.,neutral,0.8603209853172302
47,indignissimoque.,neutral,0.7217423319816589
47,hoc.,neutral,0.8988348245620728
47,casu.,neutral,0.6873350143432617
47,ut.,neutral,0.3931296765804291
47,vobis.,neutral,0.8409686088562012
47,utilis.,neutral,0.8509504199028015
47,senator.,neutral,0.7033944129943848
47,esse.,neutral,0.6305698752403259
47,non.,neutral,0.63803631067276
47,possit.,neutral,0.8613862991333008
47,Tempus.,neutral,0.8676090240478516
47,est.,neutral,0.6752875447273254
47,jam.,neutral,0.7234974503517151
47,Ti.,neutral,0.8931505084037781
47,Caesar.,neutral,0.5779368877410889
47,Germanice.,neutral,0.6206724643707275
47,detegere.,neutral,0.5951305627822876
47,te.,neutral,0.9096112847328186
47,patribus.,neutral,0.8867622017860413
47,conscriptis.,neutral,0.9138631224632263
47,quo.,neutral,0.892868161201477
47,tendat.,neutral,0.7949886322021484
47,oratio.,neutral,0.508057713508606
47,tua.,neutral,0.8321914672851562
47,jam.,neutral,0.7234974503517151
47,enim.,neutral,0.5848073363304138
47,ad.,sadness,0.5235690474510193
47,extremos.,neutral,0.6873179078102112
47,sines.,sadness,0.8113755583763123
47,Galliae.,neutral,0.4133531451225281
47,Narbonensis.,neutral,0.8423966765403748
47,venisti.,neutral,0.6343567371368408
47,Tot.,neutral,0.876438558101654
47,ecce.,neutral,0.7810842990875244
47,insignes.,neutral,0.7700774669647217
47,juvenes.,neutral,0.798308789730072
47,quot.,neutral,0.8084392547607422
47,intueor.,neutral,0.4501528739929199
47,non.,neutral,0.63803631067276
47,magis.,neutral,0.8601391911506653
47,sunt.,sadness,0.42066437005996704
47,poenitenci.,neutral,0.7182562947273254
47,senatorib.,neutral,0.8350447416305542
47,quam.,neutral,0.7768208384513855
47,poenitet.,neutral,0.8456418514251709
47,Persicum.,neutral,0.874333918094635
47,nobilissimum.,neutral,0.7518478035926819
47,virum.,disgust,0.4748316705226898
47,amicum.,neutral,0.5413429737091064
47,meum.,neutral,0.8109942078590393
47,inter.,neutral,0.7767453193664551
47,imagines.,neutral,0.8032095432281494
47,majorum.,neutral,0.6055982708930969
47,suorum.,neutral,0.7677617073059082
47,Allorogici.,neutral,0.5277475714683533
47,nomen.,neutral,0.6705964207649231
47,legere.,disgust,0.6247549057006836
47,quod.,neutral,0.8647899627685547
47,si.,neutral,0.4077765643596649
47,hae.,neutral,0.3100834786891937
47,ita.,neutral,0.8529184460639954
47,esse.,neutral,0.6305698752403259
47,consenti.,neutral,0.7566506862640381
47,is.,neutral,0.7564846873283386
47,quid.,neutral,0.8675705194473267
47,ultra.,disgust,0.4616188406944275
47,desideratis.,neutral,0.8673742413520813
47,quam.,neutral,0.7768208384513855
47,ut.,neutral,0.3931296765804291
47,vobis.,neutral,0.8409686088562012
47,digito.,neutral,0.8966483473777771
47,demonstrem.,disgust,0.37304314970970154
47,solum.,neutral,0.7652884125709534
47,ipsum.,neutral,0.6952788829803467
47,ultra.,disgust,0.4616188406944275
47,sines.,sadness,0.8113755583763123
47,provinciae.,neutral,0.6348568797111511
47,Narbonensis jam.,neutral,0.8454129099845886
47,vobis.,neutral,0.8409686088562012
47,senatores.,neutral,0.8456440567970276
47,mittere.,neutral,0.5344338417053223
47,quando.,neutral,0.8642985820770264
47,ex.,neutral,0.8693745136260986
47,Lugduno.,neutral,0.7658714056015015
47,habere.,neutral,0.46673163771629333
47,nos.,neutral,0.48089200258255005
47,nostri.,neutral,0.7256699204444885
47,ordinis.,neutral,0.7968985438346863
47,viros.,neutral,0.8819246292114258
47,non.,neutral,0.63803631067276
47,poenitet.,neutral,0.8456418514251709
47,timide.,neutral,0.8811177015304565
47,quidim.,neutral,0.8009427785873413
47,p. c. egressus.,neutral,0.8747596144676208
47,adsuetos.,neutral,0.7429420948028564
47,familiaresque.,neutral,0.8249117136001587
47,vobis.,neutral,0.8409686088562012
47,"provinciarum, terminos.",neutral,0.8534101843833923
47,sum.,neutral,0.6665931344032288
47,sed.,neutral,0.8177875876426697
47,destricte jam comatae.,neutral,0.453091025352478
47,Galliae.,neutral,0.4133531451225281
47,causa.,neutral,0.858718752861023
47,agenda.,neutral,0.9304644465446472
47,est.,neutral,0.6752875447273254
47,in.,neutral,0.755123496055603
47,qua.,neutral,0.5521380305290222
47,si.,neutral,0.4077765643596649
47,quis.,neutral,0.7426825165748596
47,hoc.,neutral,0.8988348245620728
47,intuetur.,neutral,0.7864872217178345
47,quod.,neutral,0.8647899627685547
47,bello.,neutral,0.8468236327171326
47,per.,neutral,0.7240326404571533
47,decem.,neutral,0.7663761973381042
47,annos.,neutral,0.6516819596290588
47,exercuerunt.,neutral,0.7992876768112183
47,divom.,neutral,0.8616580963134766
47,julium.,neutral,0.8100032210350037
47,idem opponat.,neutral,0.43092095851898193
47,centum.,neutral,0.5840464234352112
47,annorum.,neutral,0.5909432768821716
47,immobilem.,neutral,0.7123067378997803
47,fidem.,neutral,0.8122348189353943
47,obsequiumque.,neutral,0.6837618350982666
47,multis.,neutral,0.8787506222724915
47,tripidis.,neutral,0.7963833212852478
47,rebus.,neutral,0.9160556197166443
47,nostris plusquam.,neutral,0.8535090684890747
47,expertum.,neutral,0.6918583512306213
47,illi.,neutral,0.6682087182998657
47,patri.,neutral,0.8186203241348267
47,meo.,neutral,0.8541560769081116
47,Druso.,neutral,0.8804322481155396
47,Germaniam.,neutral,0.8525540232658386
47,subigenti.,neutral,0.6230834722518921
47,tutam.,neutral,0.9239732623100281
47,quiete.,sadness,0.603242814540863
47,sua secaramque.,neutral,0.9164355993270874
47,a tergo pacem.,neutral,0.7207642793655396
47,praestiterunt.,neutral,0.7776826024055481
47,et.,neutral,0.6496826410293579
47,quidem.,neutral,0.8603209853172302
47,cum.,neutral,0.900816798210144
47,ad.,sadness,0.5235690474510193
47,census.,neutral,0.7537865042686462
47,novo.,neutral,0.8433570861816406
47,tum.,disgust,0.66302090883255
47,opere.,neutral,0.48203831911087036
47,et.,neutral,0.6496826410293579
47,in.,neutral,0.755123496055603
47,adsueto.,neutral,0.8476725220680237
47,Galliis.,neutral,0.8000243306159973
47,ad.,sadness,0.5235690474510193
47,bellum.,neutral,0.6275088787078857
47,avocatus.,neutral,0.6910741329193115
47,esset.,neutral,0.8293251991271973
47,quod.,neutral,0.8647899627685547
47,opus.,disgust,0.48952898383140564
47,quam.,neutral,0.7768208384513855
47,arduum.,neutral,0.6907850503921509
47,sit.,neutral,0.8243716359138489
47,nobis.,neutral,0.8163649439811707
47,nunc.,neutral,0.8889936208724976
47,cum.,neutral,0.900816798210144
47,maxime.,neutral,0.8383553624153137
47,quamvis.,neutral,0.7863366007804871
47,nihil.,disgust,0.5857044458389282
47,ultra.,disgust,0.4616188406944275
47,quam.,neutral,0.7768208384513855
47,ut.,neutral,0.3931296765804291
47,publice.,neutral,0.8548154830932617
47,notae.,neutral,0.5161699652671814
47,sint.,neutral,0.8192164897918701
47,facultates.,disgust,0.6245663166046143
47,nostrae.,neutral,0.6956409811973572
47,exquiratur.,neutral,0.8359678387641907
47,nimis.,neutral,0.7472246289253235
47,magne.,neutral,0.6808412671089172
47,experimento.,neutral,0.7675383687019348
47,cognoscimus.,neutral,0.8201196789741516
47,"I WAS also shewed without the gate of St Justinus, some remains of a Roman aqueduct; and behind the monastery of St Mary, there are the ruins of the imperial palace, where the emperor Claudius was born, and where Severus lived.",disgust,0.5546545386314392
47,"The great cathedral of St John is a good Gothic building, and its clock much admired by the Germans.",joy,0.8366361856460571
47,"In one of the most conspicuous parts of the town, is the late king's statue set up, trampling upon mankind.",disgust,0.9619067311286926
47,"I cannot forbear saying one word here, of the French statues (for I never intend to mention any more of them) with their gilded full-bottomed wigs.",disgust,0.5994371175765991
47,"If their king had intended to express, in one image, _ignorance, ill taste_, and _vanity_, his sculptors could have made no other figure, so proper for that purpose, as this statue, which represents the odd mixture of an old beau, who had a mind to be a hero, with a bushel of curled hair on his head, and a gilt truncheon in his hand.--The French have been so voluminous on the history of this town, I need say nothing of it.",disgust,0.6992092132568359
47,"The houses are tolerably well built, and the Belle Cour well planted, from whence is seen the celebrated joining of the Soane and Rhone.",joy,0.8306335210800171
47,"_""Ubi Rhodanus ingens amne praerapido fluit ""Ararque dubitans quo suos fluctus agat.",neutral,0.7197898030281067
47,"""_ I have had time to see every thing with great leisure, having been confined several days to this town by a swelling in my throat, the remains of a fever, occasioned by a cold I got in the damps of the Alps.",neutral,0.37766972184181213
47,"The doctors here threaten me with all sorts of distempers, if I dare to leave them; but I, that know the obstinacy of it, think it just as possible to continue my way to Paris, with it, as to go about the streets of Lyons; and am determined to pursue my journey to-morrow, in spite of doctors, apothecaries, and sore throats.",fear,0.9509042501449585
47,"WHEN you see Lady R----, tell her I have received her letter, and will answer it from Paris, believing that the place that she would most willingly hear of.",neutral,0.8086099624633789
47,"I am, &c. &c:",neutral,0.48243528604507446
48,"I CANNOT give my dear Lady R---- a better proof of the pleasure I have in writing to her, than chusing to do it in this seat of various amusements, where I am _accableed_ with visits, and those so full of vivacity and compliments, that 'tis full employment enough to hearken, whether one answers or not.",joy,0.7532899975776672
48,"The French ambassadress at Constantinople has a very considerable and numerous family here, who all come to see me, and are never weary of making inquiries.",neutral,0.6770768165588379
48,"The air of Paris has already had a good effect on me; for I was never in better health, though I have been extremely ill all the road from Lyons to this place.",neutral,0.32262301445007324
48,You may judge how agreeable the journey has been to me; which did not want that addition to make me dislike it.,neutral,0.5359414219856262
48,"I think nothing so terrible as objects of misery, except one had the God-like attribute of being capable to redress them; and all the country villages of France shew nothing else.",disgust,0.5392175316810608
48,"While the post horses are changed, the whole town comes out to beg, with such miserable starved faces, and thin tattered cloths, they need no other eloquence, to persuade one of the wretchedness of their condition.",sadness,0.7712010145187378
48,"This is all the French magnificence, till you come to Fountainbleau, when you are shewed one thousand five hundred rooms in the king's hunting palace.",disgust,0.6330379247665405
48,"The apartments of the royal family are very large, and richly gilt; but I saw nothing in the architecture or painting worth remembering.",neutral,0.5703377723693848
48,"The long gallery, built by Henry IV.",surprise,0.3750440180301666
48,has prospects of all the king's houses.,neutral,0.8435491323471069
48,"Its walls are designed after the taste of those times, but appear now very mean.",disgust,0.8296026587486267
48,"The park is, indeed, finely wooded and watered, the trees well grown and planted, and in the fish-ponds are kept tame carp, said to be, some of them, eighty years of age.",neutral,0.8301997184753418
48,"The late king passed some months every year at this seat; and all the rocks round it, by the pious sentences inscribed on them, shew the devotion in fashion at his court, which I believe died with him; at least, I see no exterior marks of it at Paris, where all peoples thoughts seem to be on present diversion.",neutral,0.7556217908859253
48,THE fair of St Lawrence is now in season.,neutral,0.7068762183189392
48,"You may be sure I have been carried thither, and think it much better disposed than ours of Bartholomew.",neutral,0.8764166831970215
48,"The shops being all set in rows so regularly and well lighted, they made up a very agreeable spectacle.",neutral,0.46375447511672974
48,"But I was not at all satisfied with the _grossierte_ of their harlequin, no more than with their music at the opera, which was abominably grating, after being used to that of Italy.",disgust,0.9444969296455383
48,"Their house is a booth, compared to that of the Hay-market, and the play-house not so neat as that of Lincoln's-Inn-fields; but then it must be owned, to their praise, their tragedians are much beyond any of ours.",neutral,0.4385679364204407
48,I should hardly allow Mrs O----d a better place than to be confidante to La ----.,disgust,0.5685606598854065
48,"I have seen the tragedy of Bajazet so well represented, that I think our best actors can be only said to  speak, but these to feel; and 'tis certainly infinitely more moving to see a man appear unhappy, than to hear him say that he is so, with a jolly face, and a stupid smirk in his countenance.--_A propos_ of countenances, I must tell you something of the French ladies; I have seen all the beauties, and such--(I can't help making use of the coarse word) nauseous creatures!",joy,0.6359391808509827
48,so fantastically absurd in their dress!,surprise,0.8198286294937134
48,so monstrously unnatural in their paints!,disgust,0.8470227718353271
48,"their hair cut short, and curled round their faces, and so loaded with powder, that it makes it look like white wool!",disgust,0.6219883561134338
48,"and on their cheeks to their chins, unmercifully laid on a shining red japan, that glistens in a most flaming manner, so that they seem to have no resemblance to human faces.",joy,0.8834224939346313
48,"I am apt to believe, that they took the first hint of their dress from a fair sheep newly ruddled.",neutral,0.657913863658905
48,"'Tis with pleasure I recollect my dear pretty country-women: and if I was writing to any body else, I should say, that these grotesque daubers give me still a higher esteem of the natural charms of dear Lady R----'s auburne (sic) hair, and the lively colours of her unsullied complexion.",disgust,0.9702885150909424
48,"I am, &c. &c. _P.",neutral,0.6988255977630615
48,"S._ I have met the Abbe here, who desires me to make his compliments to you.",neutral,0.7054410576820374
49,"YOU see I'm just to my word, in writing to you from Paris, where I was very much surprised to meet my sister; I need not add, very much pleased.",surprise,0.9809338450431824
49,"She as little expected to see me as I her (having not received my late letters); and this meeting would shine under the hand of de Seuderie; but I shall not imitate his style so far, as to tell you how often we embraced, how she inquired, by what odd chance I returned from Constantinople?",surprise,0.4657720625400543
49,"And I answered her by asking, what adventure brought her to Paris?",neutral,0.6186127662658691
49,"To shorten the story, all questions, and answers, and exclamations, and compliments being over, we agreed upon running about together, and have seen Versailles, Trianon, Marli, and St Cloud.",neutral,0.8730210661888123
49,"We had an order for the water to play for our diversion, and I was followed thither by all the English at Paris.",fear,0.43736395239830017
49,"I own, Versailles appeared to me rather vast than beautiful; and after having seen the exact proportions of the Italian buildings, I thought the irregularity of it shocking.",surprise,0.8581734895706177
49,"THE king's cabinet of antiques and medals, is, indeed, very richly furnished.",neutral,0.5651417970657349
49,"Amongst that collection, none pleased so well, as the apotheosis of Germanicus, on a large agate, which is one of the most delicate pieces of the kind that I remember to have seen.",disgust,0.5495816469192505
49,I observed some ancient statues of great value.,disgust,0.9226416349411011
49,"But the nauseous flattery, and tawdry pencil of Le Brun, are equally disgusting in the gallery.",disgust,0.9896802306175232
49,"I will not pretend to describe to you the great apartment, the vast variety of fountains, the theatre, the grove of Esop's (sic) fables, &c. all which you may read very amply particularized in some of the French authors, that have been paid for these descriptions.",neutral,0.5948490500450134
49,"Trianon, in its littleness, pleased me better than Versailles; Marli, better than either of them; and St Cloud best of all; having the advantage of the Seine running at the bottom of the gardens, the great cascade, &c.  You may find information in the aforesaid books, if you have any curiosity to know the exact number of the statues, and how many feet they cast up the water.",joy,0.8978943228721619
49,"WE saw the king's pictures in the magnificent house of the duke D'Antin, who has the care of preserving them till his majesty is of age.",neutral,0.7076740264892578
49,There are not many but of the best hands.,neutral,0.9356347322463989
49,"I looked, with great pleasure on the arch-angel of Raphael, where the sentiments of superior beings are as well expressed as in Milton.",joy,0.5770214200019836
49,"You won't forgive me, if I say nothing of the Thuilleries (sic), much finer than our Mall; and the Cour, more agreeable than our Hyde-park, the high trees giving shade in the hottest season.",joy,0.44751638174057007
49,"At the Louvre, I had the opportunity of seeing the king, accompanied by the Duke regent.",disgust,0.5912871360778809
49,"He is tall, and well shaped but has not the air of holding the crown so many years as his grandfather.",neutral,0.8447173237800598
49,"And now I am speaking of the Court, I must say, I saw nothing in France that delighted me so much, as to see an Englishman (at least a Briton) absolute at Paris, I mean Mr Law, who treats their dukes and peers extremely _de haut en bas_, and is treated by them with the utmost submission and respect.--Poor souls!--This reflection on their abject slavery, puts me in mind of the _place des victoires_; but I will not take up your time, and my own, with such descriptions, which are too numerous.",disgust,0.5102713704109192
49,"IN general, I think Paris has the advantage of London, in the neat pavement of the streets, and the regular lighting of them at nights, in the proportion of the streets, the houses being all built of stone, and most of those belonging to people of quality being beautified by gardens.",neutral,0.7372564077377319
49,"But we certainly may boast of a town very near twice as large; and when I have said that, I know nothing else we surpass it in.",neutral,0.6679476499557495
49,"I shall not continue here long; if you have any thing to command me during my short stay, write soon, and I shall take pleasure in obeying you.",joy,0.9274439215660095
49,"I am, &c. &c.",neutral,0.5534117817878723
50,"I AM willing to take your word for it, that I shall really oblige you, by letting you know, as soon as possible, my safe passage over the water.",neutral,0.6385146975517273
50,"I arrived this morning at Dover, after being tossed a whole night in the packet-boat, in so violent a manner, that the master, considering the weakness of his vessel, thought it proper to remove the mail, and give us notice of the danger.",anger,0.6462764143943787
50,"We called a little fishing boat, which could hardly make up to us; while all the people on board us were crying to Heaven.",sadness,0.3614139258861542
50,"'Tis hard to imagine one's self in a scene of greater horror than on such an occasion: and yet, shall I own it to you?",fear,0.9881163835525513
50,"though I was not at all willingly to be drowned, I could not forbear being entertained at the double distress of a fellow-passenger.",fear,0.7292324304580688
50,"She was an English lady that I had met at Calais, who desired me to let her go over with me in my cabin.",disgust,0.9404711723327637
50,"She had bought a fine point-head, which she was contriving to conceal from the custom-house officers.",neutral,0.8677621483802795
50,"When the wind grew high, and our little vessel cracked, she fell very heartily to her prayers, and thought wholly of her soul.",sadness,0.8309535384178162
50,"When it seemed to abate, she returned to the worldly care of her head-dress, and addressed herself to me--_""Dear madam, will you take care of this point?",neutral,0.28663143515586853
50,"if it should be ""lost!--Ah, Lord, we shall all be lost!--Lord have mercy on my ""soul!--Pray, madam, take care of this head-dress.",sadness,0.9190505146980286
50,"""_  This easy transition from her soul to her head-dress, and the alternate agonies that both gave her, made it hard to determine which she thought of greatest value.",neutral,0.8327810764312744
50,"But, however, the scene was not so diverting, but I was glad to get rid of it, and be thrown into the little boat, though with some hazard of breaking my neck.",joy,0.9809874296188354
50,It brought me safe hither; and I cannot help looking with partial eyes on my native land.,sadness,0.6776342988014221
50,"That partiality was certainly given us by nature, to prevent rambling, the effect of an ambitious thirst after knowledge, which we are not formed to enjoy.",neutral,0.8956647515296936
50,"All we get by it, is a fruitless desire of mixing the different pleasures and conveniencies which are given to the different parts of the world, and cannot meet in any one of them.",neutral,0.8031497001647949
50,"After having read all that is to be found in the languages I am mistress of, and having decayed my sight by midnight studies, I envy the easy peace of mind of a ruddy milk-maid, who, undisturbed by doubt, hears the sermon, with humility, every Sunday, not having confounded the sentiments of natural duty in her head by the vain-inquiries of the schools, who may be more learned, yet, after all, must remain as ignorant.",joy,0.696501612663269
50,"And, after having seen part of Asia and Africa, and almost made the tour of Europe, I think the honest English squire more happy, who verily believes the Greek wines less delicious than March beer; that the African fruits have not so fine a flavour as golden pippins; that the Beca figuas of Italy are not so well tasted as a rump of beef; and that, in short, there is no perfect enjoyment of this life out of Old England.",joy,0.8620479106903076
50,"I pray God I may think so for the rest of my life; and, since I must be contented with our scanty allowance of day-light, that I may forget the enlivening sun of Constantinople.",joy,0.40938296914100647
50,"I am, &c. &c.",neutral,0.5534117817878723
51,"I Have this minute received a letter of yours, sent me from Paris.",surprise,0.44347837567329407
51,"I believe and hope I shall very soon see both you and Mr Congreve; but as I am here in an inn, where we stay to regulate our march to London, bag and baggage, I shall employ some of my leisure time, in answering that part of yours, that seems to require an answer.",neutral,0.7854392528533936
51,"I MUST applaud your good nature, in supposing, that your pastoral lovers (vulgarly called hay-makers) would have lived in everlasting joy and harmony, if the lightning had not interrupted their scheme of happiness.",joy,0.8093122243881226
51,"I see no reason to imagine, that John Hughes and Sarah Drew, were either wiser or more virtuous than their neighbours.",neutral,0.75447016954422
51,"That a well-set man of twenty-five should have a fancy to marry a brown woman of eighteen, is nothing marvellous; and I cannot help thinking, that had they married, their lives would have passed in the common track with their fellow parishioners.",joy,0.958774983882904
51,"His endeavouring to shield her from a storm, was a natural action, and what he would have certainly done for his horse, if he had been in the same situation.",disgust,0.3959161043167114
51,"Neither am I of opinion, that their sudden death was a reward of their mutual virtue.",surprise,0.5852320790290833
51,"You know the Jews were reproved for thinking a village destroyed by fire, more wicked than those that had escaped the thunder.",disgust,0.6520437598228455
51,Time and chance happen to all men.,neutral,0.9231806993484497
51,"Since you desire me to try my skill in an epitaph, I think the following lines perhaps more just, tho' not so poetical as yours.",neutral,0.9369409084320068
51,"_Here lies John Hughes and Sarah Drew; Perhaps you'll say, What's that to you?",surprise,0.5951917767524719
51,"Believe me, friend, much may be said On that poor couple that are dead.",sadness,0.8772853016853333
51,On Sunday next they should have married; But see how oddly things are carried!,surprise,0.8749332427978516
51,"On Thursday last it rain'd and lighten'd, These tender lovers sadly frighten'd, Shelter'd beneath the cocking hay, In hopes to pass the time away, But the_ BOLD THUNDER _found them out, (Commission'd for that end no doubt) And seizing on their trembling breath, Consign'd them to the shades of death.",fear,0.9868025183677673
51,Who knows if 'twas not kindly done?,neutral,0.4187454283237457
51,"For had they seen the next year's fun, A beaten wife and cockold swain Had jointly curs'd the marriage chain: Now they are happy in their doom_, FOR POPE HAS WROTE UPON THEIR TOMB.",joy,0.899601936340332
51,"I CONFESS, these sentiments are not altogether so heroic as yours; but I hope you will forgive them in favour of the two last lines.",neutral,0.7058814764022827
51,"You see how much I esteem the honour you have done them; though I am not very impatient to have the same, and had rather continue to be your stupid _living_ humble servant, than be _celebrated_ by all the pens in Europe.",anger,0.3756539523601532
51,"I WOULD write to Mr C----; but suppose you will read this to him, if he inquires after me.",neutral,0.427898108959198
