word,language,count,pos,tsne_x,tsne_y
page,en,1,NOUN,19.80338,35.21735
article,en,5,NOUN,19.813107,35.089092
score,en,1,NOUN,16.57434,9.985837
time,en,83,NOUN,12.51958,15.415623
school,en,1,NOUN,7.541932,12.303482
world,en,61,NOUN,-3.510623,11.901149
state,en,15,NOUN,-1.203295,-20.809946
year,en,47,NOUN,12.603582,8.973017
city,en,34,NOUN,27.634916,-37.605885
march,en,7,NOUN,-15.305973,40.80207
being,en,3,NOUN,15.532651,19.94779
south,en,2,NOUN,24.47686,-37.91412
use,en,53,NOUN,19.702793,42.04718
war,en,10,NOUN,-4.042663,12.567149
part,en,89,NOUN,14.204813,15.091821
list,en,4,NOUN,-2.7170248,42.78284
name,en,28,NOUN,-8.303423,43.352463
history,en,7,NOUN,10.5073595,0.2436109
series,en,1,NOUN,30.282726,-3.5799656
north,en,2,NOUN,24.461313,-37.90311
work,en,14,NOUN,22.610834,18.153902
season,en,5,NOUN,8.881497,6.296841
music,en,15,NOUN,33.136765,-6.982573
league,en,6,NOUN,8.75086,6.3594832
debate,en,1,NOUN,18.68663,36.120213
title,en,10,NOUN,-6.978528,43.600906
number,en,42,NOUN,15.76364,24.903673
family,en,26,NOUN,-0.2633937,-24.750938
life,en,38,NOUN,21.282373,14.358633
game,en,2,NOUN,9.763952,8.466956
house,en,100,NOUN,34.54479,-31.039845
company,en,21,NOUN,6.515743,21.529903
living,en,1,NOUN,17.13781,-3.1530342
day,en,95,NOUN,13.869547,8.099273
place,en,86,NOUN,13.212187,17.950583
party,en,9,NOUN,0.9880021,-4.572868
college,en,1,NOUN,7.392913,12.335775
result,en,1,NOUN,17.2821,35.063843
government,en,12,NOUN,1.4125359,-6.581099
style,en,5,NOUN,-4.8920603,-39.326458
country,en,67,NOUN,0.0028048963,-16.092854
way,en,38,NOUN,20.509619,22.921972
end,en,29,NOUN,12.2784195,13.202443
church,en,35,NOUN,26.634724,-22.01133
image,en,14,NOUN,-0.3769893,36.943203
town,en,93,NOUN,27.843134,-37.646152
song,en,2,NOUN,33.46453,-5.7233
women,en,2,NOUN,18.807285,-1.2446979
seed,en,1,NOUN,53.42671,-22.183702
member,en,2,NOUN,0.9603274,-10.432836
book,en,6,NOUN,27.060545,-10.80876
order,en,28,NOUN,-7.5103354,6.4832115
information,en,5,NOUN,14.649511,34.010338
point,en,25,NOUN,-2.4484763,34.931023
river,en,19,NOUN,20.58741,-36.16008
top,en,12,NOUN,18.45345,11.326262
language,en,19,NOUN,-3.7655685,-29.868618
note,en,4,NOUN,18.534897,36.377953
original,en,2,NOUN,30.324736,7.1492586
age,en,14,NOUN,16.60797,-2.1915867
service,en,9,NOUN,-0.38651124,14.996791
air,en,34,NOUN,3.5213256,-23.05341
law,en,17,NOUN,34.221523,42.252857
park,en,4,NOUN,27.818134,-35.030968
case,en,6,NOUN,18.439524,33.041836
village,en,18,NOUN,28.165525,-37.74466
art,en,10,NOUN,34.975037,-16.717644
community,en,1,NOUN,7.621789,2.2106657
army,en,8,NOUN,3.7491214,2.9398975
death,en,16,NOUN,38.342224,42.180576
men,en,1,NOUN,18.77428,-1.2121936
road,en,11,NOUN,30.312254,-34.580288
source,en,2,NOUN,15.418645,33.19575
man,en,87,NOUN,22.888464,-2.4479036
report,en,5,NOUN,28.246298,41.778522
building,en,15,NOUN,36.1685,-27.710892
king,en,38,NOUN,9.786751,-19.755121
ship,en,9,NOUN,10.63105,-11.399835
cup,en,1,NOUN,8.817605,7.2143016
side,en,45,NOUN,13.157228,12.317561
power,en,20,NOUN,23.849125,45.262108
water,en,24,NOUN,50.071888,-16.52907
field,en,10,NOUN,18.843565,8.985889
island,en,9,NOUN,23.475058,-33.805725
project,en,3,NOUN,4.961779,35.292606
o,en,2,NOUN,64.78161,-5.158418
example,en,5,NOUN,17.34243,32.286327
union,en,1,NOUN,-3.7953253,16.78653
court,en,66,NOUN,32.894905,43.186657
region,en,1,NOUN,-25.63716,-40.879593
v,en,1,NOUN,75.91345,8.452995
son,en,8,NOUN,17.07315,-8.439209
street,en,21,NOUN,31.04921,-33.99028
head,en,65,NOUN,9.105011,4.2813334
father,en,9,NOUN,16.978329,-8.046663
track,en,1,NOUN,19.017817,8.791365
level,en,1,NOUN,14.072821,-1.6090691
summer,en,13,NOUN,12.877663,4.434542
society,en,2,NOUN,6.350051,13.629594
office,en,1,NOUN,4.669816,-5.5016046
story,en,21,NOUN,31.29454,-1.8286313
land,en,10,NOUN,19.697918,5.723116
business,en,11,NOUN,6.011463,22.489367
reason,en,25,NOUN,23.501274,36.034206
term,en,4,NOUN,49.131405,34.327766
post,en,10,NOUN,4.8379836,-4.783244
making,en,1,NOUN,15.36662,19.806602
subject,en,24,NOUN,19.807346,33.73391
science,en,2,NOUN,28.725523,-1.4308071
rock,en,7,NOUN,44.805607,-30.505938
news,en,9,NOUN,8.895574,15.655122
kingdom,en,8,NOUN,-1.182765,-13.809478
love,en,20,NOUN,27.25361,-3.5531087
k,en,1,NOUN,75.51651,8.735176
editor,en,2,NOUN,10.111858,16.627043
person,en,101,NOUN,22.688103,-1.5741372
battle,en,4,NOUN,3.1672864,8.764082
hall,en,3,NOUN,32.024364,-30.463652
date,en,3,NOUN,-14.951449,35.518078
change,en,11,NOUN,11.619331,33.235683
board,en,4,NOUN,1.869189,-8.958625
japan,en,9,NOUN,2.9772124,-18.660969
half,en,34,NOUN,15.325757,11.327185
event,en,1,NOUN,9.056219,10.435563
action,en,1,NOUN,-10.210621,32.101387
space,en,2,NOUN,-25.964638,40.93329
star,en,2,NOUN,8.607074,-27.664564
china,en,12,NOUN,2.929429,-18.663963
minister,en,6,NOUN,1.974058,-6.853828
lake,en,1,NOUN,22.964884,-35.643997
author,en,14,NOUN,27.43878,-9.54427
character,en,4,NOUN,30.780813,-3.3710885
light,en,18,NOUN,46.651093,-10.250794
release,en,1,NOUN,24.237915,15.9388
republic,en,1,NOUN,0.86264753,-18.598303
thanks,en,5,NOUN,17.893345,37.20555
race,en,5,NOUN,6.603514,-15.276854
body,en,41,NOUN,52.498257,6.5795274
question,en,7,NOUN,20.520746,33.691982
week,en,12,NOUN,13.177662,8.727214
match,en,2,NOUN,8.769341,8.205785
tour,en,4,NOUN,32.172283,-8.145213
sea,en,20,NOUN,22.33836,-34.16111
cross,en,6,NOUN,22.324709,12.518562
health,en,11,NOUN,12.395076,41.484863
wife,en,23,NOUN,18.559006,-7.6965957
night,en,43,NOUN,15.349263,6.9423
middle,en,5,NOUN,9.579621,12.686299
stage,en,5,NOUN,32.585503,-8.881427
addition,en,4,NOUN,15.395688,23.585003
saint,en,10,NOUN,27.518429,-20.002863
self,en,5,NOUN,30.256956,28.305908
mother,en,17,NOUN,18.011692,-6.9385223
fire,en,11,NOUN,48.85712,-10.616325
gold,en,35,NOUN,23.444777,10.599222
course,en,2,NOUN,17.757511,19.38243
size,en,9,NOUN,46.800884,10.931926
means,en,1,NOUN,50.157116,34.23454
artist,en,1,NOUN,35.641796,-16.44603
word,en,35,NOUN,49.588306,33.845528
blue,en,2,NOUN,54.10861,-8.989375
value,en,11,NOUN,14.435255,27.061892
view,en,12,NOUN,-1.9223136,34.90732
quality,en,24,NOUN,20.096682,20.2091
front,en,2,NOUN,45.979137,-1.4319217
model,en,1,NOUN,32.275375,4.815674
material,en,1,NOUN,30.46405,9.053661
coach,en,14,NOUN,9.082312,4.385749
mark,en,10,NOUN,63.53579,-5.331512
outside,en,4,NOUN,32.9397,-28.138119
brother,en,9,NOUN,16.654823,-7.9537625
writer,en,8,NOUN,27.67401,-9.338723
writing,en,8,NOUN,23.052233,19.533623
interest,en,6,NOUN,25.762218,19.977463
medal,en,6,NOUN,24.03599,12.232514
search,en,3,NOUN,19.852455,44.642216
bay,en,2,NOUN,24.226149,-34.2871
reference,en,1,NOUN,15.466901,33.165752
library,en,1,NOUN,10.552563,-36.434807
management,en,1,NOUN,5.1363087,22.065186
guitar,en,2,NOUN,36.361214,-8.040281
hill,en,11,NOUN,20.45863,-32.63691
daughter,en,12,NOUN,18.034164,-7.6297293
reading,en,1,NOUN,23.198475,19.968395
actor,en,4,NOUN,29.74558,-5.689873
rule,en,1,NOUN,23.642172,36.194347
thought,en,7,NOUN,22.559847,29.617947
hand,en,53,NOUN,54.535503,8.177837
capital,en,3,NOUN,27.078018,-38.892456
valley,en,3,NOUN,20.608805,-35.379498
bank,en,8,NOUN,20.033426,1.7798246
ground,en,16,NOUN,44.824265,-6.934717
leader,en,2,NOUN,2.297136,-4.3804703
bridge,en,11,NOUN,21.178286,-37.69916
industry,en,3,NOUN,6.4188666,22.880447
collection,en,6,NOUN,9.911305,-36.559116
request,en,1,NOUN,9.109097,37.086353
professor,en,1,NOUN,20.516417,-16.906452
campaign,en,5,NOUN,0.1106733,11.732399
theatre,en,2,NOUN,33.26719,-8.820219
empire,en,18,NOUN,0.4709353,3.7197928
length,en,12,NOUN,45.766632,11.235801
market,en,4,NOUN,4.8351736,24.807327
novel,en,1,NOUN,29.580065,-2.1606102
sound,en,9,NOUN,43.011955,12.723399
child,en,22,NOUN,18.360813,-4.5880876
idea,en,16,NOUN,22.299227,30.125393
channel,en,1,NOUN,18.727636,-38.40381
parliament,en,1,NOUN,0.32724735,-6.084144
foundation,en,7,NOUN,8.39446,-2.0304494
ice,en,1,NOUN,11.1917095,-3.271358
governor,en,12,NOUN,3.2708836,-10.476627
account,en,40,NOUN,23.742487,34.725174
taking,en,1,NOUN,13.892764,18.89479
mountain,en,15,NOUN,20.14281,-32.33462
thing,en,71,NOUN,21.286474,25.355999
square,en,8,NOUN,31.781372,-36.206635
woman,en,81,NOUN,22.583553,-2.5052772
officer,en,13,NOUN,3.6976206,-0.9820205
money,en,23,NOUN,3.5248573,28.45145
trade,en,10,NOUN,5.7763853,23.637508
degree,en,10,NOUN,18.910437,-18.019157
birth,en,5,NOUN,17.515396,-3.6434474
sun,en,9,NOUN,38.045605,6.0942817
earth,en,11,NOUN,36.80435,6.9795537
journal,en,1,NOUN,6.2010674,14.741592
beginning,en,2,NOUN,12.093503,13.252567
bit,en,5,NOUN,21.968004,25.800627
structure,en,3,NOUN,35.946815,-28.258026
lord,en,6,NOUN,15.406397,-18.312248
assembly,en,12,NOUN,0.031922422,-6.1452518
queen,en,11,NOUN,9.908339,-20.139866
security,en,2,NOUN,2.914351,20.39114
operation,en,3,NOUN,-9.763612,35.116207
prince,en,21,NOUN,11.328846,-20.27126
staff,en,1,NOUN,3.496687,-1.6992124
nature,en,24,NOUN,-11.879138,29.310188
captain,en,7,NOUN,3.1612077,-0.08855677
saying,en,1,NOUN,27.153328,28.301764
box,en,5,NOUN,16.727089,-26.657227
success,en,1,NOUN,23.740059,16.42708
rest,en,22,NOUN,14.367528,13.973857
matter,en,9,NOUN,20.210339,33.52058
month,en,20,NOUN,12.843403,8.654143
care,en,26,NOUN,12.348857,41.421795
commission,en,4,NOUN,0.52144474,-8.479819
plan,en,1,NOUN,12.363393,36.519783
practice,en,1,NOUN,9.0581455,25.752953
command,en,19,NOUN,4.080886,0.27473822
master,en,12,NOUN,18.48945,-17.709053
feature,en,5,NOUN,26.039608,9.234548
experience,en,1,NOUN,24.774704,27.900507
silver,en,22,NOUN,23.449465,10.6122875
secretary,en,1,NOUN,3.7691238,-7.74854
youth,en,1,NOUN,10.690648,2.2827976
heart,en,18,NOUN,53.872086,16.413795
room,en,38,NOUN,42.83052,-14.541526
stone,en,26,NOUN,40.37892,-22.105776
deal,en,16,NOUN,-2.9564648,24.355701
key,en,1,NOUN,11.02258,30.413555
picture,en,17,NOUN,0.22550298,36.862602
fiction,en,1,NOUN,29.34969,-1.611018
majority,en,1,NOUN,14.466815,25.331331
claim,en,4,NOUN,24.896214,33.541767
seat,en,14,NOUN,-0.6834754,-6.1606355
prize,en,4,NOUN,-6.869438,9.687103
port,en,2,NOUN,24.737541,-34.67905
castle,en,14,NOUN,25.853077,-29.69062
wing,en,1,NOUN,-12.533635,-37.013103
opinion,en,23,NOUN,22.01711,33.457314
commander,en,1,NOUN,3.907178,-0.031707477
fort,en,1,NOUN,26.848831,-31.277912
effect,en,15,NOUN,16.83746,34.194016
purpose,en,8,NOUN,19.655287,40.827003
winter,en,13,NOUN,13.044181,4.413639
appearance,en,11,NOUN,26.358976,9.486823
kind,en,26,NOUN,21.535288,26.835777
entry,en,1,NOUN,2.4163926,14.629533
sense,en,8,NOUN,21.860422,28.508982
meaning,en,2,NOUN,50.12915,34.18613
map,en,1,NOUN,0.113104574,40.172943
bishop,en,3,NOUN,25.085592,-23.376791
rate,en,1,NOUN,13.259776,25.452377
voice,en,3,NOUN,34.748737,-6.3936076
jack,en,1,NOUN,63.873287,-5.7017584
justice,en,6,NOUN,33.171314,42.956215
temple,en,7,NOUN,38.33874,-4.4909077
sister,en,32,NOUN,17.45896,-6.8971457
table,en,14,NOUN,-3.132111,30.89721
friend,en,27,NOUN,15.4656,-6.2104506
loss,en,6,NOUN,48.23197,21.958708
architecture,en,7,NOUN,-11.386971,-31.105536
face,en,44,NOUN,56.057556,8.975909
girl,en,12,NOUN,21.945694,-2.9245622
politics,en,1,NOUN,8.783587,22.298298
cause,en,6,NOUN,49.13147,20.010324
volume,en,1,NOUN,6.0752387,-38.80853
oil,en,1,NOUN,47.05854,-24.141413
victory,en,2,NOUN,5.4521427,9.117815
regiment,en,1,NOUN,4.5254736,2.2192433
branch,en,6,NOUN,-3.459985,-25.682238
train,en,5,NOUN,10.265911,-7.7350564
paper,en,2,NOUN,51.053127,-4.669856
remains,en,16,NOUN,32.55917,-23.850836
wrong,en,2,NOUN,24.929514,37.763844
mass,en,1,NOUN,11.7620735,23.76767
comedy,en,6,NOUN,29.735176,-5.1411057
knowledge,en,8,NOUN,24.465178,28.827002
meeting,en,2,NOUN,25.176834,-8.531578
figure,en,30,NOUN,35.69637,-19.47942
camp,en,3,NOUN,7.5074134,45.154778
variety,en,13,NOUN,16.428919,23.849712
owner,en,3,NOUN,2.5742857,-14.519678
attention,en,2,NOUN,25.850191,19.907444
religion,en,19,NOUN,19.272099,-21.918139
mind,en,22,NOUN,33.877766,10.731033
descent,en,1,NOUN,19.113022,-29.992594
inside,en,3,NOUN,32.990253,-28.098978
authority,en,4,NOUN,1.536596,23.20604
vice,en,3,NOUN,3.7088494,-8.445864
notice,en,10,NOUN,17.970505,37.10884
spring,en,4,NOUN,13.149011,5.104741
opera,en,10,NOUN,33.57893,-8.555913
founder,en,1,NOUN,8.463946,-4.691901
husband,en,28,NOUN,18.786818,-7.6474814
importance,en,1,NOUN,20.103968,20.21426
boy,en,7,NOUN,21.652302,-2.9727142
nation,en,8,NOUN,0.026782429,-16.15618
faith,en,4,NOUN,19.33514,-21.216097
entertainment,en,6,NOUN,30.031206,3.1048334
creation,en,1,NOUN,9.227167,35.467075
tower,en,7,NOUN,37.176376,-27.818092
marriage,en,8,NOUN,21.438105,-6.3058114
peace,en,3,NOUN,-3.48174,20.91856
hour,en,23,NOUN,14.942241,9.347522
ability,en,1,NOUN,43.476837,20.054533
host,en,1,NOUN,13.13011,-27.499516
wall,en,14,NOUN,38.68458,-24.478193
troops,en,2,NOUN,3.844767,3.5461683
emperor,en,38,NOUN,11.590429,-18.117828
letter,en,63,NOUN,-9.354193,0.5275101
couple,en,3,NOUN,20.359259,-6.6612253
fellow,en,14,NOUN,13.852775,-5.9444275
duke,en,10,NOUN,13.425672,-19.371454
gallery,en,18,NOUN,34.741985,-16.667778
tree,en,26,NOUN,54.18756,-25.6664
protection,en,5,NOUN,11.156557,43.163174
count,en,16,NOUN,14.626333,-19.620796
situation,en,11,NOUN,22.633764,37.793694
lady,en,128,NOUN,21.868982,-9.507974
influence,en,2,NOUN,18.607216,30.112776
machine,en,10,NOUN,47.77374,-7.638143
ministry,en,1,NOUN,1.8022976,-6.845532
blood,en,3,NOUN,54.531483,17.01309
distance,en,8,NOUN,20.658695,9.72681
bottom,en,9,NOUN,18.465822,11.333263
dispute,en,5,NOUN,28.78043,38.578568
scene,en,16,NOUN,34.82512,-11.404888
method,en,2,NOUN,14.640446,29.86724
iron,en,1,NOUN,44.669163,-21.687971
ball,en,6,NOUN,51.800858,0.17844453
fish,en,3,NOUN,63.116756,-19.676765
gun,en,4,NOUN,48.360676,-7.78556
sign,en,7,NOUN,-4.0771565,24.697369
doctor,en,5,NOUN,19.586521,-15.164271
crime,en,1,NOUN,35.471817,41.70618
sex,en,6,NOUN,21.299177,-5.4639773
sentence,en,3,NOUN,37.29588,39.69608
horse,en,27,NOUN,62.577984,-11.385261
wood,en,17,NOUN,50.783184,-26.91005
rank,en,20,NOUN,0.098741256,-0.3324996
direction,en,1,NOUN,18.101036,17.580177
guide,en,1,NOUN,9.683786,-30.98945
weight,en,1,NOUN,47.203056,11.992376
fighting,en,1,NOUN,3.0208054,8.572745
rose,en,11,NOUN,57.911625,-25.845108
treatment,en,2,NOUN,51.797413,20.100378
fame,en,2,NOUN,31.978151,-30.472034
capacity,en,1,NOUN,23.346098,45.53317
exchange,en,7,NOUN,-7.5451965,21.923773
translation,en,6,NOUN,28.234468,-11.965444
estate,en,6,NOUN,20.07342,4.568371
piece,en,37,NOUN,30.225306,8.989865
growth,en,1,NOUN,9.016963,23.582706
murder,en,3,NOUN,36.88049,41.744183
revolution,en,1,NOUN,-0.03499805,8.609528
medicine,en,1,NOUN,20.24718,-15.115746
garden,en,31,NOUN,24.164072,-14.827895
height,en,6,NOUN,46.90148,10.902528
morning,en,12,NOUN,15.010142,7.496625
argument,en,2,NOUN,22.361792,33.988914
falls,en,1,NOUN,49.800167,12.391514
learning,en,7,NOUN,24.689964,28.690033
choice,en,7,NOUN,15.254796,37.264225
secret,en,8,NOUN,1.3658358,18.244406
poet,en,5,NOUN,28.70067,-9.493645
guard,en,13,NOUN,3.8482184,1.8963253
freedom,en,3,NOUN,45.054497,39.112007
taylor,en,2,NOUN,55.22637,-31.457815
quarter,en,3,NOUN,15.630566,11.403453
copy,en,4,NOUN,30.659004,6.900275
description,en,22,NOUN,2.2445555,39.17364
sort,en,47,NOUN,21.522701,26.773647
cell,en,2,NOUN,55.96849,15.700562
concert,en,2,NOUN,32.41828,-7.8871865
sub,en,1,NOUN,14.032768,-2.204293
safety,en,2,NOUN,13.442144,43.352333
painting,en,6,NOUN,36.063095,-16.984795
price,en,5,NOUN,4.4193172,26.08326
message,en,1,NOUN,7.074186,18.984142
memory,en,3,NOUN,22.66579,8.633184
fox,en,2,NOUN,65.98641,-14.244425
philosophy,en,3,NOUN,20.5632,-18.85623
floor,en,3,NOUN,38.5365,-25.744177
labour,en,4,NOUN,0.7538998,-4.617395
yard,en,3,NOUN,16.089071,11.567369
guest,en,1,NOUN,27.972675,-6.6233177
economy,en,1,NOUN,8.310457,23.247929
storm,en,4,NOUN,15.447253,2.473476
mile,en,15,NOUN,31.750586,-36.252094
bowl,en,1,NOUN,9.794904,7.0948987
damage,en,1,NOUN,48.80734,20.287834
fleet,en,1,NOUN,5.498788,-0.306158
theme,en,3,NOUN,33.654102,-5.1708355
ring,en,4,NOUN,48.433525,2.0967875
deputy,en,2,NOUN,3.781473,-7.8587646
difference,en,10,NOUN,16.58856,31.09948
animal,en,5,NOUN,62.49303,-16.802734
palace,en,29,NOUN,34.800133,-32.926308
understanding,en,3,NOUN,24.299175,29.096931
poetry,en,7,NOUN,29.164984,-9.568475
row,en,12,NOUN,-4.2429986,-39.221924
eye,en,41,NOUN,55.20892,11.405265
application,en,1,NOUN,13.947963,29.876364
steel,en,1,NOUN,44.726097,-21.650635
presence,en,1,NOUN,14.219794,22.685495
chance,en,5,NOUN,17.217836,39.929882
object,en,4,NOUN,17.477312,27.440796
defeat,en,1,NOUN,5.418844,9.080626
intelligence,en,3,NOUN,2.7564065,20.157463
connection,en,1,NOUN,18.978436,31.524223
plot,en,1,NOUN,31.115345,-2.8174105
firm,en,1,NOUN,6.497255,21.551094
portion,en,2,NOUN,14.287043,14.944845
residence,en,4,NOUN,34.477924,-31.405174
moon,en,3,NOUN,37.83781,6.208237
limit,en,2,NOUN,12.540549,27.542452
minute,en,3,NOUN,15.04554,9.614182
wind,en,5,NOUN,15.698135,2.4822574
crown,en,8,NOUN,9.146405,-19.432936
step,en,9,NOUN,12.102025,31.971088
alliance,en,1,NOUN,-4.729564,18.05874
heat,en,9,NOUN,49.315506,-12.003668
credit,en,2,NOUN,4.4175663,29.529444
boat,en,7,NOUN,9.557368,-12.250605
colonel,en,1,NOUN,3.4549065,0.3504265
tradition,en,1,NOUN,31.553503,-16.644108
spirit,en,8,NOUN,34.855835,10.590376
climate,en,9,NOUN,13.639489,1.5156921
passing,en,1,NOUN,17.45379,14.163445
pope,en,2,NOUN,24.652025,-24.07285
glass,en,6,NOUN,44.17109,-10.048311
defence,en,2,NOUN,-2.001727,-3.5663311
speech,en,2,NOUN,28.159824,24.366457
proposal,en,1,NOUN,12.817194,36.511414
ff,en,1,NOUN,52.909225,7.457262
fashion,en,24,NOUN,32.49364,4.787712
foot,en,27,NOUN,50.72095,8.478471
audience,en,6,NOUN,26.50211,18.353962
motion,en,6,NOUN,0.67923456,36.740215
setting,en,1,NOUN,13.895727,19.385698
criminal,en,2,NOUN,35.077766,41.74132
commonwealth,en,1,NOUN,-0.33145404,2.9755657
cathedral,en,2,NOUN,26.93455,-22.832314
reality,en,1,NOUN,34.960434,8.010116
enemy,en,2,NOUN,4.0615993,7.1348968
respect,en,21,NOUN,20.49113,31.250402
killing,en,1,NOUN,37.28547,42.1814
fan,en,2,NOUN,8.374715,-25.854343
painter,en,3,NOUN,35.97628,-16.909334
universe,en,1,NOUN,36.287357,7.1749315
aid,en,1,NOUN,8.022576,40.916016
driver,en,2,NOUN,6.3155317,-15.635899
baby,en,2,NOUN,19.376842,-4.762624
calling,en,3,NOUN,27.465631,28.295757
weather,en,11,NOUN,14.668969,2.3152566
bird,en,2,NOUN,65.806335,-20.585844
strength,en,5,NOUN,46.054367,19.46617
keeping,en,1,NOUN,14.845877,19.970219
magic,en,1,NOUN,38.219944,3.3031425
treaty,en,2,NOUN,-2.281279,21.476322
rear,en,2,NOUN,46.024208,-1.3650036
circuit,en,1,NOUN,32.4455,43.737415
geography,en,1,NOUN,11.411661,-0.2351361
chamber,en,20,NOUN,-8.618773,-26.619316
moment,en,4,NOUN,22.261,24.744162
grounds,en,1,NOUN,21.891296,35.854614
condition,en,2,NOUN,50.233334,18.83989
instance,en,5,NOUN,17.479242,32.30364
shift,en,3,NOUN,11.499503,33.236416
door,en,14,NOUN,40.158596,-25.704044
institution,en,2,NOUN,6.601386,13.075229
princess,en,11,NOUN,11.381281,-20.259745
corner,en,5,NOUN,31.080833,-33.941612
mill,en,1,NOUN,57.990803,-7.053225
spot,en,5,NOUN,13.105907,17.787703
progress,en,1,NOUN,22.68996,16.72099
truth,en,31,NOUN,31.476212,30.68418
peer,en,1,NOUN,5.8264194,14.84089
shape,en,22,NOUN,46.82393,9.637378
legend,en,1,NOUN,32.87227,-0.6735753
injury,en,1,NOUN,52.23513,10.37717
violence,en,1,NOUN,39.038055,35.99061
chapel,en,2,NOUN,28.434711,-22.616465
dream,en,3,NOUN,32.6486,2.1974878
passenger,en,1,NOUN,10.153289,-7.6302776
parent,en,4,NOUN,14.478459,-3.0674036
column,en,3,NOUN,-15.293202,-34.154545
soul,en,11,NOUN,34.533028,10.489301
entrance,en,6,NOUN,34.976215,-26.445824
string,en,3,NOUN,36.644993,-8.705711
pair,en,2,NOUN,47.822624,3.3032916
sample,en,1,NOUN,19.846943,18.161598
arm,en,20,NOUN,53.188416,8.12965
canal,en,7,NOUN,19.926546,-38.63484
brain,en,1,NOUN,54.916664,15.443413
controversy,en,1,NOUN,33.230804,37.018753
chain,en,3,NOUN,20.57758,11.80722
circle,en,3,NOUN,4.0245566,-34.189064
opportunity,en,19,NOUN,16.928444,40.085987
manner,en,62,NOUN,21.006456,22.706856
lawyer,en,1,NOUN,19.940622,0.8969977
reader,en,1,NOUN,23.555895,20.513323
pan,en,1,NOUN,11.606875,3.7244613
duty,en,3,NOUN,6.412049,4.078244
chair,en,8,NOUN,2.4648497,-9.036238
stuff,en,13,NOUN,21.007202,25.470512
composition,en,2,NOUN,0.89431643,-38.32562
salt,en,1,NOUN,50.270325,-17.734762
contribution,en,2,NOUN,22.610321,17.958055
retirement,en,3,NOUN,5.5799255,-7.2199035
discovery,en,2,NOUN,4.077967,-27.436115
frame,en,2,NOUN,40.16726,-27.718815
assistance,en,1,NOUN,8.04878,40.88137
sale,en,2,NOUN,3.9216998,25.661129
successor,en,2,NOUN,7.22618,-5.924289
cabinet,en,9,NOUN,1.9387821,-6.778818
evening,en,5,NOUN,14.987435,7.4413433
singing,en,3,NOUN,33.826527,-6.565228
mail,en,1,NOUN,6.397135,17.48453
mode,en,1,NOUN,24.289427,7.7522197
priest,en,9,NOUN,25.30579,-22.581707
trophy,en,1,NOUN,8.793464,7.213596
snow,en,10,NOUN,14.445225,3.0013793
shop,en,12,NOUN,42.3982,-12.312704
coal,en,2,NOUN,46.927002,-24.14382
error,en,2,NOUN,25.270054,38.470634
accident,en,3,NOUN,15.69206,48.736366
wine,en,12,NOUN,52.527832,-16.66046
landing,en,1,NOUN,8.945325,-11.0577345
conduct,en,11,NOUN,30.18009,35.667416
vision,en,1,NOUN,36.725403,11.85405
scheme,en,2,NOUN,12.176231,36.452698
ceremony,en,19,NOUN,30.120325,-15.407533
scholar,en,2,NOUN,20.91083,-16.737194
hero,en,4,NOUN,32.850864,-0.39314812
hair,en,26,NOUN,57.75232,5.078377
window,en,17,NOUN,40.168373,-25.780457
leg,en,6,NOUN,52.349754,9.222886
instrument,en,6,NOUN,36.94319,-7.946058
covering,en,2,NOUN,14.266853,15.67018
roof,en,9,NOUN,38.03833,-26.393003
colour,en,14,NOUN,53.867023,-9.2159
steam,en,1,NOUN,46.10059,-24.498264
journey,en,38,NOUN,11.841221,-8.657519
soldier,en,6,NOUN,2.6610942,2.2546139
skin,en,5,NOUN,56.724316,14.661947
phrase,en,3,NOUN,49.07225,33.446465
advantage,en,14,NOUN,17.390743,40.66743
goods,en,4,NOUN,25.190657,3.5352144
explanation,en,1,NOUN,23.016262,34.30066
threat,en,1,NOUN,15.314829,43.625835
relief,en,4,NOUN,7.6943846,41.05169
poverty,en,3,NOUN,42.93935,33.818424
permission,en,9,NOUN,9.318346,37.57263
gate,en,8,NOUN,34.76167,-26.53159
roll,en,2,NOUN,44.812428,-30.523296
principle,en,2,NOUN,22.128098,30.96821
ridge,en,1,NOUN,20.346447,-32.547493
monument,en,2,NOUN,35.49696,-21.543217
expression,en,10,NOUN,20.80234,28.496922
wheel,en,1,NOUN,46.218105,-0.4950008
ambassador,en,7,NOUN,5.4010878,-10.894172
desert,en,7,NOUN,-7.358515,-44.966198
uncle,en,1,NOUN,16.625372,-8.090032
rain,en,5,NOUN,14.867365,2.7320933
admiral,en,6,NOUN,4.7437096,-0.41422096
fishing,en,1,NOUN,63.3613,-18.939966
fear,en,18,NOUN,40.97086,30.97679
merit,en,5,NOUN,23.48683,13.064416
poem,en,1,NOUN,29.741556,-9.737851
proof,en,10,NOUN,24.19424,33.41193
mouth,en,5,NOUN,58.670197,10.471967
virgin,en,7,NOUN,29.057251,-20.284513
beauty,en,55,NOUN,33.591335,6.200062
baker,en,1,NOUN,55.417904,-31.395788
cook,en,3,NOUN,56.461117,-31.035172
shore,en,2,NOUN,23.37162,-34.866425
tone,en,1,NOUN,21.618586,22.202385
reception,en,2,NOUN,25.88889,17.629013
adventure,en,8,NOUN,30.33873,-0.5489238
horror,en,5,NOUN,29.776854,-0.99094224
reputation,en,3,NOUN,1.3633672,45.448593
interpretation,en,2,NOUN,22.925375,31.644625
commerce,en,6,NOUN,5.99046,23.141623
oak,en,1,NOUN,52.148037,-27.136194
angel,en,6,NOUN,36.38603,2.9613614
extent,en,3,NOUN,18.691608,30.13836
superior,en,3,NOUN,45.547447,20.043493
relation,en,20,NOUN,19.280651,31.401152
shell,en,4,NOUN,50.523834,-7.7944617
comparison,en,2,NOUN,16.179745,31.281311
basin,en,5,NOUN,20.810493,-36.08993
charity,en,4,NOUN,8.706601,-1.4463807
representation,en,3,NOUN,17.303638,29.125717
plate,en,3,NOUN,46.927166,7.7258606
landscape,en,1,NOUN,36.5693,-16.347273
guardian,en,2,NOUN,8.160455,16.358503
eighth,en,2,NOUN,11.120073,11.181707
riding,en,2,NOUN,62.776794,-10.557848
arrival,en,4,NOUN,5.978606,6.413595
prose,en,2,NOUN,29.257782,-10.480056
volunteer,en,1,NOUN,7.182627,2.1951141
fun,en,1,NOUN,31.555716,12.508371
grace,en,6,NOUN,33.908493,14.668491
honour,en,39,NOUN,29.667294,-13.961945
soil,en,3,NOUN,51.2504,-21.774529
possibility,en,3,NOUN,19.45899,39.270504
ghost,en,1,NOUN,31.421795,0.56906015
elevation,en,1,NOUN,14.377931,-0.95670706
waste,en,1,NOUN,47.416492,-21.401798
fruit,en,15,NOUN,57.14512,-22.252584
crystal,en,1,NOUN,42.36595,-2.986279
monastery,en,3,NOUN,27.451954,-25.303013
stream,en,4,NOUN,19.700401,-36.5048
predecessor,en,1,NOUN,7.2216554,-5.9462557
pain,en,13,NOUN,52.2142,17.945704
suggestion,en,1,NOUN,21.526272,34.365158
coat,en,2,NOUN,61.362015,-1.97383
behaviour,en,3,NOUN,30.601826,35.24343
merchant,en,8,NOUN,20.46416,0.9773829
employment,en,5,NOUN,6.5312862,27.358965
statue,en,14,NOUN,35.945274,-21.283457
wonder,en,13,NOUN,21.313086,24.581028
waiting,en,1,NOUN,25.00738,22.450125
patient,en,1,NOUN,51.92216,19.766785
belief,en,1,NOUN,24.247663,30.93157
visitor,en,1,NOUN,11.512413,-0.34650433
hole,en,2,NOUN,48.897076,-1.6461592
passage,en,10,NOUN,17.881657,14.318894
wedding,en,1,NOUN,23.789824,-7.233321
revenue,en,2,NOUN,5.21963,27.411299
suit,en,2,NOUN,56.529804,2.984414
sculpture,en,2,NOUN,35.916973,-18.029457
wolf,en,1,NOUN,65.5815,-14.334727
conclusion,en,5,NOUN,23.782265,32.4508
diamond,en,26,NOUN,43.260574,-2.4974124
liberty,en,27,NOUN,45.084312,39.12188
siege,en,8,NOUN,3.4604564,4.9181027
inch,en,2,NOUN,48.86905,-6.5023084
absence,en,1,NOUN,14.178588,22.676023
regard,en,5,NOUN,20.399755,31.396025
pole,en,1,NOUN,6.2481494,-15.9088
tail,en,2,NOUN,57.203415,8.114915
stable,en,3,NOUN,10.090077,32.597862
vessel,en,5,NOUN,10.529383,-11.482796
hearing,en,2,NOUN,32.045544,40.143135
falling,en,1,NOUN,49.805325,12.379997
villa,en,3,NOUN,34.78437,-32.991913
rival,en,1,NOUN,7.0615306,-4.413875
inquiry,en,5,NOUN,28.701363,41.486023
belt,en,1,NOUN,54.031372,3.0366077
submission,en,2,NOUN,8.028581,36.83671
mystery,en,2,NOUN,30.273169,-0.57428324
walking,en,1,NOUN,50.13876,8.286031
clock,en,2,NOUN,33.70458,-40.485817
distinction,en,4,NOUN,16.899742,30.905672
pen,en,1,NOUN,49.928047,-3.8409865
transition,en,1,NOUN,11.003125,32.55155
citizen,en,1,NOUN,-2.3903446,7.6134715
appointment,en,1,NOUN,5.130533,-7.3529053
angle,en,1,NOUN,45.98854,9.126371
ninth,en,1,NOUN,11.12132,11.196163
exercise,en,3,NOUN,28.493303,35.99643
resort,en,2,NOUN,29.079002,3.2346625
dancing,en,5,NOUN,31.747732,-6.038841
tribute,en,1,NOUN,32.543587,-13.335613
bed,en,12,NOUN,44.045853,-15.327407
hunting,en,2,NOUN,63.57019,-18.377417
voyage,en,7,NOUN,11.096358,-10.419009
affair,en,8,NOUN,33.815346,36.16061
item,en,1,NOUN,17.558044,27.093927
cap,en,4,NOUN,58.18963,1.9658285
throne,en,3,NOUN,10.009152,-18.168364
grandfather,en,1,NOUN,16.704842,-8.375297
flower,en,18,NOUN,57.383957,-25.020319
meat,en,4,NOUN,59.985332,-16.930346
moral,en,2,NOUN,30.163347,24.986609
grove,en,5,NOUN,52.25948,-27.765709
tea,en,5,NOUN,53.605873,-15.449054
heaven,en,6,NOUN,36.041393,3.8009706
aspect,en,1,NOUN,19.872246,29.413887
intention,en,1,NOUN,19.558802,40.37469
pat,en,1,NOUN,63.968044,-5.5431743
suffering,en,1,NOUN,49.584427,21.846567
globe,en,1,NOUN,4.75061,-31.938776
experiment,en,2,NOUN,20.215147,17.048798
diameter,en,1,NOUN,46.55574,9.935753
plenty,en,8,NOUN,19.50197,25.175404
sword,en,1,NOUN,62.5464,6.9979525
rebellion,en,3,NOUN,0.82625395,7.562716
physician,en,1,NOUN,20.503407,-14.885244
cloud,en,4,NOUN,16.460289,0.8234531
noise,en,4,NOUN,43.031742,12.734157
beer,en,1,NOUN,51.981792,-15.50612
loop,en,2,NOUN,16.677559,-33.587708
hat,en,2,NOUN,57.9678,1.5204536
coffee,en,13,NOUN,53.5242,-15.44038
chancellor,en,1,NOUN,4.3996577,-8.556336
apartment,en,26,NOUN,35.494907,-30.64244
harbour,en,1,NOUN,24.338232,-34.497063
devil,en,3,NOUN,37.008595,1.8395883
sultan,en,24,NOUN,39.081474,-36.287266
milk,en,3,NOUN,57.910267,-18.43303
romance,en,1,NOUN,28.076616,-3.0818748
mistake,en,4,NOUN,25.068596,38.21544
remainder,en,1,NOUN,14.370367,13.892032
sum,en,3,NOUN,15.323156,28.03517
mythology,en,1,NOUN,37.965057,-2.703702
confusion,en,3,NOUN,24.398851,40.040806
occasion,en,33,NOUN,29.16102,-14.282992
possession,en,7,NOUN,-0.66062784,27.203945
reverse,en,1,NOUN,12.827754,32.830315
cotton,en,1,NOUN,57.99509,-4.3876433
sitting,en,1,NOUN,43.231544,-15.935183
bone,en,2,NOUN,56.31519,13.040873
monster,en,2,NOUN,37.597378,0.25651938
succession,en,1,NOUN,9.577659,-17.699083
kid,en,1,NOUN,21.273067,-2.651064
delivery,en,2,NOUN,5.882462,17.989798
slave,en,26,NOUN,41.624596,38.16466
favour,en,8,NOUN,14.779728,36.92128
printing,en,1,NOUN,51.08044,-5.012751
theology,en,1,NOUN,20.761978,-19.20746
reed,en,1,NOUN,55.67194,-29.880783
debt,en,2,NOUN,4.5474844,28.446743
bath,en,9,NOUN,44.44307,-17.357311
custom,en,27,NOUN,24.8257,6.9237804
profession,en,2,NOUN,8.976594,25.715359
grass,en,1,NOUN,51.738125,-23.119406
suburb,en,2,NOUN,27.554354,-36.993225
pearl,en,20,NOUN,44.29633,-2.859028
chorus,en,4,NOUN,33.958187,-6.8420906
cattle,en,1,NOUN,62.264957,-15.1506405
tale,en,3,NOUN,31.648392,-1.6368442
jet,en,1,NOUN,3.7903895,-23.016264
horn,en,3,NOUN,66.40037,-10.001584
pine,en,1,NOUN,52.152477,-27.071877
button,en,6,NOUN,45.85083,0.948631
neck,en,10,NOUN,55.608624,9.834674
vanity,en,3,NOUN,30.107378,28.901024
gift,en,2,NOUN,31.138996,17.686272
prayer,en,4,NOUN,25.861818,-18.484558
danger,en,8,NOUN,15.0467415,43.743874
isle,en,1,NOUN,68.61621,11.338444
conversation,en,14,NOUN,25.797035,26.722038
inn,en,6,NOUN,37.695663,-13.329768
ba,en,2,NOUN,18.777908,-18.34867
illness,en,1,NOUN,49.90441,21.962666
dress,en,65,NOUN,56.786118,0.2554435
autumn,en,1,NOUN,13.156852,5.078019
difficulty,en,3,NOUN,21.517347,40.63382
wealth,en,4,NOUN,21.96185,4.0602446
pride,en,2,NOUN,43.339813,31.029503
friendship,en,6,NOUN,28.985481,17.09417
corruption,en,2,NOUN,34.59041,37.768047
examination,en,1,NOUN,-7.249456,29.03451
luck,en,2,NOUN,24.310167,24.845919
im,en,1,NOUN,77.98809,4.783733
preparation,en,1,NOUN,15.84804,17.539036
declaration,en,3,NOUN,-1.8581847,21.238657
discipline,en,1,NOUN,30.38133,22.741388
compound,en,2,NOUN,53.067482,-11.601815
wire,en,1,NOUN,51.68812,2.8978415
verse,en,16,NOUN,30.052025,-10.735474
congregation,en,1,NOUN,25.08834,-21.607407
drinking,en,1,NOUN,50.56937,-16.216042
companion,en,2,NOUN,9.764231,-29.796312
consideration,en,4,NOUN,20.651108,32.70793
fate,en,1,NOUN,42.78738,26.660551
excellence,en,1,NOUN,24.261726,13.649049
nonsense,en,2,NOUN,29.98616,29.131998
contrary,en,6,NOUN,23.855255,31.584532
mosque,en,22,NOUN,39.992558,-36.08298
impression,en,1,NOUN,23.091722,28.041578
dancer,en,1,NOUN,31.518778,-6.0395627
anchor,en,1,NOUN,9.325651,15.195192
disorder,en,3,NOUN,50.43423,19.648148
observation,en,6,NOUN,-6.2037973,32.643433
judgment,en,3,NOUN,28.2008,34.42586
prisoner,en,4,NOUN,39.570847,40.127945
dome,en,6,NOUN,37.78634,-27.72409
sight,en,15,NOUN,54.636368,11.670677
fortune,en,7,NOUN,21.973421,3.8160963
tomb,en,6,NOUN,31.868912,-23.263153
garrison,en,10,NOUN,3.6680655,3.7191527
eating,en,3,NOUN,58.69775,-14.415347
doctrine,en,2,NOUN,21.788029,-19.99913
dollar,en,1,NOUN,43.16106,4.231221
consumption,en,1,NOUN,11.645755,25.644112
sheet,en,1,NOUN,51.17208,-4.5850463
confidence,en,2,NOUN,27.737148,32.13024
breeding,en,5,NOUN,66.367134,-17.16606
arch,en,6,NOUN,36.223625,-25.784294
punishment,en,3,NOUN,38.914673,38.22855
lighting,en,1,NOUN,46.40237,-10.873616
taste,en,17,NOUN,55.44239,-15.847475
payment,en,1,NOUN,4.612636,28.27438
militia,en,1,NOUN,4.11048,2.3177772
afternoon,en,1,NOUN,15.033225,7.485735
scandal,en,5,NOUN,33.49201,36.926506
widow,en,11,NOUN,18.60148,-8.099245
witness,en,3,NOUN,32.57664,40.14413
diet,en,1,NOUN,58.768642,-14.118333
fringe,en,2,NOUN,29.319132,30.498474
passion,en,19,NOUN,32.511223,15.052235
joy,en,7,NOUN,33.777103,14.018732
kitchen,en,3,NOUN,44.290405,-13.977976
comedian,en,1,NOUN,29.68916,-5.576702
arsenal,en,1,NOUN,-0.66843754,-43.107906
gravity,en,4,NOUN,37.397312,7.180697
frontier,en,5,NOUN,0.8877083,4.875761
slavery,en,3,NOUN,41.608284,38.094982
hood,en,1,NOUN,62.316948,1.817898
tributary,en,1,NOUN,20.318932,-36.26514
commanding,en,1,NOUN,3.8840163,0.008251508
midnight,en,2,NOUN,15.500539,7.073415
diversity,en,1,NOUN,17.29662,22.190819
complaint,en,3,NOUN,29.20516,38.723034
egg,en,3,NOUN,60.17616,-19.955658
conquest,en,5,NOUN,1.8861351,5.5561028
lover,en,16,NOUN,26.453783,-3.8060338
sin,en,2,NOUN,40.31494,25.509064
cannon,en,1,NOUN,48.610764,-8.038224
catalogue,en,1,NOUN,9.325538,-36.648033
sheep,en,3,NOUN,62.531178,-15.2765875
sculptor,en,1,NOUN,35.9429,-17.490593
praise,en,7,NOUN,27.668322,18.474298
spy,en,1,NOUN,1.5044918,18.229797
twentieth,en,1,NOUN,11.373056,12.22203
engagement,en,1,NOUN,3.0827525,11.42106
dinner,en,10,NOUN,25.185799,-8.304753
retreat,en,2,NOUN,4.1550655,4.785942
fault,en,5,NOUN,25.671604,38.80879
pound,en,9,NOUN,43.49508,4.615581
glory,en,4,NOUN,38.000145,14.989859
skill,en,4,NOUN,43.2584,19.858196
breed,en,6,NOUN,66.477036,-17.037655
pipe,en,2,NOUN,44.02811,-19.9079
heir,en,4,NOUN,16.780703,-9.447639
tissue,en,1,NOUN,55.49768,15.314597
monarch,en,2,NOUN,9.758559,-19.43318
favourite,en,13,NOUN,7.2701607,-23.47199
mixture,en,6,NOUN,53.108437,-11.894137
servant,en,7,NOUN,20.439442,-11.641891
maker,en,1,NOUN,26.450811,5.604722
nose,en,1,NOUN,56.732666,9.726416
pace,en,4,NOUN,43.780624,18.055498
thunder,en,2,NOUN,39.913906,1.9470271
monk,en,1,NOUN,26.57992,-25.784836
jam,en,5,NOUN,55.580254,-18.413406
goddess,en,2,NOUN,37.991425,-3.0270174
notion,en,13,NOUN,22.296556,30.390703
lightning,en,1,NOUN,39.931763,1.9382541
pond,en,2,NOUN,22.927298,-35.957764
toy,en,2,NOUN,39.961384,-8.698737
nurse,en,2,NOUN,19.666334,-10.3172245
patron,en,1,NOUN,26.009003,-16.23753
ash,en,3,NOUN,50.191757,-25.910421
smoke,en,1,NOUN,49.026756,-10.876238
grain,en,1,NOUN,52.905262,-19.777212
bench,en,1,NOUN,7.537074,9.363584
paradise,en,3,NOUN,35.917667,3.9028552
nobility,en,2,NOUN,14.683476,-15.947846
tomorrow,en,1,NOUN,23.403276,22.962671
agenda,en,1,NOUN,29.754744,32.240734
provision,en,3,NOUN,7.820527,29.303057
humanity,en,2,NOUN,36.34534,9.23424
terror,en,3,NOUN,38.891857,36.823925
shoulder,en,9,NOUN,53.39578,9.318738
bunch,en,1,NOUN,19.944296,25.354532
knee,en,4,NOUN,52.72288,9.699515
travelling,en,6,NOUN,11.941507,-8.534305
consequence,en,3,NOUN,17.216383,34.78606
furniture,en,8,NOUN,42.691467,-9.9356365
refuge,en,1,NOUN,9.215998,44.095985
vale,en,1,NOUN,25.467266,-35.21853
paste,en,1,NOUN,30.832232,6.817682
convoy,en,3,NOUN,6.5153413,-0.13839549
preference,en,3,NOUN,15.103538,37.081753
tune,en,4,NOUN,33.726402,-5.7070026
harmony,en,2,NOUN,35.376274,15.47896
pocket,en,2,NOUN,50.740532,-0.66509813
treasury,en,1,NOUN,3.69564,-6.746272
clothes,en,11,NOUN,56.296024,-0.25919926
fur,en,7,NOUN,60.671085,-4.6491485
marble,en,38,NOUN,39.0613,-21.184912
motto,en,4,NOUN,-7.0204625,-33.319103
brass,en,2,NOUN,43.948704,-20.322603
bag,en,3,NOUN,51.154846,-1.5548742
skull,en,2,NOUN,56.43197,12.455045
quantity,en,11,NOUN,13.976016,26.25609
barrier,en,1,NOUN,19.268677,14.022186
silence,en,2,NOUN,39.088566,13.283637
exterior,en,1,NOUN,37.797165,-26.73318
imprisonment,en,1,NOUN,38.029472,39.490353
builder,en,1,NOUN,26.208261,5.424976
arrow,en,2,NOUN,63.128765,8.054601
bread,en,2,NOUN,58.11615,-17.81377
nest,en,2,NOUN,60.969902,-20.198883
prey,en,2,NOUN,61.595333,-19.958326
mathematician,en,1,NOUN,21.386889,-16.031416
inscription,en,8,NOUN,34.981487,-21.195345
demonstration,en,1,NOUN,20.12246,16.7252
invitation,en,1,NOUN,-5.813441,-0.99318933
fever,en,5,NOUN,52.071266,22.906765
empress,en,22,NOUN,11.837619,-18.398012
clergy,en,1,NOUN,23.750729,-21.991802
breast,en,4,NOUN,55.2939,14.044994
beast,en,3,NOUN,37.54771,0.5507652
griffin,en,2,NOUN,55.097614,-31.02673
proportion,en,10,NOUN,13.878181,25.725878
ceiling,en,1,NOUN,38.405785,-25.73435
excess,en,3,NOUN,13.035583,26.131931
hanging,en,1,NOUN,52.620907,3.7293494
invention,en,4,NOUN,27.84265,7.4368706
manufacture,en,1,NOUN,27.212868,6.369362
cabin,en,1,NOUN,41.09505,-13.877814
tongue,en,2,NOUN,57.96421,10.599869
fountain,en,16,NOUN,35.479362,-22.836626
strait,en,8,NOUN,23.298216,-33.670082
alphabet,en,1,NOUN,-4.692069,-29.700964
shirt,en,1,NOUN,57.19057,1.285629
acre,en,1,NOUN,19.640192,5.7069125
finger,en,4,NOUN,54.792355,8.448254
spite,en,4,NOUN,32.738525,33.243076
troop,en,1,NOUN,4.7226324,2.8933094
corn,en,5,NOUN,53.093838,-19.852152
pleasure,en,53,NOUN,32.62776,13.123002
faction,en,1,NOUN,2.141305,-4.2770967
olive,en,3,NOUN,55.375214,-20.714731
treasurer,en,1,NOUN,3.9035232,-7.6889873
sally,en,1,NOUN,42.80355,0.018932898
silk,en,7,NOUN,57.29425,-3.5530198
pageant,en,1,NOUN,33.69172,6.1861315
objection,en,1,NOUN,21.866083,34.23301
brilliant,en,1,NOUN,29.521059,11.648332
creature,en,14,NOUN,37.736397,0.097338885
puppet,en,1,NOUN,40.62869,-0.48382127
ear,en,4,NOUN,56.16327,10.759105
altar,en,4,NOUN,30.878817,-21.660147
discharge,en,1,NOUN,11.307923,20.923906
penny,en,1,NOUN,42.87045,3.0397809
mud,en,1,NOUN,46.83331,-18.36895
honey,en,3,NOUN,57.25033,-19.930603
trunk,en,2,NOUN,65.05743,1.3558582
handful,en,1,NOUN,16.395332,24.844511
dish,en,9,NOUN,57.951294,-16.12027
luxury,en,3,NOUN,28.311052,3.654692
sake,en,3,NOUN,31.334406,20.910423
torture,en,1,NOUN,38.982464,37.713715
pavilion,en,1,NOUN,34.786953,-23.537645
knife,en,3,NOUN,62.046173,6.814231
yesterday,en,16,NOUN,23.342299,23.017183
feast,en,3,NOUN,28.444176,-16.560467
leather,en,1,NOUN,55.898933,-2.454308
mercy,en,3,NOUN,33.626583,16.450138
bottle,en,1,NOUN,51.14298,-14.189198
coral,en,1,NOUN,42.575603,-23.193823
rowing,en,1,NOUN,9.247613,-12.777998
wound,en,4,NOUN,54.828777,10.295079
conviction,en,1,NOUN,36.58642,39.712154
regent,en,1,NOUN,11.002966,-18.991182
salary,en,2,NOUN,5.7657795,27.926357
tragedy,en,2,NOUN,33.144802,-10.894174
testimony,en,1,NOUN,32.48337,40.12193
duchess,en,10,NOUN,13.452376,-19.479244
reflection,en,13,NOUN,36.576126,12.491113
booth,en,1,NOUN,41.835842,-15.032769
courage,en,5,NOUN,31.914656,16.587532
ease,en,3,NOUN,21.820269,41.0565
rent,en,1,NOUN,4.3813777,27.398388
verses,en,1,NOUN,30.084797,-10.737349
keeper,en,1,NOUN,19.938803,-12.977638
prospect,en,19,NOUN,19.00704,39.242725
anger,en,1,NOUN,38.4326,31.014698
decoration,en,2,NOUN,38.844357,-17.572565
boot,en,2,NOUN,53.503803,-1.0891312
ribbon,en,6,NOUN,24.664228,11.9664755
infant,en,5,NOUN,18.30533,-4.4792433
correspondent,en,4,NOUN,8.993304,15.697802
bride,en,11,NOUN,23.619406,-6.8147945
sailor,en,1,NOUN,13.191586,-10.619704
burden,en,3,NOUN,21.20141,38.958557
ruby,en,5,NOUN,43.31339,-4.1384077
instant,en,1,NOUN,13.221813,29.664106
calm,en,1,NOUN,36.113438,18.277199
sterling,en,6,NOUN,43.41524,4.0259857
whale,en,1,NOUN,62.731453,-19.120852
justification,en,1,NOUN,22.697262,34.31094
ivory,en,3,NOUN,40.13427,-19.286882
pot,en,5,NOUN,48.537178,-14.600908
patriarch,en,1,NOUN,24.697735,-24.182558
sunshine,en,1,NOUN,16.98065,3.5033479
mob,en,5,NOUN,35.870644,42.161156
virtue,en,7,NOUN,32.260685,19.596207
carnival,en,1,NOUN,34.081856,-3.0350342
hay,en,3,NOUN,53.052795,-20.798923
convent,en,5,NOUN,27.877752,-24.658165
dealer,en,1,NOUN,21.538134,1.4497001
frost,en,1,NOUN,55.638424,-27.120127
reverend,en,2,NOUN,25.157372,-20.703669
prohibition,en,1,NOUN,7.7019334,30.620495
countess,en,8,NOUN,14.29072,-19.35918
sovereignty,en,1,NOUN,-1.7806255,21.356775
breach,en,2,NOUN,29.85778,36.949184
rope,en,1,NOUN,52.888,3.1305423
pension,en,3,NOUN,5.7409925,28.213802
spike,en,1,NOUN,60.547462,8.248032
accommodation,en,4,NOUN,27.71497,1.8807082
gazette,en,1,NOUN,6.951768,16.26963
cloth,en,12,NOUN,56.44866,-2.6645179
strain,en,2,NOUN,48.807125,17.38078
consul,en,1,NOUN,4.4484525,-12.137659
coronation,en,1,NOUN,8.989927,-20.059996
prophet,en,4,NOUN,34.365005,1.8335341
fabric,en,1,NOUN,56.525654,-2.3684263
carriage,en,2,NOUN,44.45899,-26.13648
yacht,en,2,NOUN,9.58363,-12.352902
genius,en,5,NOUN,29.80112,11.495981
continuation,en,3,NOUN,12.155435,13.808951
comfort,en,5,NOUN,38.896862,18.253113
dwarf,en,2,NOUN,9.180913,-28.269484
fold,en,3,NOUN,58.208454,15.125874
happiness,en,10,NOUN,34.64774,16.437315
warehouse,en,1,NOUN,42.345726,-12.325185
miracle,en,5,NOUN,7.100109,-43.58846
leisure,en,3,NOUN,28.765707,3.4281285
wage,en,1,NOUN,6.1842937,27.53847
midway,en,2,NOUN,14.623422,13.049837
scratch,en,1,NOUN,31.988533,8.301264
partition,en,1,NOUN,-0.34886256,22.211432
destiny,en,4,NOUN,34.69698,2.7858374
persecution,en,2,NOUN,40.12083,35.92837
fool,en,3,NOUN,40.45047,11.122735
dirt,en,3,NOUN,46.434513,-19.035852
imagination,en,4,NOUN,33.356403,11.021734
amusement,en,7,NOUN,29.712118,3.2075315
ancestor,en,1,NOUN,15.914922,-9.487549
fence,en,1,NOUN,39.210197,-23.993185
lamb,en,2,NOUN,60.54272,-16.117542
turtle,en,2,NOUN,64.40327,-20.797102
cake,en,3,NOUN,57.06012,-17.668201
curse,en,1,NOUN,35.115578,1.3599311
habit,en,16,NOUN,31.094799,34.875023
exposition,en,1,NOUN,34.544647,-18.291964
oath,en,1,NOUN,29.284073,14.405891
tract,en,1,NOUN,19.416153,6.6148863
courtesy,en,3,NOUN,9.96343,38.511494
amber,en,1,NOUN,43.363342,-4.5163417
deity,en,1,NOUN,38.027794,-3.238832
passport,en,1,NOUN,-3.2905128,8.619409
shame,en,2,NOUN,39.5543,28.469795
laurel,en,1,NOUN,52.904972,-28.426126
stranger,en,7,NOUN,25.43516,-3.1903055
shoe,en,6,NOUN,53.684147,-1.3376443
basket,en,6,NOUN,52.48041,1.3061656
rage,en,1,NOUN,39.815372,31.108465
ceremonial,en,1,NOUN,30.385143,-15.563879
tooth,en,2,NOUN,56.995216,12.616288
mercer,en,1,NOUN,52.742382,-30.939571
meal,en,2,NOUN,58.41862,-15.267391
dominion,en,7,NOUN,-0.24788478,3.107287
medley,en,1,NOUN,33.008434,-5.539668
marquis,en,1,NOUN,13.734785,-18.916723
majesty,en,16,NOUN,10.170197,-21.137291
herb,en,4,NOUN,57.516724,-27.573277
dove,en,1,NOUN,65.595116,-21.816223
beef,en,1,NOUN,59.77847,-16.83214
plague,en,2,NOUN,52.33042,24.233135
pie,en,1,NOUN,56.814674,-17.705206
cement,en,1,NOUN,45.06397,-22.53553
refugee,en,1,NOUN,8.25122,44.520603
vintage,en,1,NOUN,41.302948,-10.042225
gentleman,en,7,NOUN,22.298595,-12.186284
banker,en,1,NOUN,20.280056,1.3028933
smile,en,8,NOUN,40.54197,13.115741
discourse,en,4,NOUN,28.60089,25.022665
chin,en,1,NOUN,59.125298,12.047936
rite,en,1,NOUN,24.024382,-22.99522
civility,en,15,NOUN,31.963257,26.926836
soup,en,1,NOUN,57.89304,-16.615957
dissertation,en,1,NOUN,19.894852,-17.953243
throat,en,5,NOUN,56.072968,10.28941
breath,en,1,NOUN,54.661766,18.428226
alley,en,3,NOUN,31.472706,-33.528187
miniature,en,1,NOUN,39.987263,-8.875961
straw,en,1,NOUN,58.897743,-4.285236
symmetry,en,1,NOUN,43.706745,9.030983
necessity,en,1,NOUN,20.766314,38.42326
disposal,en,3,NOUN,47.32375,-21.444538
mistress,en,11,NOUN,20.718233,-8.807215
bud,en,1,NOUN,57.488953,-27.705744
convenience,en,2,NOUN,23.350946,40.919113
shade,en,11,NOUN,53.681046,-9.431737
lamp,en,4,NOUN,46.267937,-11.215508
bloom,en,3,NOUN,56.843693,-26.444565
denial,en,2,NOUN,31.160563,32.461246
maid,en,16,NOUN,21.068737,-8.993257
parole,en,1,NOUN,37.94149,39.519802
vein,en,3,NOUN,3.1080835,51.702023
pilgrimage,en,1,NOUN,27.578358,-18.000572
antiquity,en,4,NOUN,32.198616,-16.951563
duel,en,1,NOUN,3.4338968,9.242053
darling,en,1,NOUN,17.300873,3.525334
harp,en,1,NOUN,36.854763,-8.610975
sauce,en,1,NOUN,57.93213,-16.75199
thief,en,1,NOUN,25.337267,-2.0184193
sentiment,en,5,NOUN,38.091846,32.537205
privilege,en,8,NOUN,27.189354,36.27463
captive,en,1,NOUN,39.796986,40.25069
wool,en,1,NOUN,57.840786,-4.344526
lumber,en,1,NOUN,48.03489,-23.62785
turret,en,1,NOUN,48.59268,-7.4686384
goat,en,1,NOUN,62.946144,-15.3917465
meadow,en,2,NOUN,51.18846,-23.114664
sic,en,103,NOUN,82.46149,6.25288
ruin,en,15,NOUN,25.371887,-29.477142
devotion,en,9,NOUN,32.959293,18.23589
noon,en,1,NOUN,15.280553,7.5052686
niece,en,2,NOUN,17.703625,-7.475908
patronage,en,1,NOUN,25.86436,-16.13282
patience,en,1,NOUN,34.50786,29.883322
tear,en,8,NOUN,53.573463,10.349127
peasant,en,6,NOUN,13.612597,-15.577468
murderer,en,1,NOUN,36.862797,41.717487
innocence,en,1,NOUN,35.835045,39.408028
abundance,en,7,NOUN,17.32554,22.448711
carpet,en,10,NOUN,54.43014,-3.53804
homage,en,1,NOUN,32.559216,-13.341083
beard,en,5,NOUN,58.07189,5.0652494
discretion,en,4,NOUN,27.721117,35.77196
garland,en,5,NOUN,54.72188,-29.667234
hazard,en,4,NOUN,14.845816,43.996193
obligation,en,1,NOUN,8.714131,29.66827
sect,en,4,NOUN,21.9185,-23.446009
satisfaction,en,3,NOUN,26.984913,31.838945
butter,en,1,NOUN,57.61794,-18.310379
repository,en,2,NOUN,10.560893,-36.434105
lemon,en,3,NOUN,55.78071,-19.421093
procession,en,6,NOUN,28.885887,-16.214468
jaw,en,1,NOUN,56.711407,12.122272
hatred,en,1,NOUN,38.42108,31.587208
spire,en,1,NOUN,37.46997,-27.751122
hut,en,2,NOUN,40.29092,-13.207847
humour,en,8,NOUN,34.627567,22.810625
niche,en,1,NOUN,39.914356,-30.24523
wax,en,4,NOUN,39.946037,-20.23782
motive,en,2,NOUN,25.212559,43.854317
pigeon,en,2,NOUN,65.4668,-21.307081
pillar,en,22,NOUN,36.949646,-22.90754
ignorance,en,6,NOUN,34.157547,28.229345
tavern,en,2,NOUN,37.76655,-13.345784
glasses,en,3,NOUN,44.421196,-9.933415
thickness,en,1,NOUN,46.458782,9.763886
preacher,en,2,NOUN,24.529514,-19.638586
resemblance,en,1,NOUN,26.918863,9.794485
weakness,en,3,NOUN,46.53123,19.48887
worm,en,1,NOUN,38.53128,-0.19643262
lip,en,1,NOUN,57.58203,10.828944
antique,en,2,NOUN,41.436386,-10.066178
velvet,en,6,NOUN,54.943485,-2.8167431
toilet,en,1,NOUN,45.660446,-15.225318
divinity,en,1,NOUN,20.612236,-19.235191
sleeve,en,10,NOUN,55.40444,1.9904116
saddle,en,1,NOUN,61.965492,-11.078639
blessing,en,2,NOUN,26.123962,-18.123837
vine,en,8,NOUN,54.916454,-25.161968
packet,en,1,NOUN,6.746452,18.627815
jewel,en,21,NOUN,43.3687,-2.6291575
tent,en,5,NOUN,40.414356,-13.322565
distress,en,1,NOUN,49.496952,23.372963
corpse,en,1,NOUN,52.209976,6.1082597
conscience,en,4,NOUN,30.239548,24.995535
ass,en,2,NOUN,46.999287,-3.9505453
bravery,en,1,NOUN,26.396687,13.350774
morality,en,3,NOUN,30.16491,25.03565
compass,en,4,NOUN,5.1942377,-32.97248
curtain,en,1,NOUN,39.29379,-24.898634
liquor,en,2,NOUN,52.030003,-15.639746
bleeding,en,1,NOUN,54.1181,16.791195
cascade,en,2,NOUN,17.11302,-33.692936
mankind,en,12,NOUN,36.349968,9.211185
creed,en,1,NOUN,20.152313,-21.080627
remark,en,3,NOUN,26.68436,28.138525
lent,en,2,NOUN,28.26495,-14.978761
glance,en,1,NOUN,22.781485,26.726131
repetition,en,2,NOUN,26.384457,25.390778
wit,en,8,NOUN,34.68818,22.591854
wight,en,1,NOUN,68.61705,11.339984
merchandise,en,4,NOUN,25.15461,3.5190427
midst,en,14,NOUN,32.768703,33.356937
needle,en,3,NOUN,50.99449,2.4777741
courier,en,4,NOUN,6.601775,16.923813
ascent,en,1,NOUN,19.54477,-30.52086
lattice,en,6,NOUN,43.743973,9.0148735
regret,en,5,NOUN,40.022987,29.625336
exemption,en,1,NOUN,7.4392133,29.345564
hint,en,2,NOUN,22.426332,26.999031
grief,en,3,NOUN,41.526215,28.556126
nun,en,4,NOUN,26.712114,-25.164398
maxim,en,1,NOUN,46.86405,-7.535463
bliss,en,2,NOUN,34.13154,13.853957
assurance,en,1,NOUN,4.0292196,21.521029
ditch,en,2,NOUN,28.376913,-31.163893
steward,en,2,NOUN,18.915068,-12.954857
proceeding,en,1,NOUN,16.973166,16.087673
prophecy,en,1,NOUN,34.52123,1.9192445
livery,en,1,NOUN,9.515757,-7.798877
deed,en,1,NOUN,28.409283,14.620165
spear,en,1,NOUN,62.644382,7.2015753
expectation,en,2,NOUN,26.622086,31.902956
serpent,en,1,NOUN,38.101078,-0.82353145
nail,en,2,NOUN,57.52699,12.58394
scrap,en,1,NOUN,46.490063,-21.697771
ransom,en,2,NOUN,2.7737439,29.050423
curiosity,en,34,NOUN,32.82067,11.282619
emerald,en,8,NOUN,43.253098,-3.2079322
mutiny,en,1,NOUN,0.86643755,7.5143948
hind,en,1,NOUN,57.48779,7.9820814
apostle,en,2,NOUN,26.327858,-20.79929
preface,en,1,NOUN,27.364191,-11.501162
ensign,en,1,NOUN,2.8514774,-0.49056962
disappointment,en,2,NOUN,36.611595,31.298086
nut,en,1,NOUN,56.338596,-22.124434
pardon,en,8,NOUN,37.05421,38.41686
muse,en,1,NOUN,29.71924,-7.9935403
sermon,en,2,NOUN,24.702288,-19.07576
manners,en,9,NOUN,32.828358,25.018095
scripture,en,3,NOUN,21.817057,-20.007055
atheist,en,1,NOUN,19.067593,-23.017412
fam,en,1,NOUN,-3.5369077,-29.974838
spice,en,1,NOUN,55.19062,-17.101297
encouragement,en,1,NOUN,29.320518,18.73648
dart,en,1,NOUN,63.231068,8.535974
affection,en,3,NOUN,29.752865,17.864761
canopy,en,2,NOUN,39.20936,-26.81128
gesture,en,3,NOUN,30.736618,19.353462
tiffany,en,1,NOUN,43.35076,-4.874273
limb,en,1,NOUN,53.113506,13.854846
vineyard,en,1,NOUN,52.52314,-16.96321
pamphlet,en,1,NOUN,26.67297,-11.543584
cheek,en,3,NOUN,57.76081,10.607623
camel,en,3,NOUN,62.817574,-12.796794
fig,en,2,NOUN,55.97186,-22.986877
heron,en,1,NOUN,66.44645,-20.999756
interpreter,en,5,NOUN,22.835857,6.616516
remembrance,en,1,NOUN,30.375423,-13.872934
feather,en,3,NOUN,59.716106,1.8041346
elbow,en,1,NOUN,52.88123,9.576785
plaster,en,1,NOUN,39.334404,-20.81164
dissent,en,1,NOUN,37.620495,33.55155
inclination,en,9,NOUN,27.536757,22.670942
weed,en,2,NOUN,52.335342,-23.312687
elector,en,4,NOUN,13.572415,-21.479895
brethren,en,1,NOUN,24.025753,-21.150198
vain,en,5,NOUN,32.49705,22.158672
severity,en,1,NOUN,49.737267,19.78688
shower,en,1,NOUN,45.409187,-15.092233
envoy,en,6,NOUN,5.3546147,-10.870233
caravan,en,1,NOUN,39.512337,-12.044195
serge,en,1,NOUN,69.26556,-3.672934
scar,en,1,NOUN,54.105198,12.818791
thorn,en,1,NOUN,60.083008,-26.757933
delight,en,4,NOUN,33.18169,13.45748
epithet,en,2,NOUN,50.36923,34.97185
amour,en,3,NOUN,69.61591,-5.0050488
sickness,en,1,NOUN,50.44222,22.786243
negotiation,en,1,NOUN,-2.4449832,23.682348
efficacy,en,1,NOUN,51.554512,20.283344
traveller,en,13,NOUN,12.297901,-8.565032
pencil,en,4,NOUN,50.270256,-3.90609
novelty,en,5,NOUN,28.062923,7.7398853
contempt,en,2,NOUN,36.78755,29.681055
spectator,en,2,NOUN,8.400205,16.795841
defect,en,3,NOUN,50.388733,17.498844
hedge,en,1,NOUN,19.917221,3.1574569
fatigue,en,12,NOUN,49.02702,18.264278
carving,en,1,NOUN,38.183907,-19.700949
usher,en,1,NOUN,22.792479,-11.579735
scribe,en,1,NOUN,30.668299,-11.744756
neighbour,en,5,NOUN,15.318905,-7.000178
purse,en,3,NOUN,48.80874,0.3542828
fortification,en,4,NOUN,27.154379,-30.803528
gallantry,en,7,NOUN,26.23052,13.183975
contradiction,en,2,NOUN,23.471294,31.95035
cypress,en,4,NOUN,52.24172,-26.921942
disposition,en,3,NOUN,36.433517,22.636602
barge,en,1,NOUN,9.618475,-11.775239
glove,en,1,NOUN,52.345627,-0.22866829
jar,en,5,NOUN,50.761353,-14.168385
perfection,en,5,NOUN,35.847267,15.984651
oyster,en,1,NOUN,62.816746,-20.814875
pity,en,8,NOUN,39.834396,28.289072
groom,en,2,NOUN,23.519697,-6.9141474
porcelain,en,2,NOUN,43.175728,-9.957185
highness,en,3,NOUN,10.812813,-21.244343
veil,en,9,NOUN,55.86662,0.9808085
oppression,en,3,NOUN,40.209217,35.210693
dowager,en,1,NOUN,12.184846,-18.703415
poultry,en,1,NOUN,61.149033,-16.83863
sweat,en,1,NOUN,55.162323,17.654562
pun,en,1,NOUN,48.735985,32.917965
cruelty,en,1,NOUN,38.607937,35.461063
multitude,en,1,NOUN,16.549686,23.950655
waist,en,3,NOUN,54.840847,4.046525
commendation,en,1,NOUN,24.394926,12.844825
attendant,en,4,NOUN,18.880033,-11.212065
compassion,en,4,NOUN,33.775925,17.430063
ox,en,1,NOUN,63.173695,-14.230862
aristocracy,en,1,NOUN,14.654489,-15.976062
claw,en,2,NOUN,60.604492,8.1506605
temper,en,4,NOUN,35.04533,30.384094
estimation,en,1,NOUN,15.291987,29.620533
imitation,en,2,NOUN,28.595978,8.937649
lute,en,1,NOUN,36.85446,-8.551624
thence,en,7,NOUN,16.971825,16.02981
beau,en,1,NOUN,68.72841,-5.825677
vase,en,1,NOUN,37.450573,-18.771004
aqueduct,en,3,NOUN,20.317162,-38.56744
fidelity,en,1,NOUN,27.592007,20.907232
diversion,en,22,NOUN,11.421208,20.285366
sorrow,en,5,NOUN,41.71838,28.290947
gunpowder,en,1,NOUN,48.889366,-8.991823
scent,en,2,NOUN,55.312355,-13.173048
infancy,en,1,NOUN,17.847204,-4.4136286
candle,en,7,NOUN,46.05012,-11.560635
allowance,en,1,NOUN,6.800318,28.914429
parcel,en,2,NOUN,19.698883,5.69317
breeze,en,2,NOUN,16.446697,3.2996967
acquaintance,en,13,NOUN,15.377878,-6.034812
liar,en,1,NOUN,32.200455,30.157518
vent,en,1,NOUN,51.09608,-10.793403
pause,en,1,NOUN,25.963015,24.627977
defiance,en,1,NOUN,39.795452,32.794514
mule,en,1,NOUN,62.786064,-13.027063
teller,en,1,NOUN,22.006529,3.114418
admiration,en,6,NOUN,29.472012,18.107786
omnibus,en,1,NOUN,-18.030174,-46.2616
flock,en,5,NOUN,65.71762,-18.567436
jealousy,en,2,NOUN,38.572067,30.986868
crook,en,1,NOUN,62.359283,1.821869
temptation,en,1,NOUN,38.34,8.905618
overture,en,1,NOUN,33.847816,-7.5778093
partridge,en,1,NOUN,65.919,-21.37524
oven,en,2,NOUN,47.10314,-13.686092
confinement,en,4,NOUN,38.714012,39.594063
lace,en,5,NOUN,55.80231,-3.597205
injustice,en,2,NOUN,39.820747,35.069378
nightingale,en,2,NOUN,66.37336,-22.46737
omission,en,1,NOUN,25.785254,29.73679
sable,en,7,NOUN,62.02762,-2.3554094
rag,en,1,NOUN,52.895573,-4.111009
gardener,en,3,NOUN,23.83608,-14.6168165
forehead,en,7,NOUN,56.277946,9.588753
pulpit,en,3,NOUN,30.099705,-21.989729
chariot,en,1,NOUN,39.95437,-3.7289429
pavement,en,10,NOUN,46.194286,-19.248812
supper,en,4,NOUN,29.007492,-18.93093
champaign,en,1,NOUN,52.45617,-31.494183
squire,en,1,NOUN,23.00867,-12.589326
couch,en,1,NOUN,43.865696,-15.49947
accomplishment,en,2,NOUN,23.492706,16.591814
breadth,en,1,NOUN,45.40415,11.558801
misery,en,3,NOUN,41.343723,27.068022
gratitude,en,2,NOUN,31.219902,18.175377
baggage,en,3,NOUN,10.299563,-6.895903
pasture,en,1,NOUN,51.420765,-22.624352
lad,en,1,NOUN,21.69655,-3.453342
skirt,en,1,NOUN,56.424263,1.2879838
kettle,en,1,NOUN,48.682144,-14.914134
chairmen,en,1,NOUN,3.2088654,-8.622151
mummy,en,2,NOUN,35.293728,-0.34045443
vest,en,3,NOUN,57.367546,2.2618885
archduke,en,1,NOUN,13.328988,-21.101517
circumstance,en,5,NOUN,22.612785,37.736767
necklace,en,2,NOUN,48.51332,1.2408669
constraint,en,1,NOUN,16.57798,28.484173
heap,en,2,NOUN,48.61761,-20.379059
coarse,en,4,NOUN,41.62517,17.715094
goodness,en,12,NOUN,34.494923,17.806953
cock,en,2,NOUN,47.04699,-5.1856637
sine,en,2,NOUN,78.35877,2.414599
heroism,en,1,NOUN,26.421566,13.436673
posture,en,2,NOUN,49.514935,14.817036
portico,en,2,NOUN,36.608753,-25.78408
flavour,en,1,NOUN,55.494637,-16.15869
bumper,en,1,NOUN,46.216545,-0.6731365
prelate,en,1,NOUN,25.0002,-23.310163
pedigree,en,1,NOUN,67.119354,-16.675621
hurry,en,2,NOUN,25.292383,22.692581
prodigy,en,1,NOUN,20.698578,-2.1403177
carp,en,1,NOUN,63.352207,-19.985489
piercing,en,1,NOUN,61.1789,11.072804
robe,en,7,NOUN,57.752934,0.15806805
bargain,en,2,NOUN,2.4777362,28.116468
nectar,en,1,NOUN,57.50173,-21.800417
resentment,en,2,NOUN,38.064865,31.900915
linen,en,2,NOUN,56.82823,-3.207303
englishman,en,1,NOUN,22.099688,-12.29448
sulphur,en,2,NOUN,48.457676,-25.607899
pea,en,1,NOUN,58.95178,-22.930737
spectacle,en,3,NOUN,38.18042,11.411104
obedience,en,1,NOUN,33.045654,19.20592
regnum,en,2,NOUN,83.97422,-0.046717852
plank,en,1,NOUN,50.076286,-27.246399
enjoyment,en,1,NOUN,32.531666,13.122216
geese,en,1,NOUN,65.56489,-19.344063
vow,en,2,NOUN,29.438293,14.563225
symptom,en,1,NOUN,50.364143,19.679605
consolation,en,1,NOUN,35.5431,13.232134
creep,en,1,NOUN,47.336937,16.774267
folly,en,2,NOUN,38.09085,25.371706
boar,en,1,NOUN,64.43877,-14.842195
perfume,en,8,NOUN,55.274586,-13.144541
melon,en,1,NOUN,57.47194,-22.654202
gown,en,4,NOUN,57.21458,0.23626193
clasp,en,2,NOUN,24.73393,12.486371
bastion,en,2,NOUN,27.720573,-30.190445
pear,en,1,NOUN,57.129906,-22.870993
shoemaker,en,1,NOUN,41.780987,-7.2460017
plume,en,1,NOUN,51.08519,-10.771143
vizier,en,9,NOUN,38.978683,-36.107727
enquiry,en,1,NOUN,28.703287,41.480045
pedestal,en,2,NOUN,36.497093,-22.095528
excursion,en,1,NOUN,10.929527,-8.179828
discontent,en,1,NOUN,37.79198,32.237602
epistle,en,1,NOUN,24.469172,-18.667936
stove,en,8,NOUN,46.96787,-13.794917
solitude,en,2,NOUN,37.037655,13.53379
obscurity,en,1,NOUN,43.435795,24.917086
gallant,en,4,NOUN,26.704996,12.953674
robber,en,1,NOUN,25.445494,-1.7238512
rarity,en,3,NOUN,18.297052,21.440334
lodging,en,7,NOUN,27.740988,1.9001186
aga,en,3,NOUN,39.31088,-37.00106
roaring,en,1,NOUN,45.544502,14.581312
seamen,en,1,NOUN,13.190537,-12.157809
tapestry,en,2,NOUN,55.289967,-5.052606
epitaph,en,1,NOUN,34.068787,-20.87631
mum,en,1,NOUN,19.677494,-5.025616
wreath,en,1,NOUN,37.081245,-21.354792
ado,en,5,NOUN,24.025272,-10.32859
strap,en,1,NOUN,53.419872,2.9070084
adversary,en,1,NOUN,4.1733594,7.234556
farce,en,2,NOUN,39.581314,10.405972
foreigner,en,1,NOUN,24.001541,-4.2995806
envy,en,5,NOUN,38.974022,30.52767
malice,en,3,NOUN,34.73286,32.12611
fable,en,2,NOUN,31.962679,-1.5792532
brute,en,1,NOUN,44.1921,22.457605
isthmus,en,1,NOUN,22.893127,-32.877205
lisp,en,1,NOUN,23.21586,6.9110928
reaper,en,1,NOUN,63.05907,5.705437
pudding,en,1,NOUN,57.134533,-17.467531
loaf,en,1,NOUN,58.73523,-18.053427
madam,en,25,NOUN,21.215216,-9.449066
circumference,en,2,NOUN,46.54331,9.923992
obelisk,en,1,NOUN,35.56613,-21.710222
stair,en,7,NOUN,37.59481,-25.258137
whisper,en,3,NOUN,40.38404,13.040218
warmth,en,3,NOUN,38.971073,18.522917
disgrace,en,2,NOUN,38.73846,28.63629
quarrel,en,8,NOUN,36.308273,32.688675
embroidery,en,8,NOUN,55.780296,-4.684687
cloister,en,4,NOUN,28.711159,-24.633692
piety,en,1,NOUN,33.055878,18.795086
rambling,en,1,NOUN,27.033264,26.31094
pence,en,1,NOUN,42.73942,4.2458277
generosity,en,4,NOUN,31.949703,18.232254
bracelet,en,2,NOUN,48.566597,1.190399
bribe,en,3,NOUN,2.6801238,28.284763
quid,en,1,NOUN,80.078545,5.298452
applause,en,1,NOUN,26.835459,18.375423
ornament,en,5,NOUN,39.053604,-17.533123
quarantine,en,1,NOUN,13.299075,44.46236
counsellor,en,1,NOUN,5.231082,-9.37782
extremity,en,2,NOUN,22.623404,-31.94172
passer,en,1,NOUN,17.22915,13.587632
cough,en,1,NOUN,54.29495,19.179144
stork,en,1,NOUN,66.64596,-20.799948
stag,en,3,NOUN,64.49755,-14.686127
parting,en,1,NOUN,26.087933,-6.8315578
dread,en,1,NOUN,41.552853,30.911121
causa,en,1,NOUN,80.87701,-1.530784
admirer,en,1,NOUN,15.497894,-5.7104163
zeal,en,5,NOUN,32.88843,20.475258
greatness,en,1,NOUN,36.788387,16.847858
abbess,en,2,NOUN,27.000738,-25.123535
wig,en,3,NOUN,57.72011,3.7849638
cupola,en,4,NOUN,37.236477,-26.532658
hypocrisy,en,1,NOUN,34.110542,28.499296
tulip,en,1,NOUN,57.40431,-24.348637
mischief,en,1,NOUN,34.790955,32.108574
annunciation,en,1,NOUN,29.532034,-20.132116
recollection,en,1,NOUN,25.127682,27.202158
forfeit,en,1,NOUN,0.33935127,27.566074
agony,en,2,NOUN,41.80388,27.929998
beggar,en,2,NOUN,24.975386,-2.4007654
fortnight,en,3,NOUN,12.873571,8.424618
indifference,en,3,NOUN,36.293827,28.318537
rake,en,1,NOUN,44.642166,-26.76126
sledge,en,1,NOUN,11.457997,-3.2451959
tub,en,1,NOUN,45.87985,-15.784854
adoration,en,3,NOUN,29.721119,-19.868414
intrigue,en,3,NOUN,34.430706,34.65256
penance,en,2,NOUN,30.28262,14.861939
metamorphosis,en,1,NOUN,36.421368,-1.4228743
moderation,en,1,NOUN,34.194973,21.014349
dung,en,1,NOUN,49.074097,-20.197613
plough,en,1,NOUN,51.275578,-20.440176
ridicule,en,2,NOUN,35.4306,27.737085
thirst,en,1,NOUN,42.98534,28.197302
roast,en,1,NOUN,58.762848,-16.243902
richness,en,2,NOUN,17.408,22.283699
courtier,en,1,NOUN,15.913416,-15.900128
wearer,en,1,NOUN,55.383114,3.5790317
tempore,en,1,NOUN,80.06829,-0.7777564
compliment,en,22,NOUN,27.862993,18.669931
masquerade,en,1,NOUN,34.331665,-2.71787
promontory,en,4,NOUN,22.62914,-32.112095
emulation,en,1,NOUN,24.058884,7.362798
pew,en,1,NOUN,29.108994,-22.300343
humility,en,2,NOUN,33.924374,18.68974
superstition,en,2,NOUN,27.92324,30.188116
pebble,en,1,NOUN,41.424328,-22.39937
galley,en,1,NOUN,11.431031,-12.016619
edifice,en,1,NOUN,36.13274,-27.464432
remorse,en,1,NOUN,40.05653,29.683079
misfortune,en,5,NOUN,41.8661,26.687698
rump,en,1,NOUN,57.117424,7.7227345
veneration,en,1,NOUN,27.920315,-18.036428
vermilion,en,1,NOUN,48.444843,-25.759901
haste,en,6,NOUN,25.596113,22.755062
doge,en,2,NOUN,82.635666,-4.845896
nymph,en,3,NOUN,36.8018,-2.0386302
satin,en,1,NOUN,55.172817,-2.9643872
veracity,en,2,NOUN,25.554594,33.730698
swain,en,2,NOUN,54.09619,-31.495983
cushion,en,9,NOUN,52.956474,1.6493003
neuter,en,1,NOUN,50.921547,33.80992
sincerity,en,2,NOUN,34.855244,19.23788
loom,en,2,NOUN,56.979748,-5.2090898
cur,en,1,NOUN,84.21977,5.7043633
virginity,en,1,NOUN,21.72038,-5.4444284
reverence,en,1,NOUN,33.249413,18.053135
rapture,en,2,NOUN,35.906624,4.624359
prerogative,en,2,NOUN,27.362553,36.11924
kneeling,en,1,NOUN,31.160751,-20.955175
devotee,en,1,NOUN,37.145573,-4.0785513
pheasant,en,1,NOUN,65.56629,-20.912012
scarf,en,1,NOUN,56.70576,0.6496372
crucifix,en,3,NOUN,30.871315,-21.387009
postscript,en,1,NOUN,23.022331,6.7627993
grandeur,en,2,NOUN,38.133907,16.253073
treachery,en,1,NOUN,35.632072,34.153587
elegy,en,1,NOUN,30.109203,-9.411001
curiam,en,1,NOUN,76.25114,8.19398
aversion,en,3,NOUN,36.311485,28.169643
stool,en,1,NOUN,49.62119,5.4635167
haram,en,1,NOUN,40.453987,-35.98746
noblemen,en,1,NOUN,14.902055,-15.612181
mufti,en,1,NOUN,39.39678,-36.181534
fowl,en,3,NOUN,65.39404,-19.29161
schoolmaster,en,1,NOUN,22.540512,-14.046223
snuff,en,1,NOUN,53.3617,-14.308026
exaggeration,en,1,NOUN,32.296837,28.636463
gilt,en,15,NOUN,39.78199,-18.047808
displeasure,en,1,NOUN,37.139545,31.25087
possum,en,1,NOUN,66.77727,-19.826178
stupidity,en,3,NOUN,34.19608,27.709938
inconvenience,en,2,NOUN,23.738592,40.427567
decency,en,1,NOUN,31.294388,26.689417
parson,en,1,NOUN,22.94573,-13.99556
shilling,en,1,NOUN,42.74576,4.33001
matron,en,1,NOUN,20.017845,-10.074063
towel,en,1,NOUN,51.905407,-2.463321
bead,en,1,NOUN,50.543617,1.6467831
contemplation,en,1,NOUN,36.186546,13.687349
drawer,en,3,NOUN,51.034008,-1.3964443
nutshell,en,1,NOUN,22.174538,32.11917
sofa,en,13,NOUN,43.760937,-15.154969
oxen,en,2,NOUN,62.51854,-14.283515
sepulchre,en,2,NOUN,30.703562,-23.105804
cookery,en,1,NOUN,56.72302,-14.7972555
stiffness,en,1,NOUN,48.912533,17.308056
modesty,en,1,NOUN,34.15817,19.14091
servitude,en,1,NOUN,41.227158,38.006073
brow,en,3,NOUN,58.14224,9.163338
eunuch,en,4,NOUN,11.82601,-17.388552
rampart,en,1,NOUN,28.039116,-30.889513
excellency,en,3,NOUN,10.480654,-21.648983
fondness,en,2,NOUN,29.71011,17.521135
incursion,en,1,NOUN,2.635448,5.546034
midwife,en,1,NOUN,19.603346,-10.341907
dresser,en,1,NOUN,53.839012,-4.985902
aloe,en,1,NOUN,55.602375,-24.914152
spleen,en,1,NOUN,54.98215,15.970236
laity,en,1,NOUN,23.751999,-21.924438
inhabitant,en,4,NOUN,72.49307,0.34520918
exclamation,en,1,NOUN,48.27549,33.455837
vapour,en,1,NOUN,49.42386,-11.7493925
deceit,en,1,NOUN,34.8374,33.546978
heretics,en,1,NOUN,21.867802,-22.65362
stocking,en,1,NOUN,58.173412,-5.320555
basset,en,1,NOUN,66.80404,-9.742583
parlour,en,1,NOUN,43.127167,-13.405483
absurdity,en,2,NOUN,33.916725,27.041677
formality,en,1,NOUN,32.07035,25.46156
sweetness,en,8,NOUN,40.199295,18.239277
antiquary,en,3,NOUN,22.011702,-13.762744
slipper,en,2,NOUN,53.81067,-2.7802346
splendor,en,1,NOUN,38.39848,15.465782
florin,en,1,NOUN,0.7657448,-30.253954
broth,en,1,NOUN,57.9854,-16.527805
carcass,en,1,NOUN,61.572987,-17.943188
indulgence,en,1,NOUN,30.978273,15.450958
diverting,en,1,NOUN,11.462058,20.216091
wafer,en,1,NOUN,47.72192,-12.726203
piquet,en,1,NOUN,6.349078,-15.625407
cripple,en,1,NOUN,45.582157,15.506977
fortitude,en,1,NOUN,32.509525,16.797571
archduchess,en,1,NOUN,13.303499,-20.96595
countryman,en,1,NOUN,13.71814,-6.4488835
garret,en,1,NOUN,41.505024,-15.206445
nunnery,en,1,NOUN,27.362875,-25.357002
precaution,en,1,NOUN,13.907906,43.844036
imperium,en,3,NOUN,-1.6925004,-34.734253
proverb,en,1,NOUN,49.35012,32.74964
girdle,en,4,NOUN,54.85694,4.7581673
impartiality,en,1,NOUN,28.59611,33.63142
tenderness,en,4,NOUN,39.564934,18.972488
grievance,en,1,NOUN,29.2655,38.73818
pippin,en,1,NOUN,24.226048,-12.026499
eloquence,en,1,NOUN,35.02104,20.9596
gallop,en,1,NOUN,62.74155,-11.330519
woolen,en,2,NOUN,57.603436,-4.888292
falsehood,en,3,NOUN,31.706017,30.46364
woodbine,en,1,NOUN,52.571766,-29.260275
vagabond,en,1,NOUN,24.785885,-2.962682
granary,en,1,NOUN,51.81699,-19.352684
puddle,en,1,NOUN,46.736378,-17.71464
jest,en,1,NOUN,47.262676,31.08226
carnation,en,1,NOUN,57.905106,-25.346079
vial,en,1,NOUN,51.202972,-13.284069
canister,en,1,NOUN,49.33061,-9.253312
complexion,en,7,NOUN,57.318207,5.591122
retinue,en,1,NOUN,15.148181,-15.0540285
alabaster,en,1,NOUN,39.057205,-20.604555
mourn,en,3,NOUN,41.935467,28.97545
indignation,en,2,NOUN,37.4102,30.582943
laziness,en,5,NOUN,34.42326,27.865143
statuary,en,1,NOUN,37.096043,-20.141735
subordination,en,2,NOUN,42.06129,35.54986
smock,en,3,NOUN,58.057766,-6.8467913
repose,en,5,NOUN,29.683422,-17.593794
splendour,en,1,NOUN,38.379368,15.583311
cistern,en,2,NOUN,33.096268,-26.06144
expedient,en,2,NOUN,20.770172,38.272396
ermine,en,3,NOUN,61.869305,-2.276579
sowing,en,1,NOUN,52.18802,-21.722301
apothecary,en,2,NOUN,20.9779,-14.457784
scimitar,en,2,NOUN,63.596916,7.4748564
bridegroom,en,1,NOUN,23.544657,-6.7792807
baboon,en,1,NOUN,64.32745,-16.383715
workmanship,en,1,NOUN,39.66828,16.14218
dashing,en,1,NOUN,28.81997,11.624275
politeness,en,3,NOUN,32.246887,25.680187
raz,en,1,NOUN,65.74509,5.4127717
handkerchief,en,10,NOUN,55.210083,-0.06326486
candlestick,en,3,NOUN,45.65606,-11.768982
agate,en,2,NOUN,41.13235,-20.782858
supposition,en,1,NOUN,23.924253,32.202946
generality,en,1,NOUN,16.648514,28.59981
deformity,en,3,NOUN,50.43721,16.965336
tradesmen,en,2,NOUN,14.028522,-12.691835
enchantment,en,5,NOUN,38.166115,3.3457701
hann,en,1,NOUN,58.139626,-32.5636
scythe,en,1,NOUN,62.763428,6.1645255
arrears,en,1,NOUN,4.6368437,28.378855
vigour,en,1,NOUN,37.52723,19.721735
urbe,en,1,NOUN,83.869705,-2.5509236
petticoat,en,7,NOUN,57.72526,-0.8347671
spout,en,1,NOUN,48.743607,-15.080317
bulwark,en,1,NOUN,27.79083,-29.910946
stoop,en,1,NOUN,46.42108,-5.3075895
refreshment,en,3,NOUN,27.734539,1.7496053
blackness,en,1,NOUN,42.11334,23.647608
precept,en,1,NOUN,27.04062,15.901448
jeweller,en,3,NOUN,42.184395,-8.00225
quackery,en,1,NOUN,29.39716,30.309067
porphyry,en,2,NOUN,39.06065,-21.816023
rebus,en,1,NOUN,83.50679,3.975709
pox,en,4,NOUN,52.630672,23.368374
alm,en,1,NOUN,24.10573,1.3026285
brim,en,1,NOUN,56.660892,1.8773341
lustre,en,1,NOUN,41.136288,16.224182
divan,en,2,NOUN,38.625572,-35.313587
threshing,en,1,NOUN,52.40121,-20.264795
hardiness,en,1,NOUN,40.03457,20.096157
countenance,en,3,NOUN,36.507683,23.054514
damsel,en,2,NOUN,26.68332,-1.1368878
elysium,en,1,NOUN,36.43113,5.602939
silken,en,1,NOUN,58.04035,-3.0442162
grate,en,4,NOUN,46.973064,-14.149693
bosom,en,5,NOUN,49.931698,4.7236686
feasting,en,1,NOUN,28.337605,-16.424183
bough,en,1,NOUN,54.511948,-26.633722
clove,en,1,NOUN,56.33793,-21.08451
confidante,en,1,NOUN,16.231667,-6.2543097
churning,en,1,NOUN,45.95724,26.27849
irregularity,en,1,NOUN,19.268856,28.45778
coolness,en,1,NOUN,37.059032,18.748337
ombre,en,2,NOUN,69.90043,-5.0641093
wrinkle,en,1,NOUN,57.533672,14.756419
pestilence,en,1,NOUN,52.297314,24.350386
extravagance,en,1,NOUN,35.609436,24.874466
idem,en,1,NOUN,79.41459,3.9549048
affront,en,2,NOUN,37.153717,29.302788
flattery,en,2,NOUN,37.148224,25.12617
profusion,en,4,NOUN,17.228148,23.351212
haft,en,1,NOUN,65.300026,5.5367446
impatience,en,3,NOUN,34.81407,29.783598
infidel,en,3,NOUN,21.118263,-22.681072
brocade,en,9,NOUN,56.539383,-3.737856
libertine,en,1,NOUN,39.6438,23.329155
deism,en,1,NOUN,19.195627,-22.993664
spoonful,en,1,NOUN,56.68076,-19.023705
balm,en,2,NOUN,56.407505,-11.676345
pretence,en,2,NOUN,34.23695,25.341133
curiae,en,1,NOUN,76.795616,7.7211785
arbour,en,1,NOUN,48.919285,-33.109486
tincture,en,1,NOUN,56.499004,-10.807108
matrimony,en,1,NOUN,21.863668,-6.4516425
softness,en,2,NOUN,40.995823,18.126232
tassel,en,3,NOUN,59.10893,0.9199924
massy,en,2,NOUN,69.683716,-9.007944
bassa,en,25,NOUN,77.91904,-4.4865146
ugliness,en,1,NOUN,35.1308,26.893824
lozenge,en,1,NOUN,56.54279,-10.617199
stile,en,2,NOUN,77.25759,-2.9811645
rigour,en,2,NOUN,31.090372,23.089182
magnificence,en,22,NOUN,38.15778,16.213942
embellishment,en,1,NOUN,28.992407,9.026045
wickedness,en,3,NOUN,40.040676,26.033352
apotheosis,en,1,NOUN,30.507141,-19.311935
quire,en,1,NOUN,29.290575,-24.277996
solemnity,en,1,NOUN,29.099155,-17.103643
tranquillity,en,1,NOUN,36.55989,14.500656
constancy,en,2,NOUN,40.858818,21.96394
deposing,en,1,NOUN,10.072936,-17.825052
quilting,en,1,NOUN,56.009663,-5.1479983
napkin,en,5,NOUN,51.433876,-2.8979955
precipice,en,3,NOUN,20.143034,-30.96946
waistcoat,en,2,NOUN,57.198994,0.76743615
gauze,en,3,NOUN,55.906727,-1.6523086
pail,en,1,NOUN,46.91315,-15.620945
hieroglyphics,en,1,NOUN,32.888783,-17.538263
mortification,en,7,NOUN,30.811947,15.159568
adornment,en,1,NOUN,38.971382,-17.316528
frown,en,1,NOUN,36.519638,26.54733
mien,en,2,NOUN,59.65714,12.544474
subjection,en,3,NOUN,41.111088,35.4867
cocking,en,1,NOUN,47.48946,-5.3672485
arche,en,5,NOUN,70.90648,-5.0827484
approbation,en,1,NOUN,29.434475,20.955893
artifice,en,1,NOUN,34.094982,24.059828
bodkin,en,5,NOUN,46.146667,4.6388545
trifle,en,2,NOUN,35.193203,24.109385
jot,en,1,NOUN,23.246687,25.67789
venison,en,2,NOUN,60.236996,-16.694654
imperfection,en,1,NOUN,35.930122,16.085703
quickness,en,1,NOUN,42.886112,19.525274
muslin,en,1,NOUN,57.072044,-2.8550646
demigod,en,1,NOUN,38.02102,-2.4845574
tillage,en,1,NOUN,51.740772,-21.805517
stratagem,en,1,NOUN,35.2898,34.406326
calmness,en,1,NOUN,36.115917,18.46923
digression,en,3,NOUN,26.70322,26.204987
bushel,en,1,NOUN,53.147633,-19.245975
casus,en,1,NOUN,85.80508,-3.2497563
nomine,en,1,NOUN,79.69178,2.4034333
artificer,en,3,NOUN,4.5292306,-1.7652097
pageantry,en,1,NOUN,33.737854,6.211051
sherbet,en,5,NOUN,55.813904,-18.856829
risque,en,1,NOUN,68.69982,-4.6359606
parishioner,en,1,NOUN,25.886406,-21.781115
nastiness,en,1,NOUN,32.715023,27.63722
catacomb,en,1,NOUN,31.625992,-23.312426
transubstantiation,en,2,NOUN,21.68432,-20.8116
deist,en,1,NOUN,19.15533,-23.121403
frailty,en,2,NOUN,41.465294,25.093554
partiality,en,4,NOUN,28.723816,33.591843
pasty,en,1,NOUN,56.752037,-17.110504
indiscretion,en,3,NOUN,33.476208,31.454243
jessamine,en,3,NOUN,52.7352,-30.162596
coquette,en,2,NOUN,69.05777,-6.6938434
particularity,en,2,NOUN,19.753649,29.239927
chaise,en,5,NOUN,71.087975,-7.383635
childbearing,en,1,NOUN,18.427769,-3.9783878
lank,en,1,NOUN,58.904766,6.4738083
parterre,en,2,NOUN,35.24952,-24.18112
abridgement,en,1,NOUN,27.477846,-11.679601
pacem,en,1,NOUN,79.23511,2.1402557
insigne,en,1,NOUN,85.18615,0.019842632
buffoon,en,1,NOUN,40.23158,10.427641
damask,en,4,NOUN,55.44502,-3.6434171
waggon,en,3,NOUN,44.436604,-25.86195
imputation,en,1,NOUN,25.217108,31.776659
preferment,en,2,NOUN,17.815071,-15.193116
affectation,en,5,NOUN,35.161236,25.054298
craw,en,1,NOUN,37.379017,-9.470774
distemper,en,5,NOUN,52.951427,23.426704
finery,en,3,NOUN,55.381596,-6.338914
pennyworth,en,1,NOUN,42.848927,2.2326257
endeavouring,en,1,NOUN,32.544853,21.729193
chambermaid,en,2,NOUN,20.933445,-8.683946
oppressor,en,1,NOUN,40.39882,34.896587
popery,en,1,NOUN,21.69513,-21.40669
phlegm,en,1,NOUN,54.600803,18.833612
contrivance,en,2,NOUN,34.089523,24.270826
pretension,en,1,NOUN,34.36363,25.304571
centum,en,2,NOUN,81.81691,2.6727185
honore,en,1,NOUN,76.64458,0.77124214
dishonour,en,1,NOUN,38.58353,28.660782
nostro,en,1,NOUN,78.8133,-1.9608563
exactness,en,1,NOUN,31.280933,23.176685
obstinacy,en,2,NOUN,34.89301,29.329544
liberality,en,1,NOUN,33.821575,20.650608
wench,en,1,NOUN,24.542088,-0.22479971
soldiery,en,1,NOUN,2.8048756,2.5644367
bather,en,1,NOUN,44.372196,-17.370209
abhorrence,en,1,NOUN,37.13765,28.969349
watermen,en,1,NOUN,13.871176,-12.577343
indolence,en,1,NOUN,38.1497,27.28661
cudgel,en,1,NOUN,61.798843,6.242705
seraglio,en,11,NOUN,36.86225,-34.699554
provinciale,en,1,NOUN,82.50756,-2.6630962
barbarity,en,1,NOUN,38.641266,34.98461
extremo,en,1,NOUN,76.43351,-1.4199833
cheerfulness,en,1,NOUN,35.99771,19.514782
ducat,en,3,NOUN,42.065994,4.138916
neatness,en,3,NOUN,36.319622,20.47998
swiftness,en,4,NOUN,42.566776,19.388302
gorget,en,1,NOUN,59.624508,0.1302014
impiety,en,1,NOUN,39.310646,26.231396
vivacity,en,6,NOUN,37.610023,19.354544
topaze,en,1,NOUN,11.35184,-12.85378
sublimity,en,1,NOUN,36.824986,17.070593
footmen,en,2,NOUN,14.859783,-13.922908
tippet,en,1,NOUN,58.670322,-0.5637306
smirk,en,1,NOUN,36.319256,25.55633
candour,en,1,NOUN,35.831886,21.366999
syren,en,1,NOUN,11.226347,-11.13975
suckle,en,2,NOUN,63.512234,-16.165045
prude,en,2,NOUN,38.88958,23.985617
cadi,en,3,NOUN,77.28738,-6.1009274
censer,en,1,NOUN,31.880505,-21.276798
plebe,en,1,NOUN,80.67937,-4.154788
sexe,en,1,NOUN,69.568726,-4.739838
bason,en,2,NOUN,54.076847,-32.320015
ubique,en,1,NOUN,82.37445,5.2698216
ingratitude,en,1,NOUN,37.7208,27.961855
propter,en,1,NOUN,80.63839,2.221522
tragedian,en,1,NOUN,33.061466,-10.882193
dauber,en,1,NOUN,47.897495,-17.910648
furrier,en,1,NOUN,41.879246,-7.410918
gild,en,2,NOUN,31.006233,-25.265125
voiture,en,3,NOUN,70.99526,-7.188459
wenche,en,2,NOUN,24.480976,0.058160935
ravelin,en,2,NOUN,27.987041,-30.655182
truncheon,en,1,NOUN,61.704983,6.3607216
trencher,en,1,NOUN,52.645256,-6.9659524
spahis,en,1,NOUN,5.3653455,1.8509955
husbandman,en,1,NOUN,16.643848,-12.599884
marito,en,1,NOUN,79.433556,-3.0477412
equestris,en,1,NOUN,86.62335,1.1275281
tamen,en,1,NOUN,78.88708,0.8875533
seasickness,en,1,NOUN,50.3128,22.890932
scruple,en,8,NOUN,36.919537,24.121273
embroiderer,en,1,NOUN,55.57172,-4.7351484
coachmen,en,1,NOUN,14.539551,-13.175208
impudence,en,4,NOUN,36.638382,24.70295
plebis,en,1,NOUN,84.44754,-3.1111805
footstep,en,1,NOUN,48.773975,5.814766
civitatis,en,1,NOUN,81.72778,1.3446707
jonquil,en,2,NOUN,58.35739,-25.149364
utilis,en,1,NOUN,86.23054,1.8255281
hovel,en,2,NOUN,39.16222,-13.614597
senatore,en,2,NOUN,80.83495,-3.5150506
osier,en,1,NOUN,60.045372,-25.939163
bashaw,en,1,NOUN,56.428856,-32.75298
schismatics,en,1,NOUN,22.140736,-22.71031
equipage,en,4,NOUN,5.8124924,1.4391351
salver,en,1,NOUN,40.7495,-17.939934
ladyship,en,12,NOUN,22.625923,-9.770582
footstool,en,1,NOUN,49.53638,5.3744693
baluster,en,1,NOUN,37.17371,-25.279465
crape,en,4,NOUN,59.93073,-25.557133
entreaty,en,1,NOUN,-2.4485617,21.667618
virorum,en,1,NOUN,83.019035,1.0589021
reprobate,en,1,NOUN,29.721743,21.268494
habitant,en,1,NOUN,72.548035,0.32079712
wretchedness,en,2,NOUN,40.48272,26.14036
virum,en,1,NOUN,81.237366,4.0759926
mildness,en,1,NOUN,37.302387,20.774405
fidem,en,1,NOUN,80.22913,3.3026123
felucca,en,1,NOUN,11.305565,-12.6949625
illum,en,1,NOUN,81.172,3.9348435
barrenness,en,1,NOUN,40.98107,24.196247
vobis,en,3,NOUN,79.964806,2.1566138
plunderer,en,1,NOUN,36.281643,35.085144
sodalis,en,1,NOUN,86.416565,1.748078
bigness,en,1,NOUN,38.200413,21.984045
epithalamium,en,2,NOUN,82.10761,-7.4603286
partem,en,1,NOUN,80.57382,1.7677356
hazle,en,1,NOUN,51.93801,-30.784456
largeness,en,1,NOUN,38.659237,21.524101
husbandmen,en,1,NOUN,16.476063,-12.710649
sardonyx,en,1,NOUN,41.1852,-20.663809
suae,en,1,NOUN,82.88155,2.0422084
hankering,en,1,NOUN,45.901688,26.278852
sweetmeat,en,2,NOUN,57.673492,-18.860926
consulari,en,1,NOUN,84.5109,-2.0679681
provinciae,en,1,NOUN,82.993805,-1.4403927
gulph,en,1,NOUN,51.184612,-30.872145
inconstancy,en,1,NOUN,40.883434,22.04242
nicety,en,1,NOUN,32.36548,24.222872
dulness,en,3,NOUN,35.99046,19.570421
prudery,en,1,NOUN,38.82634,24.034237
giddiness,en,1,NOUN,39.606247,20.133661
quidem,en,5,NOUN,80.70883,2.8765473
tribuno,en,1,NOUN,82.725136,-4.1274314
mountebank,en,1,NOUN,40.419704,9.7653885
reprobation,en,1,NOUN,29.543509,21.10508
auctore,en,1,NOUN,81.46166,0.46794105
dignitatis,en,1,NOUN,81.85438,1.4109265
gloriae,en,1,NOUN,84.52452,1.3936834
commonalty,en,1,NOUN,16.923183,-14.001
affability,en,2,NOUN,35.44345,20.586967
ambassadress,en,6,NOUN,5.5466433,-11.01165
ragout,en,1,NOUN,58.58537,-16.870455
baseness,en,1,NOUN,37.70925,22.308113
annorum,en,1,NOUN,83.22623,1.0804536
montem,en,1,NOUN,78.430214,-0.51500255
perquisite,en,2,NOUN,40.97399,7.2325625
notae,en,1,NOUN,84.35404,2.1603568
insensibility,en,1,NOUN,35.211163,26.151924
solidum,en,1,NOUN,86.54516,-0.48494938
exercitus,en,1,NOUN,82.853485,-0.20929508
domum,en,1,NOUN,82.91282,2.656945
follie,en,2,NOUN,67.630295,-5.6500926
drub,en,1,NOUN,27.281256,-26.333258
superfluity,en,1,NOUN,33.420383,26.631853
bonorum,en,1,NOUN,83.2858,0.9917174
publice,en,1,NOUN,81.416084,-0.5824279
granate,en,1,NOUN,49.841442,-8.876954
postilion,en,1,NOUN,74.113945,-3.7448823
bagnio,en,6,NOUN,36.737984,-34.611656
nosegay,en,1,NOUN,54.556923,0.09346058
merchandize,en,2,NOUN,25.11618,3.520634
expence,en,10,NOUN,42.13912,5.5345454
nostris,en,1,NOUN,85.44017,1.7267616
loadstone,en,1,NOUN,44.28146,-25.374327
kisse,en,1,NOUN,27.383955,-4.0969715
besieger,en,1,NOUN,3.5655367,4.7684336
buffaloe,en,2,NOUN,61.871193,-14.956684
alcoran,en,3,NOUN,77.8122,-6.504442
fourscore,en,1,NOUN,42.819885,15.140339
tresse,en,4,NOUN,69.66525,-6.664334
pacquet,en,2,NOUN,69.219444,-8.168754
cogitation,en,1,NOUN,28.787912,26.324278
ornare,en,1,NOUN,79.091034,0.37310535
utilitate,en,1,NOUN,82.43377,3.6551533
flambeaux,en,1,NOUN,70.04517,-6.0138607
importunity,en,2,NOUN,16.655416,40.074097
pierc,en,1,NOUN,61.29912,11.137828
twelvemonth,en,2,NOUN,12.434763,8.110892
suorum,en,1,NOUN,83.06691,0.84508026
officiousness,en,1,NOUN,33.055386,27.521645
civitatem,en,1,NOUN,81.36402,1.3501161
littleness,en,1,NOUN,38.88297,21.266966
signior,en,19,NOUN,74.62976,-3.4247367
gypsie,en,1,NOUN,24.47115,-3.4921756
sattin,en,4,NOUN,57.49718,-32.546604
refection,en,1,NOUN,29.24607,-25.283371
majore,en,2,NOUN,77.34948,0.37120607
provinciarum,en,1,NOUN,82.9114,-1.3334879
termino,en,1,NOUN,79.1203,-3.3060243
raillery,en,3,NOUN,71.27409,-7.8408294
heathenish,en,2,NOUN,39.19414,26.10347
facultate,en,1,NOUN,81.82168,-0.53617734
turkie,en,1,NOUN,47.463505,-3.1386087
postquam,en,3,NOUN,80.73367,1.2945251
honoribus,en,1,NOUN,82.057106,0.42203072
meae,en,1,NOUN,85.28889,2.0116637
ribband,en,1,NOUN,60.4546,-0.10221247
conveniency,en,8,NOUN,23.357847,40.79696
provinciali,en,1,NOUN,82.52751,-2.6067603
provideo,en,1,NOUN,9.209085,28.283482
ratafia,en,1,NOUN,58.077522,-19.837753
statim,en,1,NOUN,80.35495,0.4874469
tailly,en,1,NOUN,69.45473,-8.666546
primam,en,2,NOUN,80.72159,0.06025247
experimento,en,1,NOUN,76.04002,-1.5115288
sprightliness,en,1,NOUN,36.42251,20.346176
magnas,en,1,NOUN,76.23994,2.5584834
creato,en,1,NOUN,78.52179,-2.145881
effendis,en,1,NOUN,78.42588,-7.8865786
janizary,en,19,NOUN,46.942364,30.212183
otherway,en,1,NOUN,19.887316,22.862995
masquing,en,1,NOUN,34.468174,-2.5666695
potior,en,1,NOUN,86.63948,3.718251
tergo,en,1,NOUN,81.82425,-1.9959728
reditum,en,1,NOUN,82.4746,0.6854557
plusquam,en,1,NOUN,80.48717,1.0266149
miserabili,en,1,NOUN,79.78378,-2.3117936
consulibus,en,1,NOUN,82.19694,0.17162447
journy,en,1,NOUN,69.2792,-8.763287
coloniarum,en,1,NOUN,83.80218,0.7976348
bramin,en,1,NOUN,61.872635,-26.22565
farewel,en,1,NOUN,25.987022,-6.9026775
ravisher,en,1,NOUN,25.753698,-4.897478
traineau,en,1,NOUN,69.49089,-7.9116254
seraskier,en,2,NOUN,37.69444,-36.902885
digito,en,1,NOUN,-11.0130205,52.799038
loyality,en,1,NOUN,40.959335,32.60341
translatum,en,1,NOUN,85.67105,-0.857568
portress,en,1,NOUN,26.412811,-29.77235
cloath,en,2,NOUN,59.011482,-2.017733
recompence,en,1,NOUN,42.034286,5.7657557
quakery,en,1,NOUN,19.42969,-24.03503
hereabout,en,1,NOUN,26.25138,34.106834
colonade,en,1,NOUN,35.536274,-24.612196
landskip,en,1,NOUN,24.308056,0.69546396
chusing,en,1,NOUN,28.42867,27.83423
relick,en,6,NOUN,55.176056,-32.600864
dervise,en,4,NOUN,39.092064,-37.21608
consulatum,en,1,NOUN,85.59076,-1.3089894
censurae,en,1,NOUN,84.01476,1.8287497
florem,en,1,NOUN,79.57333,0.87767076
distributum,en,1,NOUN,83.69201,-0.86994696
oceanum,en,1,NOUN,86.39477,-1.2287066
ornamentum,en,1,NOUN,84.059944,3.224718
valentius,en,1,NOUN,84.54438,-4.6247735
cervice,en,1,NOUN,55.492325,14.081823
pagod,en,1,NOUN,38.528698,-4.675015
nobilissimum,en,1,NOUN,84.98369,-0.054972857
consulare,en,1,NOUN,84.7286,-1.861306
venien,en,1,NOUN,78.22415,3.6609852
methink,en,1,NOUN,21.046335,25.769138
incretus,en,1,NOUN,86.2749,2.0465453
reliquis,en,1,NOUN,82.29045,2.03043
est,fr,1,NOUN,-29.722275,38.05832
été,fr,12,NOUN,-29.960829,37.779877
an,fr,42,NOUN,-16.722923,37.392284
naissance,fr,6,NOUN,-27.005556,-36.719402
fait,fr,5,NOUN,-32.363396,38.499878
nom,fr,22,NOUN,-8.550173,43.313347
lieu,fr,34,NOUN,-26.998142,-36.91533
commune,fr,1,NOUN,-27.577581,-41.56375
ville,fr,121,NOUN,-25.773655,-38.934975
date,fr,1,NOUN,-15.476097,35.738663
pays,fr,82,NOUN,-1.041398,-15.107979
source,fr,2,NOUN,-34.40108,-42.438053
titre,fr,10,NOUN,-17.034412,-9.278986
monde,fr,59,NOUN,-3.4459064,11.556535
nord,fr,3,NOUN,-25.517414,-41.966984
liste,fr,5,NOUN,-2.7408733,42.78956
partie,fr,39,NOUN,-32.42352,38.80165
article,fr,5,NOUN,-50.33131,29.004951
guerre,fr,10,NOUN,-4.931879,13.142573
saison,fr,3,NOUN,-3.2944,3.2261624
fin,fr,23,NOUN,-22.121574,34.830296
vers,fr,26,NOUN,-17.703033,-36.548653
année,fr,14,NOUN,-17.051579,37.299007
temps,fr,1,NOUN,-24.963322,35.789417
histoire,fr,18,NOUN,-16.170212,-4.591027
joueur,fr,1,NOUN,-5.39498,1.9156194
tour,fr,25,NOUN,-16.820244,-31.557913
mort,fr,28,NOUN,-27.022108,-36.288383
pierre,fr,29,NOUN,-39.50309,-19.903973
région,fr,1,NOUN,-26.151953,-40.787277
fois,fr,38,NOUN,-18.30265,35.499287
septembre,fr,1,NOUN,-15.944266,40.265923
état,fr,26,NOUN,-1.4084309,-20.90815
église,fr,34,NOUN,-22.776176,-21.136503
place,fr,18,NOUN,-11.403484,20.141672
famille,fr,20,NOUN,-0.3329913,-24.7479
général,fr,41,NOUN,-10.327312,-20.828512
politique,fr,2,NOUN,-10.09941,-16.035734
décembre,fr,1,NOUN,-15.894668,40.29501
août,fr,1,NOUN,-15.943587,40.28483
prix,fr,16,NOUN,-6.914082,9.660416
nouvelle,fr,21,NOUN,-26.525537,31.21733
février,fr,1,NOUN,-15.877611,40.314007
ligne,fr,1,NOUN,-19.507221,-42.882988
suite,fr,12,NOUN,-28.881746,29.663136
image,fr,9,NOUN,-0.87541854,36.939583
vie,fr,23,NOUN,-21.875591,13.067996
lien,fr,1,NOUN,-51.05274,28.446987
page,fr,1,NOUN,-50.17672,29.145573
centre,fr,1,NOUN,-23.866493,-38.285717
cours,fr,8,NOUN,-31.90098,-43.33267
village,fr,19,NOUN,-27.966139,-40.97389
nombre,fr,37,NOUN,-37.199276,39.147514
or,fr,33,NOUN,-10.74887,3.5097928
coupe,fr,1,NOUN,-4.3250313,4.4751782
homme,fr,81,NOUN,-10.592226,-15.918223
société,fr,5,NOUN,-10.003318,24.430487
cas,fr,20,NOUN,-31.896471,32.862305
jeu,fr,5,NOUN,-15.305559,-12.442157
genre,fr,10,NOUN,-62.160465,23.905014
musique,fr,12,NOUN,-26.725653,-6.76556
fils,fr,16,NOUN,-9.308768,-11.791502
roi,fr,37,NOUN,-4.885103,-13.113017
parti,fr,9,NOUN,-9.5009165,-16.100954
jour,fr,75,NOUN,-19.180052,38.220898
forme,fr,13,NOUN,-41.64137,22.32022
origine,fr,1,NOUN,-34.65145,36.500675
ordre,fr,18,NOUN,-7.627739,6.480864
château,fr,10,NOUN,-26.342216,-30.624943
école,fr,2,NOUN,-13.761324,0.24060194
part,fr,18,NOUN,-23.4216,23.249855
rue,fr,24,NOUN,-24.357582,-34.51841
chef,fr,4,NOUN,-9.551781,-21.419968
exemple,fr,11,NOUN,-32.01902,32.95039
rapport,fr,4,NOUN,-33.866905,33.218742
art,fr,16,NOUN,-13.412596,-29.873714
point,fr,156,NOUN,-2.9528768,35.772434
compte,fr,5,NOUN,-36.264294,38.240475
armée,fr,8,NOUN,-11.628555,-22.071346
eau,fr,23,NOUN,-31.910744,-42.992153
projet,fr,8,NOUN,4.8331795,35.300854
province,fr,1,NOUN,-26.874546,-40.185066
maison,fr,74,NOUN,-25.000652,-32.056095
demande,fr,1,NOUN,-21.975702,21.138199
fonction,fr,4,NOUN,-19.816286,25.27993
membre,fr,1,NOUN,0.764345,-10.58797
droit,fr,6,NOUN,-18.285698,10.549525
mois,fr,20,NOUN,-17.329695,37.617546
république,fr,1,NOUN,0.7417073,-18.620653
service,fr,10,NOUN,-0.5982902,14.976979
langue,fr,23,NOUN,-15.960264,-19.571468
gouvernement,fr,7,NOUN,-6.1850743,-18.528286
argent,fr,33,NOUN,-10.733485,3.5823205
style,fr,2,NOUN,-5.0292478,-39.342575
face,fr,2,NOUN,-9.582116,17.77359
ministre,fr,6,NOUN,-6.199585,-18.792688
théâtre,fr,5,NOUN,-30.958717,-7.079358
scène,fr,7,NOUN,-31.155228,-7.1862416
auteur,fr,10,NOUN,-18.592865,-7.032286
reste,fr,33,NOUN,-29.46906,38.233807
seconde,fr,2,NOUN,-5.0623956,13.264593
âge,fr,8,NOUN,-7.6794543,3.3102868
effet,fr,18,NOUN,-30.282759,29.166004
espèce,fr,10,NOUN,-62.52631,23.568815
raison,fr,8,NOUN,-29.490627,28.271044
modèle,fr,2,NOUN,-51.854145,27.597034
travail,fr,6,NOUN,-23.28862,27.065586
femme,fr,157,NOUN,-10.625182,-8.236691
terre,fr,18,NOUN,-44.76583,-26.008144
allemand,fr,10,NOUN,-46.12371,-46.562458
porte,fr,22,NOUN,-17.134123,5.7310214
bataille,fr,4,NOUN,-7.414942,14.122308
corps,fr,25,NOUN,-12.99738,-22.038815
route,fr,19,NOUN,-19.370993,-41.47531
royaume,fr,4,NOUN,-1.8182911,-13.809866
bronze,fr,2,NOUN,-10.313628,4.02209
livre,fr,11,NOUN,-20.380775,-5.6323295
haut,fr,17,NOUN,-34.481136,-35.749317
fille,fr,34,NOUN,-10.07975,-8.896134
but,fr,1,NOUN,-23.613493,30.152563
tête,fr,45,NOUN,-59.165104,-3.4674578
territoire,fr,2,NOUN,-26.6215,-41.30686
union,fr,3,NOUN,-3.8615348,16.836075
construction,fr,2,NOUN,-26.62616,-28.231377
ligue,fr,1,NOUN,-3.9979882,4.0988164
chanson,fr,3,NOUN,-25.300812,-4.3045397
poste,fr,8,NOUN,-7.2104745,-21.803007
culture,fr,1,NOUN,-14.419839,4.2637177
empire,fr,14,NOUN,-3.5374346,-11.461237
loi,fr,14,NOUN,-17.710938,15.287297
côté,fr,46,NOUN,-18.009777,-35.024395
mer,fr,19,NOUN,-34.285156,-30.106846
vue,fr,13,NOUN,-2.907322,36.11803
mère,fr,1,NOUN,-10.750827,-9.388318
acteur,fr,5,NOUN,-29.646116,-9.199933
recherche,fr,3,NOUN,-25.360037,24.747833
directeur,fr,1,NOUN,-8.483312,-20.882889
bois,fr,21,NOUN,-56.826122,-20.490292
retour,fr,11,NOUN,-21.305517,32.1776
principale,fr,1,NOUN,-63.487446,-4.509511
terme,fr,3,NOUN,-38.65838,24.468105
révolution,fr,1,NOUN,-0.29038462,8.823333
objet,fr,7,NOUN,-31.884277,21.485376
question,fr,6,NOUN,-30.977165,22.357714
plan,fr,1,NOUN,-3.6947138,36.370693
médaille,fr,7,NOUN,-10.231674,4.1083465
écrivain,fr,3,NOUN,-18.048885,-6.652639
compagnie,fr,7,NOUN,-9.9932995,24.42916
italien,fr,8,NOUN,-46.136917,-46.24754
parc,fr,1,NOUN,-21.315771,-35.113598
mouvement,fr,1,NOUN,-43.75884,38.646904
moyen,fr,8,NOUN,-7.6879334,3.3252916
peintre,fr,2,NOUN,-13.758762,-28.483212
voix,fr,5,NOUN,-24.172152,-6.347079
district,fr,1,NOUN,-26.433325,-40.30392
pont,fr,9,NOUN,-30.22261,-28.738781
air,fr,46,NOUN,3.1279247,-23.184034
sein,fr,4,NOUN,-3.2563841,-0.39684525
milieu,fr,18,NOUN,-31.551895,41.143063
gauche,fr,2,NOUN,-14.448817,-36.990917
action,fr,2,NOUN,-10.282879,32.09523
victoire,fr,4,NOUN,-8.223365,15.889245
durée,fr,1,NOUN,-23.591175,36.744816
sens,fr,9,NOUN,-37.393967,24.60577
personne,fr,53,NOUN,-40.74493,20.545092
rencontre,fr,1,NOUN,-7.7520413,-1.2090763
quartier,fr,3,NOUN,-24.72517,-34.882168
honneur,fr,32,NOUN,-10.335011,6.533248
cause,fr,17,NOUN,-29.4595,28.27666
journal,fr,1,NOUN,-21.359438,46.71047
taille,fr,14,NOUN,-43.30774,26.857735
sujet,fr,35,NOUN,-31.362556,21.40851
croix,fr,4,NOUN,-20.405643,-20.292942
joue,fr,2,NOUN,-5.154943,2.7047167
moment,fr,8,NOUN,-25.269205,34.511696
chapelle,fr,2,NOUN,-22.483889,-21.202106
russe,fr,3,NOUN,-43.177246,-47.705597
abord,fr,12,NOUN,-27.076637,33.15034
monument,fr,2,NOUN,-20.58975,-25.046593
classe,fr,1,NOUN,-1.0589964,-0.34490612
droite,fr,2,NOUN,-14.452878,-36.99642
espace,fr,2,NOUN,-26.108938,40.549843
fer,fr,2,NOUN,-20.11447,-41.308662
activité,fr,1,NOUN,-23.288908,25.96345
cadre,fr,2,NOUN,-25.692892,39.577133
lac,fr,1,NOUN,-32.243587,-40.96396
cour,fr,61,NOUN,-9.340934,-25.781965
adresse,fr,2,NOUN,-27.855885,-42.16537
nature,fr,17,NOUN,-12.043175,29.120132
plupart,fr,3,NOUN,-35.06616,40.406387
dame,fr,32,NOUN,-22.331972,-20.756784
mesure,fr,2,NOUN,-42.719147,27.830227
force,fr,6,NOUN,-23.78325,18.295906
couleur,fr,23,NOUN,-62.619804,-13.7238035
collection,fr,6,NOUN,8.578119,-36.781746
capitale,fr,4,NOUN,-25.628124,-38.971428
côte,fr,1,NOUN,-26.0838,-43.87542
façon,fr,9,NOUN,-40.85777,21.870394
combat,fr,2,NOUN,-7.5330977,13.778304
passage,fr,8,NOUN,-10.375322,11.108897
entrée,fr,4,NOUN,-10.320217,11.109055
présence,fr,2,NOUN,-31.480795,35.24936
course,fr,2,NOUN,-17.942568,-40.884773
ceinture,fr,8,NOUN,-63.439083,-4.5521116
tableau,fr,18,NOUN,-6.516114,36.819218
maître,fr,16,NOUN,-31.888481,-16.365501
marque,fr,13,NOUN,-6.740551,25.35342
intérieur,fr,1,NOUN,-28.48973,40.520386
qualité,fr,29,NOUN,-37.97269,27.157803
patrimoine,fr,1,NOUN,-13.645971,4.2289076
com,fr,1,NOUN,-55.55055,26.057589
tours,fr,1,NOUN,-16.827757,-31.555664
nuit,fr,25,NOUN,-21.015894,39.056156
prise,fr,2,NOUN,-20.166029,24.548948
vitesse,fr,2,NOUN,-42.040894,29.616894
chemin,fr,8,NOUN,-20.007723,-41.423145
avis,fr,2,NOUN,-29.016357,18.210844
salle,fr,12,NOUN,-20.519669,-30.8396
carte,fr,1,NOUN,0.08531189,40.191
travers,fr,4,NOUN,-39.8792,36.012302
valeur,fr,2,NOUN,-38.12302,30.224113
palais,fr,32,NOUN,-24.521967,-31.190527
situation,fr,7,NOUN,-28.666237,26.095762
vallée,fr,4,NOUN,-30.64758,-39.065445
occasion,fr,26,NOUN,-17.692095,34.335125
chambre,fr,44,NOUN,-8.795769,-26.449137
glace,fr,4,NOUN,10.986293,-3.3077657
mot,fr,24,NOUN,-38.65648,24.349865
main,fr,24,NOUN,-55.072315,-0.2128807
assemblée,fr,10,NOUN,-6.6876497,-17.080843
hôtel,fr,5,NOUN,-23.990713,-31.61294
catholique,fr,3,NOUN,-26.81299,-16.393036
campagne,fr,13,NOUN,-0.012487881,11.790941
traduction,fr,7,NOUN,-20.146156,-4.4055758
départ,fr,7,NOUN,-21.308058,32.37398
choix,fr,1,NOUN,-29.168528,34.13572
coup,fr,13,NOUN,-53.261536,0.08993392
enfant,fr,11,NOUN,-14.366392,-8.78524
défense,fr,2,NOUN,-2.2323759,-3.5273385
vice,fr,6,NOUN,-7.389422,-20.160658
hiver,fr,12,NOUN,-14.434938,38.05897
fondation,fr,1,NOUN,8.296297,-2.1421633
cœur,fr,11,NOUN,-50.274918,15.632251
bâtiment,fr,6,NOUN,-24.015585,-29.62062
amour,fr,23,NOUN,-36.03899,5.064417
mont,fr,8,NOUN,-35.41414,-36.402058
science,fr,5,NOUN,-18.136562,1.1014736
traité,fr,1,NOUN,-4.587525,20.000513
idée,fr,28,NOUN,-28.235477,22.497929
littérature,fr,1,NOUN,-20.596592,-3.5304437
sol,fr,1,NOUN,-46.812702,-24.628828
chaîne,fr,2,NOUN,-35.47141,-38.579002
ouvrage,fr,7,NOUN,-20.288843,-5.5917463
ex,fr,3,NOUN,-74.870636,12.692318
fond,fr,5,NOUN,-41.899307,-24.112291
mode,fr,17,NOUN,-27.349852,30.675714
original,fr,2,NOUN,-17.059294,-9.264854
espagnol,fr,4,NOUN,-46.141235,-46.06437
composition,fr,3,NOUN,0.87173504,-38.330997
garde,fr,12,NOUN,-12.978052,-21.814943
comédie,fr,6,NOUN,-31.689064,-6.6590424
empereur,fr,46,NOUN,-4.193028,-11.052066
capitaine,fr,6,NOUN,-11.43092,-21.135164
commission,fr,6,NOUN,-0.24246684,-8.749485
présent,fr,48,NOUN,-31.166492,35.921535
taux,fr,1,NOUN,-35.622288,32.401436
architecture,fr,10,NOUN,-11.554483,-31.013006
transport,fr,5,NOUN,-13.62105,10.320813
sort,fr,1,NOUN,-26.010494,-3.8624065
pièce,fr,14,NOUN,-31.734737,-7.4614587
pratique,fr,1,NOUN,-20.66957,27.8464
usage,fr,45,NOUN,-21.481205,28.342468
secrétaire,fr,1,NOUN,-7.624028,-20.014042
chose,fr,49,NOUN,-40.757336,21.183392
accès,fr,1,NOUN,-10.309846,11.126214
marché,fr,9,NOUN,-11.197465,21.292603
charge,fr,1,NOUN,-20.145792,24.86462
économie,fr,1,NOUN,-14.2841215,6.674828
longueur,fr,4,NOUN,-43.571068,28.190697
arrivée,fr,8,NOUN,-21.331858,32.437813
protection,fr,5,NOUN,-12.688737,27.361248
commerce,fr,12,NOUN,-13.818553,7.7164993
parties,fr,1,NOUN,-32.523575,39.211964
fiction,fr,1,NOUN,-18.261787,1.2295383
intérêt,fr,5,NOUN,-37.285545,21.163118
jeunesse,fr,2,NOUN,-13.428477,1.6692837
majorité,fr,1,NOUN,-35.010937,40.41512
seigneur,fr,9,NOUN,-33.721596,-15.821823
santé,fr,9,NOUN,-13.981827,2.082855
heure,fr,24,NOUN,-21.125095,38.225643
feu,fr,21,NOUN,-46.07699,-1.6476929
profession,fr,3,NOUN,-22.457388,26.56696
voyage,fr,31,NOUN,-7.3620787,-2.496014
signe,fr,3,NOUN,-5.7617936,24.89602
mariage,fr,9,NOUN,-8.339403,-7.130245
constitution,fr,1,NOUN,-16.897951,15.132539
affaire,fr,12,NOUN,-27.351885,4.3352914
esprit,fr,24,NOUN,-25.52523,20.968546
galerie,fr,17,NOUN,-13.8833885,-30.442251
peuple,fr,33,NOUN,-12.645821,-16.039175
parlement,fr,1,NOUN,-6.676083,-17.262072
doute,fr,42,NOUN,-34.323887,25.369556
mémoire,fr,2,NOUN,-14.788807,-3.3634894
ami,fr,13,NOUN,-11.228651,-5.138735
éducation,fr,4,NOUN,-13.842162,1.8332702
officier,fr,13,NOUN,-11.556107,-20.640377
hauteur,fr,4,NOUN,-43.65523,28.225725
camp,fr,3,NOUN,7.3615522,45.265034
temple,fr,7,NOUN,-23.13467,-25.800316
importance,fr,1,NOUN,-37.59429,29.405628
commandant,fr,2,NOUN,-11.105614,-21.171577
docteur,fr,3,NOUN,-30.687943,-18.928747
gouverneur,fr,11,NOUN,-8.684751,-19.033773
bassin,fr,6,NOUN,-31.082407,-41.669853
contrat,fr,3,NOUN,-5.79329,24.845898
justice,fr,4,NOUN,-18.642199,10.86435
semaine,fr,12,NOUN,-18.293707,37.842102
pied,fr,27,NOUN,-35.692364,-35.072052
principe,fr,1,NOUN,-31.329224,25.63654
bord,fr,17,NOUN,-14.485473,-25.1671
moitié,fr,12,NOUN,-32.483307,40.557907
réponse,fr,10,NOUN,-31.1533,22.81205
volume,fr,1,NOUN,6.0601883,-38.810272
courant,fr,1,NOUN,-43.551807,38.473957
industrie,fr,1,NOUN,-13.998697,7.3488507
lettre,fr,65,NOUN,-9.4412985,0.45231903
opération,fr,5,NOUN,-9.827488,35.11131
paix,fr,2,NOUN,-3.7626655,20.742865
propriétaire,fr,2,NOUN,2.5064514,-14.537674
journée,fr,4,NOUN,-18.599863,37.83114
sœur,fr,17,NOUN,-10.535368,-9.282029
opéra,fr,7,NOUN,-30.201233,-6.5170164
montagne,fr,20,NOUN,-35.739525,-36.50488
découverte,fr,1,NOUN,4.0548944,-27.443298
front,fr,7,NOUN,-43.949966,38.803448
champ,fr,14,NOUN,-26.689768,42.521626
religieux,fr,5,NOUN,-25.61566,-16.45764
propos,fr,11,NOUN,-31.295025,20.748922
romaine,fr,1,NOUN,-38.35079,-46.57635
motif,fr,4,NOUN,-34.4033,22.985106
chant,fr,4,NOUN,-25.385855,-6.542254
colonel,fr,2,NOUN,-11.098763,-20.99327
soleil,fr,9,NOUN,-43.34006,0.29049358
peinture,fr,8,NOUN,-13.550713,-29.035694
figure,fr,14,NOUN,-18.339579,-24.407406
gens,fr,23,NOUN,-40.547096,15.412226
liberté,fr,30,NOUN,-20.47147,10.366404
fête,fr,5,NOUN,-21.363441,-11.975791
canal,fr,7,NOUN,19.26776,-38.798588
offre,fr,3,NOUN,-8.336092,21.78803
caractère,fr,7,NOUN,-43.792862,23.053423
bleu,fr,2,NOUN,-63.048904,-14.198648
sommet,fr,1,NOUN,-35.06889,-35.869766
matière,fr,2,NOUN,-39.743122,30.523537
médecin,fr,6,NOUN,-30.887686,-19.111979
lance,fr,1,NOUN,-54.951637,3.5514524
besoin,fr,6,NOUN,-25.657175,27.067408
avance,fr,2,NOUN,-23.749617,31.78491
religion,fr,23,NOUN,-27.440948,-14.671505
successeur,fr,2,NOUN,-4.7737293,-20.424553
somme,fr,1,NOUN,-15.65765,22.944227
réserve,fr,1,NOUN,-20.650434,-35.703556
résumé,fr,1,NOUN,-49.494312,29.691496
rose,fr,14,NOUN,-63.183784,-15.02867
philosophie,fr,2,NOUN,-16.466606,-0.6849902
expression,fr,7,NOUN,-37.428925,23.990818
cheval,fr,28,NOUN,-43.761097,-30.872343
communication,fr,1,NOUN,-15.141088,4.893525
jardin,fr,28,NOUN,-22.068502,-33.988758
olivier,fr,2,NOUN,-38.379723,-19.42532
historien,fr,1,NOUN,-17.694204,-6.033864
relation,fr,9,NOUN,-10.79635,-1.6883367
abbé,fr,2,NOUN,-25.982557,-19.757404
expérience,fr,2,NOUN,-26.151619,23.441572
extérieur,fr,3,NOUN,-28.483665,40.405712
prison,fr,1,NOUN,-22.434006,4.912818
distance,fr,9,NOUN,-42.66851,29.584154
capacité,fr,1,NOUN,-35.79243,34.85145
tradition,fr,1,NOUN,-18.944696,-11.416143
étoile,fr,1,NOUN,8.417003,-27.617271
marche,fr,15,NOUN,-53.136665,19.055202
office,fr,4,NOUN,-1.5127118,14.761846
masse,fr,1,NOUN,-39.739616,30.121824
arc,fr,2,NOUN,-17.8762,-15.255538
tombe,fr,2,NOUN,-22.508278,-23.957335
ton,fr,12,NOUN,-43.38041,19.538687
acte,fr,3,NOUN,-47.993107,6.440099
héros,fr,5,NOUN,-12.698515,-18.635832
filles,fr,5,NOUN,-13.643994,-7.116414
midi,fr,2,NOUN,-20.680191,39.959106
ciel,fr,5,NOUN,-43.29786,0.03943137
rang,fr,18,NOUN,-0.41821355,-0.2968776
maladie,fr,7,NOUN,-42.470287,8.763368
autorité,fr,2,NOUN,-14.326879,16.315304
édifice,fr,13,NOUN,-24.151005,-29.211603
sorte,fr,11,NOUN,-41.10103,21.830246
peine,fr,31,NOUN,-22.326427,4.903056
absence,fr,2,NOUN,-32.146317,31.26824
circuit,fr,1,NOUN,-5.385007,6.8758945
danse,fr,10,NOUN,-28.252092,-5.765975
fleuve,fr,7,NOUN,-30.880138,-40.86703
univers,fr,1,NOUN,-17.214672,1.608786
écriture,fr,1,NOUN,-19.35477,-2.3529584
chœur,fr,1,NOUN,-21.449291,-21.914495
résidence,fr,5,NOUN,-24.763195,-31.54049
portrait,fr,5,NOUN,-18.96766,-24.46571
sang,fr,3,NOUN,-48.706566,0.34660766
prédécesseur,fr,1,NOUN,-4.7691865,-20.425299
retraite,fr,4,NOUN,-16.902424,25.325783
description,fr,31,NOUN,2.1646936,39.22492
table,fr,8,NOUN,-3.1697526,30.895561
emploi,fr,1,NOUN,-22.067486,27.8986
alliance,fr,1,NOUN,-4.8106675,18.185751
bout,fr,17,NOUN,-51.221214,4.4910502
voiture,fr,12,NOUN,-39.4835,-13.906611
étranger,fr,10,NOUN,-4.610488,8.845822
secret,fr,6,NOUN,1.0419447,18.08491
couple,fr,1,NOUN,-8.514294,-6.4237924
col,fr,4,NOUN,-36.29839,-35.619568
soir,fr,20,NOUN,-20.202656,38.951275
différence,fr,10,NOUN,-33.49783,33.136974
bateau,fr,2,NOUN,-35.871243,-27.735352
changement,fr,2,NOUN,-32.111797,29.625824
faveur,fr,8,NOUN,-26.21022,18.428078
vis,fr,1,NOUN,-29.84213,19.293303
concert,fr,2,NOUN,-28.787699,-7.1747065
vente,fr,1,NOUN,-10.904039,21.43809
bras,fr,18,NOUN,-55.448875,-0.8115044
proposition,fr,1,NOUN,-28.514202,22.469334
visite,fr,24,NOUN,-7.0851736,-1.6875886
solution,fr,1,NOUN,-29.934128,23.254726
mur,fr,4,NOUN,-29.071108,-30.810585
façade,fr,1,NOUN,-22.839785,-29.014494
statue,fr,17,NOUN,-19.941772,-25.323204
tente,fr,6,NOUN,-23.013765,20.17466
huile,fr,1,NOUN,-53.65051,-16.698536
contraire,fr,17,NOUN,-30.89978,26.896986
vierge,fr,5,NOUN,-21.328098,-20.123756
cercle,fr,5,NOUN,3.9320083,-34.270084
mari,fr,25,NOUN,-10.431784,-7.8214855
attention,fr,26,NOUN,-36.78342,20.592659
fontaine,fr,19,NOUN,-18.983635,-26.533329
prêtre,fr,7,NOUN,-26.766035,-18.094934
monastère,fr,4,NOUN,-24.523205,-20.865545
dos,fr,4,NOUN,-59.21074,-2.5510285
lecture,fr,2,NOUN,-18.743685,-1.3703542
branche,fr,3,NOUN,-3.7623508,-25.576323
pointe,fr,3,NOUN,-39.189938,-34.163948
vin,fr,13,NOUN,-61.903603,-27.498398
recueil,fr,1,NOUN,-21.052904,-4.856406
endroit,fr,11,NOUN,-29.939213,-35.121983
bus,fr,1,NOUN,-19.878187,-44.780777
arme,fr,4,NOUN,-54.384262,2.7595413
erreur,fr,5,NOUN,-34.095787,21.276566
arbre,fr,20,NOUN,-57.625336,-22.14479
possibilité,fr,1,NOUN,-25.93773,27.898323
occupation,fr,7,NOUN,-10.215291,14.1723
vent,fr,5,NOUN,-44.596786,1.8084568
princesse,fr,11,NOUN,-6.281568,-10.575754
volonté,fr,6,NOUN,-24.934088,20.33041
race,fr,1,NOUN,-45.098,-31.013954
machine,fr,8,NOUN,-41.088203,-19.181675
antique,fr,7,NOUN,-38.361504,-46.689377
manche,fr,13,NOUN,-26.181307,-44.16132
dimanche,fr,5,NOUN,-18.973753,39.64266
fil,fr,2,NOUN,-51.152378,5.2286897
accident,fr,10,NOUN,15.662722,48.769352
cérémonie,fr,11,NOUN,-20.40787,-12.62282
discours,fr,2,NOUN,-19.012978,4.6977386
échange,fr,2,NOUN,-7.8617296,21.855421
langage,fr,10,NOUN,-37.746407,23.24539
spectacle,fr,21,NOUN,-29.455935,-7.06853
moulin,fr,1,NOUN,-44.270885,-28.042528
musicien,fr,1,NOUN,-26.73407,-6.988749
poésie,fr,3,NOUN,-21.110085,-3.7318597
aventure,fr,7,NOUN,-20.206629,0.6057266
guide,fr,5,NOUN,9.666692,-31.087366
événement,fr,1,NOUN,-18.388348,33.07942
tiers,fr,1,NOUN,-32.646584,40.49176
lendemain,fr,9,NOUN,-19.861696,38.00874
orange,fr,2,NOUN,-63.890263,-15.14702
matin,fr,12,NOUN,-20.263666,39.05165
flotte,fr,1,NOUN,-12.991577,-24.19452
monsieur,fr,30,NOUN,-33.869904,-13.536431
dames,fr,54,NOUN,-14.049772,-6.8143005
couronne,fr,4,NOUN,-4.453967,-13.450187
trophée,fr,1,NOUN,-4.5033317,4.710612
aspect,fr,1,NOUN,-43.16648,22.896423
envoyé,fr,5,NOUN,-3.6262527,-17.635723
dispute,fr,4,NOUN,-5.0755353,2.8341248
lune,fr,3,NOUN,-43.25365,0.14639954
serge,fr,1,NOUN,-57.044365,21.24431
profil,fr,1,NOUN,-55.538418,26.06484
cabinet,fr,8,NOUN,-6.1580157,-19.026947
vision,fr,1,NOUN,-27.336256,24.16924
dehors,fr,4,NOUN,-28.462212,39.550034
grecque,fr,6,NOUN,-39.22605,-47.195477
œil,fr,50,NOUN,-49.80676,-3.3400488
récit,fr,4,NOUN,-21.442688,-0.9723706
climat,fr,9,NOUN,13.278845,1.292907
instrument,fr,1,NOUN,-25.078382,-7.3735867
automne,fr,1,NOUN,-14.561032,38.07389
animal,fr,5,NOUN,-47.86519,-33.92951
papier,fr,3,NOUN,-48.96572,-8.744499
plante,fr,1,NOUN,-59.733932,-22.35532
boulevard,fr,1,NOUN,-24.357925,-34.540356
preuve,fr,12,NOUN,-33.19292,24.720505
sable,fr,1,NOUN,-48.82431,-22.351416
noblesse,fr,6,NOUN,-5.60391,-23.704914
toile,fr,2,NOUN,-53.602024,-16.58811
liaison,fr,1,NOUN,-10.80848,-1.635281
trône,fr,3,NOUN,-4.864125,-13.088107
ruisseau,fr,1,NOUN,-32.23766,-40.37221
roche,fr,1,NOUN,-33.76363,-34.021763
largeur,fr,1,NOUN,-43.7614,28.01577
foi,fr,6,NOUN,-26.967337,-12.798259
nation,fr,17,NOUN,-12.73399,-15.962915
notion,fr,3,NOUN,-32.023746,26.00168
catalogue,fr,1,NOUN,8.831298,-36.729935
étage,fr,8,NOUN,-21.879953,-31.366856
hongrois,fr,5,NOUN,-45.667873,-47.97002
post,fr,2,NOUN,4.87249,-4.5411057
ennemi,fr,1,NOUN,-7.749483,13.376792
indien,fr,3,NOUN,-33.93357,-30.862427
consommation,fr,1,NOUN,-36.1446,31.142471
condition,fr,4,NOUN,-20.06822,21.263613
plaine,fr,12,NOUN,-30.54644,-38.93992
perte,fr,4,NOUN,-34.027313,31.122547
portée,fr,1,NOUN,-43.155727,29.173878
quantité,fr,24,NOUN,-39.101555,30.588835
estime,fr,2,NOUN,-31.390043,19.005518
couverture,fr,3,NOUN,-47.16045,16.081993
cuisine,fr,4,NOUN,-54.18528,-26.405724
disposition,fr,5,NOUN,-25.525242,28.235733
sénat,fr,2,NOUN,-6.479419,-17.221022
vaisseau,fr,10,NOUN,-13.894611,-24.61661
inscription,fr,7,NOUN,-17.430721,-24.556934
confiance,fr,1,NOUN,-26.92434,15.250153
augmentation,fr,1,NOUN,-34.88583,31.36857
oncle,fr,1,NOUN,-9.333199,-11.850876
génie,fr,3,NOUN,-16.613409,8.126032
canon,fr,1,NOUN,-53.927837,3.1743345
sculpture,fr,5,NOUN,-13.609401,-29.333956
peau,fr,6,NOUN,-53.378197,-4.3192844
vieille,fr,1,NOUN,-29.059563,-26.180243
poule,fr,2,NOUN,-54.402237,-33.473907
conservation,fr,1,NOUN,-12.496115,28.157394
équipage,fr,5,NOUN,-14.209022,-24.920301
impression,fr,3,NOUN,-40.70988,18.28138
conséquence,fr,5,NOUN,-29.7738,29.060997
vérité,fr,33,NOUN,-29.614544,5.753099
mérite,fr,7,NOUN,-9.23697,6.6295776
samedi,fr,1,NOUN,-19.04453,39.9604
remarque,fr,5,NOUN,-35.74336,20.23372
chinoise,fr,1,NOUN,-42.86837,-48.54602
phrase,fr,1,NOUN,-39.081356,21.674414
menace,fr,1,NOUN,-37.469322,11.424384
poursuite,fr,1,NOUN,-18.373032,-41.127518
parole,fr,9,NOUN,-17.13108,5.7192063
diamètre,fr,1,NOUN,-44.86056,28.00271
conduite,fr,6,NOUN,-39.52265,-12.492133
conscience,fr,2,NOUN,-25.259005,21.86737
peur,fr,3,NOUN,-36.47546,10.363851
crime,fr,8,NOUN,-25.41059,3.6013227
chrétienne,fr,3,NOUN,-26.55841,-15.007919
respect,fr,10,NOUN,-21.859257,17.168526
vendredi,fr,4,NOUN,-19.140188,40.143192
aile,fr,1,NOUN,-12.736606,-36.98055
carré,fr,2,NOUN,-45.265377,29.90765
lit,fr,9,NOUN,-49.997364,-10.6261215
loup,fr,1,NOUN,-50.561054,-34.35378
détroit,fr,2,NOUN,-24.148636,-45.058342
mémoires,fr,1,NOUN,-14.86637,-3.4067338
faute,fr,5,NOUN,-34.00502,21.247543
million,fr,1,NOUN,-38.109463,40.126083
contribution,fr,1,NOUN,-23.48879,23.992281
gris,fr,1,NOUN,-63.068195,-13.728159
danger,fr,8,NOUN,-37.53056,11.46297
détail,fr,17,NOUN,-2.4524927,36.73149
variété,fr,5,NOUN,-39.134106,33.376213
river,fr,1,NOUN,-30.674822,-40.908665
conquête,fr,3,NOUN,-11.529549,14.732237
neige,fr,11,NOUN,-45.605556,1.6395401
défaut,fr,6,NOUN,-31.889479,31.357885
paysage,fr,2,NOUN,-12.291623,-28.389729
couvent,fr,10,NOUN,-24.194403,-21.150331
violence,fr,1,NOUN,-26.685865,7.439655
sir,fr,1,NOUN,-28.9554,-19.605238
déclaration,fr,1,NOUN,-16.596912,14.9378
extrémité,fr,1,NOUN,-23.044033,-41.898643
colonne,fr,18,NOUN,-15.547891,-34.153755
créateur,fr,1,NOUN,-19.104193,-7.955927
environs,fr,5,NOUN,-26.595888,-38.958332
passion,fr,15,NOUN,-35.220123,5.2757525
secours,fr,2,NOUN,-13.982121,25.643694
chrétien,fr,34,NOUN,-26.476881,-15.072377
ange,fr,3,NOUN,-19.467388,-18.196115
opinion,fr,5,NOUN,-28.978817,17.879742
lundi,fr,3,NOUN,-19.066748,40.029785
avantage,fr,7,NOUN,-24.25172,30.76974
métier,fr,2,NOUN,-22.552591,26.703022
mélange,fr,3,NOUN,-44.54227,34.145073
autrichien,fr,4,NOUN,-46.203747,-47.305588
traversée,fr,1,NOUN,-21.082796,-42.649178
antiquité,fr,4,NOUN,-38.256126,-46.752304
nez,fr,1,NOUN,-50.639206,-2.426949
meurtre,fr,2,NOUN,-25.145424,3.335079
élite,fr,1,NOUN,-3.0938609,0.9325106
verre,fr,4,NOUN,-46.622974,-17.263163
queue,fr,4,NOUN,-59.496223,-3.985613
revenu,fr,3,NOUN,-16.795069,23.543364
regard,fr,2,NOUN,-48.61334,-3.7981503
amitié,fr,8,NOUN,-10.317653,-3.3678727
dossier,fr,1,NOUN,-21.350037,2.893322
oiseau,fr,1,NOUN,-52.27806,-36.704506
ambassadeur,fr,8,NOUN,-3.9335637,-17.018505
possession,fr,3,NOUN,-0.88452333,27.151894
lecteur,fr,1,NOUN,-18.70756,-1.2226226
goût,fr,23,NOUN,-36.609715,14.332078
observation,fr,3,NOUN,-6.268217,32.63147
colline,fr,2,NOUN,-32.169872,-35.17809
trésor,fr,4,NOUN,-42.664326,-11.192808
difficulté,fr,2,NOUN,-27.61527,27.89563
ombre,fr,9,NOUN,-41.994347,1.649726
vapeur,fr,1,NOUN,-41.33481,-19.210215
soldat,fr,11,NOUN,-12.423024,-19.926662
veille,fr,2,NOUN,-19.782333,37.67202
pluie,fr,3,NOUN,-45.253754,1.6259371
amie,fr,7,NOUN,-11.167033,-6.5127234
intention,fr,5,NOUN,-24.978968,20.159874
précision,fr,1,NOUN,-36.063892,26.696215
degré,fr,1,NOUN,-35.50209,29.543167
correspondance,fr,4,NOUN,-10.728633,-1.4778236
visage,fr,26,NOUN,-50.356174,-3.5848026
réflexion,fr,12,NOUN,-26.032207,24.250416
mariée,fr,1,NOUN,-9.343124,-8.640873
sexe,fr,5,NOUN,-28.10583,8.769917
séjour,fr,10,NOUN,-7.2324,-2.2122214
surprise,fr,13,NOUN,-32.183693,16.736198
juif,fr,8,NOUN,-29.69618,-15.7926235
séparation,fr,2,NOUN,-7.58175,-5.6111913
pavillon,fr,2,NOUN,-23.860214,-30.350224
distinction,fr,2,NOUN,-20.731817,19.456495
four,fr,2,NOUN,-53.046223,-26.914064
autel,fr,4,NOUN,-21.655186,-20.90264
plat,fr,10,NOUN,-58.113476,-30.301378
troupe,fr,16,NOUN,-30.516844,-7.1827016
ha,fr,1,NOUN,-63.154354,1.4210262
instant,fr,8,NOUN,-25.393381,34.411488
désert,fr,9,NOUN,-7.387849,-44.96217
bourse,fr,14,NOUN,-12.4417095,21.757164
froid,fr,19,NOUN,-46.157833,4.12462
réputation,fr,2,NOUN,1.3274326,45.452877
ronde,fr,1,NOUN,-28.953472,34.35072
apparence,fr,4,NOUN,-42.99049,22.814466
couche,fr,3,NOUN,-45.252125,26.301588
veuve,fr,12,NOUN,-9.501682,-9.016151
cesse,fr,1,NOUN,-41.97243,16.45775
exercice,fr,2,NOUN,-20.305395,27.565716
héritier,fr,3,NOUN,-7.4187946,-12.292159
voile,fr,13,NOUN,-38.6606,-29.48659
marchand,fr,11,NOUN,-12.965354,8.161077
assassinat,fr,1,NOUN,-24.607086,3.0631375
attitude,fr,4,NOUN,-29.18783,20.368816
jugement,fr,3,NOUN,-19.35736,12.10228
conséquent,fr,2,NOUN,-29.90157,29.282022
rayon,fr,2,NOUN,-44.30016,29.975216
nécessité,fr,1,NOUN,-25.714998,27.129717
vocation,fr,1,NOUN,-24.267889,25.631607
épée,fr,1,NOUN,-55.896393,2.5262165
copie,fr,3,NOUN,-17.829344,-22.919937
morceau,fr,9,NOUN,-25.569906,-4.211588
pyramide,fr,1,NOUN,-24.694683,-25.297907
plaisir,fr,57,NOUN,-39.718506,14.5187235
domination,fr,12,NOUN,-12.212919,14.7850275
équilibre,fr,1,NOUN,-32.625973,28.690706
examen,fr,1,NOUN,-7.3269186,29.023365
héritage,fr,1,NOUN,-7.5843844,-12.213447
pain,fr,3,NOUN,-56.1298,-28.897459
toit,fr,1,NOUN,-44.39079,-16.022102
opus,fr,1,NOUN,-69.84093,12.931018
écart,fr,2,NOUN,-29.534286,32.0101
signal,fr,1,NOUN,-45.32043,11.913366
crédit,fr,1,NOUN,-14.289742,21.584108
fuite,fr,2,NOUN,-23.852417,5.1324215
dôme,fr,8,NOUN,-22.955887,-27.505741
hasard,fr,1,NOUN,-36.882553,18.999756
acier,fr,1,NOUN,-46.38725,-18.415956
silence,fr,5,NOUN,-40.856987,3.255348
lait,fr,2,NOUN,-54.73288,-29.639727
charbon,fr,2,NOUN,-46.90575,-20.501873
dénomination,fr,1,NOUN,-8.857611,43.262035
fruit,fr,12,NOUN,-59.411537,-25.495098
marbre,fr,36,NOUN,-49.711422,-18.424526
trait,fr,4,NOUN,-44.185295,23.094242
étendue,fr,6,NOUN,-42.178852,31.419226
mar,fr,1,NOUN,-67.14778,16.739555
intelligence,fr,4,NOUN,-26.660795,21.759819
chaleur,fr,11,NOUN,-46.164574,4.1755724
chaussée,fr,2,NOUN,-21.878796,-31.465443
beauté,fr,43,NOUN,-32.734596,2.1087677
décoration,fr,3,NOUN,-49.924377,-14.689363
alphabet,fr,1,NOUN,-5.035805,-29.609793
réception,fr,2,NOUN,-16.575962,3.7467806
témoin,fr,2,NOUN,-22.036522,2.271218
conte,fr,2,NOUN,-22.869371,-2.2048457
horreur,fr,5,NOUN,-18.786665,1.7233897
fenêtre,fr,16,NOUN,-43.378536,-13.801464
morale,fr,2,NOUN,-22.622879,11.162724
égard,fr,10,NOUN,-29.874645,19.217903
cheveux,fr,1,NOUN,-55.441895,-6.552044
comtesse,fr,9,NOUN,-6.6503043,-9.722789
fleur,fr,22,NOUN,-60.141987,-21.949814
turc,fr,111,NOUN,-42.022823,-45.329903
consul,fr,1,NOUN,-4.772121,-16.730082
paradis,fr,3,NOUN,-36.31219,3.6364021
tempête,fr,4,NOUN,-44.7637,2.1402197
bonheur,fr,10,NOUN,-36.288437,4.4496255
moine,fr,1,NOUN,-25.579252,-20.13702
cuivre,fr,1,NOUN,-47.587814,-19.502937
viande,fr,1,NOUN,-54.26288,-31.210257
escalier,fr,8,NOUN,-21.260225,-29.36964
diable,fr,3,NOUN,-38.762897,-5.2648416
centaine,fr,1,NOUN,-37.61,40.941666
racine,fr,1,NOUN,-39.55125,24.447947
descente,fr,1,NOUN,-32.59839,-37.10566
magasin,fr,1,NOUN,-31.034815,-23.548552
explication,fr,2,NOUN,-33.346436,23.614964
duchesse,fr,7,NOUN,-6.2150607,-9.911027
logement,fr,6,NOUN,-15.494353,-16.879807
attentat,fr,1,NOUN,-24.335665,2.9867997
cellule,fr,3,NOUN,-43.97265,-4.3998694
courage,fr,6,NOUN,-24.421137,16.015413
plume,fr,5,NOUN,-48.954346,-7.49559
démarche,fr,1,NOUN,-25.89767,24.269447
perspective,fr,4,NOUN,-27.262207,24.346313
doctrine,fr,3,NOUN,-27.741068,-12.655561
effort,fr,1,NOUN,-24.457296,27.011063
bouche,fr,3,NOUN,-50.45126,-1.2835152
masque,fr,1,NOUN,-50.49872,-4.0811996
gloire,fr,2,NOUN,-29.821632,1.7517029
comparaison,fr,4,NOUN,-33.485714,33.13336
globe,fr,2,NOUN,4.7047462,-31.847408
ballon,fr,1,NOUN,-46.223595,-8.106446
audience,fr,7,NOUN,-28.496378,17.608541
diversité,fr,2,NOUN,-38.77777,32.88062
rocher,fr,5,NOUN,-33.508007,-34.20623
chêne,fr,1,NOUN,-57.338974,-20.651548
berger,fr,2,NOUN,-47.60695,-31.156311
particularité,fr,4,NOUN,-33.81844,35.800045
jeudi,fr,3,NOUN,-18.818575,40.103092
anges,fr,1,NOUN,-19.429363,-18.18711
étang,fr,2,NOUN,-32.42566,-40.44444
attente,fr,1,NOUN,-24.880907,33.699593
voûte,fr,2,NOUN,-22.25519,-27.679403
repos,fr,5,NOUN,-40.585037,7.197188
neutralité,fr,1,NOUN,-22.158735,17.338886
destin,fr,2,NOUN,-37.437115,4.122332
confusion,fr,1,NOUN,-35.509827,22.151583
clergé,fr,1,NOUN,-26.10416,-17.145544
mosquée,fr,26,NOUN,-24.257244,-27.724676
autrichienne,fr,1,NOUN,-46.209858,-47.531548
arsenal,fr,1,NOUN,-0.6992578,-43.104755
robe,fr,12,NOUN,-57.78573,-10.532258
écurie,fr,1,NOUN,-42.300396,-17.412645
triomphe,fr,2,NOUN,-18.14905,-14.771071
tribune,fr,2,NOUN,-19.025745,-29.36934
commis,fr,3,NOUN,-25.323387,3.8567157
pomme,fr,1,NOUN,-59.530563,-26.563395
justification,fr,1,NOUN,-33.70825,23.351677
richesse,fr,6,NOUN,-38.62429,32.312225
mardi,fr,2,NOUN,-18.683075,40.18232
cerveau,fr,1,NOUN,-49.69771,2.135717
sentiment,fr,5,NOUN,-34.638905,12.161438
habitude,fr,2,NOUN,-39.55759,15.724617
témoignage,fr,1,NOUN,-21.913301,2.3122694
nage,fr,1,NOUN,-30.69017,-47.208508
tombeau,fr,9,NOUN,-22.574615,-23.738754
bruit,fr,6,NOUN,-45.18474,11.819849
devise,fr,4,NOUN,-7.046191,-33.305637
mercredi,fr,3,NOUN,-18.799065,40.213856
royaumes,fr,1,NOUN,-2.013272,-13.7206955
volontaire,fr,1,NOUN,-19.053988,22.34006
vertu,fr,3,NOUN,-18.747696,15.160694
messe,fr,1,NOUN,-21.580322,-13.123985
obligation,fr,2,NOUN,-19.103687,21.272985
abri,fr,5,NOUN,-29.678276,-34.881
foule,fr,6,NOUN,-18.944931,8.055843
miroir,fr,1,NOUN,-47.888367,-5.420093
hongroise,fr,1,NOUN,-45.676132,-48.031662
magie,fr,1,NOUN,-37.538696,-1.5713974
dégât,fr,1,NOUN,-43.355198,14.010787
chaire,fr,3,NOUN,-15.649251,-0.79196304
maxime,fr,4,NOUN,-57.069748,21.243372
coin,fr,5,NOUN,-18.174738,-34.96561
arcade,fr,4,NOUN,-15.402855,-13.067786
plomb,fr,2,NOUN,-47.588417,-19.595346
envie,fr,14,NOUN,-39.459827,15.1177635
bâton,fr,3,NOUN,-57.323612,1.2648219
sac,fr,2,NOUN,-54.01905,-10.449659
flûte,fr,2,NOUN,-25.424852,-6.90155
chasseur,fr,1,NOUN,-39.160122,-24.858553
trou,fr,6,NOUN,-43.991566,-22.87931
appartement,fr,17,NOUN,-23.705051,-31.899986
pèlerinage,fr,1,NOUN,-21.998487,-14.872084
soin,fr,23,NOUN,-21.113922,24.579052
folie,fr,3,NOUN,-35.888077,6.905115
comédien,fr,1,NOUN,-29.672956,-9.126527
instance,fr,5,NOUN,-18.267054,12.353915
vigne,fr,7,NOUN,-62.276867,-27.509418
citoyen,fr,1,NOUN,-11.264261,-15.947396
grille,fr,2,NOUN,-43.737328,-17.578384
hébreu,fr,1,NOUN,-29.738821,-15.761225
vignoble,fr,1,NOUN,-62.384495,-27.663721
roue,fr,1,NOUN,-41.79754,-27.091492
cavalier,fr,2,NOUN,-43.635418,-30.845133
espérance,fr,1,NOUN,-23.90543,13.424832
évènement,fr,1,NOUN,-18.384872,33.097286
catholicisme,fr,1,NOUN,-27.21438,-15.613076
grandeur,fr,15,NOUN,-39.204033,28.449791
hôte,fr,1,NOUN,13.101046,-27.521452
revers,fr,1,NOUN,-9.375918,17.537148
signification,fr,3,NOUN,-37.505573,24.16198
épaisseur,fr,3,NOUN,-44.717735,27.108076
chapeau,fr,2,NOUN,-56.990047,-8.487348
uniforme,fr,1,NOUN,-58.627144,-8.348602
serment,fr,2,NOUN,-18.569317,17.817772
scandale,fr,2,NOUN,-27.477058,4.4403267
repas,fr,9,NOUN,-58.39324,-32.994118
luxe,fr,4,NOUN,-31.87287,0.9099286
maîtresse,fr,1,NOUN,-11.624904,-8.21658
impératrice,fr,25,NOUN,-4.778571,-10.701276
barbe,fr,5,NOUN,-56.272472,-7.2370214
dette,fr,1,NOUN,-15.838105,21.741882
dessert,fr,1,NOUN,-20.119724,-44.642506
renard,fr,2,NOUN,-50.602047,-34.25302
esclavage,fr,2,NOUN,-21.169718,7.606555
proportion,fr,2,NOUN,-35.747326,32.4415
bal,fr,3,NOUN,-22.87468,-9.01335
tort,fr,2,NOUN,-33.569687,14.268968
vengeance,fr,1,NOUN,-38.97483,3.5011253
ancêtre,fr,1,NOUN,-3.9435918,-24.56539
souveraineté,fr,1,NOUN,-14.339388,15.964113
sauveur,fr,2,NOUN,-19.891157,-18.882603
mathématique,fr,1,NOUN,-16.317245,-0.29029846
grace,fr,13,NOUN,-11.690999,-11.239465
more,fr,1,NOUN,-54.29227,14.76122
bête,fr,4,NOUN,-39.032814,-4.828964
joie,fr,3,NOUN,-35.319206,4.3951497
douleur,fr,5,NOUN,-40.071674,9.166397
pacte,fr,1,NOUN,-5.014677,19.018784
foire,fr,4,NOUN,-21.632896,-11.303063
excellence,fr,1,NOUN,-8.891751,8.041773
corruption,fr,1,NOUN,-26.98217,5.4678693
pin,fr,1,NOUN,-58.164806,-20.565853
loge,fr,2,NOUN,-19.853579,-37.86724
mets,fr,3,NOUN,-57.221615,-31.281696
bain,fr,18,NOUN,-51.96017,-11.829443
poudre,fr,2,NOUN,-55.399376,-27.167261
minuit,fr,1,NOUN,-20.855116,39.155754
buste,fr,1,NOUN,-19.562912,-24.912283
parade,fr,1,NOUN,-21.802578,-9.430627
peste,fr,6,NOUN,-43.61331,7.765271
controverse,fr,1,NOUN,-13.975844,13.273736
divorce,fr,1,NOUN,-8.271218,-6.7058163
paiement,fr,1,NOUN,-15.407074,20.68711
parent,fr,4,NOUN,-8.856316,-10.638098
gravité,fr,4,NOUN,-40.076954,29.425787
pente,fr,1,NOUN,-32.41931,-36.743416
patrie,fr,3,NOUN,-12.31928,-16.0773
pauvreté,fr,2,NOUN,-25.044535,10.785485
monstre,fr,1,NOUN,-39.072918,-4.610229
geste,fr,8,NOUN,-48.064774,6.3112774
arménien,fr,5,NOUN,-41.804825,-45.58603
domestique,fr,7,NOUN,-53.637886,-35.226223
patriarche,fr,1,NOUN,-25.050858,-18.807215
jet,fr,1,NOUN,2.991995,-23.259714
constance,fr,2,NOUN,-10.827578,-10.718767
trajet,fr,2,NOUN,-20.909111,-42.8104
soie,fr,8,NOUN,-56.093422,-13.774817
gorge,fr,7,NOUN,-58.227936,-3.3764603
pilier,fr,8,NOUN,-20.57749,-26.782871
diamant,fr,11,NOUN,-65.55642,-17.26605
drogue,fr,1,NOUN,-26.4512,5.7496037
fusil,fr,3,NOUN,-54.240013,2.8734255
conducteur,fr,1,NOUN,-39.49324,-12.860052
horloge,fr,1,NOUN,33.67607,-40.537132
plafond,fr,3,NOUN,-21.922607,-28.006716
allée,fr,1,NOUN,-23.167429,-34.24682
plainte,fr,1,NOUN,-31.38081,13.765551
banc,fr,5,NOUN,-49.187294,-22.031479
corde,fr,1,NOUN,-56.648735,-1.8755562
bouton,fr,7,NOUN,-42.156914,-14.148726
spirituel,fr,1,NOUN,-25.034273,-15.848802
rivalité,fr,1,NOUN,-13.012367,13.863656
plaisance,fr,1,NOUN,-36.469505,-29.79933
sourire,fr,7,NOUN,-40.010307,0.050457843
sommeil,fr,2,NOUN,-40.452496,8.231627
divinité,fr,1,NOUN,-30.641552,-12.123826
indication,fr,1,NOUN,-34.955612,24.304222
jul,fr,4,NOUN,-67.142975,16.738783
amant,fr,10,NOUN,-11.075707,-7.4703183
cou,fr,8,NOUN,-58.51561,-3.6525512
miracle,fr,5,NOUN,7.079625,-43.59216
créature,fr,2,NOUN,-39.11032,-4.385953
thé,fr,5,NOUN,-55.944103,-24.50081
bonnet,fr,6,NOUN,-58.889908,-10.465755
boutique,fr,9,NOUN,-31.006918,-23.573963
monarque,fr,5,NOUN,-4.863837,-13.147316
jésuite,fr,4,NOUN,-27.030006,-18.075226
voyageur,fr,18,NOUN,-7.5660987,-2.9362156
cuir,fr,1,NOUN,-56.150043,-12.508791
carnaval,fr,1,NOUN,-22.233477,-9.871175
intrigue,fr,3,NOUN,-21.185314,-0.65286815
encre,fr,1,NOUN,-48.898174,-8.481419
invitation,fr,1,NOUN,-6.0468397,-1.0631468
arche,fr,1,NOUN,-29.999544,-28.830425
préférence,fr,6,NOUN,-30.00211,33.69548
promenade,fr,3,NOUN,-22.168394,-34.772278
prétexte,fr,1,NOUN,-27.377861,19.607769
sabre,fr,1,NOUN,-55.911236,2.5250256
borne,fr,1,NOUN,-15.413665,-13.208017
rez,fr,2,NOUN,-21.878311,-31.303993
planche,fr,1,NOUN,-44.82927,-14.89744
oreille,fr,8,NOUN,-50.44118,-1.4643857
généalogie,fr,1,NOUN,-4.541445,-24.421062
martyr,fr,1,NOUN,-23.957172,-17.929705
assassin,fr,1,NOUN,-25.280716,2.7866378
conversation,fr,7,NOUN,-16.75644,3.1629422
prose,fr,2,NOUN,-21.50928,-3.876095
intervalle,fr,1,NOUN,-25.806726,35.786297
quarantaine,fr,2,NOUN,-37.557617,41.32643
tapis,fr,10,NOUN,-53.49372,-14.457305
coton,fr,2,NOUN,-55.83515,-14.012114
herbe,fr,2,NOUN,-50.06743,-27.948566
crâne,fr,1,NOUN,-51.653812,-2.9489248
manufacture,fr,2,NOUN,-51.411522,-15.875168
porteur,fr,2,NOUN,-38.985107,-11.06489
cinquantaine,fr,1,NOUN,-37.57079,41.134815
trahison,fr,3,NOUN,-23.708992,5.7495513
étiquette,fr,1,NOUN,-49.91332,23.583673
billet,fr,3,NOUN,-16.215118,32.5339
répétition,fr,2,NOUN,-42.995914,12.5541
élévation,fr,1,NOUN,-35.043686,30.847235
jonction,fr,1,NOUN,-22.198532,-42.13121
nid,fr,3,NOUN,-52.49745,-28.800848
ruine,fr,13,NOUN,-26.954557,-30.23786
olive,fr,1,NOUN,-62.12012,-24.32422
sagesse,fr,1,NOUN,-24.774046,13.2154455
compatriote,fr,2,NOUN,-11.836357,-4.08847
bœuf,fr,4,NOUN,-54.674984,-31.678394
banquier,fr,1,NOUN,-11.1904335,-13.392697
cri,fr,1,NOUN,-40.086166,3.8099008
insigne,fr,2,NOUN,-60.979992,-8.110706
nageur,fr,1,NOUN,-30.686934,-47.21591
collier,fr,3,NOUN,-59.83617,-6.189947
cloître,fr,2,NOUN,-23.822342,-21.502373
excès,fr,5,NOUN,-37.917416,13.225667
garantie,fr,1,NOUN,-18.639866,20.908703
jambe,fr,5,NOUN,-55.832428,-1.1361053
bouteille,fr,1,NOUN,-52.79834,-23.276749
reproche,fr,2,NOUN,-31.32904,18.699902
poitrine,fr,1,NOUN,-58.49351,-3.5293288
pot,fr,4,NOUN,-53.80412,-22.717394
clef,fr,3,NOUN,-43.31219,-9.859313
pardon,fr,2,NOUN,-25.113974,-9.787625
fidélité,fr,1,NOUN,-18.851849,17.83176
œuf,fr,2,NOUN,-53.361816,-28.66719
ruban,fr,5,NOUN,-60.600822,-7.4116254
odeur,fr,1,NOUN,-48.232986,19.440891
esclave,fr,26,NOUN,-21.097004,7.401821
sûreté,fr,3,NOUN,-22.259258,15.560638
danseur,fr,2,NOUN,-28.160976,-6.1104927
nièce,fr,2,NOUN,-9.861418,-9.316032
auberge,fr,5,NOUN,-30.859144,-25.713135
mercier,fr,1,NOUN,-36.835567,-21.328362
marée,fr,1,NOUN,-34.422577,-29.64905
proie,fr,1,NOUN,-37.329376,10.3607645
coutume,fr,9,NOUN,-18.959084,-11.258238
pompe,fr,1,NOUN,-42.68865,-20.050083
dia,fr,1,NOUN,-66.24373,12.383786
rebelle,fr,1,NOUN,-22.524622,6.6989956
tronc,fr,1,NOUN,-57.423466,-22.155355
pension,fr,4,NOUN,-16.164804,24.174103
brune,fr,1,NOUN,-63.207527,-12.818092
grenier,fr,2,NOUN,-47.03596,-26.957117
grain,fr,3,NOUN,-49.841957,-26.08754
charme,fr,5,NOUN,-33.108368,2.0418067
douzaine,fr,2,NOUN,-37.583473,41.15621
compagne,fr,1,NOUN,-11.035082,-6.574289
mouton,fr,3,NOUN,-48.30996,-32.20069
prairie,fr,2,NOUN,-49.685635,-28.488058
bétail,fr,1,NOUN,-48.23856,-30.077784
défilé,fr,1,NOUN,-21.481781,-10.016114
promesse,fr,1,NOUN,-17.315006,19.184744
croyance,fr,2,NOUN,-28.871805,-12.077314
abondance,fr,8,NOUN,-38.66284,32.06013
laine,fr,3,NOUN,-56.223183,-13.462201
spectateur,fr,3,NOUN,-48.09602,-4.033604
dignité,fr,3,NOUN,-20.138012,16.318153
boisson,fr,1,NOUN,-56.79768,-25.879055
nuage,fr,2,NOUN,-45.32258,0.24495241
doigt,fr,4,NOUN,-54.091286,-2.166497
flamme,fr,1,NOUN,-45.814808,-1.859839
trésorier,fr,2,NOUN,-7.8939996,-19.857683
lampe,fr,4,NOUN,-45.5565,-10.277785
miel,fr,1,NOUN,-57.79964,-26.598667
genou,fr,7,NOUN,-56.0284,-0.99833345
gré,fr,6,NOUN,-51.09739,5.50131
confluent,fr,1,NOUN,-31.28179,-40.55382
imagination,fr,2,NOUN,-26.699457,21.93849
célébration,fr,1,NOUN,-21.060175,-12.572396
approbation,fr,1,NOUN,-18.122744,13.487453
sépulture,fr,2,NOUN,-22.527494,-23.728971
fauteuil,fr,1,NOUN,-48.52813,-11.600954
certitude,fr,1,NOUN,-34.377842,25.575932
épaule,fr,7,NOUN,-56.093544,-1.0090854
cascade,fr,3,NOUN,-34.057056,-37.96846
intendant,fr,1,NOUN,-8.604867,-19.317816
paquet,fr,2,NOUN,-44.3876,-7.745926
crystal,fr,2,NOUN,-7.593929,-36.958294
favori,fr,6,NOUN,7.1206036,-23.484953
selle,fr,1,NOUN,-44.069492,-30.968801
procession,fr,4,NOUN,-21.399076,-13.536003
torture,fr,2,NOUN,-25.433664,6.1555004
divertissement,fr,3,NOUN,-29.677431,-3.0609503
cheminée,fr,1,NOUN,-46.505527,-15.141302
paysan,fr,11,NOUN,-35.767452,-19.019686
permission,fr,4,NOUN,-21.221857,21.214828
farine,fr,2,NOUN,-55.31201,-28.162207
poil,fr,1,NOUN,-54.18185,-5.7371554
fossé,fr,2,NOUN,-29.088102,-31.829975
éloge,fr,4,NOUN,-19.119911,4.5951695
mosaïque,fr,2,NOUN,-51.00614,-17.787647
dent,fr,2,NOUN,-40.36051,-34.742496
espion,fr,1,NOUN,0.7935317,17.784067
soumission,fr,2,NOUN,-16.082338,17.669807
majesté,fr,7,NOUN,-5.5942445,-12.295899
enthousiasme,fr,2,NOUN,-30.58989,16.361303
singe,fr,1,NOUN,-47.797573,-34.24784
brise,fr,2,NOUN,-46.4232,2.1394708
menu,fr,1,NOUN,-42.105904,-14.184194
parfum,fr,5,NOUN,-62.082657,-20.692387
obstacle,fr,1,NOUN,-27.895197,28.06946
multitude,fr,2,NOUN,-39.21918,35.38582
crainte,fr,7,NOUN,-36.135715,10.818486
coupole,fr,1,NOUN,-22.576298,-27.8171
chaise,fr,12,NOUN,-48.54803,-11.656026
gueule,fr,1,NOUN,-50.656666,-0.5888904
fumée,fr,1,NOUN,-46.374615,-0.8006258
paille,fr,2,NOUN,-49.22704,-26.45393
coquille,fr,3,NOUN,-51.28442,-21.32623
beurre,fr,2,NOUN,-55.568947,-28.721865
prélat,fr,1,NOUN,-26.497017,-18.716341
rame,fr,2,NOUN,-39.633327,-15.094601
bouquet,fr,2,NOUN,-60.92107,-22.149046
coffre,fr,1,NOUN,-43.077213,-11.318726
symétrie,fr,1,NOUN,-32.90429,28.265911
plâtre,fr,1,NOUN,-49.353855,-17.991196
faction,fr,1,NOUN,-8.855986,-15.626325
roc,fr,1,NOUN,-33.546185,-34.009865
amas,fr,1,NOUN,-45.71589,-23.357546
voleur,fr,1,NOUN,-36.933563,-8.541238
baleine,fr,1,NOUN,-44.900444,-33.827595
tas,fr,2,NOUN,-44.807068,-22.385136
colombe,fr,1,NOUN,-52.05268,-37.192062
solitude,fr,1,NOUN,-37.154846,6.9838605
aqueduc,fr,2,NOUN,-30.7912,-30.709726
commencement,fr,2,NOUN,-22.144178,34.794117
satisfaction,fr,12,NOUN,-23.615961,22.286253
supériorité,fr,1,NOUN,-24.335064,30.716862
orage,fr,1,NOUN,-44.87003,1.682899
débris,fr,4,NOUN,-46.04858,-23.570267
innocence,fr,1,NOUN,-29.859343,6.391611
muraille,fr,10,NOUN,-28.836277,-31.257677
échelon,fr,1,NOUN,-3.056982,0.8546947
raisin,fr,2,NOUN,-61.817703,-27.218166
âne,fr,2,NOUN,-47.305977,-32.373516
poignée,fr,1,NOUN,-54.2699,1.4539591
dépens,fr,1,NOUN,-9.76102,18.028194
vase,fr,7,NOUN,-52.555733,-20.717247
pitié,fr,5,NOUN,-39.461403,8.91079
niche,fr,1,NOUN,-20.24003,-27.944818
noix,fr,1,NOUN,-58.741615,-25.133038
simplicité,fr,3,NOUN,-33.8644,18.436844
rumeur,fr,1,NOUN,-28.621105,4.272382
affection,fr,1,NOUN,-39.99317,10.916447
secte,fr,3,NOUN,-29.692451,-13.420379
boulanger,fr,2,NOUN,-36.181118,-21.127295
éclat,fr,4,NOUN,-46.753693,-12.663059
aiguille,fr,3,NOUN,-40.149563,-34.586266
gazette,fr,1,NOUN,-21.311247,46.646244
considération,fr,6,NOUN,-23.724878,22.402533
sacre,fr,1,NOUN,-18.835075,-13.561866
contradiction,fr,2,NOUN,-31.858131,24.995564
plancher,fr,4,NOUN,-44.86938,-15.782221
pois,fr,1,NOUN,-59.617447,-27.531918
addition,fr,1,NOUN,-45.286587,34.4018
loges,fr,1,NOUN,-19.856297,-37.871067
antiquités,fr,1,NOUN,-37.456734,-46.871666
bouillon,fr,1,NOUN,-56.630325,-28.354544
fondement,fr,1,NOUN,-31.739117,25.306004
rameau,fr,1,NOUN,-4.208964,-26.057089
vêtement,fr,1,NOUN,-56.627502,-11.041405
corne,fr,2,NOUN,-46.32172,-35.432457
pêcheur,fr,1,NOUN,-36.071453,-26.255112
curiosité,fr,27,NOUN,-38.011726,18.61746
querelle,fr,5,NOUN,-13.747334,13.361284
péché,fr,1,NOUN,-33.55777,4.567088
marchande,fr,1,NOUN,-13.337605,8.251556
deuil,fr,4,NOUN,-38.35684,6.596116
incertitude,fr,1,NOUN,-34.319523,26.390375
cordon,fr,3,NOUN,-60.502705,-6.8375893
meurtrier,fr,1,NOUN,-25.312017,3.076497
rideau,fr,1,NOUN,-46.004814,-5.499875
malédiction,fr,1,NOUN,-39.522797,-2.3430943
justesse,fr,1,NOUN,-33.24518,17.26095
insuffisance,fr,1,NOUN,-33.118664,31.050186
ver,fr,2,NOUN,-43.744846,-23.49835
prudence,fr,1,NOUN,-28.578848,12.116727
soupe,fr,2,NOUN,-56.846447,-29.947357
souhait,fr,1,NOUN,-24.437351,19.999493
millier,fr,2,NOUN,-37.77503,40.38267
mépris,fr,2,NOUN,-32.637753,11.521239
vœu,fr,3,NOUN,-24.063734,19.740036
ornement,fr,3,NOUN,-50.18168,-14.677008
ciment,fr,1,NOUN,-46.828224,-18.42126
veine,fr,4,NOUN,3.0651996,51.70352
artisan,fr,3,NOUN,-34.87899,-20.51444
attachement,fr,2,NOUN,-20.730257,17.706734
valet,fr,2,NOUN,-34.23622,-14.052559
escorte,fr,4,NOUN,-12.897783,-24.138502
admiration,fr,8,NOUN,-30.77731,16.389406
fantaisie,fr,2,NOUN,-29.796179,-4.3403673
humeur,fr,4,NOUN,-39.433094,12.339929
apôtre,fr,2,NOUN,-23.951994,-17.945654
omnibus,fr,1,NOUN,-18.219114,-46.104023
crochet,fr,1,NOUN,-54.755875,-2.0777445
porcelaine,fr,12,NOUN,-51.380856,-15.916678
nain,fr,3,NOUN,-35.343815,-9.106087
gêne,fr,2,NOUN,-41.5699,11.773451
brouillard,fr,1,NOUN,-45.643436,1.4718039
camarade,fr,1,NOUN,-11.192845,-5.1330123
soufre,fr,1,NOUN,-47.453793,-20.163343
protestation,fr,1,NOUN,-30.542166,14.659894
laurier,fr,1,NOUN,-59.157864,-20.942839
narration,fr,1,NOUN,-21.431833,-0.80278313
ride,fr,1,NOUN,-40.998295,-27.92209
méditation,fr,2,NOUN,-24.300041,-14.570874
fourrure,fr,7,NOUN,-53.976974,-5.648051
gage,fr,2,NOUN,-17.360249,19.790688
macédonien,fr,1,NOUN,-41.504436,-46.034298
habit,fr,42,NOUN,-57.38911,-10.640235
merveilleux,fr,1,NOUN,-35.87082,-1.2108532
dot,fr,2,NOUN,-7.8955655,-7.6828017
cuisinier,fr,2,NOUN,-32.79047,-22.200607
patience,fr,3,NOUN,-29.075596,15.716184
rempart,fr,1,NOUN,-28.551386,-31.524567
éclair,fr,1,NOUN,-45.036118,-1.3010478
rapidité,fr,1,NOUN,-36.490864,27.049944
gentilhomme,fr,2,NOUN,-34.347733,-14.483982
cire,fr,3,NOUN,-49.60231,-16.934855
boue,fr,1,NOUN,-47.393684,-22.851587
désordre,fr,1,NOUN,-41.105343,5.8324585
honte,fr,3,NOUN,-36.112423,9.898672
fortification,fr,4,NOUN,-28.15394,-31.588596
saxonne,fr,1,NOUN,-27.619207,-1.8947467
fatigue,fr,14,NOUN,-40.738564,9.831131
panier,fr,1,NOUN,-54.04886,-19.679964
novo,fr,2,NOUN,-75.11862,0.29518893
serviteur,fr,1,NOUN,-31.858177,-14.92329
éventail,fr,2,NOUN,-57.331917,-17.418024
mensonge,fr,2,NOUN,-29.389584,5.768468
pouce,fr,2,NOUN,-54.15969,-2.1456
dévotion,fr,7,NOUN,-22.68512,-15.335715
corail,fr,1,NOUN,-50.723156,-20.994377
berline,fr,1,NOUN,-39.5512,-14.009948
jalousie,fr,9,NOUN,-31.261303,6.6142893
agathe,fr,2,NOUN,-12.431126,-10.119247
congé,fr,6,NOUN,-17.049469,25.336956
excuse,fr,6,NOUN,-32.749847,14.604943
passeport,fr,1,NOUN,-3.454352,8.678229
soupçon,fr,1,NOUN,-28.78007,6.280983
malheur,fr,6,NOUN,-37.727737,5.232763
core,fr,1,NOUN,-48.333317,21.163866
vestige,fr,3,NOUN,-27.636335,-30.698263
bastion,fr,2,NOUN,-28.216398,-31.617247
agrément,fr,3,NOUN,-20.064287,14.490347
muse,fr,1,NOUN,-24.879587,-2.8094203
clarté,fr,3,NOUN,-34.78836,18.72623
tan,fr,1,NOUN,-64.532486,1.1436722
rangée,fr,1,NOUN,-17.012363,-34.484756
oie,fr,1,NOUN,-54.170635,-33.30638
nouveauté,fr,3,NOUN,-27.153572,30.622286
aise,fr,5,NOUN,-39.404484,16.430006
ancre,fr,2,NOUN,-35.370377,-28.294945
meuble,fr,1,NOUN,-49.770096,-13.294908
perfection,fr,4,NOUN,-33.245846,18.59908
tentation,fr,2,NOUN,-32.79686,5.0077424
gâteau,fr,3,NOUN,-57.669773,-28.660927
rançon,fr,3,NOUN,-16.454107,19.526905
insulte,fr,2,NOUN,-32.78961,13.869273
révérend,fr,1,NOUN,-28.76647,-19.22421
ignorance,fr,7,NOUN,-33.05486,10.3527155
bravoure,fr,1,NOUN,-24.075996,16.091125
baume,fr,2,NOUN,-41.22824,-37.615425
perle,fr,21,NOUN,-62.887383,-16.946218
barque,fr,1,NOUN,-35.948116,-27.679613
buffet,fr,1,NOUN,-47.35181,-14.457399
persécution,fr,2,NOUN,-24.589323,7.118088
tribut,fr,2,NOUN,-15.641816,19.26666
forma,fr,1,NOUN,-76.94161,10.317838
écu,fr,3,NOUN,-62.85395,-8.467341
pigeon,fr,2,NOUN,-52.70029,-36.447205
rivage,fr,1,NOUN,-34.33313,-30.00973
précaution,fr,3,NOUN,-21.729364,23.551287
vivres,fr,2,NOUN,-14.434381,24.435963
portique,fr,3,NOUN,-22.114218,-29.303007
affectation,fr,1,NOUN,-18.352034,25.2336
assiette,fr,2,NOUN,-58.471527,-30.36199
vaincus,fr,1,NOUN,-7.633266,14.491719
agneau,fr,2,NOUN,-55.019257,-31.741304
jardinier,fr,2,NOUN,-32.754272,-20.998627
hermine,fr,3,NOUN,-62.575974,-9.057256
coteau,fr,2,NOUN,-32.061428,-36.015945
pavé,fr,11,NOUN,-42.56168,-22.605885
servante,fr,4,NOUN,-12.197586,-8.696437
rade,fr,1,NOUN,-35.472343,-28.985575
poivre,fr,1,NOUN,-58.00186,-24.977549
génois,fr,3,NOUN,-36.963467,-29.2119
hoc,fr,4,NOUN,-73.37117,9.287175
prophétie,fr,1,NOUN,-39.460564,-2.3263154
primo,fr,1,NOUN,-75.15023,1.5622388
posture,fr,1,NOUN,-29.12769,20.546474
troupeau,fr,3,NOUN,-48.021767,-30.519972
tablette,fr,1,NOUN,-44.657196,-12.17391
éloignement,fr,3,NOUN,-29.98436,31.722784
douceur,fr,8,NOUN,-35.624035,16.472002
tapisserie,fr,2,NOUN,-52.831894,-14.977182
chagrin,fr,6,NOUN,-37.84459,7.3204117
ambre,fr,1,NOUN,-63.57605,-17.743011
linge,fr,1,NOUN,-52.656418,-11.651702
chariot,fr,3,NOUN,-41.723377,-27.264585
sanglier,fr,1,NOUN,-50.755135,-33.774925
veuf,fr,1,NOUN,-9.127195,-8.97186
gibier,fr,3,NOUN,-51.638935,-33.389942
régularité,fr,1,NOUN,-34.466896,28.335619
tailleur,fr,2,NOUN,-35.03622,-20.639513
archange,fr,1,NOUN,-19.650099,-18.342896
élégance,fr,1,NOUN,-32.165714,2.1696281
fable,fr,5,NOUN,-22.941532,-2.248297
chemise,fr,4,NOUN,-57.332005,-9.486599
demoiselle,fr,3,NOUN,-11.743445,-9.249284
maris,fr,9,NOUN,-74.13943,-4.111523
surcroît,fr,1,NOUN,-30.395437,29.438957
fertilité,fr,1,NOUN,-31.885338,-11.136771
fureur,fr,1,NOUN,-39.36589,3.7323942
inquiétude,fr,1,NOUN,-35.438995,11.864981
inégalité,fr,1,NOUN,-30.22762,24.897907
crucifix,fr,2,NOUN,-21.129095,-20.255878
bosse,fr,1,NOUN,-45.04528,-33.81981
verset,fr,1,NOUN,-24.087954,-12.417465
métamorphose,fr,1,NOUN,-37.32375,-3.0267684
vôtre,fr,8,NOUN,-43.332508,18.909595
bandit,fr,1,NOUN,-37.143166,-9.043947
momie,fr,3,NOUN,-24.848455,-24.357643
melon,fr,1,NOUN,-61.4768,-25.845152
agenda,fr,1,NOUN,-25.395903,39.358936
dépense,fr,7,NOUN,-15.770518,22.985413
marchandise,fr,9,NOUN,-14.281178,9.757578
plis,fr,1,NOUN,-57.074284,-5.76685
délibération,fr,1,NOUN,-18.10513,13.033469
tristesse,fr,3,NOUN,-37.608242,7.085935
vulgaire,fr,2,NOUN,-34.71803,-4.612377
pinceau,fr,2,NOUN,-48.834625,-8.21279
fécondité,fr,1,NOUN,-31.879229,-11.151642
douane,fr,1,NOUN,-13.840782,9.249794
bague,fr,2,NOUN,-52.11663,-8.144521
omnium,fr,1,NOUN,-75.009705,10.526173
prédicateur,fr,1,NOUN,-27.831778,-17.601206
compassion,fr,3,NOUN,-25.092323,13.573836
obéissance,fr,5,NOUN,-19.618645,17.669744
tuyau,fr,2,NOUN,-43.928024,-19.85529
vieillesse,fr,3,NOUN,-41.85463,8.705892
laïc,fr,1,NOUN,-25.516567,-16.583612
générosité,fr,2,NOUN,-25.376375,14.271389
velours,fr,6,NOUN,-56.36846,-12.428937
épine,fr,1,NOUN,-41.260113,-34.935776
veste,fr,1,NOUN,-57.49151,-9.695286
aimant,fr,1,NOUN,-38.76886,17.316347
altesse,fr,4,NOUN,-6.1030846,-11.227236
émeraude,fr,8,NOUN,-63.48312,-17.267305
present,fr,1,NOUN,-54.817383,15.057202
coeur,fr,5,NOUN,-50.298447,15.640563
relique,fr,4,NOUN,-22.660679,-19.360073
veau,fr,1,NOUN,-54.886818,-31.620646
aveu,fr,1,NOUN,-19.859695,12.075995
vieillard,fr,2,NOUN,-35.20282,-10.671754
cruauté,fr,2,NOUN,-26.930344,7.5451646
fléau,fr,1,NOUN,-40.77977,-1.8995347
piece,fr,5,NOUN,-54.054703,14.49003
discrétion,fr,2,NOUN,-28.759037,13.344193
vénération,fr,7,NOUN,-22.427555,-15.320046
modération,fr,1,NOUN,-27.328232,16.12301
indifférence,fr,5,NOUN,-33.442165,10.959445
promontoire,fr,4,NOUN,-32.09613,-35.0597
obélisque,fr,1,NOUN,-20.772732,-25.61052
rubis,fr,5,NOUN,-63.410183,-17.185299
ire,fr,1,NOUN,-5.1135383,-9.7043705
jeûne,fr,1,NOUN,-25.30311,-11.559698
anno,fr,1,NOUN,-76.828476,5.4856734
zèle,fr,8,NOUN,-25.477568,15.763086
sermon,fr,2,NOUN,-24.224428,-12.563425
frontier,fr,3,NOUN,0.19447501,5.165343
marionnette,fr,1,NOUN,-29.585886,-7.634435
rareté,fr,4,NOUN,-38.484283,31.97714
barbarie,fr,1,NOUN,-42.184486,-3.5059304
isthme,fr,1,NOUN,-24.09852,-44.83645
dessein,fr,9,NOUN,-25.910166,20.372633
ravage,fr,1,NOUN,-43.781822,7.415431
nymphe,fr,2,NOUN,-37.115017,-3.064412
exactitude,fr,3,NOUN,-35.818897,26.462015
pastoral,fr,1,NOUN,-24.67545,-15.851406
regret,fr,3,NOUN,-37.355885,8.332068
farce,fr,1,NOUN,-31.988853,-5.718585
subsistance,fr,1,NOUN,-24.041868,10.427129
foin,fr,1,NOUN,-48.984875,-26.756989
gant,fr,1,NOUN,-57.321064,1.2163757
audace,fr,1,NOUN,-25.478468,16.80816
épicerie,fr,1,NOUN,-31.291685,-23.442036
frange,fr,3,NOUN,-64.28599,-11.40445
cabanes,fr,2,NOUN,-47.444798,-27.741486
novice,fr,1,NOUN,-25.97405,-20.735897
haie,fr,3,NOUN,-49.38901,-28.554066
invocation,fr,1,NOUN,-21.225237,-15.996157
bonté,fr,16,NOUN,-25.191711,13.899495
magna,fr,1,NOUN,-78.11306,9.887699
jasmin,fr,3,NOUN,-61.908543,-20.828766
galère,fr,1,NOUN,-36.982544,-28.40081
venin,fr,1,NOUN,-50.82633,0.7882626
habillement,fr,8,NOUN,-51.205093,-13.745113
mélancolie,fr,1,NOUN,-36.853485,7.0240736
festin,fr,2,NOUN,-58.5596,-33.300537
lasse,fr,1,NOUN,-48.012577,9.881559
cocher,fr,1,NOUN,-41.92426,-14.199316
bouts,fr,1,NOUN,-51.973904,-6.093876
dissertation,fr,1,NOUN,-16.884007,-1.2000258
oppression,fr,1,NOUN,-23.138672,8.4476185
citerne,fr,1,NOUN,-42.045795,-20.96312
vaisselle,fr,1,NOUN,-51.805817,-12.691302
circonférence,fr,1,NOUN,-44.959137,28.120667
toilette,fr,2,NOUN,-51.943317,-12.163195
portier,fr,1,NOUN,-33.76366,-22.07513
étoffe,fr,15,NOUN,-57.030884,-12.588007
pere,fr,8,NOUN,-62.968346,14.558274
politesse,fr,21,NOUN,-26.846537,11.97691
soulier,fr,4,NOUN,-58.804035,-14.366496
préambule,fr,1,NOUN,-16.64607,14.9691725
érudition,fr,3,NOUN,-18.021591,-3.3690422
luthérien,fr,2,NOUN,-27.679234,-16.567883
griffe,fr,2,NOUN,-52.974056,-2.766807
tasse,fr,2,NOUN,-55.650845,-24.419775
prétention,fr,1,NOUN,-27.024294,20.002348
vernis,fr,3,NOUN,-49.440956,-16.559904
poire,fr,2,NOUN,-59.1156,-26.433573
cyprès,fr,4,NOUN,-57.605564,-20.931307
galop,fr,1,NOUN,-43.312798,-30.754755
tranquillité,fr,6,NOUN,-21.653816,13.749412
chaudron,fr,1,NOUN,-52.740204,-24.391113
tendresse,fr,8,NOUN,-36.126637,5.221019
splendeur,fr,1,NOUN,-30.559893,1.8746412
treillis,fr,1,NOUN,-45.843582,-18.162241
drap,fr,8,NOUN,-56.715084,-12.858813
chaume,fr,1,NOUN,-48.252663,-27.667673
menteur,fr,1,NOUN,-36.635788,-6.7814317
ajustement,fr,5,NOUN,-32.38385,29.392735
bijou,fr,2,NOUN,-52.242123,-8.571873
merveille,fr,3,NOUN,-35.791924,-1.157735
humilité,fr,1,NOUN,-25.682903,13.6755
incursion,fr,2,NOUN,-11.199293,14.687084
singularité,fr,1,NOUN,-32.377815,26.657299
ante,fr,1,NOUN,-74.92816,12.503557
bosquet,fr,2,NOUN,-22.627338,-33.898396
piquet,fr,1,NOUN,-42.94391,-17.526056
armoire,fr,1,NOUN,-44.13644,-11.8830805
taverne,fr,1,NOUN,-30.892365,-25.642963
tonneau,fr,1,NOUN,-52.465458,-23.626163
griffon,fr,2,NOUN,-49.97607,-33.98321
laps,fr,1,NOUN,-24.8573,35.926144
honnêteté,fr,1,NOUN,-26.960045,14.370225
liqueur,fr,2,NOUN,-56.946514,-25.88045
cham,fr,1,NOUN,-66.40915,-21.968893
piédestal,fr,2,NOUN,-20.232862,-25.782349
indignation,fr,3,NOUN,-30.718596,14.754477
ennui,fr,1,NOUN,-36.976433,7.508743
antichambre,fr,1,NOUN,-19.922596,-30.739765
prodige,fr,2,NOUN,-26.66229,-5.5087585
pâturage,fr,1,NOUN,-48.288944,-29.84391
dentelle,fr,2,NOUN,-54.609093,-13.222863
heu,fr,1,NOUN,-44.707283,19.281977
pénitence,fr,1,NOUN,-25.319334,-11.104372
canapé,fr,1,NOUN,-49.84699,-10.932213
flambeau,fr,2,NOUN,-45.711193,-2.309578
verdure,fr,4,NOUN,-22.10357,-34.46474
bracelet,fr,1,NOUN,-52.11825,-8.125012
robinet,fr,2,NOUN,-43.482803,-19.941011
faste,fr,1,NOUN,-30.678219,1.3172767
noisette,fr,1,NOUN,-59.90566,-24.11408
chorus,fr,2,NOUN,-27.793682,-8.662198
cordonnier,fr,1,NOUN,-35.235683,-20.718313
jouissance,fr,1,NOUN,-20.346067,14.595117
supplice,fr,1,NOUN,-25.332825,6.142376
servitude,fr,1,NOUN,-21.651646,9.308771
penchant,fr,2,NOUN,-36.192883,14.411452
ardeur,fr,1,NOUN,-25.326422,15.976359
calviniste,fr,2,NOUN,-27.704914,-16.55942
appétit,fr,1,NOUN,-39.262955,12.602351
palatine,fr,1,NOUN,-5.822532,-9.108715
bouffon,fr,1,NOUN,-35.382057,-9.192943
méprise,fr,2,NOUN,-32.53185,11.53656
infinité,fr,1,NOUN,-38.410583,35.853367
sentinelle,fr,1,NOUN,-13.103194,-20.103962
carpe,fr,1,NOUN,-55.387997,-37.67455
tyrannie,fr,1,NOUN,-23.38678,8.326385
culotte,fr,1,NOUN,-56.650368,-9.340129
nourrice,fr,2,NOUN,-12.393816,-8.842643
sueur,fr,1,NOUN,-48.670963,0.33508387
perdrix,fr,1,NOUN,-52.118263,-35.451366
austérité,fr,1,NOUN,-24.858421,11.662459
mienne,fr,9,NOUN,-43.385216,19.171942
cendre,fr,3,NOUN,-47.321564,-22.594175
balustrade,fr,1,NOUN,-21.056768,-29.04512
fermeté,fr,1,NOUN,-27.261248,16.140976
galant,fr,1,NOUN,-32.112427,-2.618766
archiduchesse,fr,3,NOUN,-5.6889997,-10.112116
caillou,fr,1,NOUN,-44.274624,-22.580414
châsse,fr,1,NOUN,-22.53836,-19.571619
plaisanterie,fr,2,NOUN,-32.25671,-3.1378841
volaille,fr,1,NOUN,-54.175114,-31.859938
hazard,fr,3,NOUN,-44.240036,-7.308092
étonnement,fr,4,NOUN,-31.7536,16.333351
losange,fr,1,NOUN,-63.57914,-8.143439
plaie,fr,3,NOUN,-52.069946,-0.9320858
chameau,fr,5,NOUN,-47.31071,-32.603504
amertume,fr,1,NOUN,-36.293404,13.033416
jupe,fr,2,NOUN,-56.966217,-10.075641
corbeille,fr,5,NOUN,-54.02429,-19.005919
illumination,fr,1,NOUN,-27.790785,24.069992
épi,fr,1,NOUN,-60.210564,-20.964748
vermeil,fr,5,NOUN,-10.148558,3.6137435
dard,fr,1,NOUN,-50.88692,0.7294556
florin,fr,1,NOUN,0.6291095,-30.172478
voltige,fr,1,NOUN,-42.285774,-30.858633
alpe,fr,2,NOUN,-36.01052,-36.60671
négligence,fr,1,NOUN,-29.777212,11.799476
écharpe,fr,1,NOUN,-58.455894,-9.421634
aumône,fr,2,NOUN,-24.469223,-10.851565
captive,fr,1,NOUN,-35.410194,0.7663682
vier,fr,1,NOUN,-61.23616,5.3251014
fraîcheur,fr,1,NOUN,-35.977493,16.512857
ressentiment,fr,2,NOUN,-34.690964,12.124732
panache,fr,1,NOUN,-45.555077,-0.16335362
carcasse,fr,1,NOUN,-53.085888,-31.143627
roseau,fr,1,NOUN,-55.39022,-20.249506
épingle,fr,5,NOUN,-54.97225,-7.7117896
ameublement,fr,2,NOUN,-50.754356,-13.86999
mulet,fr,1,NOUN,-47.097553,-32.5418
botte,fr,1,NOUN,-55.588116,-3.7878494
vivacité,fr,7,NOUN,-35.231407,17.415613
coffres,fr,1,NOUN,-43.12815,-11.378463
longo,fr,1,NOUN,-74.18221,0.8427686
ambassadrice,fr,5,NOUN,-3.7090578,-16.72017
paresseux,fr,1,NOUN,-35.226715,1.7465051
créancier,fr,1,NOUN,-15.434021,21.37009
teint,fr,7,NOUN,-61.88768,-12.771972
légume,fr,2,NOUN,-59.274067,-26.82734
proverbe,fr,1,NOUN,-32.49176,-4.1448007
vanité,fr,2,NOUN,-32.736214,7.302137
malice,fr,1,NOUN,-34.80228,7.1810846
frontispice,fr,1,NOUN,-21.196573,-5.468216
persuasion,fr,1,NOUN,-28.222198,12.130125
amusement,fr,10,NOUN,-29.70805,-2.7025158
lambris,fr,1,NOUN,-47.516254,-15.076755
matelot,fr,1,NOUN,-35.10237,-25.51871
bled,fr,6,NOUN,-60.7743,-31.012743
pâté,fr,1,NOUN,-57.213318,-29.449137
superstition,fr,2,NOUN,-28.991972,-11.750355
coussin,fr,9,NOUN,-49.74952,-12.073221
lard,fr,1,NOUN,-55.96791,-29.861752
imperium,fr,3,NOUN,-1.7206633,-34.728916
chasteté,fr,1,NOUN,-26.0048,-10.703232
louange,fr,3,NOUN,-23.789202,-12.539768
étable,fr,2,NOUN,-47.22119,-27.104239
complainte,fr,1,NOUN,-24.264696,-4.276911
broderie,fr,2,NOUN,-54.493114,-13.375002
laboureur,fr,2,NOUN,-35.69608,-19.075926
parente,fr,1,NOUN,-9.01306,-10.3048315
limon,fr,1,NOUN,-48.009193,-24.045298
jurisconsulte,fr,1,NOUN,-28.655363,-17.84076
propreté,fr,6,NOUN,-21.968046,14.672328
lustre,fr,1,NOUN,-46.840366,-12.931449
odorat,fr,1,NOUN,-48.195847,19.236952
biche,fr,1,NOUN,-50.2079,-33.202473
aversion,fr,6,NOUN,-34.085827,11.28277
complaisance,fr,4,NOUN,-31.173746,11.666193
modestie,fr,1,NOUN,-26.575808,13.970665
figuier,fr,2,NOUN,-58.422653,-22.491194
impatience,fr,2,NOUN,-29.417667,15.852183
parterre,fr,3,NOUN,-22.078836,-33.810028
motu,fr,1,NOUN,-71.93744,5.8571157
supercherie,fr,2,NOUN,-29.251976,4.8263288
gance,fr,2,NOUN,-32.799217,-6.6212897
colonnade,fr,2,NOUN,-22.08564,-29.338932
récréation,fr,1,NOUN,-29.660006,-2.571993
apothéose,fr,1,NOUN,-18.338514,-14.535661
gland,fr,2,NOUN,-40.969677,-35.864708
satin,fr,5,NOUN,-57.837048,-13.158708
baye,fr,2,NOUN,-37.557667,-37.5724
conjoncture,fr,1,NOUN,-28.721325,26.139534
confiture,fr,2,NOUN,-57.871105,-27.05046
ame,fr,12,NOUN,-53.852245,9.524851
varia,fr,1,NOUN,-78.373024,9.795779
porphyre,fr,2,NOUN,-49.453773,-19.0054
délicatesse,fr,1,NOUN,-34.646072,16.95024
ananas,fr,2,NOUN,-59.2965,-24.488962
embellissement,fr,2,NOUN,-26.60001,-28.073225
cicatrice,fr,1,NOUN,-52.37107,-1.3938388
charrue,fr,1,NOUN,-41.688072,-26.805143
mouchoir,fr,11,NOUN,-54.59732,-10.448572
bagatelle,fr,2,NOUN,-30.045708,-4.3607464
imposture,fr,1,NOUN,-29.284916,5.2972736
bagage,fr,3,NOUN,-41.232185,-10.706443
éminence,fr,1,NOUN,-32.114502,-34.712345
pudeur,fr,2,NOUN,-29.046242,9.952554
buffle,fr,3,NOUN,-48.565567,-34.472225
embarras,fr,2,NOUN,-30.422182,12.90835
profusion,fr,2,NOUN,-39.275867,34.831715
brigand,fr,1,NOUN,-37.196014,-9.131725
dégoût,fr,1,NOUN,-34.66309,11.036718
paresse,fr,3,NOUN,-33.567345,6.765438
dou,fr,1,NOUN,-64.9891,0.90070224
tis,fr,1,NOUN,-39.569485,-48.094753
nai,fr,1,NOUN,-63.465595,1.789214
absurdité,fr,1,NOUN,-32.989635,9.694387
coquette,fr,1,NOUN,-33.494205,-0.68024427
infidélité,fr,1,NOUN,-31.034447,6.485074
cérémonial,fr,6,NOUN,-20.226387,-12.736653
cloison,fr,1,NOUN,-45.094627,-16.023014
fardeau,fr,1,NOUN,-16.551668,21.621553
mere,fr,12,NOUN,-62.801983,11.031491
carrosse,fr,11,NOUN,-37.996784,-13.984532
perruque,fr,3,NOUN,-56.504726,-9.529924
estrade,fr,1,NOUN,-19.807922,-29.380495
injure,fr,4,NOUN,-32.608498,13.768607
soupir,fr,1,NOUN,-39.585667,6.2059603
faisan,fr,1,NOUN,-52.57804,-35.848553
aman,fr,6,NOUN,-42.076523,-5.6293397
irrégularité,fr,2,NOUN,-34.440342,28.392534
ombrage,fr,3,NOUN,-41.936157,1.6802063
superflu,fr,1,NOUN,-38.984695,19.532774
apothicaire,fr,2,NOUN,-31.233828,-19.333626
cheveu,fr,22,NOUN,-55.161728,-6.434731
albâtre,fr,1,NOUN,-50.405396,-18.954899
chaloupe,fr,2,NOUN,-35.815586,-28.16243
torrens,fr,1,NOUN,-34.758743,-23.035973
commodité,fr,5,NOUN,-21.498539,28.93994
libertin,fr,1,NOUN,-33.68008,-2.8579376
mascarade,fr,1,NOUN,-22.631891,-9.614559
élégie,fr,1,NOUN,-23.086317,-4.1975603
dédommagement,fr,1,NOUN,-15.6680155,20.409012
subtilité,fr,1,NOUN,-34.41739,17.3427
fumier,fr,1,NOUN,-48.6642,-26.706263
moscovite,fr,1,NOUN,-43.18484,-47.66739
chandelle,fr,3,NOUN,-46.12268,-9.948597
poinçon,fr,1,NOUN,-48.196316,-16.343304
traîneau,fr,4,NOUN,-42.008392,-28.51295
vaise,fr,1,NOUN,-42.626354,-37.91764
subordination,fr,1,NOUN,-20.03829,18.778875
verge,fr,2,NOUN,-57.730133,-1.3487182
contenance,fr,3,NOUN,-51.22405,-23.819332
faiseur,fr,1,NOUN,-36.81492,-7.709779
maitresse,fr,12,NOUN,-11.6410265,-8.2825985
coquillage,fr,1,NOUN,-51.277065,-21.14229
osier,fr,1,NOUN,-55.20274,-20.089052
chandelier,fr,3,NOUN,-46.232986,-10.251192
aug,fr,2,NOUN,-69.9883,7.7841887
supposition,fr,1,NOUN,-33.178326,24.416822
oranger,fr,3,NOUN,-59.97005,-23.412867
parure,fr,2,NOUN,-52.478046,-9.315682
fanatisme,fr,1,NOUN,-24.9394,7.8471375
préjugé,fr,1,NOUN,-33.521408,12.099459
provision,fr,1,NOUN,-15.040495,23.995604
nacre,fr,4,NOUN,-51.138165,-20.216742
affront,fr,3,NOUN,-32.87482,13.244161
scrupule,fr,6,NOUN,-31.94335,11.197462
stérilité,fr,1,NOUN,-32.165398,-10.78929
vil,fr,1,NOUN,-38.94992,-7.2669644
lumiere,fr,5,NOUN,-59.364918,14.327317
larme,fr,7,NOUN,-49.018658,-0.65128636
dama,fr,3,NOUN,-48.59234,-35.107876
casserole,fr,1,NOUN,-54.397335,-25.806835
eunuque,fr,4,NOUN,-3.56518,-10.479832
lieue,fr,6,NOUN,-30.9677,-33.68565
huître,fr,1,NOUN,-51.44993,-21.672907
exagération,fr,1,NOUN,-32.352474,9.76759
modele,fr,1,NOUN,-51.9377,27.518156
murmure,fr,3,NOUN,-40.89456,3.479701
tur,fr,2,NOUN,-68.060295,6.032872
galon,fr,1,NOUN,-60.435944,-9.359386
turban,fr,3,NOUN,-58.598816,-11.185632
ustensile,fr,1,NOUN,-54.265556,-25.940485
soucoupe,fr,2,NOUN,-42.429184,-7.5389338
digression,fr,3,NOUN,-21.772245,-0.48123062
nomen,fr,3,NOUN,-77.23894,6.8566685
brodé,fr,1,NOUN,-57.375126,-12.152126
evêque,fr,3,NOUN,-26.399439,-19.097786
grillage,fr,2,NOUN,-44.626698,-17.629631
omission,fr,1,NOUN,-33.81372,20.821173
guirlande,fr,3,NOUN,-54.00617,-18.631323
martre,fr,7,NOUN,-51.335133,-34.98164
netteté,fr,1,NOUN,-34.93638,18.682297
casus,fr,1,NOUN,-76.40027,12.099891
sé,fr,1,NOUN,-65.984634,1.1892656
enfilade,fr,2,NOUN,-21.59335,-30.068533
corset,fr,3,NOUN,-56.156433,-10.127224
méchanceté,fr,4,NOUN,-33.39669,8.251894
crêpe,fr,2,NOUN,-58.122387,-28.737625
serviette,fr,2,NOUN,-52.469154,-11.438979
chalumeau,fr,1,NOUN,-44.165203,-19.815779
acclamation,fr,1,NOUN,-18.533234,8.3231535
summa,fr,1,NOUN,-75.890396,5.5318713
œillet,fr,3,NOUN,-60.269234,-22.15243
sédition,fr,1,NOUN,-23.628696,6.134939
ragoût,fr,1,NOUN,-56.65852,-30.540806
grief,fr,1,NOUN,-29.49095,7.682126
empressement,fr,3,NOUN,-26.67491,18.285824
volatile,fr,1,NOUN,-48.301857,20.253044
duce,fr,1,NOUN,-75.61996,2.2734437
avarice,fr,1,NOUN,-32.896282,7.796086
écrevisse,fr,1,NOUN,-55.268803,-37.59006
partialité,fr,4,NOUN,-28.415041,14.349327
gaieté,fr,1,NOUN,-31.14412,-0.9643556
tabouret,fr,1,NOUN,-49.485382,-12.244638
blancheur,fr,2,NOUN,-61.761696,-13.4222555
enchantement,fr,3,NOUN,-37.45707,-1.5398726
tourterelle,fr,2,NOUN,-52.422215,-36.547302
airain,fr,2,NOUN,-45.905037,-19.231302
rhume,fr,3,NOUN,-43.026855,9.814825
vétusté,fr,1,NOUN,-26.631681,-29.195198
tresse,fr,3,NOUN,-54.92515,-11.839294
confidente,fr,1,NOUN,-11.927875,-7.541902
ergo,fr,1,NOUN,-72.084724,10.151176
tumulte,fr,1,NOUN,-41.18664,4.83454
rebut,fr,1,NOUN,-45.335392,-24.49234
dorure,fr,3,NOUN,-49.090702,-15.897678
imprudence,fr,3,NOUN,-29.747826,11.641155
figue,fr,1,NOUN,-59.629566,-25.340479
ongle,fr,2,NOUN,-53.35319,-2.9924347
brocard,fr,5,NOUN,-57.091114,-14.763962
lazuli,fr,1,NOUN,-51.064034,-19.17644
cimier,fr,1,NOUN,-62.68966,-8.502015
magnificence,fr,22,NOUN,-30.768072,1.940423
éclaircissement,fr,1,NOUN,-32.67866,22.93209
infirmité,fr,1,NOUN,-40.86766,9.228686
caresse,fr,1,NOUN,-36.86937,2.3069005
choeur,fr,1,NOUN,-21.482695,-21.859913
inclination,fr,4,NOUN,-35.945343,14.412085
rôti,fr,1,NOUN,-56.308296,-30.99825
grosseur,fr,7,NOUN,-43.587902,26.660833
siecle,fr,4,NOUN,-57.851833,16.265053
incrédulité,fr,1,NOUN,-32.56294,5.11972
traiteur,fr,1,NOUN,-31.748697,-23.065643
rie,fr,1,NOUN,-54.439465,9.626997
consternation,fr,1,NOUN,-31.151188,15.19629
gouvernant,fr,1,NOUN,-14.274084,16.404583
allumette,fr,1,NOUN,-46.138725,-9.532766
révérence,fr,1,NOUN,-30.361431,8.7113
quidam,fr,1,NOUN,-72.46419,12.151397
reinette,fr,1,NOUN,-60.617348,-24.517776
vitrage,fr,2,NOUN,-45.703724,-16.779118
fracas,fr,1,NOUN,-41.390697,4.601913
sofie,fr,1,NOUN,-13.071353,-10.214219
abréger,fr,3,NOUN,-39.091724,9.689229
cierge,fr,2,NOUN,-21.561079,-18.295887
réverbération,fr,1,NOUN,-45.18338,11.933689
cocu,fr,1,NOUN,-35.262432,-12.41914
marinier,fr,1,NOUN,-35.059277,-25.459908
ravisseur,fr,1,NOUN,-37.751675,0.63824683
laideur,fr,1,NOUN,-34.02414,8.5401
fiance,fr,1,NOUN,-9.226528,-7.9924064
avidité,fr,1,NOUN,-32.966522,8.565087
inoculation,fr,3,NOUN,-43.686253,9.083799
idiome,fr,2,NOUN,-16.088438,-19.576376
tempore,fr,1,NOUN,-73.92355,6.981154
stupidité,fr,2,NOUN,-33.14731,9.119038
dévote,fr,2,NOUN,-22.909966,-15.728988
impureté,fr,1,NOUN,-46.12764,8.243243
fausseté,fr,2,NOUN,-32.551525,24.54753
gaze,fr,4,NOUN,-57.90961,-13.368126
assortiment,fr,1,NOUN,-57.28719,-17.51045
riviere,fr,11,NOUN,-60.621815,11.601486
précepte,fr,1,NOUN,-22.535181,11.346485
tris,fr,1,NOUN,-45.65385,34.49748
petitesse,fr,1,NOUN,-39.766056,28.420347
magno,fr,1,NOUN,-74.682365,0.99869233
quarré,fr,4,NOUN,-39.640545,-38.93367
saleté,fr,2,NOUN,-35.52816,9.433339
hiéroglyphe,fr,1,NOUN,-24.947706,-25.024523
sagacité,fr,1,NOUN,-27.518597,14.465589
magazin,fr,1,NOUN,-21.489021,46.89899
faucheur,fr,1,NOUN,-38.820904,-23.68577
rafraîchissement,fr,1,NOUN,-36.59222,16.56394
sourcil,fr,3,NOUN,-57.77182,-3.6922913
fard,fr,2,NOUN,-60.894257,-13.684953
tem,fr,70,NOUN,-67.96426,6.3268824
rebus,fr,2,NOUN,-75.54396,8.419417
bellum,fr,1,NOUN,-75.994255,11.627882
ecriture,fr,2,NOUN,-19.352833,-2.3685727
vérole,fr,5,NOUN,-43.436012,8.502118
denrée,fr,2,NOUN,-14.675791,9.680955
convive,fr,1,NOUN,-58.563103,-33.272385
brame,fr,1,NOUN,-50.9484,-31.646221
regni,fr,1,NOUN,-76.68559,8.426082
plumet,fr,1,NOUN,-60.551624,-10.367821
bourrelet,fr,1,NOUN,-57.022396,-5.229256
mulâtre,fr,1,NOUN,-20.966269,7.2547293
compliment,fr,7,NOUN,-32.230785,15.434273
précipice,fr,3,NOUN,-35.844532,-33.229984
insolence,fr,1,NOUN,-31.492907,8.882113
lar,fr,2,NOUN,-67.05537,5.5229163
militum,fr,1,NOUN,-76.59326,7.7148623
béatitude,fr,1,NOUN,-24.708035,-14.117078
oisiveté,fr,1,NOUN,-33.130234,6.8351684
frere,fr,7,NOUN,-62.474236,14.191712
indigence,fr,1,NOUN,-25.428425,10.538543
civilité,fr,1,NOUN,-26.768028,11.816023
décence,fr,1,NOUN,-28.59658,10.283136
libelle,fr,1,NOUN,-33.81273,-2.8030796
possum,fr,1,NOUN,-82.14979,9.786412
gaité,fr,1,NOUN,-31.114569,-1.0037392
pantoufle,fr,2,NOUN,-55.289516,-9.765616
ecuyer,fr,1,NOUN,-33.840378,-15.878207
hardiesse,fr,6,NOUN,-25.53595,16.73448
jonquille,fr,3,NOUN,-60.85316,-10.920343
parée,fr,1,NOUN,-52.864002,-9.654427
étoit,fr,9,NOUN,-35.999825,-15.329471
toise,fr,1,NOUN,-45.746765,27.827528
bizarrerie,fr,1,NOUN,-38.03128,19.10771
mède,fr,1,NOUN,-40.0577,-45.398983
joujou,fr,1,NOUN,-40.69952,-8.326389
ance,fr,1,NOUN,-34.79803,-41.067184
bourbier,fr,1,NOUN,-36.016785,-33.059074
ecrivain,fr,1,NOUN,-18.033276,-6.7135763
interêt,fr,1,NOUN,-37.404617,21.255539
populace,fr,1,NOUN,-19.158918,7.937436
jais,fr,1,NOUN,-62.16415,-12.594231
maniere,fr,45,NOUN,-60.30233,13.845973
grimace,fr,1,NOUN,-39.99224,-0.2682384
impiété,fr,1,NOUN,-25.121391,8.323567
extravagance,fr,1,NOUN,-31.390066,2.6024122
raille,fr,1,NOUN,-34.886955,-5.2737093
désagrément,fr,2,NOUN,-41.83595,11.693626
ravissement,fr,1,NOUN,-37.719555,1.1253531
mousseline,fr,1,NOUN,-55.02522,-12.347861
bellis,fr,1,NOUN,-73.96604,10.856817
galanterie,fr,5,NOUN,-32.1756,-2.775015
loix,fr,8,NOUN,-27.092323,1.0508599
postillon,fr,1,NOUN,-37.464226,-13.542534
sane,fr,1,NOUN,-69.96084,9.320512
conteuse,fr,1,NOUN,-17.096605,-5.334966
cous,fr,1,NOUN,-58.413765,-4.81417
indiscrétion,fr,1,NOUN,-29.093681,13.01269
pacem,fr,1,NOUN,-72.25595,8.764937
tali,fr,1,NOUN,-70.36429,5.901275
catacombe,fr,1,NOUN,-23.29393,-23.332235
redingote,fr,1,NOUN,-57.317562,-9.153635
batelier,fr,1,NOUN,-35.612625,-25.889738
calamité,fr,1,NOUN,-38.030453,5.179086
transsubstantiation,fr,1,NOUN,-27.41584,-12.5560875
ceinturon,fr,1,NOUN,-59.645233,-8.656792
caleçon,fr,4,NOUN,-56.399323,-9.219433
expédient,fr,1,NOUN,-14.024725,24.326883
mortification,fr,3,NOUN,-25.585226,-11.212296
oratio,fr,1,NOUN,-74.98475,6.8861628
boiserie,fr,1,NOUN,-47.44351,-15.0227995
brocart,fr,1,NOUN,-56.959026,-14.478129
crotte,fr,2,NOUN,-50.054447,-31.326633
mente,fr,1,NOUN,-72.573715,1.510728
yvoire,fr,2,NOUN,-40.97208,-37.434143
regle,fr,1,NOUN,-61.251488,17.70053
regne,fr,2,NOUN,-67.50761,-5.714819
encensoir,fr,1,NOUN,-21.565596,-18.384502
paresseuse,fr,1,NOUN,-35.27124,1.6896838
lapi,fr,1,NOUN,-72.77784,3.061292
déisme,fr,1,NOUN,-28.33612,-13.521261
adorateur,fr,1,NOUN,-31.64989,-14.834849
arriere,fr,2,NOUN,-60.60437,12.542761
domi,fr,1,NOUN,-71.33517,9.227857
étourdissement,fr,1,NOUN,-42.299057,11.507591
stance,fr,4,NOUN,-22.216011,-3.7612348
camisole,fr,2,NOUN,-55.91473,-8.627801
ducat,fr,3,NOUN,0.077413686,-29.742392
oppresseur,fr,1,NOUN,-23.11678,8.420911
verum,fr,1,NOUN,-75.6718,9.638753
impertinence,fr,1,NOUN,-31.243565,9.557117
pelisse,fr,1,NOUN,-58.747776,-9.988926
sorbet,fr,5,NOUN,-57.38763,-27.245481
civitate,fr,1,NOUN,-75.59636,6.543693
voiler,fr,2,NOUN,-38.738808,-29.506304
mollesse,fr,1,NOUN,-34.14074,9.69728
patri,fr,1,NOUN,-74.10781,5.6122003
flegme,fr,1,NOUN,-34.592445,15.48935
datte,fr,1,NOUN,-60.095272,-25.626225
moeurs,fr,1,NOUN,-28.006634,10.069766
ture,fr,1,NOUN,-48.32861,10.0751705
gratis,fr,1,NOUN,-72.69126,11.886931
réjouissance,fr,1,NOUN,-34.751152,3.8197415
harnois,fr,2,NOUN,-58.75771,-0.72056067
serpens,fr,1,NOUN,-79.474174,4.979489
magis,fr,1,NOUN,-73.21083,10.322297
mune,fr,1,NOUN,-52.877373,9.1027
louage,fr,2,NOUN,-14.81317,10.653236
langueur,fr,2,NOUN,-38.948536,7.7180257
verd,fr,9,NOUN,-66.93883,-6.284529
schelin,fr,1,NOUN,-59.2257,-15.058603
déiste,fr,1,NOUN,-28.43634,-13.650323
faulx,fr,1,NOUN,-39.98157,-39.302708
marito,fr,1,NOUN,-74.62409,1.40856
bassesse,fr,1,NOUN,-30.367327,10.029882
blon,fr,1,NOUN,-27.139572,-24.264023
flatterie,fr,1,NOUN,-31.11818,10.277449
ché,fr,1,NOUN,-65.49722,1.039769
contredanse,fr,2,NOUN,-28.40371,-5.3182087
estropié,fr,1,NOUN,-35.234364,-10.726262
moissonneur,fr,1,NOUN,-38.848324,-23.713108
postiche,fr,1,NOUN,-54.527435,-8.901902
cujus,fr,1,NOUN,-75.045746,7.523844
ble,fr,2,NOUN,-64.94055,4.9442797
attirail,fr,1,NOUN,-38.433464,18.005249
boutel,fr,1,NOUN,-38.71427,-21.335323
espece,fr,13,NOUN,-62.856453,23.279097
régle,fr,2,NOUN,-61.139874,17.774431
derriere,fr,12,NOUN,-60.58827,13.028499
caftan,fr,3,NOUN,-58.68722,-11.678885
decem,fr,1,NOUN,-74.568115,7.731174
prude,fr,4,NOUN,-33.392685,-0.4970243
matiere,fr,6,NOUN,-60.032753,14.0458555
troisieme,fr,2,NOUN,-57.146526,13.893642
interprete,fr,8,NOUN,-75.76406,4.651654
curiam,fr,1,NOUN,-73.740746,6.725451
indécence,fr,1,NOUN,-28.986189,10.116291
difformité,fr,2,NOUN,-34.58915,8.446974
fixement,fr,1,NOUN,-48.018505,-4.239694
négligemment,fr,1,NOUN,-50.953423,-6.562157
indolence,fr,1,NOUN,-31.880606,8.387355
bierre,fr,1,NOUN,-39.49043,-38.68538
hif,fr,1,NOUN,-64.82113,4.991732
tion,fr,3,NOUN,-47.58157,12.194256
desir,fr,5,NOUN,-40.599068,13.999802
poëte,fr,6,NOUN,-38.385635,-17.26825
auctore,fr,1,NOUN,-75.56683,7.542004
honores,fr,1,NOUN,-78.18622,7.122242
electeur,fr,4,NOUN,-8.03474,-13.375381
epître,fr,1,NOUN,-20.860838,-6.368295
siége,fr,9,NOUN,-7.1121445,-16.79594
hodie,fr,1,NOUN,-73.04224,7.8232603
casuel,fr,1,NOUN,-69.241844,2.8766558
hanc,fr,2,NOUN,-73.12046,8.347191
impudence,fr,3,NOUN,-30.060047,10.7738695
civili,fr,1,NOUN,-74.261566,3.2537317
provin,fr,1,NOUN,-27.6368,-39.66509
ravelin,fr,2,NOUN,-28.04556,-32.706688
somptuosité,fr,1,NOUN,-31.192703,2.1424174
étre,fr,1,NOUN,-44.793404,17.049532
railleur,fr,1,NOUN,-34.94265,-5.5361176
démangeaison,fr,1,NOUN,-42.475533,10.423328
anthropophage,fr,1,NOUN,-39.701496,-4.1475754
janissaire,fr,21,NOUN,-42.2048,-44.67783
felouque,fr,1,NOUN,-36.448162,-28.592138
talen,fr,2,NOUN,-61.23256,5.328183
circassien,fr,1,NOUN,-42.18373,-44.99354
senatore,fr,1,NOUN,-74.30061,2.224083
savan,fr,1,NOUN,-26.60819,-8.0130415
majore,fr,2,NOUN,-79.69032,8.099245
égratignure,fr,1,NOUN,-52.632317,-0.5630473
casu,fr,1,NOUN,-69.35618,2.9197645
naif,fr,1,NOUN,-39.200638,-7.3493304
cuillerée,fr,1,NOUN,-56.20598,-27.188274
cier,fr,1,NOUN,-34.809757,-40.970352
bitan,fr,1,NOUN,-70.07107,-9.604261
seur,fr,1,NOUN,-34.257793,-18.419367
demarche,fr,1,NOUN,-53.148006,19.046587
sopha,fr,9,NOUN,-55.56262,6.4385877
affabilité,fr,1,NOUN,-27.108667,14.2182
connoisseur,fr,2,NOUN,-27.5174,-0.28264287
trembleur,fr,1,NOUN,-43.54481,5.2487907
poële,fr,7,NOUN,-51.411976,-26.022184
nante,fr,1,NOUN,-53.70487,9.549072
solum,fr,1,NOUN,-74.64287,9.55941
préparatif,fr,2,NOUN,-12.001114,35.503582
consomption,fr,1,NOUN,-26.09644,9.98393
potius,fr,1,NOUN,-75.47372,6.8726325
collége,fr,1,NOUN,-13.838072,0.07127412
siécle,fr,1,NOUN,-57.782883,16.439722
patre,fr,1,NOUN,-71.77256,8.220795
effe,fr,1,NOUN,-63.9169,8.868763
caffé,fr,12,NOUN,-72.57385,-0.67737997
multis,fr,1,NOUN,-73.30598,10.39246
recit,fr,1,NOUN,-67.753586,8.784191
majorum,fr,1,NOUN,-76.34261,7.7154293
plai,fr,1,NOUN,-23.963522,0.5007245
historiette,fr,1,NOUN,-17.602541,-5.004894
colere,fr,1,NOUN,-63.546276,10.935787
divus,fr,1,NOUN,-76.358925,6.5100336
multa,fr,1,NOUN,-74.388725,7.461372
connoissance,fr,15,NOUN,-27.265089,0.0042357724
partem,fr,1,NOUN,-73.89666,9.520591
tamen,fr,1,NOUN,-72.93617,5.7906175
angloise,fr,6,NOUN,-27.655426,-1.4324436
tribuno,fr,1,NOUN,-74.86478,3.3172174
nape,fr,1,NOUN,-50.478382,23.202114
quatrieme,fr,1,NOUN,-57.082962,13.853951
chere,fr,45,NOUN,-63.720135,9.636343
mant,fr,1,NOUN,-39.992775,-22.215425
fratre,fr,1,NOUN,-72.63596,7.649131
barriere,fr,1,NOUN,-60.61631,12.479311
sardoine,fr,1,NOUN,-43.66014,-37.678078
priere,fr,1,NOUN,-60.6073,13.429302
quidem,fr,6,NOUN,-74.008224,8.32008
misere,fr,3,NOUN,-68.87387,10.936882
matre,fr,1,NOUN,-71.13194,8.257068
cinquieme,fr,1,NOUN,-57.11046,13.92314
habere,fr,1,NOUN,-71.00604,6.6443954
maque,fr,1,NOUN,-37.415512,-27.593266
fléche,fr,2,NOUN,-55.68033,-3.2582657
roir,fr,1,NOUN,-51.14057,11.379502
mahométan,fr,3,NOUN,-27.264067,-13.643926
tagne,fr,1,NOUN,-37.00533,-37.230896
esset,fr,1,NOUN,-71.45299,7.401229
temoin,fr,1,NOUN,-58.331375,15.126616
ravisse,fr,1,NOUN,-37.766273,0.7965468
toire,fr,1,NOUN,-52.909412,9.195489
aventurine,fr,1,NOUN,-20.217236,0.6552711
chevre,fr,1,NOUN,-50.494404,-32.66599
utilitate,fr,1,NOUN,-75.08503,5.6242843
premierement,fr,1,NOUN,-58.817417,14.680996
reliquis,fr,1,NOUN,-77.86551,5.6846566
utili,fr,1,NOUN,-73.64943,3.0464327
bouti,fr,1,NOUN,-66.428665,-7.105903
juppe,fr,1,NOUN,-57.75823,-7.804413
publice,fr,1,NOUN,-74.58753,4.9159427
sance,fr,2,NOUN,-35.99832,-41.086494
méchanique,fr,1,NOUN,-37.283688,-4.2593093
ètat,fr,1,NOUN,-1.5250671,-20.978296
enten,fr,1,NOUN,-61.243664,5.326874
carosse,fr,3,NOUN,-37.8475,-13.942455
rier,fr,1,NOUN,-34.55872,-22.522154
limonier,fr,1,NOUN,-48.103817,-24.113178
futaille,fr,1,NOUN,-50.96432,-24.130634
tiam,fr,1,NOUN,-72.15688,6.674157
suorum,fr,1,NOUN,-75.09677,7.6931286
lement,fr,2,NOUN,-47.164463,12.33683
coûtume,fr,1,NOUN,-18.792437,-10.493014
bibliothéque,fr,1,NOUN,-17.639158,-3.891289
remede,fr,1,NOUN,-63.651882,11.172649
breche,fr,2,NOUN,-70.87797,-3.0298817
ornare,fr,1,NOUN,-73.12544,4.0038238
reconnoissance,fr,3,NOUN,-27.126192,0.109644555
paren,fr,14,NOUN,-8.690847,-10.578917
boëte,fr,2,NOUN,-38.47473,-17.297901
patribus,fr,1,NOUN,-74.378235,5.88174
istam,fr,1,NOUN,-68.993385,6.2558985
logemen,fr,2,NOUN,-15.499365,-16.898823
piéce,fr,2,NOUN,-32.342945,-8.053749
terrein,fr,10,NOUN,-44.640522,-26.144974
barbouilleur,fr,1,NOUN,-35.093925,-6.273893
fauxbourg,fr,4,NOUN,-27.523005,-21.740412
présens,fr,2,NOUN,-31.420279,35.50113
digito,fr,1,NOUN,-11.044617,52.78914
statim,fr,1,NOUN,-73.2869,4.78629
systême,fr,2,NOUN,-31.21986,31.442732
rable,fr,1,NOUN,-50.814785,12.190318
chevrefeuille,fr,1,NOUN,-59.18774,-21.347574
affectionnée,fr,1,NOUN,-40.053673,11.059192
batteau,fr,1,NOUN,-37.187325,-21.513811
vité,fr,1,NOUN,-39.862724,27.45431
tradere,fr,1,NOUN,-66.62614,8.839377
pendans,fr,1,NOUN,-39.825397,-39.74445
espéce,fr,3,NOUN,-62.968082,23.201838
foible,fr,3,NOUN,-50.73342,12.334652
confreres,fr,1,NOUN,-62.65215,14.332426
neur,fr,1,NOUN,-33.62301,-18.397007
mignature,fr,1,NOUN,-25.49772,-0.70377773
cicogne,fr,1,NOUN,-40.928715,-39.375584
meroi,fr,1,NOUN,-77.2412,3.1913617
sanguinem,fr,1,NOUN,-74.74928,8.814782
protec,fr,1,NOUN,-12.679588,27.186836
potior,fr,1,NOUN,-77.86075,8.4191065
nempe,fr,1,NOUN,-73.32401,7.700818
importunité,fr,2,NOUN,-38.953938,15.065387
tiroit,fr,1,NOUN,-36.45019,-15.314887
enfan,fr,22,NOUN,-14.405672,-8.746288
grossiereté,fr,1,NOUN,-43.650425,14.936482
reditum,fr,1,NOUN,-75.78523,7.8114896
aniversaire,fr,1,NOUN,-16.758287,33.31354
ceur,fr,1,NOUN,-33.745773,-18.363895
habitan,fr,12,NOUN,-70.085304,-9.615135
connois,fr,2,NOUN,-27.519312,-0.31044945
terminos,fr,1,NOUN,-73.6156,15.144386
laitiere,fr,2,NOUN,-54.30176,-29.711227
deshonneur,fr,1,NOUN,-10.500704,6.538366
truit,fr,1,NOUN,-55.31262,-37.654015
mîme,fr,1,NOUN,-50.67225,9.053018
magine,fr,1,NOUN,-58.16095,7.2839775
païsan,fr,1,NOUN,-16.58402,-19.597805
necesse,fr,1,NOUN,-62.468884,17.535427
diaman,fr,16,NOUN,-65.62925,-17.273474
extremos,fr,1,NOUN,-73.614525,15.113036
lende,fr,1,NOUN,-68.40222,-2.7290425
gentilshomme,fr,2,NOUN,-34.39236,-14.634642
pierrerie,fr,13,NOUN,-47.97156,-16.09589
quadrupede,fr,1,NOUN,-78.94597,5.217065
eoque,fr,1,NOUN,-74.048706,8.37788
repertum,fr,1,NOUN,-76.625336,9.20478
passan,fr,1,NOUN,-30.631445,-28.117136
amicum,fr,1,NOUN,-76.04929,9.842383
doine,fr,1,NOUN,-43.71089,-37.702843
cessaire,fr,1,NOUN,-42.026066,16.524422
