letter_idx,sentence,pred,label,score
0,"I FLATTER, myself, dear sister, that I shall give you some pleasure in letting you know that I have safely passed the sea, though we had the ill fortune of a storm.",0,NEGATIVE,0.9954649
0,"We were persuaded by the captain of the yacht to set out in a calm, and he pretended there was nothing so easy as to tide it over; but, after two days slowly moving, the wind blew so hard, that none of the sailors could keep their feet, and we were all Sunday night tossed very handsomely.",0,NEGATIVE,0.998392
0,I never saw a man more frighted (sic) than the captain.,0,NEGATIVE,0.9928842
0,"For my part, I have been so lucky, neither to suffer from fear nor seasickness; though, I confess, I was so impatient to see myself once more upon dry land, that I would not stay till the yacht could get to Rotterdam, but went in the long-boat to Helvoetsluys, where we had voitures to carry us to the Briel.",1,POSITIVE,0.99786717
0,I was charmed with the neatness of that little town; but my arrival at Rotterdam presented me a new scene of pleasure.,1,POSITIVE,0.99873084
0,"All the streets are paved with broad stones, and before many of the meanest artificers doors are placed seats of various coloured marbles, so neatly kept, that, I assure you, I walked almost all over the town yesterday, _incognito_,  in my slippers without receiving one spot of dirt; and you may see the Dutch maids washing the pavement of the street, with more application than ours do our bed-chambers.",1,POSITIVE,0.99868315
0,"The town seems so full of people, with such busy faces, all in motion, that I can hardly fancy it is not some celebrated fair; but I see it is every day the same.",0,NEGATIVE,0.7412163
0,'Tis certain no town can be more advantageously situated for commerce.,1,POSITIVE,0.9985748
0,"Here are seven large canals, on which the merchants ships come up to the very doors of their houses.",1,POSITIVE,0.9966013
0,"The shops and warehouses are of a surprising neatness and magnificence, filled with an incredible quantity of fine merchandise, and so much cheaper than what we see in England, that I have much ado to persuade myself I am still so near it.",1,POSITIVE,0.99863505
0,Here is neither dirt nor beggary to be seen.,1,POSITIVE,0.99265933
0,"One is not shocked with those loathsome cripples, so common in London, nor teased with the importunity of idle fellows and wenches, that chuse (sic) to be nasty and lazy.",0,NEGATIVE,0.9336666
0,"The common servants, and little shop-women, here, are more nicely clean than most of our ladies; and the great variety of neat dresses (every woman dressing her head after her own fashion) is an additional pleasure in seeing the town.",1,POSITIVE,0.9988768
0,"You see, hitherto, I make no complaints, dear sister; and if I continue to like travelling as I do at present, I shall not repent my project.",1,POSITIVE,0.9980756
0,"It will go a great way in making me satisfied with it, if it affords me an opportunity of entertaining you.",1,POSITIVE,0.99832493
0,But it is not from Holland that you may expect a _disinterested_ offer.,0,NEGATIVE,0.9960598
0,"I can write enough in the stile (sic) of Rotterdam, to tell you plainly, in one word that I expect returns of all the London news.",1,POSITIVE,0.99350125
0,"You see I have already learnt to make a good bargain; and that it is not for nothing I will so much as tell you, I am your affectionate sister.",1,POSITIVE,0.9964472
1,"I MAKE haste to tell you, dear Madam, that, after all the dreadful fatigues you threatened me with, I am hitherto very well pleased with my journey.",1,POSITIVE,0.998648
1,"We take care to make such short stages every day, that I rather fancy myself upon parties of pleasure, than upon the road; and sure nothing can be more agreeable than travelling in Holland.",1,POSITIVE,0.99632996
1,"The whole country appears a large garden; the roads are well paved, shaded on each side with rows of trees, and bordered with large canals, full of boats, passing and repassing.",1,POSITIVE,0.998466
1,"Every twenty paces gives you the prospect of some villa, and every four hours that of a large town, so surprisingly neat, I am sure you would be charmed with them.",0,NEGATIVE,0.9967175
1,The place I am now at is certainly one of the finest villages in the world.,1,POSITIVE,0.99888366
1,"Here are several squares finely built, and (what I think a particular beauty) the whole set with thick large trees.",1,POSITIVE,0.9985086
1,"The _Vour-hout_ is, at the same time, the Hyde-Park and Mall of the people of quality; for they take the air in it both on foot and in coaches.",1,POSITIVE,0.9987642
1,"There are shops for wafers, cool liquors, &c.--I have been to see several of the most celebrated gardens, but I will not teaze (sic) you with their descriptions.",1,POSITIVE,0.98329717
1,I dare say you think my letter already long enough.,0,NEGATIVE,0.99559724
1,"But I must not conclude without begging your pardon, for not obeying your commands, in sending the lace you ordered me.",0,NEGATIVE,0.99463373
1,"Upon my word, I can yet find none, that is not dearer than you may buy it at London.",0,NEGATIVE,0.9834169
1,"If you want any India goods, here are great variety of penny-worths; and I shall follow your orders with great pleasure and exactness; being,              Dear Madam, &c. &c.",1,POSITIVE,0.9956234
2,"I AM extremely sorry, my dear S. that your fears of disobliging your relations, and their fears for your health and safety, have hindered me from enjoying the happiness of your company, and you the pleasure of a diverting journey.",0,NEGATIVE,0.9920428
2,"I receive some degree of mortification from every agreeable novelty, or pleasing prospect, by the reflection of your having so unluckily missed the delight which I know it would have given you.",0,NEGATIVE,0.9994445
2,"If you were with me in this town, you would be ready to expect to receive visits from your Nottingham friends.",1,POSITIVE,0.9974773
2,"No two places were ever more resembling; one has but to give the Maese the name of the Trent, and there is no distinguishing the prospect.",1,POSITIVE,0.98698735
2,"The houses, like those of Nottingham, are built one above another, and are intermixed in the same manner with trees and gardens.",1,POSITIVE,0.9985353
2,"The tower they call Julius Caesar's, has the same situation with Nottingham castle; and I cannot help fancying, I see from it the Trentfield, Adboulton, places so well known to us.",1,POSITIVE,0.9944306
2,"'Tis true, the fortifications make a considerable difference.",1,POSITIVE,0.99765664
2,"All the learned in the art of war bestow great commendations on them; for my part, that know nothing of the matter, I shall content myself with telling you, 'tis a very pretty walk on the ramparts, on  which there is a tower, very deservedly called the Belvidera; where people go to drink coffee, tea, &c. and enjoy one of the finest prospects in the world.",1,POSITIVE,0.9951475
2,"The public walks have no great beauty but the thick shade of the trees, which is solemnly delightful.",1,POSITIVE,0.9975168
2,"But I must not forget to take notice of the bridge, which appeared very surprising to me.",1,POSITIVE,0.99761933
2,"It is large enough to hold hundreds of men, with horses and carriages.",1,POSITIVE,0.99831474
2,"They give the value of an English two-pence to get upon it, and then away they go, bridge and all, to the other side of the river, with so slow a motion, one is hardly sensible of any at all.",0,NEGATIVE,0.99902076
2,"I was yesterday at the French church, and stared very much at their manner of service.",1,POSITIVE,0.997307
2,"The parson clapped on a broad-brimmed hat in the first place, which gave him entirely the air of _what d'ye call him_, in Bartholomew fair, which he kept up by extraordinary antic gestures, and preaching much such stuff as the other talked to the puppets.",0,NEGATIVE,0.99871016
2,"However, the congregation seemed to receive it with great devotion; and I was informed by some of his flock, that he is a person of particular fame amongst them.",1,POSITIVE,0.9981935
2,"I believe, by this time, you are as much tired with my account of him, as I was with his sermon; but I am sure your brother will excuse a digression in favour of the church of England.",0,NEGATIVE,0.99850005
2,"You know speaking disrespectfully of the Calvinists, is the same thing as speaking honourably of the church.",0,NEGATIVE,0.992407
2,"Adieu, my dear S. always remember me; and be assured I can never forget you, &c. &c.",1,POSITIVE,0.99744713
3,"IF my lady ---- could  have any notion of the fatigues that I have suffered these two last days, I am sure she would own it a great proof of regard, that I now sit down to write to her.",1,POSITIVE,0.9969062
3,"We hired horses from Nimeguen hither, not having the conveniency (sic) of the post, and found but very indifferent accommodations at Reinberg, our first stage; but it was nothing to what I suffered yesterday.",0,NEGATIVE,0.9981431
3,"We were in hopes to reach Cologn; our horses tired at Stamel, three hours from it, where I was forced to pass the night in my clothes, in a room not at all better than a hovel; for though I have my bed with me, I had no mind to undress, where the wind came from a thousand places.",0,NEGATIVE,0.9989823
3,"We left this wretched lodging at day-break, and about six this morning came safe here, where I got immediately into bed.",0,NEGATIVE,0.9962769
3,"I slept so well for three hours, that I found myself perfectly recovered, and have had spirits enough to go and see all that is curious in the town, that is to say, the churches, for here is nothing else worth seeing.",1,POSITIVE,0.99849313
3,"This is a very large town, but the most part of it is old built.",0,NEGATIVE,0.96523875
3,"The Jesuits church, which is the neatest, was shewed (sic) me, in a very complaisant manner, by a handsome young Jesuit; who, not knowing who I was, took a liberty in his compliments and railleries, which very much diverted me.",1,POSITIVE,0.9957756
3,"Having never before seen any thing of that nature, I could not enough admire the magnificence of the altars, the rich images of the saints (all massy silver) and the _enchassures_ of the relicks (sic); though I could not help murmuring, in my heart, at the profusion of pearls, diamonds, and rubies, bestowed on the adornment of rotten teeth, and dirty rags.",1,POSITIVE,0.997674
3,"I own that I had wickedness enough to covet St Ursula's pearl necklaces; though perhaps this was no wickedness at all, an image not being certainly one's neighbour's; but I went yet farther, and wished the wench herself converted into dressing-plate.",0,NEGATIVE,0.9942168
3,"I should also gladly see converted into silver, a great St Christopher, which I imagine would look very well in a cistern.",1,POSITIVE,0.9951137
3,"These were my pious reflections: though I was very well satisfied to see, piled up to the honour of our nation, the skulls of the eleven thousand virgins.",0,NEGATIVE,0.91218525
3,"I have seen some hundreds of relicks here of no less, consequence; but I will not imitate the common stile (sic) of travellers so far, as to give you a list of them; being persuaded, that you have no manner of curiosity for the titles given to jaw-bones and bits of worm-eaten wood.--Adieu, I am just going to supper, where I shall drink your health in an admirable sort of Lorrain (sic) wine, which I am sure is the same you call Burgundy in London, &c. &c.",0,NEGATIVE,0.99760926
4,"AFTER five days travelling post, I could not sit down to write on any other occasion, than to tell my dear lady, that I have not forgot her obliging command, of sending her some account of my travels.",1,POSITIVE,0.9974863
4,"I have already passed a large part of Germany, have seen all that is remarkable in Cologn, Frankfort, Wurtsburg, and this place.",1,POSITIVE,0.9982514
4,"'Tis impossible not to observe the difference between the free towns and those under the government of absolute princes, as all the little sovereigns of Germany are.",1,POSITIVE,0.9952505
4,"In the first, there appears an air of commerce and plenty.",1,POSITIVE,0.9946262
4,"The streets are well-built, and full of people, neatly and plainly dressed.",1,POSITIVE,0.9987637
4,"The shops are loaded with merchandise, and the commonalty are clean and cheerful.",1,POSITIVE,0.99886817
4,"In the other you see a sort of shabby finery, a number of dirty people of quality tawdered (sic) out; narrow nasty streets out of repair, wretchedly thin of inhabitants, and above half of the common sort asking alms.",0,NEGATIVE,0.9982096
4,"I cannot help fancying one under the figure of a clean Dutch citizen's wife, and the other like a poor town lady of pleasure, painted and ribboned out in her head-dress, with tarnished silver-laced shoes, a ragged under-petticoat, a miserable mixture of vice and poverty.--They have sumptuary laws in this town, which distinguish their rank by their dress, prevent the excess which ruins so many other cities, and has a more agreeable effect to the eye of a stranger, than our fashions.",0,NEGATIVE,0.9968032
4,"I need not be ashamed to own, that I wish these laws were in force in other parts of the world.",1,POSITIVE,0.99492615
4,"When one considers impartially, the merit of a rich suit of clothes in most places, the respect and the smiles of favour it procures, not to speak of the envy and the sighs it occasions (which is very often the principal charm to the wearer), one is forced to confess, that there is need of an uncommon understanding to resift the temptation of pleasing friends and mortifying rivals; and that it is natural to young people to fall into a folly, which betrays them to that want of money which is the source of a thousand basenesses (sic).",1,POSITIVE,0.9944673
4,"What numbers of men have begun the world with generous inclinations, that have afterwards been the instruments of bringing misery on a whole people, being led by vain expence (sic) into debts that they could clear no other way but by the forfeit of their honour, and which they never could have contracted, if the respect the multitude pays to habits, was fixed by law, only to a particular colour or cut of plain cloth!",0,NEGATIVE,0.98505056
4,These reflections draw after them others that are too melancholy.,0,NEGATIVE,0.9942044
4,"I will make haste to put them out of your head by the farce of relicks, with which I have been entertained in all Romish churches.",0,NEGATIVE,0.99521995
4,THE Lutherans are not quite free from these follies.,0,NEGATIVE,0.9961496
4,"I have seen here, in the principal church, a large piece of the cross set in jewels, and the point of the spear, which they told me very gravely, was the same that pierced the side of our Saviour.",0,NEGATIVE,0.9807667
4,"But I was particularly diverted in a little Roman Catholic church which is permitted here, where the professors of that religion are not very rich, and consequently cannot adorn their images in so rich a manner as their neighbour.",0,NEGATIVE,0.9931355
4,"For, not to be quite destitute of all finery, they have dressed up an image of our Saviour over the altar, in a fair full-bottomed wig very well powdered.",1,POSITIVE,0.9946494
4,"I imagine I see your lady ship stare at this article, of which you very much doubt the veracity; but, upon my word, I have not yet made use of the privilege of a traveller; and my whole account is written with the same plain sincerity of heart, with which I assure you that I am, dear Madam, yours, &c. &c.",1,POSITIVE,0.9986037
5,"I HAD the pleasure of receiving yours, but the day before I left London.",1,POSITIVE,0.996968
5,"I give you a thousand thanks for your good wishes, and have such an opinion of their efficacy that, I am persuaded, I owe in part, to them, the good luck of having proceeded so far on my long journey without any ill accident.",1,POSITIVE,0.9988039
5,"For I don't reckon it any, to have been stopped a few days in this town by a cold, since it has not only given me an opportunity of seeing all that is curious in it, but of making some acquaintance with the ladies, who have all been to see me with great civility, particularly _Madame_ ----, the wife of our king's envoy from Hanover.",1,POSITIVE,0.9988031
5,"She has carried me to all the assemblies, and I have been magnificently entertained at her house, which is one of the finest here.",1,POSITIVE,0.99889886
5,"You know, that all the nobility of this place are envoys from different states.",0,NEGATIVE,0.9936235
5,"Here are a great number of them, and they might pass their time agreeably enough, if they were less delicate on the point of ceremony.",0,NEGATIVE,0.9974835
5,"But instead of joining in the design of making the town as pleasant to one another as they can, and improving their little societies, they amuse themselves no other way than with perpetual quarrels, which they take care to eternize (sic), by leaving them to their successors; and an envoy to Ratisbon receives, regularly, half a dozen quarrels, among the perquisites of his employment.",0,NEGATIVE,0.9990573
5,"You may be sure the ladies are not wanting, on their side, in cherishing and improving  these important _picques_, which divide the town almost into as many parties, as there are families.",1,POSITIVE,0.9987083
5,"They chuse rather to suffer the mortification of sitting almost alone on their assembly nights, than to recede one jot from their pretensions.",0,NEGATIVE,0.9978861
5,"I have not been here above a week, and yet I have heard from almost every one of them the whole history of their wrongs, and dreadful complaint of the injustice of their neighbours, in hopes to draw me to their party.",0,NEGATIVE,0.9986323
5,"But I think it very prudent to remain neuter, though, if I was to stay amongst them, there would be no possibility of continuing so, their quarrels running so high, that they will not be civil to those that visit their adversaries.",0,NEGATIVE,0.9969782
5,"The foundation of these everlasting disputes, turns entirely upon rank, place, and the title of Excellency, which they all pretend to; and, what is very hard, will give it to no body.",0,NEGATIVE,0.99187064
5,"For my part, I could not forbear advising them, (for the public good) to give the title of Excellency to every body; which would include the receiving it from every body; but the very mention of such a dishonourable peace, was received with as much indignation, as Mrs Blackaire did the motion of a reference.",0,NEGATIVE,0.9982051
5,"And indeed, I began to think myself ill-natured, to offer to take from them, in a town where there are so few diversions, so entertaining an amusement.",0,NEGATIVE,0.99919957
5,"I know that my peaceable disposition already gives me a very ill figure, and that 'tis _publicly_ whispered as a piece of impertinent pride in me, that I have hitherto been saucily civil to every body, as if I thought nobody good enough to quarrel with.",0,NEGATIVE,0.9992252
5,"I should be obliged to change my behaviour, if I did not intend to pursue my journey in a few days.",0,NEGATIVE,0.99938726
5,"I have been to see the churches here, and had the permission of touching the relicks, which was never suffered in places where I was not known.",1,POSITIVE,0.99789745
5,"I had, by this privilege, the opportunity of making an observation, which I doubt not might have been made in all the other churches, that the emeralds and rubies which they show round their relicks and images are most of them false; though they tell you that many of the _Crosses_ and _Madonas_ (sic), set round with these stones, have been the gifts of emperors and other great princes.",0,NEGATIVE,0.9984861
5,"I don't doubt, indeed, but they were at first jewels of value; but the good fathers have found it convenient to apply them to other uses, and the people are just as well satisfied with bits of glass amongst these relicks.",0,NEGATIVE,0.9986904
5,"They shewed me a prodigious claw set in gold, which they called the claw of a griffin; and I could not forbear asking the reverend priest that shewed it, Whether the griffin was a saint?",1,POSITIVE,0.9820232
5,"The question almost put him beside his gravity; but he answered, They only kept it as a curiosity.",0,NEGATIVE,0.98885566
5,"I was very much scandalised at a large silver image of the _Trinity_, where the _Father_ is represented under the figure of a decrepit old man, with a beard down to his knees, and triple crown on his head, holding in his arms the _Son_, fixed on the cross, and the _Holy Ghost_, in the shape of a dove, hovering over him.",0,NEGATIVE,0.99785143
5,"Madam ---- is come this minute to call me to the assembly, and forces me to tell you, very abruptly, that I am ever your, &c. &c.",0,NEGATIVE,0.9977676
6,"I AM now, my dear sister, safely arrived at Vienna; and, I thank God, have not at all suffered in my health, nor (what is dearer to me) in that of my child, by all our fatigues.",1,POSITIVE,0.99883455
6,"We travelled by water from Ratisbon, a journey perfectly agreeable, down the Danube, in one of those little vessels, that they, very properly, call wooden houses, having in them all the conveniences of a palace, stoves in the chambers, kitchens, &c.  They are rowed by twelve men each, and move with such incredible swiftness, that in the same day you have the pleasure of a vast variety of prospects; and, within the space of a few hours, you have the pleasure of seeing a populous city adorned with magnificent palaces, and the most romantic solitudes, which appear distant from the commerce of mankind, the banks of the Danube being charmingly diversified with woods, rocks, mountains covered with vines, fields of corn, large cities, and ruins of ancient castles.",1,POSITIVE,0.9988345
6,"I saw the great towns of Passau and Lintz, famous for the retreat of the imperial court, when Vienna was besieged.",1,POSITIVE,0.9985159
6,"This town, which has the honour of being the emperor's residence, did not at all answer my expectation, nor ideas of it, being much less than I expected to find it; the streets are very close, and so narrow, one cannot observe the fine fronts of the palaces, though many of them very well deserve observation, being truly magnificent.",0,NEGATIVE,0.99882245
6,"They are built of fine white stone, and are excessive high.",0,NEGATIVE,0.9989062
6,"For as the town is too little for the number of the people that desire to live in it, the builders seem to have projected to repair that misfortune, by clapping one town on the top of another, most of the houses being of five, and some of them six stories.",0,NEGATIVE,0.99496275
6,"You may easily imagine, that the streets being so narrow, the rooms are extremely dark; and, what is an inconveniency much more intolerable, in my opinion, there is no house has so few as five or six families in it.",0,NEGATIVE,0.9968912
6,"The apartments of the greatest ladies, and even of the ministers of state, are divided, but by a partition, from that of a taylor (sic) or shoemaker; and I know no body that has above two floors in any house, one for their own use, and one higher for their servants.",1,POSITIVE,0.9944809
6,"Those that have houses of their own, let Out the rest of them to whoever will take them; and thus the great stairs, (which are all of stone) are as common and as dirty as the street.",0,NEGATIVE,0.9940396
6,"'Tis true, when you have once travelled through them, nothing can be more surprisingly magnificent than the apartments.",1,POSITIVE,0.9986767
6,"They are commonly a _suite_ of eight or ten large rooms, all inlaid, the doors and windows richly carved and gilt, and the furniture, such as is seldom seen in the palaces of sovereign princes in other countries.",1,POSITIVE,0.9971449
6,"Their apartments are adorned with hangings of the finest tapestry of Brussels, prodigious large looking glasses in silver frames, fine japan tables, beds, chairs, canopies, and window curtains of the richest Genoa damask or velvet, almost covered with gold lace or embroidery.",1,POSITIVE,0.9984459
6,"All this is made gay by pictures, and vast jars of japan china, and large lustres of rock crystal.",1,POSITIVE,0.9799222
6,"I have already had the honour of being invited to dinner by several of the first people of quality; and I must do them the justice to say, the good taste and magnificence of their tables, very well answered to that of their furniture.",1,POSITIVE,0.99879944
6,"I have been more than once entertained with fifty dishes of meat all served in silver, and well dressed; the desert (sic) proportionable, served in the finest china.",1,POSITIVE,0.99857277
6,"But the variety and richness of their wines, is what appears the most surprising.",1,POSITIVE,0.9987466
6,"The constant way is, to lay a list of their names upon the plates of the guests, along with the napkins; and I have counted several times to the number of eighteen different sorts, all exquisite in their kinds.",1,POSITIVE,0.9986303
6,"I was yesterday at Count Schoonbourn, the vice-chancellor's garden, where I was invited to dinner.",1,POSITIVE,0.9979711
6,"I must own, I never saw a place so perfectly delightful as the Fauxburg (sic) of Vienna.",1,POSITIVE,0.9988106
6,"It is very large, and almost wholly composed of delicious palaces.",1,POSITIVE,0.9983766
6,"If the emperor found it proper to permit the gates of the town to be laid open, that the Fauxburg might be joined to it, he would have one of the largest and best built cities in Europe.",1,POSITIVE,0.9892218
6,"Count Schoonbourn's villa is one of the most magnificent; the furniture all rich brocades, so well fancied and fitted up, nothing can look more gay and splendid; not to speak of a gallery, full of rarities of coral, mother of pearl, and, throughout the whole house, a profusion of gilding, carving, fine paintings, the most beautiful porcelain, statues of alabaster and ivory, and vast orange and lemon trees in gilt pots.",1,POSITIVE,0.9986565
6,"The dinner was perfectly fine and well ordered, and made still more agreeable by the good humour of the Count.",1,POSITIVE,0.9988885
6,"I have not yet been at court, being forced to stay for my gown, without which there is no waiting on the empress; though I am not without great impatience to see a beauty that has been the admiration of so many different nations.",0,NEGATIVE,0.99714816
6,"When I have had that honour, I will not fail to let you know my real thoughts, always taking a particular pleasure in communicating them to my dear sister.",1,POSITIVE,0.9987546
7,PERHAPS you'll laugh at me for thanking you very gravely for all the obliging concern you express for me.,0,NEGATIVE,0.99605364
7,"'Tis certain that I may, if I please, take the fine things you say to me for wit and raillery; and, it may be, it would be taking them right.",1,POSITIVE,0.9923135
7,"But I never, in my life, was half so well disposed to take you in earnest as I am at present; and that distance which makes the continuation of your friendship improbable, has very much increased my faith in it.",1,POSITIVE,0.99877304
7,"I find that I have, (as well as the rest of my sex) whatever face I set on't, a strong disposition to believe in miracles.",1,POSITIVE,0.9983995
7,"Don't fancy, however, that I am infected by the air of these popish countries; I have, indeed, so far wandered from the discipline of the church of England, as to have been last Sunday at the opera, which was performed in the garden of the Favorita; and I was so much pleased with it, I have not yet repented my seeing it.",1,POSITIVE,0.99760896
7,"Nothing of that kind ever was more magnificent; and I can easily believe what I am told, that the decorations and habits cost the emperor thirty thousand pounds Sterling.",1,POSITIVE,0.9969804
7,"The stage was built over a very large canal, and, at the beginning of the second act, divided into two parts, discovering the water, on which there immediately came, from different parts, two fleets of little gilded vessels, that gave the representation of a naval fight.",1,POSITIVE,0.9893617
7,"It is not easy to imagine the beauty of this scene, which I took particular notice of.",1,POSITIVE,0.99840486
7,But all the rest were perfectly fine in their kind.,1,POSITIVE,0.99812365
7,"The story of the opera is the enchantment of Alcina, which gives opportunities for great variety of machines, and changes of the scenes, which are performed with a surprising swiftness.",1,POSITIVE,0.9988826
7,"The theatre is so large, that it is hard to carry the eye to the end of it, and the habits in the utmost magnificence, to the number of one hundred and eight.",1,POSITIVE,0.9940544
7,"No house could hold such large decorations: but the ladies all sitting in the open air, exposes them to great inconveniences; for there is but one canopy for the imperial family; and the first night it was represented, a shower of rain happening, the opera was broke off, and the company crowded away in such confusion, that I was almost squeezed to death.--But if their operas are thus delightful, their comedies are in as high a degree ridiculous.",0,NEGATIVE,0.9944175
7,"They have but one play-house, where I had the curiosity to go to a German comedy, and was very glad it happened to be the story of Amphitrion (sic).",1,POSITIVE,0.99619025
7,"As that subject has been already handled by a Latin, French, and English poet, I was curious to see what an Austrian author would make of it.",0,NEGATIVE,0.99253803
7,"I understand enough of that language to comprehend the greatest part of it; and besides, I took with me a lady, that had the goodness to explain to me every word.",1,POSITIVE,0.9977183
7,"The way is, to take a box, which holds four, for yourself and company.",1,POSITIVE,0.99004334
7,The fixed price is a gold ducat.,1,POSITIVE,0.9946291
7,"I thought the house very low and dark; but I confess, the comedy admirably recompensed that defect.",1,POSITIVE,0.99880546
7,I never laughed so much in my life.,1,POSITIVE,0.998618
7,"It began with Jupiter's falling in love out of a peep-hole in the clouds, and ended with the birth of Hercules.",1,POSITIVE,0.9983912
7,"But what was most pleasant, was the use Jupiter made of his metamorphosis; for you no sooner saw him under the figure of Amphitrion, but, instead of flying to Alcmena, with the raptures Mr Dryden puts into his mouth, he sends for Amphitrion's taylor, and cheats him of a laced coat, and his banker of a bag of money, a Jew of a diamond ring, and bespeaks a great supper in his name; and the greatest part of the comedy turns upon poor Amphitrion's being tormented by these people for their debts.",1,POSITIVE,0.9976264
7,Mercury uses Sofia in the same manner.,1,POSITIVE,0.99435985
7,"But I could not easily pardon the liberty the poet has taken of larding his play with, not only indecent expressions, but such gross words, as I don't think Our mob would suffer from a mountebank.",0,NEGATIVE,0.99949104
7,"Besides, the two Sofias very fairly let down their breeches in the direct view of the boxes, which were full of people of the first rank, that seemed very well pleased with their entertainment, and assured me, this was a celebrated piece.",1,POSITIVE,0.9938187
7,"I shall conclude my letter with this remarkable relation, very well worthy the serious consideration of Mr Collier.",1,POSITIVE,0.9986836
7,"I won't trouble you with farewel (sic) compliments, which I think generally as impertinent, as courtesies at leaving the room, when the visit had been too long already.",0,NEGATIVE,0.9994173
8,"THOUGH I have so lately troubled you, my dear sister, with a long letter, yet I will keep my promise in giving you an account of my first going to court.",1,POSITIVE,0.9973945
8,"In order to that ceremony, I was squeezed up in a gown, and adorned with a gorget and the other implements thereunto belonging; a dress very inconvenient, but which certainly shows the neck and shape to great advantage.",1,POSITIVE,0.99673617
8,"I cannot forbear giving you some description of the fashions here, which are more monstrous, and contrary to all common sense and reason, than 'tis possible for you to imagine.",0,NEGATIVE,0.98697203
8,"They build certain fabrics of gauze on their heads, about a yard high, consisting of three or four stories, fortified with numberless yards of heavy ribbon.",0,NEGATIVE,0.99002427
8,"The foundation of this structure is a thing they call a _Bourle_, which is exactly of the same shape and kind, but about four times as big as those rolls our prudent milk-maids make use of to fix their pails upon.",0,NEGATIVE,0.9861506
8,"This machine they cover With their own hair, which they mix with a great deal of false, it being a particular beauty to have their heads too large to go into a moderate tub.",1,POSITIVE,0.96917224
8,"Their hair is prodigiously powdered to conceal the mixture, and set out with three or four rows of bodkins (wonderfully large, that stick out two or three inches from their hair) made of diamonds, pearls, red, green, and yellow stones, that it certainly requires as much art and experience to carry the load upright, as to dance upon May-day with the garland.",1,POSITIVE,0.9893592
8,"Their whale-bone petticoats outdo ours by several yards, circumference, and cover some acres of ground.",1,POSITIVE,0.99808264
8,"You may easily suppose how this extraordinary dress sets off and improves the natural ugliness, with which God Almighty has been pleased to endow them, generally speaking.",1,POSITIVE,0.9985703
8,"Even the lovely empress herself is obliged to comply, in some degree, with these absurd fashions, which they would not quit for all the world.",0,NEGATIVE,0.9985677
8,"I had a private audience (according to ceremony) of half an hour, and then all the other ladies were permitted to come and make their court.",1,POSITIVE,0.99149805
8,"I was perfectly charmed with the empress; I cannot however tell you that her features are regular; her eyes are not large, but have a lively look full of sweetness; her complexion the finest I ever saw; her nose and forehead well made, but her mouth has ten thousand charms, that touch the soul.",1,POSITIVE,0.9987686
8,"When she smiles, 'tis with a beauty and sweetness that forces adoration.",1,POSITIVE,0.998779
8,"She has a vast quantity of fine fair hair; but then her person!--one must speak of it poetically to do it rigid justice; all that the poets have said of the mien of Juno, the air of Venus, come not up to the truth.",0,NEGATIVE,0.9881473
8,The Graces move with her; the famous statue of Medicis was not formed with more delicate proportions; nothing can be added to the beauty of her neck and hands.,1,POSITIVE,0.99869883
8,"Till I saw them, I did not believe there were any in nature so perfect, and I was almost sorry that my rank here did not permit me to kiss them; but they are kissed sufficiently; for every body that waits on her pays that homage at their entrance, and when they take leave.",1,POSITIVE,0.9986005
8,"When the ladies were come in, she sat down to Quinze.",1,POSITIVE,0.99742705
8,"I could not play at a game I had never seen before, and she ordered me a seat at her right hand, and had the goodness to talk to me very much, with that grace so natural to her.",1,POSITIVE,0.99761957
8,"I expected every moment, when the men were to come in to pay their court; but this drawing-room is very different from that of England; no man enters it but the grand-master, who comes in to advertise the empress of the approach of the emperor.",0,NEGATIVE,0.9918419
8,His imperial majesty did me the honour of speaking to me in a very obliging manner; but he never speaks to any of the other ladies; and the whole passes with a gravity and air of ceremony that has something very formal in it.,0,NEGATIVE,0.99424285
8,"The empress Amelia, dowager of the late emperor Joseph, came this evening to wait on the reigning empress, followed by the two arch-duchesses her daughters, who are very agreeable young princesses.",1,POSITIVE,0.9975708
8,"Their imperial majesties rose and went to meet her at the door of the room, after which she was seated in an armed (sic) chair, next the empress, and in the same manner at supper, and there the men had the permission of paying their court.",1,POSITIVE,0.99470735
8,The arch-duchesses sat on chairs with backs without arms.,0,NEGATIVE,0.99805343
8,"The table was entirely served, and all the dishes set on by the empress's maids of honour, which are twelve young ladies of the first quality.",1,POSITIVE,0.9965132
8,"They have no salary, but their chamber at court, where they live in a sort of confinement, not being suffered to go to the assemblies or public places in town, except in compliment to the wedding of a sister maid, whom the empress always presents with her picture set in diamonds.",0,NEGATIVE,0.99486345
8,"The three first of them are called _Ladies of the Key_, and wear gold keys by their sides; but what I find most pleasant, is the custom, which obliges them, as long as they live, after they have left the empress's service, to make her some present every year on the day of her feast.",1,POSITIVE,0.99743146
8,"Her majesty is served by no married women but the _grande maitresse_, who is generally a widow of the first quality, always very old, and is at the same time groom of the stole, and mother of the maids.",0,NEGATIVE,0.98236054
8,"The dressers are not, at all, in the figure they pretend to in England, being looked upon no otherwise than as downright chambermaids.",0,NEGATIVE,0.99847984
8,"I had an audience next day Of the empress mother, a princess of great virtue and goodness, but who picques herself too much on a violent devotion.",1,POSITIVE,0.9927613
8,"She is perpetually performing extraordinary acts of penance, without having ever done any thing to deserve them.",0,NEGATIVE,0.9976698
8,"She has the same number of maids of honour, whom she suffers to go in colours; but she herself never quits her mourning; and sure nothing can be more dismal than the mourning here, even for a brother.",0,NEGATIVE,0.9987764
8,There is not the least bit of linen to be seen; all black crape (sic) instead of it.,0,NEGATIVE,0.99927664
8,"The neck, ears and side of the face are covered with a plaited piece of the same stuff, and the face that peeps out in the midst of it, looks as if it were pilloried.",0,NEGATIVE,0.9990763
8,"The widows wear over and above, a crape forehead cloth; and, in this solemn weed, go to all the public places of diversion without scruple.",1,POSITIVE,0.99832696
8,"The next day I was to wait on the empress Amelia, who is now at her palace of retirement, half a mile from the town.",0,NEGATIVE,0.99676895
8,"I had there the pleasure of seeing a diversion wholly new to me, but which is the common amusement of this court.",1,POSITIVE,0.9979596
8,"The empress herself was seated on a little throne at the end of the fine alley in the garden, and on each side of her were ranged two parties of her ladies of quality, headed by two Young archduchesses, all dressed in their hair, full of jewels, with fine light guns in their hands; and at proper distances were placed three oval pictures, which were the marks to be shot at.",1,POSITIVE,0.9971881
8,"The first was that of a CUPID, filling a bumper of Burgundy, and the motto, _'Tis easy to be valiant here_.",1,POSITIVE,0.9900052
8,"The second a FORTUNE, holding a garland in her hand, the motto, _For her whom Fortune favours_.",1,POSITIVE,0.9889447
8,"The third was a SWORD, with a laurel wreath on the point, the motto, _Here is no shame to be vanquished_.--Near the empress was a gilded trophy wreathed with flowers, and made of little crooks, on which were hung rich Turkish handkerchiefs, tippets, ribbons, laces, &c. for the small prizes.",1,POSITIVE,0.99536806
8,"The empress gave the first with her own hand, which was a fine ruby ring set round with diamonds, in a gold snuff-box.",1,POSITIVE,0.99739045
8,"There was for the second, a little Cupid set with brilliants, and besides these a set of fine china for the tea-table, enchased in gold, japan trunks, fans, and many gallantries of the same nature.",1,POSITIVE,0.99817514
8,"All the men of quality at Vienna were spectators; but the ladies only had permission to shoot, and the arch-duchess Amelia carried off the first prize.",0,NEGATIVE,0.9383933
8,"I was very well pleased with having seen this entertainment, and I do not know but it might make as good a figure as the prize-shooting in the Eneid, if I could write  as well as Virgil.",1,POSITIVE,0.99844736
8,"This is the favourite pleasure of the emperor, and there is rarely a week without some feast of this kind, which makes the young ladies skilful enough to defend a fort.",1,POSITIVE,0.9985651
8,They laughed very much to see me afraid to handle a gun.,1,POSITIVE,0.99006253
8,"My dear sister, you will easily pardon an abrupt conclusion.",1,POSITIVE,0.9974257
8,"I believe, by this time, you are ready to think I shall never conclude at all.",0,NEGATIVE,0.9991348
9,"I AM extremely rejoiced, but not at all surprised, at the long, delightful letter, you have had the goodness to send me.",1,POSITIVE,0.9988347
9,"I know that you can think of an absent friend even in the midst of a court, and you love to oblige, where you can have no view of a return; and I expect from you that you should love me, and think of me, when you don't see me.",0,NEGATIVE,0.9318874
9,"I have compassion for the mortifications that you tell me befel (sic) our little old friend, and I pity her much more, since I know, that they are only owing to the barbarous customs of our country.",1,POSITIVE,0.9900958
9,"Upon my word, if she were here, she would have no other fault but that of being something too young for the fashion, and she has nothing to do but to transplant herself hither about seven years hence, to be again a young and blooming beauty.",0,NEGATIVE,0.9942403
9,"I can assure you, that wrinkles, or a small stoop in the shoulders, nay, even gray-hairs (sic), are no objection to the making new conquests.",1,POSITIVE,0.9979627
9,"I know you cannot easily figure to yourself, a young fellow of five and twenty, ogling my lady S-ff--k with passion, or pressing to hand the countess of O----d from an opera.",1,POSITIVE,0.980815
9,"But such are the sights I see every day, and I don't perceive any body surprized (sic) at them but myself.",1,POSITIVE,0.995814
9,"A woman, till five and thirty, is only looked upon as a raw girl, and can possibly make no noise in the world, till about forty.",0,NEGATIVE,0.9952131
9,"I don't know what your ladyship may think of this matter; but 'tis a considerable comfort to me, to know there is upon earth such a paradise for old women; and I am content to be insignificant at present, in the design of returning when I am fit to appear no where else.",1,POSITIVE,0.99733305
9,"I cannot help, lamenting, on  this occasion, the pitiful case of too many English ladies, long since retired to prudery and ratafia, who, if their stars had luckily conducted hither, would shine in the first rank of beauties.",0,NEGATIVE,0.88163877
9,"Besides, that perplexing word _reputation_, has quite another meaning here than what you give it at London; and getting a lover is so far from losing, that 'tis properly getting reputation; ladies being much more respected in regard to the rank of their lovers, than that of their husbands.",1,POSITIVE,0.99792796
9,"BUT what you'll think very odd, the two sects that divide our whole nation of petticoats, are utterly unknown in this place.",0,NEGATIVE,0.98745495
9,Here are neither coquettes nor prudes.,1,POSITIVE,0.99262124
9,No woman dares appear coquette enough to encourage two lovers at a time.,1,POSITIVE,0.9937753
9,"And I have not seen any such prudes as to pretend fidelity to their husbands, who are certainly the best natured set of people in the world, and look upon their wives' gallants as favourably as men do upon their deputies, that take the troublesome part of their business off their hands.",1,POSITIVE,0.99273866
9,"They have not however the less to do on that account; for they are generally deputies in another place themselves; in one word, 'tis the established custom for every lady to have two husbands, one that bears the name, and another that performs the duties.",1,POSITIVE,0.99117243
9,"And the engagements are so well known, that it would be a downright affront, and publicly resented, if you invited a woman of quality to dinner, without, at the same time, inviting her two attendants of lover and husband, between whom she sits in state with great gravity.",0,NEGATIVE,0.9817656
9,"The sub-marriages generally last twenty years together, and the lady often commands the poor lover's estate, even to the utter ruin of his family.",1,POSITIVE,0.9938856
9,"These connections, indeed, are as seldom begun by any real passion as other matches; for a man makes but an ill figure that is not in some commerce of this nature; and a woman looks out for a lover as soon as she's married, as part of her equipage, without which she could not be genteel; and the first article of the treaty is establishing the pension, which remains to the lady, in case the gallant should prove inconstant.",1,POSITIVE,0.99067813
9,"This chargeable point of honour, I look upon as the real foundation of so many wonderful influences of constancy.",1,POSITIVE,0.9988092
9,"I really know some women of the first quality, whose pensions are as well known as their annual rents, and yet nobody esteems them the less; on the contrary, their discretion would be called in question, if they should be suspected to be mistresses for nothing.",1,POSITIVE,0.99695706
9,"A great part of their emulation consists in trying who shall get most; and having no intrigue at all, is so far a disgrace, that, I'll assure you, a lady, who is very much my friend here, told me but yesterday, how much I was obliged to her for justifying my conduct in a conversation relating to me, where it was publicly asserted, that I could not possibly have common sense, since I had been in town above a fortnight, and had made no steps towards commencing an amour.",0,NEGATIVE,0.99947625
9,"My friend pleaded for me, that my stay was uncertain, and she believed that was the cause of my seeming stupidity; and this was all she could find to say in my justification.",0,NEGATIVE,0.99860924
9,"But one of the pleasantest adventures I ever met with in my life was last night, and it will give you a just idea in what a delicate manner the _belles passions_ are managed in this country.",1,POSITIVE,0.9988005
9,"I was at the assembly of the countess of -----, and the young count of ----- leading me down stairs, asked me how long I was to stay at Vienna?",1,POSITIVE,0.9950065
9,"I made answer, that my stay depended on the emperor, and it was not in my power to determine it.",0,NEGATIVE,0.9897603
9,"Well, madam, (said he) whether your time here is to be longer or shorter, I think you ought to pass it agreeably, and to that end you must engage in a _little affair of the heart_.--My heart, (answered I gravely enough) does not engage very easily, and I have no design of parting with it.",1,POSITIVE,0.9934654
9,"I see, madam, (said he sighing) by the ill nature of that answer, I am not to hope for it, which is a great mortification to me that am charmed with you.",0,NEGATIVE,0.9994777
9,"But, however, I am still devoted to your service; and since I am not worthy of entertaining you myself, do me the honour of letting me know whom you like best amongst us, and I'll engage to manage the affair entirely to your satisfaction.",1,POSITIVE,0.99596417
9,"You may judge in what manner I should have received this compliment in my own country; but I was well enough acquainted with the way of this, to know that he really intended me an obligation, and I thanked him with a very grave courtesy for his zeal to serve me, and only assured him, I had no occasion to make use of it.",1,POSITIVE,0.97905284
9,"Thus you see, my dear, that gallantry and good-breeding are as different, in different climates, as morality and religion.",1,POSITIVE,0.9898145
9,"Who have the rightest (sic) notions of both, we shall never know till the day of judgment; for which great day of _eclaircissement_, I own there is very little impatience in your, &c. &c.",1,POSITIVE,0.99394685
10,I WAS never more agreeably surprised than by your obliging letter.,1,POSITIVE,0.99869764
10,"'Tis a peculiar mark of my esteem that I tell you so; and I can assure you, that if I loved you one grain less than I do, I should be very sorry to see it so diverting as it is.",0,NEGATIVE,0.9904395
10,"The mortal aversion I have to writing, makes me tremble at the thoughts of a new correspondent; and I believe I have disobliged no less than a dozen of my London acquaintance by refusing to hear from them, though I did verily think they intended to send me very entertaining letters.",0,NEGATIVE,0.99933714
10,"But I had rather lose the pleasure of reading several witty things, than be forced to write many stuped (sic) ones.",0,NEGATIVE,0.99942666
10,"Yet, in spite of these considerations, I am charmed with the proof of your friendship, and beg a continuation of the same goodness, though I fear the dulness of this will make you immediately repent of it.",1,POSITIVE,0.9987088
10,"It is not from Austria that one can write with vivacity, and I am already infected with the phlegm of the country.",0,NEGATIVE,0.99903417
10,"Even their amours and their quarrels are carried on with a surprising temper, and they are never lively but upon points of ceremony.",1,POSITIVE,0.98621345
10,"There, I own, they shew all their passions; and 'tis not long since two coaches, meeting in a narrow street at night, the ladies in them not being able to adjust the ceremonial of which should go back, sat there, with equal gallantry till two in the morning, and were both so fully determined to die upon the spot rather than yield, in a point of that importance, that the street would never have been cleared till their deaths, if the emperor had not sent his guards to part them; and even then they refused to stir, till the expedient could be found out of taking them both out in chairs, exactly in the same moment.",1,POSITIVE,0.9871348
10,"After the ladies were agreed, it was with some difficulty that the pass was decided between the two coachmen, no less tenacious of their rank than the ladies.",1,POSITIVE,0.9969476
10,"This passion is so omnipotent in the breasts of the women, that even their husbands never die but they are ready to break their hearts, because that fatal hour puts an end to their rank, no widows having any place at Vienna.",1,POSITIVE,0.996571
10,"The men are not much less touched with this point of honour, and they do not only scorn to marry, but even to make love to any woman of a family not as illustrious as their own; and the pedigree is much more considered by them, than either the complexion of features of their mistresses.",1,POSITIVE,0.9895514
10,"Happy are the she's (sic) that can number amongst their ancestors, counts of the empire; they have neither occasion for beauty, money, nor good conduct to get them husbands.",1,POSITIVE,0.99593246
10,"'Tis true, as to money, 'tis seldom any advantage to the man they marry; the laws of Austria confine the woman's portion to two thousand florins (about two hundred pounds English), and whatever they have beside, remains in their own possession and disposal.",0,NEGATIVE,0.99435735
10,"Thus, here are many ladies much richer than their husbands, who are however obliged to allow them pin-money agreeable to their quality; and I attribute to this considerable branch of prerogative, the liberty that they take upon other occasions.",1,POSITIVE,0.995807
10,"I am sure, you, that know my laziness, and extreme indifference on this subject, will pity me, entangled amongst all these ceremonies, which are a wonderful burden to me, though I am the envy of the whole town, having, by their own customs, the pass before them all.",0,NEGATIVE,0.9987235
10,"They indeed, so revenge, upon the poor envoys, this great respect shewn to ambassadors, that (with all my indifference) I should be very uneasy to suffer it.",0,NEGATIVE,0.99783707
10,"Upon days of ceremony they have no entrance at court, and on other days must content themselves with walking after every soul, and being the very last taken notice of.",0,NEGATIVE,0.99746376
10,"But I must write a volume to let you know all the ceremonies, and I have already said too much on so dull a subject, which however employs the whole care of the people here.",0,NEGATIVE,0.993123
10,"I need not, after this, tell you how agreeably time slides away with me; you know as well as I do the taste of, Your's, &c. &c.",1,POSITIVE,0.99610263
11,"YOU desire me, madam, to send you some accounts of the customs here, and at the same time a description of Vienna.",1,POSITIVE,0.99530584
11,"I am always willing to obey your commands; but you must, upon this occasion, take the will for the deed.",0,NEGATIVE,0.9852613
11,"If I should undertake to tell you all the particulars, in which the manners here differ from ours, I must write a whole quire of the dullest stuff that ever was read, or printed without being read.",0,NEGATIVE,0.99906385
11,"Their dress agrees with the French or English in no one article, but wearing petticoats.",0,NEGATIVE,0.9969352
11,"They have many fashions peculiar to themselves; they think it indecent for a widow ever to wear green or rose colour, but all the other gayest colours at her own discretion.",1,POSITIVE,0.9814403
11,"The assemblies here are the only regular diversion, the operas being always at court, and commonly on some particular occasion.",1,POSITIVE,0.9972697
11,"Madam Rabutin has the assembly constantly every night at her house; and the other ladies, whenever they have a mind to display the magnificence of their apartments, or oblige a friend by complimenting them on the day of their saint, they declare, that on such a day the assembly shall be at their house in honour of the feast of the count or countess--_such a one_.",1,POSITIVE,0.9949402
11,"These days are called days of Gala, and all the friends or relations of the lady, whose saint it is, are obliged to appear in their best clothes, and all their jewels.",1,POSITIVE,0.9950623
11,"The mistress of the house takes no particular notice of any body, nor returns any body's visit; and, whoever pleases, may go, without the formality of being presented.",1,POSITIVE,0.99151975
11,"The company are entertained with ice in several forms, winter and summer; afterwards they divide into several parties of ombre, piquet, or conversation, all games of hazard being forbid.",1,POSITIVE,0.99785984
11,"I SAW t'other day the Gala for Count Altheim, the emperor's favourite, and never in my life saw so many fine clothes ill-fancied.",0,NEGATIVE,0.99783206
11,"They embroider the richest gold stuffs; and provided they can make their clothes expensive enough, that is all the taste they shew in them.",0,NEGATIVE,0.98952323
11,"On other days, the general dress is a scarf, and what you please under it.",1,POSITIVE,0.9807853
11,"BUT now I am speaking of Vienna, I am sure you expect I should say something of the convents; they are of all sorts and sizes, but I am best pleased with that of St Lawrence, where the ease and neatness they seem to live with, appears to be much more edifying than those stricter orders, where perpetual penance and nastiness must breed discontent and wretchedness.",1,POSITIVE,0.99859905
11,The Nuns are all of quality.,1,POSITIVE,0.99856305
11,I think there are to the number of fifty.,1,POSITIVE,0.965194
11,"They have each of them a little cell perfectly clean, the walls of which are covered with pictures more or less fine, according to their quality.",1,POSITIVE,0.99842894
11,"A long white stone gallery runs by all of them, furnished With the pictures of exemplary sisters; the chapel is extremely neat and richly adorned.",1,POSITIVE,0.9987855
11,"But I could not forbear laughing at their shewing me a wooden head of our Saviour, which, they assured me, spoke during the siege of Vienna; and, as a proof of it, bid me mark his mouth, which had been open ever since.",0,NEGATIVE,0.9982861
11,Nothing can be more becoming than the dress of these Nuns.,1,POSITIVE,0.9978824
11,"It is a white robe, the sleeves of which are turned up with fine white callico (sic), and their head-dress the same, excepting a small veil of black crape that falls behind.",1,POSITIVE,0.9949267
11,"They have a lower sort of serving Nuns, that wait on them as their chambermaids.",0,NEGATIVE,0.9928067
11,"They receive all visits of women, and play at ombre in their chambers, with permission of their abbess, which is very easy to be obtained.",1,POSITIVE,0.9976471
11,"I never saw an old woman so good-natured; she is near fourscore, and yet shews very little sign of decay, being still lively and cheerful.",1,POSITIVE,0.9987618
11,"She caressed me as if I had been her daughter, giving me some pretty things of her own work, and sweetmeats in abundance.",1,POSITIVE,0.9987201
11,"The grate is not of the most rigid; it is not very hard to put a head through, and I don't doubt but a man, a little  more slender than ordinary, might squeeze in his whole person.",1,POSITIVE,0.9885244
11,"The young count of Salamis came to the grate, while I was there, and the abbess gave him her hand to kiss.",1,POSITIVE,0.99724585
11,"But I was surprised to find here, the only beautiful young woman I have seen at Vienna, and not only beautiful but genteel, witty, and agreeable, of a great family, and who had been the admiration of the town.",1,POSITIVE,0.99868387
11,I could not forbear shewing my surprise at seeing a Nun like her.,0,NEGATIVE,0.9957434
11,"She made me a thousand obliging compliments, and desired me to come often.",1,POSITIVE,0.9986678
11,"It will be an infinite pleasure to me, (said she, sighing) but I avoid, with the greatest care, seeing any of my former acquaintance, and whenever they come to our convent, I lock myself in my cell.",0,NEGATIVE,0.9981023
11,"I observed tears come into her eyes, which touched me extremely, and I began to talk to her in that strain of tender pity she inspired me with; but she would not own to me, that she is not perfectly happy.",1,POSITIVE,0.9925537
11,"I have since endeavoured to learn the real cause of her retirement, without being able to get any other account, but that every body was surprised at it, and no body guessed the reason.",0,NEGATIVE,0.9952844
11,I have been several times to see her; but it gives me too much melancholy to see so agreeable a young creature buried alive.,0,NEGATIVE,0.99909616
11,"I am not surprised that Nuns have so often inspired violent passions; the pity one naturally feels for them, when they seem worthy of another destiny, making an easy way for yet more tender sentiments.",1,POSITIVE,0.9955727
11,"I never in my life had so little charity for the Roman Catholick (sic) religion, as since I see the misery it occasions; so many poor unhappy women!",0,NEGATIVE,0.9961552
11,"and then the gross superstition of the common people, who are some or other of them, day and night, offering bits of candle to the wooden figures that are set up almost in every street.",0,NEGATIVE,0.9978688
11,"The processions I see very often, are a pageantry, as offensive, and apparently contradictory to common sense, as the pagods (sic) of China.",0,NEGATIVE,0.9989523
11,"God knows whether it be the _womanly_ spirit of contradiction that works in me; but there never before was such zeal against popery in the heart of, Dear madam, &c. &c.",1,POSITIVE,0.99274796
12,I DESERVE not all the reproaches you make me.,0,NEGATIVE,0.9966283
12,"If I have some time without answering your letter, it is not, that I don't know how many thanks are due to you for it; or that I am stupid enough to prefer any amusements to the pleasure of hearing from you; but after the professions of esteem you have so obligingly made me, I cannot help delaying, as long as I can, shewing you that you are mistaken.",1,POSITIVE,0.9905189
12,"If you are sincere, when you say you expect to be extremely entertained by my letters, I ought to be mortified at the disappointment that I am sure you will receive when you hear from me; though I have done my best endeavours to find out something worth writing to you.",0,NEGATIVE,0.9993538
12,"I have seen every thing that was to be seen with a very, diligent curiosity.",1,POSITIVE,0.99774826
12,"Here are some fine villas, particularly the late prince of Litchtenstein's (sic); but the statues are all modern, and the pictures not of the first hands.",0,NEGATIVE,0.99517435
12,"'Tis true, the emperor has some of great value.",0,NEGATIVE,0.7168757
12,"I was yesterday to see the repository, which they call his Treasure, where they seem to have been more diligent in amassing a great quantity of things, than in the choice of them.",0,NEGATIVE,0.9943644
12,"I spent above five hours there, and yet there were very few things that stopped me long to consider them.",0,NEGATIVE,0.9981457
12,"But the number is prodigious, being a very long gallery filled on both sides, and five large rooms.",1,POSITIVE,0.9968678
12,"There is a vast quantity of paintings, amongst which are many fine miniatures; but the most valuable pictures, are a few of Corregio (sic), those of Titian being at the Favorita.",1,POSITIVE,0.9946923
12,THE cabinet of jewels did not appear to me so rich as I expected to see it.,0,NEGATIVE,0.998749
12,"They shewed me here a cup, about the size of a tea dish, of one entire emerald, which they had so particular a respect for, that only the emperor has the liberty of touching it.",1,POSITIVE,0.9877893
12,"There is a large cabinet full of curiosities of clock-work, only one of which I thought worth observing, that was a craw-fish, with all the motions so natural, that it was hard to distinguish it from the life.",0,NEGATIVE,0.9936511
12,"THE next cabinet was a large collection of agates, some of them extremely beautiful, and of an uncommon size, and several vases of Lapis Lazuli.",1,POSITIVE,0.9975028
12,"I was surprised to see the cabinet of medals so poorly furnished; I did not remark one of any value, and they are kept in a most ridiculous disorder.",0,NEGATIVE,0.99949384
12,"As to the antiques, very few of them deserve that name.",0,NEGATIVE,0.99942935
12,"Upon my saying they were modern, I could not forbear laughing at the answer of the profound antiquary that shewed them, that _they were ancient enough; for, to his knowledge, they had been there these forty years_.",0,NEGATIVE,0.9976019
12,"But the next cabinet diverted me yet better, being nothing else but a parcel of wax babies, and toys in ivory, very well worthy to be presented children of five years old.",0,NEGATIVE,0.9727955
12,"Two of the rooms were wholly filled with these trifles of all kinds, set in jewels, amongst which I was desired to observe a crucifix, that they assured me had spoke very wisely to the emperor Leopold.",0,NEGATIVE,0.9979102
12,I won't trouble you with a catalogue of the rest of the lumber; but I must not forget to mention a small piece of loadstone that held up an anchor of steel too heavy for me to lift.,0,NEGATIVE,0.99418473
12,This is what I thought most curious in the whole treasure.,1,POSITIVE,0.99290377
12,There are some few heads of ancient statues; but several of them are defaced by modern additions.,0,NEGATIVE,0.9971935
12,"I foresee that you will be very little satisfied with this letter, and I dare hardly ask you to be good-natured enough to charge the dulness (sic) of it on the barrenness of the subject, and to overlook the stupidity of,                                       Your, &c. &c.",0,NEGATIVE,0.9995066
13,"I HOPE my dear sister wants no new proofs of my sincere affection for her: but I am sure, if you do, I could not give you a stronger than writing at this time, after three days, or, more properly speaking, three nights and days, hard post-travelling.--The kingdom of Bohemia is the most desert of any I have seen in Germany.",1,POSITIVE,0.99661344
13,"The villages are so poor, and the post-houses so miserable, that clean straw and fair water are blessings not always to be met with, and better accommodation not to be hoped for.",0,NEGATIVE,0.9981015
13,"Though I carried my own bed with me, I could not sometimes find a place to set it up in; and I rather chose to travel all night, as cold as it is, wrapped up in my furs, than go into the common stoves, which are filled with a mixture of all sorts of ill scents.",0,NEGATIVE,0.9982302
13,"THIS town was once the royal seat of the Bohemian king, and is still the capital of the kingdom.",1,POSITIVE,0.99675983
13,"There are yet some remains of its former splendour, being one of the largest towns in Germany, but, for the most part, old built, and thinly inhabited, which makes the houses very cheap.",0,NEGATIVE,0.9968366
13,"Those people of quality, who cannot easily bear the expence of Vienna, chuse to reside here, where they have assemblies, music, and all other diversions, (those of a court excepted) at very moderate rates, all things being here in great abundance, especially the best wild-fowl I ever tasted.",1,POSITIVE,0.99873304
13,"I have already been visited by some of the most considerable ladies, whose relations I know at Vienna.",1,POSITIVE,0.99757737
13,"They are dressed after the fashions there, after the manner that the people at Exeter imitate those of London; that is, their imitation is more excessive than the original.",0,NEGATIVE,0.99796146
13,'Tis not easy to describe what extraordinary figures they make.,1,POSITIVE,0.99845093
13,"The person is so much lost between head-dress and petticoat, that they have as much occasion to write upon their backs, ""_This is a Woman_,"" for the information of travellers, as ever sign-post painter had to write, _""This is a Bear_.""",0,NEGATIVE,0.9989456
13,"I will not forget to write to you again from Dresden and Leipzig, being much more solicitous to content your curiosity, than to indulge my own repose.",1,POSITIVE,0.9985096
13,"I am, &c.",1,POSITIVE,0.99148405
14,"I BELIEVE, dear sister, you will easily forgive my not writing to you from Dresden, as I promised, when I tell you, that I never went out of my chaise from Prague to this place.",1,POSITIVE,0.97989696
14,"You may imagine how heartily I was tired with twenty-four hours post-travelling, without sleep or refreshment (for I can never sleep in a coach, however fatigued.)",0,NEGATIVE,0.99882215
14,"We passed, by moon-shine, the frightful precipices that divide Bohemia from Saxony, at the bottom, of which runs the river Elbe; but I cannot say, that I had reason to fear drowning in it, being perfectly convinced, that in case of a tumble, it was utterly impossible to come alive to the bottom.",0,NEGATIVE,0.99330056
14,"In many places, the road is so narrow, that I could not discern an inch of space between the wheels and the precipice.",0,NEGATIVE,0.9994232
14,"Yet I was so good a wife, as not to wake Mr W----y, who was fast asleep by my side, to make him share in my fears, since the danger was unavoidable, till I perceived, by the bright light of the moon, our postilions nodding on horse-back, while the horses were on a full gallop.",1,POSITIVE,0.9687771
14,Then indeed I thought it very convenient to call out to desire them to look where they were going.,0,NEGATIVE,0.98627716
14,"My calling waked (sic) Mr W----Y, and he was much more surprised than myself at the situation we were in, and assured me, that he passed the Alps five times in different places, without ever having gone a road so dangerous.",0,NEGATIVE,0.989961
14,"I have been told since, that 'tis common to find the bodies of travellers in the Elbe; but, thank God, that was not our destiny; and we came safe to Dresden, so much tired with fear and fatigue, it was not possible for me to compose myself to write.",0,NEGATIVE,0.9945842
14,"After passing these dreadful rocks, Dresden appeared to me a wonderfully agreeable situation, in a fine large plain on the banks of the Elbe.",0,NEGATIVE,0.99853116
14,I was very glad to stay there a day to rest myself.,1,POSITIVE,0.9985587
14,"The town is the neatest I have seen in Germany; most of the houses are new built; the elector's palace is very handsome, and his repository full of curiosities of different kinds, with a collection of medals very much esteemed.",1,POSITIVE,0.99879134
14,"Sir ----, our king's envoy, came to see me here, and Madame de L----, whom I knew in London, when her husband was minister to the king of Poland there.",1,POSITIVE,0.99561477
14,"She offered me all things in her power to entertain me, and brought some ladies with her, whom she presented to me.",1,POSITIVE,0.9973721
14,"The Saxon ladies resemble the Austrian no more than the Chinese do those of London; they are very genteelly dressed, after the English and French modes, and have generally pretty faces, but they are the most determined _minaudieres_ in the whole world.",1,POSITIVE,0.9957853
14,"They would think it a mortal sin against good-breeding, if they either spoke or moved in a natural manner.",0,NEGATIVE,0.9977345
14,"They all affect a little soft lisp, and a pretty pitty-pat step; which female frailties ought, however, to be forgiven them, in favour of their civility and good nature to strangers, which I have a great deal of reason to praise.",0,NEGATIVE,0.99788827
14,"THE countess of Cozelle is kept prisoner in a melancholy castle, some leagues from hence; and I cannot forbear telling you what I have heard of her, because it seems to me very extraordinary, though I foresee I shall swell my letter to the size of a pacquet.--She was mistress to the king of Poland, (elector of Saxony) with so absolute a dominion over him, that never any lady had so much power in that court.",1,POSITIVE,0.9551946
14,"They tell a pleasant story of his majesty's first declaration of love, which he made in a visit to her, bringing in one hand a bag of a hundred thousand crowns, and in the other a horse-shoe, which he snapped asunder before her face, leaving her to draw the consequences of such remarkable proofs of strength and liberality.",1,POSITIVE,0.9981293
14,"I know not which charmed her most; but she consented to leave her husband, and to give herself up to him entirely, being divorced publicly, in such a manner, as, by their laws, permits either party to marry again.",1,POSITIVE,0.99271995
14,"God knows whether it was at this time, or in some other fond fit, but 'tis certain, the king had the weakness to make her a formal contract of marriage; which, though it could signify nothing during the life of the queen, pleased her so well, that she could not be contented, without telling it to all the people she saw, and giving herself the airs of a queen.",1,POSITIVE,0.9962421
14,"Men endure every thing while they are in love; but when the excess of passion was cooled by long possession, his majesty began to reflect on the ill consequences of leaving such a paper in her hands, and desired to have it restored to him.",0,NEGATIVE,0.8663666
14,"But she rather chose to endure all the most violent effects of his anger, than give it up; and though she is one of the richest and most avaricious ladies of her country, she has refused the offer of the continuation of a large pension, and the security of a vast sum of money she has amassed; and has, at last, provoked the king to confine her person to a castle, where she endures all the terrors of a strait imprisonment, and remains still inflexible, either to threats or promises.",1,POSITIVE,0.9884103
14,"Her violent passions have brought her indeed into fits, which 'tis supposed, will soon put an end to her life.",0,NEGATIVE,0.99092865
14,"I cannot forbear having some compassion for a woman that suffers for a point of honour, however mistaken, especially in a country where points of honour are not over scrupulously observed among ladies.",1,POSITIVE,0.9951277
14,I COULD have wished Mr W----y's business had permitted him a longer stay at Dresden.,0,NEGATIVE,0.94279665
14,PERHAPS I am partial to a town where they profess the protestant religion; but every thing seemed to me with quite another air of politeness than I have found in other places.,1,POSITIVE,0.99877965
14,"Leipzig, where I am at present, is a town very considerable for its trade, and I take this opportunity of buying pages liveries, gold stuffs for myself, &c. all things of that kind being at least double the price at Vienna; partly because of the excessive customs, and partly through want of genius and industry in the people, who make no one sort of thing there; so that the ladies are obliged to send, even for their shoes, out of Saxony.",1,POSITIVE,0.9969117
14,"The fair here is one of the most considerable in Germany, and the resort of all the people of quality, as well as of the merchants.",1,POSITIVE,0.99877894
14,"This is also a fortified town, but I avoid ever mentioning fortifications, being sensible that I know not how to speak of them.",0,NEGATIVE,0.9980159
14,"I am the more easy Under my ignorance, when I reflect that I am sure you'll willingly forgive the omission; for if I made you the most exact description of all the ravelins and bastions I see in my travels, I dare swear you would ask me, What is a ravelin?",0,NEGATIVE,0.9934659
14,"and, What is a bastion?",1,POSITIVE,0.992634
14,"Adieu, my dear sister.",1,POSITIVE,0.9889735
15,"I AM just come to Brunswick, a very old town, but which has the advantage of being the capital of the duke of Wolsenbuttle's dominions, a family (not to speak of its ancient honours) illustrious, by having its younger branch on the throne of England, and having given two empresses to Germany.",1,POSITIVE,0.997159
15,"I have not forgot to drink your health here in mum, which I think very well deserves its reputation of being the best in the world.",1,POSITIVE,0.99867547
15,"This letter is the third I have writ to you during my journey; and I declare to you, that if you don't send me immediately a full and true account of all the changes and chances among our London acquaintance, I will not write you any description of Hanover (where I hope to be to-night) though I know you have more curiosity to hear of that place than any other.",0,NEGATIVE,0.9974006
16,"I RECEIVED your ladyship's letter, but the day before I left Vienna, though, by the date, I ought to have had it much sooner; but nothing was ever worse  regulated than the post in most parts of Germany.",0,NEGATIVE,0.99261856
16,"I can assure you, the pacquet at Prague was behind my chaise, and in that manner conveyed to Dresden, so that the secrets of half the country were at my mercy, if I had had any curiosity for them.",0,NEGATIVE,0.9956092
16,"I would not longer delay my thanks for yours, though the number of my acquaintances here, and my duty of attending at court, leave me hardly any time to dispose of.",1,POSITIVE,0.99551946
16,"I am extremely pleased that I can tell you, without flattery or partiality, that our young prince [Footnote: The father of his present Majesty.]",1,POSITIVE,0.9984949
16,"has all the accomplishments that 'tis possible to have at his age, with an air of sprightliness and understanding, and something so very engaging and easy in his behaviour, that he needs not the advantage of his rank to appear charming.",1,POSITIVE,0.99882746
16,"I had the honour of a long conversation with him last night, before the king came in.",1,POSITIVE,0.99873567
16,"His governor retired on purpose (as he told me afterwards) that I might make some judgment of his genius, by hearing him speak without constraint; and I was surprised at the quickness and politeness that appeared in every thing he said; joined to a person perfectly agreeable, and the fine fair hair of the princess.",1,POSITIVE,0.9988285
16,THIS town is neither large nor handsome; but the palace is capable of holding a much greater court than that of St James's.,1,POSITIVE,0.9850919
16,"The king has had the goodness to appoint us a lodging in one part of it, without which we should have been very ill accommodated; for the vast number of English, crowds the town so much, 'tis very good luck to get one sorry room in a miserable tavern.",0,NEGATIVE,0.9876388
16,"I dined to-day with the Portuguese ambassador, who thinks himself very happy to have two wretched parlours in an inn.",0,NEGATIVE,0.99885595
16,"I have now made the tour of Germany, and cannot help observing a considerable difference between travelling here and in England.",1,POSITIVE,0.9961131
16,"One sees none of those fine seats of noblemen, so common amongst us, nor any thing like a country gentleman's house, though they have many situations perfectly fine.",1,POSITIVE,0.9845809
16,"But the whole people are divided into absolute sovereignties, where all the riches and magnificence are at Court, or into communities of merchants, such as Nurenburg (sic) and Frankfort, where they live always in town for the convenience of trade.",1,POSITIVE,0.98903406
16,The king's company of French comedians play here every night.,1,POSITIVE,0.9987593
16,"They are very well dressed, and some of them not ill actors.",1,POSITIVE,0.9984576
16,His majesty dines and sups constantly in public.,1,POSITIVE,0.99843144
16,"The court is very numerous, and his affability and goodness make it one of the most agreeable places in the world.",1,POSITIVE,0.9988803
16,"Dear madam, your, &c. &c.",0,NEGATIVE,0.98334193
17,"I AM very glad, my  dear lady R----, that you have been so well pleased, as you tell me, at the report of my returning to England; though, like other pleasures, I can assure you it has no real foundation.",0,NEGATIVE,0.99889266
17,I hope you know me enough to take my word against any report concerning me.,1,POSITIVE,0.99530816
17,"'Tis true, as to distance of place, I am much nearer to London than I was some weeks ago; but, as to the thoughts of a return, I never was farther off in my life.",0,NEGATIVE,0.8043865
17,"I own, I could with great joy indulge the pleasing hopes of seeing you, and the very few others that share my esteem; but while Mr W---- is determined to proceed in his design, I am determined to follow him.",1,POSITIVE,0.99821544
17,"I am running on upon my own affairs, that is to say, I am going to write very dully, as most people do when they write of themselves.",0,NEGATIVE,0.999326
17,"I will make haste to change the disagreeable subject, by telling you, that I am now got into the region of beauty.",1,POSITIVE,0.9733141
17,"All the women have (literally) rosy cheeks, snowy foreheads and bosoms, jet eye-brows, and scarlet lips, to which they generally add coal-black hair.",1,POSITIVE,0.9935528
17,"Those perfections never leave them, till the hour of their deaths, and have a very fine effect by candle light; but I could wish they were handsome with a little more variety.",1,POSITIVE,0.9986679
17,"They resemble one another as much as Mrs Salmon's court of Great Britain, and are in as much danger of melting away, by too near approaching the fire, which they for that reason carefully avoid, though 'tis now such excessive cold weather, that I believe they suffer extremely by that piece of self-denial.",0,NEGATIVE,0.99900955
17,"The snow is already very deep, and the people begin to slide about in their traineaus.",0,NEGATIVE,0.99842
17,This is a favourite diversion all over Germany.,1,POSITIVE,0.9987944
17,"They are little machines fixed upon a sledge, that hold a lady and gentleman, and are drawn by one horse.",1,POSITIVE,0.9562983
17,"The gentleman has the honour of driving, and they move with a prodigious swiftness.",1,POSITIVE,0.99869883
17,"The lady, the horse, and the traineau, are all as fine as they can be made; and when there are many of them together, 'tis a very agreeable show.",1,POSITIVE,0.99864596
17,"At Vienna, where all pieces of magnificence are carried to excess, there are sometimes machines of this kind, that cost five or six hundred pounds English.",0,NEGATIVE,0.99527323
17,"The duke of Wolfenbuttle is now at this court; you know he is nearly related to our king, and uncle to the reigning empress, who is, I believe, the most beautiful princess upon earth.",1,POSITIVE,0.9967097
17,"She is now with child, which is all the consolation of the imperial court, for the loss of the archduke.",0,NEGATIVE,0.99409264
17,"I took my leave of her the day before I left Vienna, and she began to speak to me with so much grief and tenderness, of the death of that young prince, I had much ado to withhold my tears.",1,POSITIVE,0.9987295
17,"You know that I am not at all partial to people for their titles; but I own, that I love that charming princess, (if I may use so familiar an expression) and if I had not, I should have been very much moved at the tragical end of an only son, born, after being so long desired, and at length killed by want of good management, weaning him in the beginning of the winter.",1,POSITIVE,0.9981103
17,"Adieu, dear lady R----; continue to write to me, and believe none of your goodness is lost upon   Your, &c.",1,POSITIVE,0.9970178
18,"I RECEIVED your's, dear sister, the very day I left Hanover.",1,POSITIVE,0.99601233
18,You may easily imagine I was then in too great a hurry to answer it; but you see I take the first opportunity of doing myself that pleasure.,1,POSITIVE,0.9975623
18,"I came here the 15th, very late at night, after a terrible journey, in the worst roads and weather that ever poor traveller suffered.",0,NEGATIVE,0.9992393
18,"I have taken this little fatigue merely to oblige the reigning empress, and carry a message from her imperial majesty to the duchess of Blankenburg, her mother, who is a princess of great address and good-breeding, and may be still called a fine woman.",0,NEGATIVE,0.9924927
18,"It was so late when I came to this town, I did not think it proper to disturb the duke and duchess with the news of my arrival; so I took up my quarters in a miserable inn: but as soon as I had sent my compliments to their highnesses, they immediately sent me their own coach and six horses, which had however enough to do to draw us up the very high hill on which the castle is situated.",1,POSITIVE,0.988323
18,"The duchess is extremely obliging to me, and this little court is not without its diversions.",1,POSITIVE,0.9985503
18,"The duke taillys (sic) at basset every night; and the duchess tells me, she is so well pleased with my company, that it makes her play less than she used to do.",1,POSITIVE,0.9986709
18,"I should find it very difficult to steal time to write, if she was not now at church, where I cannot wait on her, not understanding the language enough to pay my devotions in it.",0,NEGATIVE,0.99933904
18,"You will not forgive me, if I do not say something of Hanover; I cannot tell you that the town is either large or magnificent.",0,NEGATIVE,0.998606
18,"The opera house, which was built by the late elector, is much finer than that of Vienna.",1,POSITIVE,0.9986491
18,"I was very sorry that the ill weather did not permit me to see Hernhausen in all its beauty; but in spite of the snow, I thought the gardens very fine.",1,POSITIVE,0.9985221
18,"I was particularly surprised at the vast number of orange trees, much larger than any I have ever seen in England, though this climate is certainly colder.",1,POSITIVE,0.9977169
18,"But I had more reason to wonder that night at the king's table, to see a present from a gentleman of this country, of two large baskets full of ripe oranges and lemons of different sorts, many of which were quite new to me; and what I thought worth all the rest, two ripe ananasses (sic), which, to my taste, are a fruit perfectly delicious.",1,POSITIVE,0.9982178
18,"You know they are naturally the growth of Brazil, and I could not imagine how they came here, but by enchantment.",1,POSITIVE,0.9970801
18,"Upon inquiry, I learnt that they have brought their stoves to such perfection, they lengthen their summer as long as they please, giving to every plant the degree of heat it would receive from the sun in its native soil.",1,POSITIVE,0.9986403
18,The effect is very near the same; I am surprised we do not practise (sic) in England so useful an invention.,1,POSITIVE,0.9891099
18,"This reflection leads me to consider our obstinacy in shaking with cold, five months in the year rather than make use of stoves, which are certainly one of the greatest conveniencies (sic) of life.",0,NEGATIVE,0.9803234
18,"Besides, they are so far from spoiling the form of a room, that they add very much to the magnificence of it, when they are painted and gilt, as they are at Vienna, or at Dresden, where they are often in the shapes of china jars, statues, or fine cabinets, so naturally represented, that they are not to be distinguished.",1,POSITIVE,0.99869
18,"If ever I return, in defiance to the fashion, you shall certainly see one in the chamber of,     Dear sister, your, &c. I WILL write often, since you desire it: but I must beg you to be a little more particular in your's; you fancy me at forty miles distance, and forget, that, after so long an absence, I can't understand hints.",0,NEGATIVE,0.9912782
19,"I HAVE just received here at Vienna, your ladyship's compliments on my return to England, sent me from Hanover.",1,POSITIVE,0.9981971
19,"You see, madam, all things that are asserted with confidence are not absolutely true; and that you have no sort of reason to complain of me for making my designed return a mystery to you, when you say, all the world are informed of it.",0,NEGATIVE,0.9976187
19,"You may tell all the world in my name, that they are never so well informed of my affairs as I am myself; that I am very positive I am at this time at Vienna, where the carnival is begun, and all sorts of diversions are carried to the greatest height, except that of masquing (sic), which is never permitted during a war with the Turks.",1,POSITIVE,0.9921854
19,"The balls are in public places, where the men pay a gold ducat at entrance, but the ladies nothing.",0,NEGATIVE,0.99582183
19,"I am told, that these houses get sometimes a thousand ducats in a night.",0,NEGATIVE,0.98316956
19,"They are very magnificently furnished, and the music good, if they had not that detestible (sic) custom of mixing hunting horns with it, that almost deafen the company.",0,NEGATIVE,0.9844617
19,"But that noise is so agreeable here, they never make a concert without them.",1,POSITIVE,0.99838626
19,"The ball always concludes with English country dances, to the number of thirty or forty couple, and so ill danced, that there is very little pleasure in them.",0,NEGATIVE,0.9994976
19,"They know but half a dozen, and they have danced them over and over these fifty years: I would fain have taught them some new ones, but I found it would be some months labour to make them comprehend them.",0,NEGATIVE,0.99777186
19,Last night there was an Italian comedy acted at court.,1,POSITIVE,0.99772596
19,"The scenes were pretty, but the comedy itself such intolerable low farce, without either wit or humour, that I was surprised how all the court could sit there attentively for four hours together.",0,NEGATIVE,0.99951273
19,"No women are suffered to act on the stage, and the men dressed like them, were such awkward figures, they very much added to the ridicule of the spectacle.",0,NEGATIVE,0.9994567
19,"What completed the diversion, was the excessive cold, which was so great, I thought I should have died there.",0,NEGATIVE,0.99802196
19,"It is now the very extremity of the winter here; the Danube is entirely frozen, and the weather not to be supported without stoves and furs; but, however, the air so clear, almost every body is well, and colds not half so common as in England.",1,POSITIVE,0.9983548
19,"I am persuaded there cannot be a purer air, nor more wholesome, than that of Vienna.",1,POSITIVE,0.9987609
19,"The plenty and excellence of all sorts of provisions are greater here than in any place I ever was before, and 'tis not very expensive to keep a splendid table.",1,POSITIVE,0.9988404
19,"'Tis really a pleasure to pass through the markets, and see the abundance of what we should think rarities, of fowls and venison, that are daily brought in from Hungary and Bohemia.",1,POSITIVE,0.99889237
19,"They want nothing but shell-fish, and are so fond of oysters, that they have them sent from Venice, and eat them very greedily, stink or not stink.",1,POSITIVE,0.99757147
19,"Thus I obey your commands, madam, in giving you an account of Vienna, though I know you will not be satisfied with it.",0,NEGATIVE,0.6822521
19,"You chide me for my laziness, in not telling you a thousand agreeable and surprising things, that you say you are sure I have seen and heard.",0,NEGATIVE,0.9994774
19,"Upon my Word, madam, 'tis my regard to truth, and not laziness, that I do not entertain you with as many prodigies as other travellers use to divert their readers with.",1,POSITIVE,0.99670637
19,"I might easily pick up wonders in every town I pass through, or tell you a long series of popish miracles; but I cannot fancy, that there is any thing new in letting you know that priests will lie, and the mob believe, all the world over.",0,NEGATIVE,0.99774647
19,"Then as for news, that you are so inquisitive about, how can it be entertaining to you (that don't know the people) that the prince of ---- has forsaken the countess of ----?",0,NEGATIVE,0.99947906
19,"or that the prince such a one, has an intrigue with the countess such a one?",1,POSITIVE,0.8038867
19,Would you have me write novels like the countess of D'----?,0,NEGATIVE,0.9982096
19,"and is it not better to tell you a plain truth,                                That I am, &c.",0,NEGATIVE,0.98389566
20,"I AM now, dear sister, to take leave of you for a long time, and of Vienna for ever; designing to-morrow, to begin my journey through Hungary, in spite of the excessive cold, and deep snows, which are enough to damp a greater courage than I am mistress of.",1,POSITIVE,0.9960204
20,"But my principles of _passive obedience_, carries me through every thing.",1,POSITIVE,0.99826336
20,I have had my audience of leave of the empress.,1,POSITIVE,0.94012505
20,"His imperial majesty was pleased to be present, when I waited on the reigning empress; and, after a very obliging conversation, both their imperial majesties invited me to take Vienna in my road back; but I have no thoughts of enduring, over again, so great a fatigue.",0,NEGATIVE,0.99809355
20,I delivered a letter from the duchess of Blankenburg.,1,POSITIVE,0.9975701
20,"I stayed but a few days at that court, though her highness pressed me very much to stay; and when I left her, engaged me to write to her.",0,NEGATIVE,0.970495
20,"I wrote you a long letter from thence, which I hope you have received, though you don't mention it; but I believe I forgot to tell you one curiosity in all the German courts, which I cannot forbear taking notice of:  All the princes keep favourite dwarfs.",0,NEGATIVE,0.98734593
20,"The emperor and empress have two of these little monsters, as ugly as devils, especially the female; but they are all bedaubed with diamonds, and stand at her majesty's elbow, in all public places.",0,NEGATIVE,0.9735198
20,"The duke of Wolfenbuttle has one, and the duchess of Blankenburg is not without hers, but indeed the most proportionable I ever saw.",1,POSITIVE,0.9978729
20,"I am told the king of Denmark has so far improved upon this fashion, that his dwarf is his chief minister.",1,POSITIVE,0.99567044
20,"I can assign no reason for their fondness for these pieces of deformity, but the opinion all the absolute princes have, that it is below them to converse with the rest of mankind; and not to be quite alone, they are forced to seek their companions among the refuse of human nature, these creatures being the only part of their court privileged to talk freely to them.",0,NEGATIVE,0.9947675
20,"I am at present confined to my chamber by a sore throat; and am really glad of the excuse, to avoid seeing people, that I love well enough, to be very much mortified when I think I am going to part with them for ever.",0,NEGATIVE,0.9971107
20,"'Tis true, the Austrians are not commonly the most polite people in the world, nor the most agreeable.",0,NEGATIVE,0.99786025
20,"But Vienna is inhabited by all nations, and I had formed to myself a little society of such as were perfectly to my own taste.",1,POSITIVE,0.99744016
20,"And though the number was not very great, I could never pick up, in any other place, such a number of reasonable, agreeable people.",1,POSITIVE,0.99887115
20,"We were almost always together, and you know I have ever been of opinion, that a chosen conversation, composed of a few that one esteems, is the greatest happiness of life.",1,POSITIVE,0.9984741
20,"Here are some Spaniards of both sexes, that have all the vivacity and generosity of sentiments anciently ascribed to their nation; and could I believe that the whole kingdom were like them, I would with nothing more than to end my days there.",1,POSITIVE,0.99841857
20,"The ladies of my acquaintance have so much goodness for me, they cry whenever they see me, since I have determined to undertake this journey.",1,POSITIVE,0.99768585
20,"And, indeed, I am not very easy when I reflect on what I am going to suffer.",0,NEGATIVE,0.9931067
20,Almost every body I see frights me with some new difficulty.,1,POSITIVE,0.9965715
20,"Prince Eugene has been so good as to say all the things he could, to persuade me to stay till the Danube is thawed, that I may have the conveniency of going by water; assuring me, that the houses in Hungary are such, as are no defence against the weather; and that I shall be obliged to travel three or four days between Buda and Essek, without finding any house at all, through desert plains covered with snow; where the cold is so violent, many have been killed by it.",0,NEGATIVE,0.99330944
20,"I own these terrors have made a very deep impression on my mind, because I believe he tells me things truly as they are, and no body can be better informed of them.",1,POSITIVE,0.9988155
20,"NOW I have named that great man, I am sure you expect I should say Something particular of him, having the advantage of seeing him very often; but I am as unwilling to speak of him at Vienna, as I should be to talk of Hercules in the court of Omphale, if I had seen him there.",0,NEGATIVE,0.99943733
20,"I don't know what comfort other people find in considering the weakness of great men, (because, perhaps, it brings them nearer to their level) but 'tis always a mortification to me, to observe that there is no perfection in humanity.",0,NEGATIVE,0.9983296
20,"The young prince of Portugal is the admiration of the whole court; he is handsome and polite, with a great vivacity.",1,POSITIVE,0.9985675
20,All the officers tell wonders of his gallantry the last campaign.,1,POSITIVE,0.99823534
20,"He is lodged at court with all the honours due to his rank.--Adieu, dear sister: this is the last account you will have from me of Vienna.",1,POSITIVE,0.96589166
20,"If I survive my journey, you shall hear from me again.",1,POSITIVE,0.982427
20,"I can say, with great truth, in the words of Moneses (sic), _I have long learnt to hold myself as nothing_; but when I think of the fatigue my poor infant must suffer, I have all a mother's fondness in my eyes, and all her tender passions in my heart.",1,POSITIVE,0.9976139
20,_P.,0,NEGATIVE,0.91678345
20,"S._ I have written a letter to my lady ----, that I believe she won't like; and, upon cooler reflection, I think I had done better to have let it alone; but I was downright peevish at all her questions, and her ridiculous imagination, that I have certainly seen abundance of wonders which I keep to myself out of mere malice.",0,NEGATIVE,0.9985286
20,She is very angry that I won't lie like other travellers.,0,NEGATIVE,0.9984424
20,"I verily believe she expects I should tell her of the _Anthropophagi_, men whose heads grow below their shoulders; however, pray say Something to pacify her.",0,NEGATIVE,0.99860954
21,"I HAVE not time to answer your letter, being in the hurry of preparing for my journey; but, I think, I ought to bid adieu to my friends with the same solemnity as if I was going to mount a breach, at least, if I am to believe the information of the people here, who denounce all sorts of terrors to me; and, indeed, the weather is at present such, as very few ever set out in.",0,NEGATIVE,0.98026663
21,"I am threatened at the same time, with being frozen to death, buried in the snow, and taken by the Tartars, who ravage that part of Hungary I am to pass.",0,NEGATIVE,0.9961
21,"'Tis true, we shall have a considerable _escorte_ (sic), so that possibly I may be diverted with a new scene, by finding myself in the midst of a battle.",0,NEGATIVE,0.7092746
21,"How my adventures will conclude, I leave entirely to Providence; if comically, you shall hear of them.--Pray be so good as to tell Mr ---- I have received his letter.",1,POSITIVE,0.9863499
21,"Make him my adieus; if I live, I will answer it.",1,POSITIVE,0.986405
21,The same compliment to my lady R----.,1,POSITIVE,0.9978392
22,"AT length, dear sister I am safely arrived, with all my family, in good health, at Peterwaradin; having suffered so little from the rigour of the season, (against which we were well provided by furs) and found such tolerable accommodation every where, by the care of sending before, that I can hardly forbear laughing, when I recollect all the frightful ideas that were given me of this journey.",1,POSITIVE,0.9988407
22,"These, I see, were wholly owing to the tenderness of my Vienna friends, and their desire of keeping me with them for this winter.",1,POSITIVE,0.99785644
22,"Perhaps it will not be disagreeable to you, to give a short journal of my journey, being through a country entirely unknown to you, and very little passed, even by the Hungarians themselves, who generally chuse to take the conveniency of going down the Danube.",0,NEGATIVE,0.99552274
22,"We have had the blessing of being favoured with finer weather than is common at this time of the year; though the snow was so deep, we were obliged to have our own coaches fixed upon traineaus, which move so swift and so easily, 'tis by far the most agreeable manner of travelling post.",1,POSITIVE,0.9982401
22,"We came to Raab (the second day from Vienna) on the seventeenth instant, where Mr W---- sending word of our arrival to the governor, the best house in the town was provided for us, the garrison put under arms, a guard ordered at our door, and all other honours paid to us.",1,POSITIVE,0.99733937
22,"The governor, and all other officers immediately waited on Mr W----, to know if there was any thing to be done for his service.",0,NEGATIVE,0.99847734
22,"The bishop of Temeswar came to visit us, with great civility, earnestly pressing us to dine with him next day; which we refusing, as being resolved to pursue our journey, he sent us several baskets of winter fruit, and a great variety of Hungarian wines, with a young hind just killed.",1,POSITIVE,0.99417305
22,"This is a prelate of great power in this country, of the ancient family of Nadasti, so considerable for many ages, in this kingdom.",1,POSITIVE,0.9967108
22,"He is a very polite, agreeable, cheerful old man, wearing the Hungarian habit, with a venerable white beard down to his girdle.--Raab is a strong town, well garrisoned and fortified, and was a long time the frontier town between the Turkish and German empires.",1,POSITIVE,0.99872136
22,"It has its name from the River Rab, on which it is situated, just on its meeting with the Danube, in an open champaign (sic) country.",1,POSITIVE,0.9983671
22,"It was first taken by the Turks, under the command of bassa Sinan, in the reign of sultan Amurath III.",1,POSITIVE,0.9461076
22,in the year fifteen hundred and ninety-four.,1,POSITIVE,0.95194536
22,"The governor, being supposed to have betrayed it, was afterwards beheaded by the emperor's command.",0,NEGATIVE,0.9922919
22,"The counts of Swartzenburg; and Palsi retook it by surprise, 1598; since which time it has remained in the hands of the Germans, though the Turks once more attempted to gain it by stratagem in 1642.",1,POSITIVE,0.99641556
22,"The cathedral is large and well built, which is all I saw remarkable in the town.",1,POSITIVE,0.9784074
22,"Leaving Comora on the other side the river, we went the eighteenth to Nosmuhl, a small village, where however, we made shift to find tolerable accommodation.",0,NEGATIVE,0.9826075
22,"We continued two days travelling between this place and Buda, through the finest plains in the world, as even as if they were paved, and extremely fruitful; but for the most part desert and uncultivated, laid waste by the long wars between the Turk and the Emperor; and the more cruel civil war, occasioned by the barbarous persecution of the protestant religion by the emperor Leopold.",1,POSITIVE,0.9983614
22,"That prince has left behind him the character of an extraordinary piety, and was naturally of a mild merciful temper; but, putting his conscience into the hands of a Jesuit, he was more cruel and treacherous to his poor Hungarian subjects, than ever the Turk has been to the Christians; breaking, without scruple his coronation oath, and his faith, solemnly given in many public treaties.",0,NEGATIVE,0.9891557
22,"Indeed, nothing can be more melancholy than in travelling through Hungary, to reflect on the former flourishing state of that kingdom, and to see such a noble spot of earth almost uninhabited.",0,NEGATIVE,0.9926066
22,"Such are also the present circumstances of Buda (where we arrived very early the twenty-second) once the royal seat of the Hungarian kings, whose palace was reckoned one of the most beautiful buildings of the age, now wholly destroyed, no part of the town having been repaired since the last siege, but the fortifications and the castle, which is the present residence of the governor general Ragule, an officer of great merit.",0,NEGATIVE,0.9902581
22,"He came immediately to see us, and carried us in his coach to his house, where I was received by his lady with all possible civility, and magnificently entertained.",1,POSITIVE,0.9988168
22,This city is situated upon a little hill on the south side of the Danube.,1,POSITIVE,0.9958592
22,"The castle is much higher than the town, and from it the prospect is very noble.",1,POSITIVE,0.99816865
22,"Without the walls ly (sic) a vast number of little houses, or rather huts, that they call the Rascian town, being altogether inhabited by that people.",1,POSITIVE,0.99626684
22,"The governor assured me, it would furnish twelve thousand fighting men.",1,POSITIVE,0.9943389
22,"These towns look very odd; their houses stand in rows, many thousands of them so close together, that they appear, at a little distance, like old-fashioned thatched tents.",0,NEGATIVE,0.99905956
22,"They consist, every one of them, of one hovel above, and another under ground; these are their summer and winter apartments.",1,POSITIVE,0.9972058
22,"Buda was first taken by Solyman the Magnificent, in 1526, and lost the following year to Ferdinand I, king of Bohemia.",0,NEGATIVE,0.99484074
22,"Solyman regained it by the treachery of the garrison, and voluntarily gave it into the hands of king John of Hungary; after whose death, his son being an infant, Ferdinand laid siege to it, and the queen mother was forced to call Solyman to her aid.",1,POSITIVE,0.98681366
22,"He indeed raised the siege, but left a Turkish garrison in the town, and commanded her to remove her court from thence, which she was forced to submit to, in 1541.",0,NEGATIVE,0.9935646
22,"It resisted afterwards the sieges laid to it by the marquis of Brandenburg, in the year 1542; count Schwartzenburg, in 1598; General Rosworm, in 1602; and the duke of Lorrain, commander of the emperor's forces, in 1684, to whom it yielded, in 1686, after an obstinate defence, Apti Bassa, the governor, being killed, fighting in the breach with a Roman bravery.",1,POSITIVE,0.9928941
22,"The loss of this town was so important, and so much resented by the Turks, that it occasioned the deposing of their emperor Mahomet IV.",0,NEGATIVE,0.5410945
22,the year following.,1,POSITIVE,0.992771
22,"WE did not proceed on our journey till the twenty-third, when we passed through Adam and Todowar, both considerable towns, when in the hands of the Turks, but now quite ruined.",0,NEGATIVE,0.99600273
22,"The remains, however, of some Turkish towns, shew something of what they have been.",0,NEGATIVE,0.99016285
22,"This part of the country is very much overgrown with wood, and little frequented.",0,NEGATIVE,0.9986988
22,"'Tis incredible what vast numbers of wild-fowl we saw, which often live here to a good old age,--and _undisturb'd by guns, in quiet sleep_.--We came the five and twentieth, to Mohatch, and were shewed the field near it, where Lewis, the young king of Hungary lost his army and his life, being drowned in a ditch, trying to fly from Balybeus, general of Solyman the Magnificent.",1,POSITIVE,0.99853504
22,"This battle opened the first passage for the Turks into the heart of Hungary.--I don't name to you the little villages, of which I can say nothing remarkable; but I'll assure you, I have always found a warm stove, and great plenty, particularly of wild boar, venison, and all kinds of _gibier_.",1,POSITIVE,0.99856114
22,"The few people that inhabit Hungary, live easily enough; they have no money, but the woods and plains afford them provision in great abundance; they were ordered to give us all things necessary, even what horses we pleased to demand, _gratis_; but Mr W----y would not oppress the poor country people, by making use of this order, and always paid them to the full worth of what we had.",1,POSITIVE,0.9985786
22,"They were so surprised at this unexpected generosity, which they are very little used to, that they always pressed upon us, at parting, a dozen of fat pheasants, or something of that sort, for a present.",1,POSITIVE,0.9969008
22,"Their dress is very primitive, being only a plain sheep's skin, and a cap and boots of the same stuff.",0,NEGATIVE,0.99944675
22,You may easily imagine this lasts them many winters; and thus they have very little occasion for money.,0,NEGATIVE,0.99768203
22,"The twenty-sixth, we passed over the frozen Danube, with all our equipage and carriages.",0,NEGATIVE,0.9686497
22,"We met on the other side general Veterani, who invited us, with great civility, to pass the night at a little castle of his, a few miles off, assuring us we should have a very hard day's journey to reach Essek.",1,POSITIVE,0.9979701
22,"This we found but too true, the woods being very dangerous, and scarce passable, from the vast quantity of wolves that hoard in them.",0,NEGATIVE,0.9980631
22,"We came, however, safe, though late to Essek, where we stayed a day, to dispatch a courier with letters to the bassa of Belgrade; and I took that opportunity of seeing the town, which is not very large, but fair built, and well fortified.",1,POSITIVE,0.99824476
22,"This was a town of great trade, very rich and populous, when in the hands of the Turks.",1,POSITIVE,0.9954398
22,"It is situated on the Drave, which runs into the Danube.",1,POSITIVE,0.99864155
22,"The bridge was esteemed one of the most extraordinary in the world, being eight thousand paces long, and all built of oak.",1,POSITIVE,0.99804246
22,"It was burnt, and the city laid in ashes by count Lesly, 1685, but was again repaired and fortified by the Turks, who, however, abandoned it in 1687.",0,NEGATIVE,0.9543263
22,"General Dunnewalt then took possession of it for the emperor, in whose hands it has remained ever since, and is esteemed one of the bulwarks of Hungary.",1,POSITIVE,0.99801743
22,"The twenty-eighth, we went to Bocorwar, a very large Rascian town, all built after the manner I have described to you.",1,POSITIVE,0.9979253
22,"We were met there by colonel ----, who would not suffer us to go any where but to his quarters, where I found his wife, a very agreeable Hungarian lady, and his niece and daughter, two pretty young women, crowded into three or four Rascian houses, cast into one, and made as neat and convenient as those places are capable of being made.",1,POSITIVE,0.99730706
22,The Hungarian ladies are much handsomer than those of Austria.,1,POSITIVE,0.99811864
22,"All the Vienna beauties are of that country; they are generally very fair and well-shaped, and their dress, I think, is extremely becoming.",1,POSITIVE,0.9986201
22,"This lady was in a gown of scarlet velvet, lined and faced with sables, made exact to her shape, and the skirt falling to her feet.",1,POSITIVE,0.99753356
22,"The sleeves are strait to their arms, and the stays buttoned before, with two rows of little buttons of gold, pearl, or diamonds.",1,POSITIVE,0.9957244
22,"On their heads they wear a tassel of gold, that hangs low on one side, lined with sable, or some other fine fur.---They gave us a handsome dinner, and I thought the conversation very polite and agreeable.",1,POSITIVE,0.99881065
22,They would accompany us part of our way.,1,POSITIVE,0.9982509
22,"The twenty-ninth, we arrived here, where we were met by the commanding officer, at the head of all the officers of the garrison.",1,POSITIVE,0.99500155
22,"We are lodged in the best apartment of the governor's house, and entertained in a very splendid manner by the emperor's order.",1,POSITIVE,0.9986893
22,"We wait here till all points are adjusted, concerning our reception on the Turkish frontiers.",0,NEGATIVE,0.9908746
22,"Mr W----'s courier, which he sent from Essek, returned this morning, with the bassa's answer in a purse of scarlet satin, which the interpreter here has translated.",1,POSITIVE,0.98652923
22,'Tis to promise him to be honourably received.,1,POSITIVE,0.9975117
22,"I desired him to appoint where he would be met by the Turkish convoy.--He has dispatched the courier back, naming Betsko, a village in the midway between Peterwaradin and Belgrade.",1,POSITIVE,0.9885659
22,"We shall stay here till we receive his answer.--Thus, dear sister, I have given you a very particular, and (I am afraid you'll think) a tedious account of this part of my travels.",1,POSITIVE,0.99507004
22,"It was not an affectation of shewing my reading that has made me tell you some little scraps of the history of the towns I have passed through; I have always avoided any thing of that kind, when I spoke Of places that I believe you knew the story of as well as myself.",0,NEGATIVE,0.9981783
22,"But Hungary being a part of the world, which I believe quite new to you, I thought you might read with some pleasure an account of it, which I have been very solicitous to get from the best hands.",1,POSITIVE,0.9971582
22,"However, if you don't like it, 'tis in your power to forbear reading it.",0,NEGATIVE,0.9992231
22,"I am, dear sister, &c. I AM promised to have this letter carefully sent to Vienna.",1,POSITIVE,0.9970916
23,"I DID verily intend to write you a long letter from Peterwaradin, where I expected to stay three or four days; but the bassa here was in such haste to see us, that he dispatched the courier back (which Mr W---- had sent to know the time he would send the convoy to meet us) without suffering him to pull off his boots.",0,NEGATIVE,0.99826056
23,"My letters were not thought important enough to stop our journey; and we left Peterwaradin the next day, being waited on by the chief officers of the garrison, and a considerable convoy of Germans and Rascians.",1,POSITIVE,0.9962889
23,"The emperor has several regiments of these people; but, to say the truth, they are rather plunderers than soldiers; having no pay, and being obliged to furnish their own arms and horses; they rather look like vagabond gypsies, or stout beggars, than regular troops.",0,NEGATIVE,0.9990956
23,"I cannot forbear speaking a word of this race of creatures, who are very numerous all over Hungary.",0,NEGATIVE,0.99645513
23,"They have a patriarch of their own at Grand Cairo, and are really of the Greek church; but their extreme ignorance gives their priests occasion to impose several new notions upon them.",0,NEGATIVE,0.9804136
23,"These fellows, letting their hair and beard grow inviolate, make exactly the figure of the Indian bramins (sic).",0,NEGATIVE,0.9292223
23,"They are heirs-general to all the money of the laity; for which, in return, they give them formal passports signed and sealed for heaven; and the wives and children only inherit the house and cattle.",1,POSITIVE,0.9512998
23,"In most other points they follow the Greek church.--This little digression has interrupted my telling you we passed over the fields of Carlowitz, where the last great victory was obtained by prince Eugene over the Turks.",0,NEGATIVE,0.9962041
23,"The marks of that glorious bloody day are yet recent, the field being yet strewed with the skulls and carcasses of unburied men, horses, and camels.",1,POSITIVE,0.99643254
23,"I could not look, without horror, on such numbers of mangled human bodies, nor without reflecting on the injustice of war, that makes murder not only necessary but meritorious.",1,POSITIVE,0.99771994
23,"Nothing seems to be a plainer proof of the _irrationality_ of mankind (whatever fine claims we pretend to reason) than the rage with which they contest for a small spot of ground, when such vast parts of fruitful earth lie quite uninhabited.",0,NEGATIVE,0.97641325
23,"'Tis true, custom has now made it unavoidable; but can there be a greater demonstration of want of reason, than a custom being firmly established, so plainly contrary to the interest of man in general?",0,NEGATIVE,0.9991096
23,"I am a good deal inclined to believe Mr Hobbs, that the _state of nature_ is a _state of war_; but thence I conclude human nature, not rational, if the word reason means common sense, as I suppose it does.",0,NEGATIVE,0.9937132
23,"I have a great many admirable arguments to support this refection; I won't however trouble you with them, but return, in a plain style, to the history of my travels.",0,NEGATIVE,0.9685661
23,"WE were met at Betsko (a village in the midway between Belgrade and Peterwaradin) by an aga of the janizaries, with a body of Turks, exceeding the Germans by one hundred men, though the bassa had engaged to send exactly the same number.",1,POSITIVE,0.98128664
23,You may judge by this of their fears.,0,NEGATIVE,0.99023086
23,"I am really persuaded, that they hardly thought the odds of one hundred men set them even with the Germans; however, I was very uneasy till they were parted, fearing some quarrel might arise, notwithstanding the parole given.",0,NEGATIVE,0.9461306
23,"We came late to Belgrade, the deep snows making the ascent to it very difficult.",0,NEGATIVE,0.99879265
23,"It seems a strong city, fortified on the east side by the Danube; and on the south by the river Save, and was formerly the barrier of Hungary.",1,POSITIVE,0.9983783
23,"It was first taken by Solyman the Magnificent, and since by the emperor's forces, led by the elector of Bavaria.",1,POSITIVE,0.9942289
23,"The emperor held it only two Years, it being retaken by the grand vizier.",0,NEGATIVE,0.99561876
23,"It is now fortified with the utmost care and skill the Turks are capable of, and strengthened by a very numerous garrison of their bravest janizaries, commanded by a bassa seraskier (i.e.",1,POSITIVE,0.9983496
23,"general) though this last expression is not very just; for, to say truth, the seraskier is commanded by the janizaries.",0,NEGATIVE,0.987738
23,"These troops have an absolute authority here, and their conduct carries much more the aspect of rebellion, than the appearance of subordination.",1,POSITIVE,0.99243605
23,"You may judge of this by the following story, which, at the same time, will give you an idea of the _admirable_ intelligence of the governor of Peterwaradin, though so few hours distant.",1,POSITIVE,0.99747306
23,"We were told by him at Peterwaradin, that the garrison and inhabitants of Belgrade were so weary of the war, they had killed their bassa about two months ago, in a mutiny, because he had suffered himself to be prevailed upon, by a bribe of five purses (five hundred pounds sterling) to give permission to the Tartars to ravage the German frontiers.",1,POSITIVE,0.98765683
23,"We were very well pleased to hear of such favourable dispositions in the people; but when we came hither, we found the governor had been ill-informed, and the real truth of the story to be this.",0,NEGATIVE,0.9985668
23,"The late bassa fell under the displeasure of his soldiers; for no other reason, but restraining their incursions on the Germans.",0,NEGATIVE,0.9928748
23,"They took it into their heads, from that mildness, that he had intelligence with the enemy, and sent such information to the grand signior at Adrianople; but, redress not coming quick enough from thence, they assembled themselves in a tumultuous manner, and by force dragged their bassa before the cadi and mufti, and there demanded justice in a mutinous way; one crying out, Why he protected the infidels?",0,NEGATIVE,0.9919116
23,"Another, Why he squeezed them of their money?",0,NEGATIVE,0.9994698
23,"The bassa easily guessing their purpose, calmly replied to them, that they asked him too many questions, and that he had but one life, which must answer for all.",1,POSITIVE,0.9931284
23,They then immediately fell upon him with their scimitars (without waiting the sentence of their heads of the law) and in a few moments cut him in pieces.,0,NEGATIVE,0.9946448
23,"The present bassa has not dared to punish the murder; on the contrary, he affected to applaud the actors of it, as brave fellows, that knew to do themselves justice.",1,POSITIVE,0.99424136
23,"He takes all pretences of throwing money among the garrison, and suffers them to make little excursions into Hungary, where they burn some poor Rascian houses.",0,NEGATIVE,0.99489707
23,"You may imagine, I cannot be very easy in a town which is really under the government of an insolent soldiery.--We expected to be immediately dismissed, after a night's lodging here, but the bassa detains us till he receives orders from Adrianople, which may, possibly be a month a-coming.",0,NEGATIVE,0.99856067
23,"In the mean time, we are lodged in one of the best houses, belonging to a very considerable man amongst them, and have a whole chamber of janizaries to guard us.",1,POSITIVE,0.99648744
23,"My only diversion is the conversation of our host, Achmet Beg, a title something like that of count in Germany.",0,NEGATIVE,0.99623746
23,"His father was a great bassa, and he has been educated in the most polite eastern learning, being perfectly skilled in the Arabic and Persian languages, and an extraordinary scribe, which they call _effendi_.",1,POSITIVE,0.99827915
23,"This accomplishment makes way to the greatest preferments; but he has had the good sense to prefer an easy, quiet, secure life, to all the dangerous honours of the Porte.",1,POSITIVE,0.99441797
23,"He sups with us every night, and drinks wine very freely.",1,POSITIVE,0.9988169
23,You cannot imagine how much he is delighted with the liberty of conversing with me.,1,POSITIVE,0.99851125
23,"He has explained to me many pieces of Arabian poetry, which, I observe, are in numbers not unlike ours, generally of an alternate verse, and of a very musical sound.",1,POSITIVE,0.9984827
23,Their expressions of love are very passionate and lively.,1,POSITIVE,0.99884015
23,"I am so much pleased with them, I really believe I should learn to read Arabic, if I was to stay here a few months.",1,POSITIVE,0.9985278
23,"He has a very good library of their books of all kinds; and, as he tells me, spends the greatest part of his life there.",1,POSITIVE,0.9985386
23,"I pass for a great scholar with him, by relating to him some of the Persian tales, which I find are genuine.",1,POSITIVE,0.9945654
23,At first he believed I understood Persian.,0,NEGATIVE,0.9930679
23,"I have frequent disputes with him concerning the difference of our customs, particularly the confinement of women.",0,NEGATIVE,0.9985414
23,"He assures me, there is nothing at all in it; only, says he, we have the advantage, that when our wives cheat us, nobody knows it.",0,NEGATIVE,0.98107487
23,"He has wit, and is more polite than many Christian men of quality.",1,POSITIVE,0.9987636
23,"I am very much entertained with him.--He has had the curiosity to make one of our servants set him an alphabet of our letters, and can already write a good Roman hand.",1,POSITIVE,0.9986913
23,"But these amusements do not hinder my wishing heartily to be out of this place; though the weather is colder than I believe it ever was, any where, but in Greenland.--We have a very large stove constantly kept hot, and yet the windows of the room are frozen on the inside.--God knows when I may have an opportunity of sending this letter: but I have written it, for the discharge of my own conscience and you cannot now reproach me, that one of yours makes ten of mine.",1,POSITIVE,0.9976137
23,Adieu.,0,NEGATIVE,0.9912935
24,"I HAVE now, madam, finished a journey that has not been undertaken by any Christian since the time of the Greek emperors: and I shall not regret all the fatigues I have suffered in it, if it gives me an opportunity of amusing your R. H. by an account of places utterly unknown amongst us; the emperor's ambassadors, and those few English that have come hither, always going on the Danube to Nicopolis.",1,POSITIVE,0.9959497
24,"But the river was now frozen, and Mr W---- was so zealous for the service of his Majesty, that he would not defer his journey to wait for the conveniency of that passage.",1,POSITIVE,0.99089235
24,"We crossed the deserts of Servia (sic), almost quite over-grown with wood, through a country naturally fertile.",1,POSITIVE,0.9983376
24,"The inhabitants are industrious; but the oppression of the peasants is so great, they are forced to abandon their houses, and neglect their tillage, all they have being a prey to the janizaries, whenever they please to seize upon it.",0,NEGATIVE,0.9894482
24,"We had a guard of five hundred of them, and I was almost in tears every day, to see their insolencies (sic) in the poor villages through which we passed.--After seven days travelling through thick woods, we came to Nissa, once the capital of Servia, situated in a fine plain on the river Nissava, in a very good air, and so fruitful a soil, that the great plenty is hardly credible.",1,POSITIVE,0.9959836
24,"I was certainly assured, that the quantity of wine last vintage was so prodigious, that they were forced to dig holes in the earth to put it in, not having vessels enough in the town to hold it.",1,POSITIVE,0.9848682
24,The happiness of this plenty is scarce perceived by the oppressed people.,1,POSITIVE,0.9950111
24,I saw here a new occasion for my compassion.,1,POSITIVE,0.9984578
24,"The wretches that had provided twenty waggons for our baggage from Belgrade hither for a certain hire, being all sent back without payment, some of their horses lamed (sic), and others killed, without any satisfaction made for them.",0,NEGATIVE,0.99935716
24,"The poor fellows came round the house weeping and tearing their hair and beards in a most pitiful manner, without getting any thing but drubs from the insolent soldiers.",0,NEGATIVE,0.9992622
24,I cannot express to your R. H. how much I was moved at this scene.,1,POSITIVE,0.99874014
24,"I would have paid them the money out of my own pocket, with all my heart; but it Would only have been giving so much to the aga, who would have taken it from them without any remorse.",0,NEGATIVE,0.99596936
24,"After four days journey from this place over the mountains, we came to Sophia, situated in a large beautiful plain on the river Isca, and surrounded with distant mountains.",1,POSITIVE,0.9986604
24,'Tis hardly possible to see a more agreeable landscape.,1,POSITIVE,0.9984829
24,"The city itself is very large, and extremely populous.",1,POSITIVE,0.9981052
24,"Here are hot baths, very famous for their medicinal virtues.--Four days journey from hence we arrived at Philippopolis, after having passed the ridges between the mountains of Haemus and Rhodope, which are always covered with snow.",1,POSITIVE,0.9977892
24,"This town is situated on a rising ground near the river Hebrus, and is almost wholly inhabited by Greeks; here are still some ancient Christian churches.",1,POSITIVE,0.9970388
24,"They have a bishop; and several Of the richest Greeks live here; but they are forced to conceal their wealth with great care, the appearance of poverty [which includes part of its inconveniencies (sic)] being all their security against feeling it in earnest.",1,POSITIVE,0.9572731
24,"The country from hence to Adrianople, is the finest in the world.",1,POSITIVE,0.99850607
24,Vines grow wild on all the hills; and the perpetual spring they enjoy makes every thing gay and flourishing.,1,POSITIVE,0.9988038
24,"But this climate, happy as it seems, can never be preferred to England, with all its frosts and snows, while we are blessed with an easy government, under a king, who makes his own happiness consist in the liberty of his people, and chuses rather to be looked upon as their father than their master.--This theme would carry me very far, and I am sensible, I have already tired out your R. H.'s patience.",0,NEGATIVE,0.7015142
24,"But my letter is in your hands, and you may make it as short as you please, by throwing it into the fire, when weary of reading it.",0,NEGATIVE,0.9982509
24,"I am, madam, With the greatest respect, &c.",1,POSITIVE,0.9969616
25,"I AM now got into a new world, where every thing I see appears to me a change of scene; and I write to your ladyship with some content of mind, hoping, at least, that you will find the charms of novelty in my letters, and no longer reproach me, that I tell you nothing extraordinary.",1,POSITIVE,0.992976
25,"I won't trouble you with a relation of our tedious journey; but must not omit what I saw remarkable at Sophia, one of the most beautiful towns in the Turkish empire, and famous for its hot baths, that are resorted to both for diversion and health.",1,POSITIVE,0.9983913
25,"I stopped here one day, on purpose to see them; and, designing to go _incognito_, I hired a Turkish coach.",1,POSITIVE,0.99848217
25,"These voitures are not at all like ours, but much more convenient for the country, the heat being so great, that glasses would be very troublesome.",1,POSITIVE,0.99866736
25,"They are made a good deal in the manner of the Dutch stage-coaches, having wooden lattices painted and gilded; the inside being also painted with baskets and nosegays of flowers, intermixed commonly with little poetical mottos.",1,POSITIVE,0.99380755
25,"They are covered all over with scarlet cloth, lined with silk, and very often richly embroidered and fringed.",1,POSITIVE,0.99693996
25,"This covering entirely hides the persons in them, but may be thrown back at pleasure, and thus permits the ladies to peep through the lattices.",1,POSITIVE,0.9897647
25,"They hold four people very conveniently, seated on cushions, but not raised.",1,POSITIVE,0.9987705
25,"IN one of these covered waggons (sic), I went to the bagnio about ten o'clock.",1,POSITIVE,0.994408
25,It was already full of women.,1,POSITIVE,0.9959681
25,"It is built of stone, in the shape of a dome,  with no windows but in the roof, which gives light enough.",1,POSITIVE,0.9925893
25,"There were five of these domes joined together, the outmost being less than the rest, and serving only as a hall, where the portress stood at the door.",0,NEGATIVE,0.9925374
25,Ladies of quality generally give this woman a crown or ten shillings; and I did not forget that ceremony.,1,POSITIVE,0.9971883
25,"The next room is a very large one paved with marble, and all round it are two raised sofas of marble, one above another.",1,POSITIVE,0.99385744
25,"There were four fountains of cold water in this room, falling first into marble basons (sic), and then running on the floor in little channels made for that purpose, which carried the streams into the next room, something less than this, with the same sort of marble sofas, but so hot with steams of sulphur proceeding from the baths joining to it, 'twas impossible to stay there with one's cloaths (sic) on.",0,NEGATIVE,0.9937399
25,"The two other domes were the hot baths, one of which had cocks of cold water turning into it, to temper it to what degree of warmth the bathers pleased to have.",1,POSITIVE,0.99189484
25,"I WAS in my travelling habit, which is a riding dress, and certainly appeared very extraordinary to them.",1,POSITIVE,0.9965396
25,"Yet there was not one of them that shewed the least surprise or impertinent curiosity, but received me with all the obliging civility possible.",1,POSITIVE,0.99855375
25,"I know no European court, where the ladies would have behaved themselves in so polite a manner to such a stranger.",1,POSITIVE,0.99721444
25,"I believe, upon the whole, there were two hundred women, and yet none of those disdainful smiles, and satirical whispers, that never fail in our assemblies, when any body appears that is not dressed exactly in the fashion.",0,NEGATIVE,0.98545456
25,"They repeated over and over to me; ""UZELLE, PEK UZELLE,"" which is nothing but, _Charming, very Charming_.--The first sofas were covered with cushions and rich carpets, on which sat the ladies; and on the second, their slaves behind them, but without any distinction of rank by their dress, all being in the state of nature, that is, in plain English, stark naked, without any beauty or defect concealed.",1,POSITIVE,0.9978184
25,Yet there was not the least wanton smile or immodest gesture amongst them.,1,POSITIVE,0.9971113
25,"They walked and moved with the same majestic grace, which Milton describes our general mother with.",1,POSITIVE,0.9987151
25,"There were many amongst them, as exactly proportioned as ever any goddess was drawn by the pencil of a Guido or Titian,--and most of their skins shiningly white, only adorned by their beautiful hair divided into many tresses, hanging on their shoulders, braided either with pearl or ribbon, perfectly representing the figures of the Graces.",1,POSITIVE,0.99778074
25,"I WAS here convinced of the truth of a reflection I have often made, _That if it were the fashion to go naked, the face would be hardly observed_.",1,POSITIVE,0.9885087
25,"I perceived, that the ladies of the most delicate skins and finest shapes had the greatest share of my admiration, though their faces were sometimes less beautiful than those of their companions.",1,POSITIVE,0.9980259
25,"To tell you the truth, I had wickedness enough, to wish secretly, that Mr Gervais could have been there invisible.",0,NEGATIVE,0.9714312
25,"I fancy it would have very much improved his art, to see so many fine women naked, in different postures, some in conversation, some working, others drinking coffee or sherbet, and many negligently lying on their cushions, while their slaves (generally pretty girls of seventeen or eighteen) were employed in braiding their hair in several pretty fancies.",1,POSITIVE,0.9896489
25,"In short, 'tis the women's coffee-house, where all the news of the town is told, scandal invented, &c.--They generally take this diversion once a-week (sic), and stay there at least four or five hours, without getting cold by immediate coming out of the hot bath into the cold room, which was very surprising to me.",1,POSITIVE,0.9977295
25,"The lady, that seemed the most considerable among them, entreated me to sit by her, and would fain have undressed me for the bath.",1,POSITIVE,0.9963795
25,I excused myself with some difficulty.,0,NEGATIVE,0.983435
25,"They being however all so earnest in persuading me, I was at last forced to open my shirt, and shew them my stays; which satisfied them very well; for, I saw, they believed I was locked up in that machine, and that it was not in my own power to open it, which contrivance they attributed to my husband,--I was charmed with their civility and beauty, and should have been very glad to pass more time with them; but Mr W---- resolving to pursue his journey next morning early,  I was in haste to see the ruins of Justinian's church, which did not afford me so agreeable a prospect as I had left, being little more than a heap Of stones.",1,POSITIVE,0.99544454
25,"ADIEU, madam, I am sure I have now entertained you with an account of such a sight as you never saw in your life, and what no book of travels could inform you of, as 'tis no less than death for a man to be found in one of these places.",1,POSITIVE,0.9915458
26,You see I am very exact in keeping the promise you engaged me to make.,1,POSITIVE,0.9984544
26,"I know not, however, whether your curiosity will be satisfied with the accounts I shall give you, though I can assure you, the desire I have to oblige you to the utmost of my power, has made me very diligent in my enquiries and observations.",1,POSITIVE,0.9971003
26,"'Tis certain we have but very imperfect accounts of the manners and religion of these people; this part of the world being seldom visited, but by merchants, who mind little but their own affairs; or travellers, who make too short a stay, to be able to report any thing exactly of their own knowledge.",0,NEGATIVE,0.99661803
26,"The Turks are too proud to converse familiarly with merchants, who can only pick up some confused informations, which are generally false; and can give no better account of the ways here, than a French refugee, lodging in a garret in Greek-street, could write of the court of England.",0,NEGATIVE,0.99942106
26,"The journey we have made from Belgrade hither, cannot possibly be passed by any out of a public character.",1,POSITIVE,0.99808705
26,"The desert woods of Servia, are the common refuge of thieves, who rob fifty in a company, so that we had need of all our guards to secure us; and the villages are so poor, that only force could extort from them necessary provisions.",0,NEGATIVE,0.9841831
26,"Indeed the janizaries had no mercy on their poverty, killing all the poultry and sheep they could find, without asking to whom they belonged; while the wretched owners durst not put in their claim, for fear of being beaten.",0,NEGATIVE,0.99861914
26,"Lambs just fallen, geese and turkies (sic) big with egg, all massacred without distinction!",0,NEGATIVE,0.99892986
26,I fancied I heard the complaints of Melibeus for the hope of his flock.,0,NEGATIVE,0.9881801
26,"When the bassas travel, 'tis yet worse.",0,NEGATIVE,0.99945265
26,"These oppressors are not content with eating all that is to be eaten belonging to the peasants; after they have crammed themselves and their numerous retinue, they have the impudence to exact what they call _teeth-money_, a contribution for the use of their teeth, worn with doing them the honour of devouring their meat.",0,NEGATIVE,0.99716705
26,"This is literally and exactly true, however extravagant it may seem; and such is the natural corruption of a military government, their religion not allowing of this barbarity, any more than ours does.",1,POSITIVE,0.9824385
26,"I HAD the advantage of lodging three weeks at Belgrade, with a principal effendi, that is to say a scholar.",1,POSITIVE,0.995888
26,"This set of men are equally capable of preferments in the law or the church, these two sciences being cast into one, and a lawyer and a priest being the same word in the Turkish language.",1,POSITIVE,0.9964854
26,They are the only men really considerable in the empire; all the profitable employments and church revenues are in their hands.,1,POSITIVE,0.99568504
26,"The grand signior, though general heir to his people, never presumes to touch their lands or money, which go, in an uninterrupted succession, to their children.",1,POSITIVE,0.99496496
26,"'Tis true, they lose this privilege, by accepting a place at court, or the title of Bassa; but there are few examples of such fools among them.",0,NEGATIVE,0.9983658
26,"You may easily judge of the power of these men, who have engrossed all the learning, and almost all the wealth of the empire.",1,POSITIVE,0.9943785
26,"'Tis they that are the real authors, though the soldiers are the actors of revolutions.",0,NEGATIVE,0.95452166
26,"They deposed the late sultan Mustapha; and their power is so well known, that 'tis the emperor's interest to flatter them.",0,NEGATIVE,0.98665
26,THIS is a long digression.,0,NEGATIVE,0.9994963
26,"I was going to tell you, that an intimate daily conversation with the effendi Achmet-beg, gave me an opportunity of knowing their religion and morals in a more particular manner than perhaps any Christian ever did.",1,POSITIVE,0.9984129
26,"I explained to him the difference between the religion of England and Rome; and he Was pleased to hear there were Christians that did not worship images, or adore the Virgin Mary.",1,POSITIVE,0.9970737
26,"The ridicule of transubstantiation appeared very strong to him.--Upon comparing our creeds together, I am convinced that if our friend Dr ---- had free liberty of preaching here, it would be very easy to persuade the generality to Christianity, whose notions are very little different from his.",0,NEGATIVE,0.982294
26,Mr Whiston would make a very good apostle here.,1,POSITIVE,0.99782234
26,"I don't doubt but his zeal will be much fired, if you communicate this account to him; but tell him, he must first have the gift of tongues, before he can possibly be of any use.--Mahometism (sic) is divided into as many sects as Christianity; and the first institution as much neglected and obscured by interpretations.",0,NEGATIVE,0.9961209
26,"I cannot here forbear reflecting on the natural inclination of mankind, to make mysteries and novelties.--The Zeidi, Kudi, Jabari, &c. put me in mind of the Catholics, Lutherans, and Calvinists, and are equally zealous against one another.",1,POSITIVE,0.9883054
26,"But the most prevailing opinion, if you search into the secret of the effendis, is, plain deism.",0,NEGATIVE,0.9969586
26,"This is indeed kept from the people, who are amused with a thousand different notions, according to the different interest of their preachers.--There are very few amongst them (Achmet-beg denied there were any) so absurd, as to set up for wit, by declaring they believe no God at all.",0,NEGATIVE,0.9932078
26,"And Sir Paul Rycaut is mistaken (as he commonly is) in calling the sect _muterin_, (i. e. _the secret with us_) atheists, they being deists, whose impiety consists in making a jest of their prophet.",0,NEGATIVE,0.9975687
26,"Achmet-beg did not own to me that he was of this opinion; but made no scruple of deviating from some part of Mahomet's law, by drinking wine with the same freedom we did.",1,POSITIVE,0.98308897
26,When I asked him how he came to allow himself that liberty?,0,NEGATIVE,0.9985541
26,"He made answer, that all the creatures of God are good, and designed for the use of man; however, that the prohibition of wine was a very wise maxim, and meant for the common people, being the source of all disorders amongst them; but, that the prophet never designed to confine those that knew how to use it with moderation; nevertheless, he said, that scandal ought to be avoided, and that he never drank it in public.",0,NEGATIVE,0.9482566
26,"This is the general way of thinking amongst them, and very few forbear drinking wine that are able to afford it.",0,NEGATIVE,0.6871262
26,"He assured me, that if I understood Arabic, I should be very well pleased with reading the alcoran, which is so far from the nonsense we charge it with, that it is the purest morality, delivered in the very best language.",1,POSITIVE,0.99867076
26,"I have since heard impartial Christians speak of it in the same manner; and I don't doubt but that all our translations are from copies got from the Greek priests, who would not fail to falsify it with the extremity of malice.",0,NEGATIVE,0.99064547
26,"No body of men ever were more ignorant, or more corrupt; yet they differ so little from the Romish church, that, I confess, nothing gives me a greater abhorrence of the cruelty of your clergy, than the barbarous persecution of them, whenever they have been their masters, for no other reason than their not acknowledging the pope.",0,NEGATIVE,0.8826356
26,"The dissenting in that one article, has got them the titles of heretics and schismatics; and, what is worse, the same treatment.",0,NEGATIVE,0.9994803
26,"I found at Philippopolis, a sect of Christians that call themselves Paulines.",1,POSITIVE,0.994734
26,"They shew an old church, where, they say, St Paul preached; and he is their favourite saint, after the same manner that St Peter is at Rome; neither do they forget to give him the same preference over the rest of the apostles.",1,POSITIVE,0.9978489
26,"BUT of all the religions I have seen, that of the Arnounts seems to me the most particular; they are natives of Arnountlich, the ancient Macedonia, and still retain the courage and hardiness, though they have lost the name of Macedonians, being the best militia in the Turkish empire, and the only check upon the janizaries.",1,POSITIVE,0.9976535
26,"They are foot soldiers; we had a guard of them, relieved in every considerable town we passed; they are all cloathed and armed at their own expence, dressed in clean white coarse cloth, carrying guns of a prodigious length, which they run with upon their shoulders, as if they did not feel the weight of them, the leader singing a sort of rude tune, not unpleasant, and the rest making up the chorus.",1,POSITIVE,0.9852355
26,"These people living between Christians and Mahometans, and not being skilled in controversy, declare, that they are utterly unable to judge which religion is best; but, to be certain of not entirely rejecting the truth, they very prudently follow both.",0,NEGATIVE,0.9935516
26,"They go to the mosques on Fridays, and to the church on Sunday, saying, for their excuse, that at the day of judgment they are sure of protection from the true prophet; but which that is, they are not able to determine in this world.",0,NEGATIVE,0.99106187
26,"I believe there is no other race of mankind, who have so modest an opinion of their own capacity.",1,POSITIVE,0.9872387
26,"THESE are the remarks I have made, on the diversity of religions I have seen.",1,POSITIVE,0.9950444
26,I don't ask your pardon for the liberty I have taken in speaking of the Roman.,1,POSITIVE,0.9916857
26,"I know you equally condemn the quakery (sic) of all churches, as much as you revere the sacred truths, in which we both agree.",1,POSITIVE,0.99643016
26,YOU will expect I should say something to you of the antiquities of this country; but there are few remains of ancient Greece.,0,NEGATIVE,0.998793
26,"We passed near the piece of an arch, which is commonly called Trajan's Gate, from a supposition, that he made it to shut up the passage over the mountains, between Sophia and Philippopolis.",1,POSITIVE,0.9895836
26,"But I rather believe it the remains of some triumphal arch, (tho' I could not see any inscription;) for if that passage had been shut up, there are many others that would serve for the march of an army; and, notwithstanding the story of Baldwin earl of Flanders being overthrown in these straits, after he won Constantinople, I don't fancy the Germans would find themselves stopped by them at this day.",0,NEGATIVE,0.99837327
26,"'Tis true, the road is now made (with great industry) as commodious as possible, for the march of the Turkish army; there is not one ditch or puddle between this place and Belgrade, that has not a large strong bridge of planks built over it; but the precipices are not so terrible as I had heard them represented.",1,POSITIVE,0.99263763
26,"At these mountains we lay at the little village Kiskoi, wholly inhabited by Christians, as all the peasants of Bulgaria are.",1,POSITIVE,0.9966368
26,"Their houses are nothing but little huts, raised of dirt baked in the sun; and they leave them and fly into the mountains, some months before the march of the Turkish army, who would else entirely ruin them, by driving away their whole flocks.",0,NEGATIVE,0.9934438
26,"This precaution Secures them in a sort of plenty; for such vast tracts of land lying in common, they have the liberty of sowing what they please, and are generally very industrious husbandmen.",1,POSITIVE,0.9982241
26,I drank here several sorts of delicious wine.,1,POSITIVE,0.9988003
26,"The women dress themselves in a great variety of coloured glass beads, and are not ugly, but of a tawny complexion.",1,POSITIVE,0.9981151
26,"I have now told you all that is worth telling you, and perhaps more, relating to my journey.",1,POSITIVE,0.9972585
26,"When I am at Constantinople, I'll try to pick up some curiosities, and then you shall hear again from                                 Your's, &c.",1,POSITIVE,0.9779318
27,"AS I never can forget the smallest of your ladyship's commands, my first business here has been to enquire after the stuffs you ordered me to look for, without being able to find what you would like.",0,NEGATIVE,0.99901646
27,"The difference of the dress here and at London is so great, the same sort of things are not proper for _caftans_ and _manteaus_.",0,NEGATIVE,0.9975675
27,"However, I will not give over my search, but renew it again at Constantinople, though I have reason to believe there is nothing finer than what is to be found here, as this place is at present the residence of the court.",1,POSITIVE,0.997425
27,"The grand signior's eldest daughter was married some few days before I came hither; and, upon that occasion, the Turkish ladies display all their magnificence.",1,POSITIVE,0.99839044
27,The bride was conducted to her husband's house in very great splendor (sic).,1,POSITIVE,0.998238
27,"She is widow of the late vizier, who was killed at Peterwaradin, though that ought rather to be called a contract than a marriage, since she never has lived with him; however, the greatest part of his wealth is hers.",1,POSITIVE,0.9846398
27,"He had the permission of visiting her in the seraglio; and, being one of the handsomest men in the empire, had very much engaged her affections.--When she saw this second husband, who is at least fifty, she could not forbear bursting into tears.",0,NEGATIVE,0.99232733
27,"He is indeed a man of merit, and the declared favourite of the sultan, (which they call _ mosayp_) but that is not enough to make him pleasing in the eyes of a girl of thirteen.",0,NEGATIVE,0.9981935
27,"THE government here is entirely in the hands of the army, the grand signior, with all his absolute power, is as much a slave as any of his subjects, and trembles at a janizary's frown.",0,NEGATIVE,0.9918612
27,"Here is, indeed, a much greater appearance of subjection than amongst us; a minister of state is not spoke to, but upon the knee: should a reflection on his conduct be dropt (sic) in a coffee-house (for they have spies every where) the house would be raz'd (sic) to the ground, and perhaps the whole company put to the torture.",0,NEGATIVE,0.9973201
27,"No _huzzaing mobs, senseless pamphlets, and tavern disputes about politics_; A consequential ill that freedom draws; A bad effect,--but from a noble cause.",1,POSITIVE,0.9946658
27,None of our harmless calling names!,0,NEGATIVE,0.99937284
27,"but when a minister here displeases the people, in three hours time he is dragged even from his master's arms.",0,NEGATIVE,0.9991026
27,"They cut off hands, head, and feet, and throw them before the palace gate, with all the respect in the world; while the sultan (to whom they all profess an unlimited adoration) sits trembling in his apartment, and dare neither defend nor revenge his favourite.",0,NEGATIVE,0.9910115
27,"This is the blessed condition of the most absolute monarch upon earth, who o---- no l---- but his _will_.",1,POSITIVE,0.9955204
27,[Editor's note: Two words are unreadable due to damage to the book which may have occurred at the time of printing.,0,NEGATIVE,0.99942076
27,"It seems probable that the sentence should end "".. who owns no limit but his _will_."".]",0,NEGATIVE,0.9979366
27,"I CANNOT help wishing, in the loyality (sic) of my heart, that the parliament would send hither a ship-load of young passive obedient men, that they might see arbitrary government in its clearest, and strongest light, where 'tis hard to judge, whether the prince, people, or ministers, are most miserable.",1,POSITIVE,0.9891246
27,"I could make many reflections on this subject; but I know, madam, your own good sense has already furnished you with better than I am capable of.",0,NEGATIVE,0.9871348
27,I WENT yesterday along with the French ambassadress to see the grand signior in his passage to the mosque.,1,POSITIVE,0.9982479
27,"He was preceded by a numerous guard of janizaries, with vast white feathers on their heads, as also by the _spahis_ and _bostangees_, (these are foot and horse guards) and the royal gardeners, which are a very considerable body of men, dressed in different habits of fine lively colours, so that at a distance, they appeared like a parterre of tulips.",1,POSITIVE,0.9960643
27,"After them the aga of the janizaries, in a robe of purple velvet, lined with silver tissue, his horse led by two slaves richly dressed.",1,POSITIVE,0.9942706
27,"Next him the _kyzlier-aga_ (your ladyship knows, this is the chief guardian of the seraglio ladies) in a deep yellow cloth (which suited very well to his black face) lined with sables.",1,POSITIVE,0.99554807
27,"Last came his sublimity himself, arrayed in green, lined with the fur of a black Moscovite fox, which is supposed worth a thousand pounds sterling, and mounted on a fine horse, with furniture embroidered with jewels.",1,POSITIVE,0.99613345
27,"Six more horses richly caparisoned were led after him; and two of his principal courtiers bore, one his gold, and the other his silver coffee-pot, on a staff; another carried a silver stool on his head for him to sit on.---It would be too tedious to tell your ladyship the various dresses and turbants (sic) by which their rank is distinguished; but they were all extremely rich and gay, to the number of some thousands; so that perhaps there cannot be seen a more beautiful procession.",1,POSITIVE,0.99817693
27,"The sultan appeared to us a handsome man of about forty, with something, however, severe in his countenance, and his eyes very ---- ---- ---- [Editor's note: as above a few words are illegible but seem to be 'sultry and black'.]",0,NEGATIVE,0.9829698
27,"He happened to stop under the window where he stood, and (I suppose being told who we were) looked upon us very attentively, so that we had full leisure to consider him.",1,POSITIVE,0.9982167
27,"The French ambassadress agreed with me as to his good mien; I see that lady very often; she is young, and her conversation would be a great relief to me, if I could persuade her to live without those forms and ceremonies that make life so formal and tiresome.",1,POSITIVE,0.99789315
27,"But she is so delighted with her guards, her four and twenty footmen, gentlemen, ushers, &c. that she would rather die than make me a visit without them; not to reckon a coachful of attending damsels ycleap'd (sic) maids of honour.",1,POSITIVE,0.99676615
27,"What vexes me is, that as long as she will visit me with a troublesome equipage, I am obliged to do the same: however, our mutual interest makes us much together.",1,POSITIVE,0.9968141
27,"I went with her the other day all round the town, in an open gilt chariot, with our joint train of attendants, preceded by our guards, who might have summoned the people to see what they had never seen, nor ever perhaps would see again, two young Christian ambassadresses at the same time.",1,POSITIVE,0.997985
27,"Your ladyship may easily imagine, we drew a vast crowd of spectators, but all silent as death.",0,NEGATIVE,0.9964022
27,"If any of them had taken the liberties of our mobs upon any strange sight, our janizaries had made no scruple of falling on them with their scimitars, without danger for so doing, being above law.",0,NEGATIVE,0.99141425
27,"These people however (I mean the janizaries) have some good qualities; they are very zealous and faithful where they serve, and look upon it as their business to fight for you on all occasions.",1,POSITIVE,0.9889433
27,"Of this I had a very pleasant instance in a village on this side Philippopolis, where we were met by our domestic guards.",1,POSITIVE,0.9983507
27,"I happened to bespeak pigeons for supper, upon which one of my janizaries went immediately to the cadi (the chief civil officer of the town) and ordered him to send in some dozens.",0,NEGATIVE,0.9908725
27,"The poor man answered, that he had already sent about, but could get none.",0,NEGATIVE,0.9994622
27,"My janizary, in the height of his zeal for my service, immediately locked him up prisoner in his room, telling him he deserved death for his impudence, in offering to excuse his not obeying my command; but, out of respect to me, he would not punish him but by my order.",0,NEGATIVE,0.99406636
27,"Accordingly he came very gravely to me, to ask what should be done to him; adding, by way of compliment, that if I pleased he would bring me his head.--This may give you some idea of the unlimited power of these fellows, who are all sworn brothers, and bound to revenge the injuries done to one another, whether at Cairo, Aleppo, or any part of the world.",1,POSITIVE,0.9850583
27,"This inviolable league makes them so powerful, that the greatest man at court never speaks to them but in a flattering tone; and in Asia, any man that is rich is forced to enrol himself a janizary, to secure his estate.--But I have already said enough; and I dare swear, dear madam, that, by this time, 'tis a very comfortable reflection to you, that there is no possibility of your receiving such a tedious letter but once in six months; 'tis that consideration has given me the assurance of entertaining you so long, and will, I hope, plead the excuse of, dear madam,  Your's, &c.",0,NEGATIVE,0.9977568
28,"I WISH to God, dear sister, that you were as regular in letting me know what passes on your side of the globe, as I am careful in endeavouring to amuse you by the account of all I see here, that I think worth your notice.",1,POSITIVE,0.99755454
28,"You content yourself with telling me over and over, that the town is very dull: it may, possibly, be dull to you, when every day does not present you with something new; but for me that am in arrears, at least two months news, all that seems very stale with you, would be very fresh and sweet here.",0,NEGATIVE,0.99945384
28,"Pray let me into more particulars, and I will try to awaken your gratitude, by giving you a full and true relation of the novelties of this place, none of which would surprise you more than a sight of my person, as I am now in my Turkish habit, though I believe you would be of my opinion, that 'tis admirably becoming.--I intend to send you my picture; in the mean time accept of it here.",1,POSITIVE,0.9979712
28,"THE first part of my dress is a pair of drawers, very full that reach to my shoes, and conceal the legs more modestly than your petticoats.",0,NEGATIVE,0.9682785
28,"They are of a thin rose-coloured damask, brocaded with silver flowers.",1,POSITIVE,0.99385494
28,"My shoes are of white kid leather, embroidered with gold.",1,POSITIVE,0.99217415
28,"Over this hangs my smock, of a fine white silk gauze, edged with embroidery.",1,POSITIVE,0.99788517
28,"This smock has wide sleeves hanging half way down the arm, and is closed at the neck with a diamond button; but the shape and colour of the bosom is very well to be distinguished through it.--The _antery_ is a waistcoat, made close to the shape, of white and gold damask, with very long sleeves falling back, and fringed with deep gold fringe, and should have diamond or pearl buttons.",1,POSITIVE,0.99587363
28,"My _caftan_, of the same stuff with my drawers, is a robe exactly fitted to my shape, and reaching to my feet, with very long strait falling sleeves.",1,POSITIVE,0.9969951
28,"Over this is my girdle, of about four fingers broad, which, all that can afford it, have entirely of diamonds or other precious stones; those who will not be at that expence, have it of exquisite embroidery on sattin (sic); but it must be fastened before with a clasp of diamonds.--The _curdee_ is a loose robe they throw off, or put on, according to the weather, being of a rich brocade (mine is green and gold) either lined with ermine or sables; the sleeves reach very little below the shoulders.",1,POSITIVE,0.99105835
28,"The head dress is composed of a cap, called _talpock_, which is, in winter, of fine velvet embroidered with pearls or diamonds, and in summer, of a light shining silver stuff.",1,POSITIVE,0.9964015
28,"This is fixed on one side of the head, hanging a little way down with a gold tassel, and bound on, either with a circle of diamonds (as I have seen several) or a rich embroidered handkerchief.",1,POSITIVE,0.99699515
28,"On the other side of the head, the hair is laid flat; and here the ladies are at liberty to shew their fancies; some putting flowers, others a plume of heron's feathers, and, in short, what they please; but the most general fashion is a large _bouquet_ of jewels, made like natural flowers; that is, the buds, of pearl; the roses, of different coloured rubies: the jessamines, of diamonds; the jonquils, of topazes, &c. so well set and enamelled, 'tis hard to imagine any thing of that kind so beautiful.",1,POSITIVE,0.99843925
28,"The hair hangs at its full length behind, divided into tresses braided with pearl or ribbon, which is always in great quantity.",1,POSITIVE,0.99812293
28,I never saw in my life so many fine heads of hair.,1,POSITIVE,0.9976256
28,"In one lady's, I have counted a hundred and ten of the tresses, all natural; but it must be owned, that every kind of beauty is more common here than with us.",0,NEGATIVE,0.99373585
28,'Tis surprising to see a young woman that is not very handsome.,0,NEGATIVE,0.99590707
28,"They have naturally the most beautiful complexion in the world, and generally large black eyes.",1,POSITIVE,0.99858826
28,"I can assure you with great truth, that the court of England (though I believe it the fairest in Christendom) does not contain so many beauties as are under our protection here.",1,POSITIVE,0.9974081
28,"They generally shape their eye-brows, and both Greeks and Turks have the custom of putting round their eyes a black tincture, that, at a distance, or by candle-light, adds very much to the blackness of them.",1,POSITIVE,0.9765871
28,"I fancy many of our ladies would be overjoyed to know this secret, but 'tis too visible by day.",0,NEGATIVE,0.9909468
28,"They dye their nails a rose colour; but, I own, I cannot enough accustom myself to this fashion, to find any beauty in it.",0,NEGATIVE,0.99949753
28,"AS to their morality or good conduct, I can say, like Harlequin, that 'tis just as 'tis with you; and the Turkish ladies don't commit one sin the less for not being Christians.",1,POSITIVE,0.99086046
28,"Now, that I am a little acquainted with their ways, I cannot forbear admiring, either the exemplary discretion, or extreme stupidity of all the writers that have given accounts of them.",1,POSITIVE,0.9979677
28,"'Tis very easy to see, they have in reality more liberty than we have.",1,POSITIVE,0.99761033
28,"No woman, of what rank soever, is permitted to go into the streets without two _murlins_, one that covers her face all but her eyes, and another, that hides the whole dress of her head, and hangs half way down her back.",0,NEGATIVE,0.99451697
28,"Their shapes are also wholely (sic) concealed, by a thing they call a _serigee_, which no woman of any sort appears without; this has strait sleeves, that reach to their fingers-ends, and it laps all round them, not unlike a riding-hood.",0,NEGATIVE,0.99696654
28,"In winter, 'tis of cloth; and in summer, of plain stuff or silk.",0,NEGATIVE,0.99091697
28,"You may guess then, how effectually this disguises them, so that there is no distinguishing the great lady from her slave.",1,POSITIVE,0.9891668
28,"'Tis impossible for the most jealous husband to know his wife, when he meets her; and no man dare touch or follow a woman in the street.",0,NEGATIVE,0.97523654
28,"THIS perpetual masquerade gives them entire liberty of following their inclinations, without danger of discovery.",1,POSITIVE,0.98518944
28,"The most usual method of intrigue, is, to send an appointment to the lover to meet the lady at a Jew's shop, which are as notoriously convenient as our Indian-houses; and yet, even those who don't make use of them, do not scruple to go to buy pennyworths, and tumble over rich goods, which are chiefly to be found amongst that sort of people.",1,POSITIVE,0.99426854
28,"The great ladies seldom let their gallants know who they are; and 'tis so difficult to find it out, that they can very seldom guess at her name, whom they have corresponded with for above half a year together.",0,NEGATIVE,0.99662226
28,"You may easily imagine the number of faithful wives very small in a country where they have nothing to fear from a lover's indiscretion, since we see so many have the courage to expose themselves to that in this world, and all the threatened punishment of the next, which is never preached to the Turkish damsels.",0,NEGATIVE,0.978865
28,"Neither have they much to apprehend from the resentment of their husbands; those ladies that are rich, having all their money in their own hands.",0,NEGATIVE,0.9993903
28,"Upon the whole, I look upon the Turkish women, as the only free people in the empire; the very divan pays respect to them; and the grand signior himself, when a bassa is executed, never violates the privileges of the _haram_, (or womens apartment) which remains unsearched and entire to the widow.",1,POSITIVE,0.997388
28,"They are queens of their slaves, whom the husband has no permission so much as to look upon, except it be an old woman or two that his lady chuses.",0,NEGATIVE,0.99493814
28,"'Tis true, their law permits them four wives; but there is no instance of a man of quality that makes use of this liberty, or of a woman of rank that would suffer it.",0,NEGATIVE,0.9981653
28,"When a husband happens to be inconstant, (as those things will happen) he keeps his mistress in a house apart, and visits her as privately as he can, just as it is with you.",1,POSITIVE,0.805134
28,"Amongst all the great men here, I only know the _testerdar_, (i.e.",0,NEGATIVE,0.99428284
28,"a treasurer) that keeps a number of she slaves, for his own use, (that is, on his own side of the house; for a slave once given to serve a lady, is entirely at her disposal) and he is spoke of as a libertine, or what we should call a rake, and his wife won't see him, though she continues to live in his house.",0,NEGATIVE,0.99740064
28,"Thus you see, dear sister, the manners of mankind do not differ so Widely, as our voyage-writers would make us believe.",1,POSITIVE,0.9867737
28,"Perhaps, it would be more entertaining to add a few surprising customs of my own invention; but nothing seems to me so agreeable as truth, and I believe nothing so acceptable to you.",0,NEGATIVE,0.99691874
28,"I conclude therefore with repeating the great truth of my being, Dear sister, &c.",1,POSITIVE,0.99677265
29,"I DARE say you expect, at least, something very new in this letter, after I have gone a journey, not undertaken by any Christian for some hundred years.",0,NEGATIVE,0.99605775
29,"The most remarkable accident that happened to me, was my being very near overturned into the Hebrus; and, if I had much regard for the glories that one's name enjoys after death, I should certainly be sorry for having missed the romantic conclusion of swimming down the same river in which the musical head of Orpheus repeated verses so many ages since: ""_Caput a cervice revulsum, ""Gurgite cum medio, portans Oeagrius Hebrus, ""Volveret, Eurydicen vox ipsa, et frigida lingua, ""Ah!",0,NEGATIVE,0.99491966
29,miseram Eurydicen!,0,NEGATIVE,0.99469066
29,"anima fugiente vocabat, ""Eurydicen toto referebant flumine ripae_"" Who knows but some of your bright wits might have found it a subject affording many poetical turns, and have told the world, in an heroic elegy, that, _As equal were our souls, so equal were our fates?_ I despair of ever hearing so many fine things said of me, as so extraordinary a death would have given occasion for.",0,NEGATIVE,0.99809927
29,"I AM at this present moment writing in a house situated on the banks of the Hebrus, which runs under my chamber window.",1,POSITIVE,0.9962944
29,"My garden is full of all cypress trees, upon the branches of which several couple of true turtles are saying soft things to one another from morning till night.",1,POSITIVE,0.9973303
29,"How naturally do _boughs_ and _vows_ come into my mind, at this minute?",1,POSITIVE,0.99183834
29,"and must not you confess, to my praise, that 'tis more than an ordinary discretion that can resist the wicked suggestions of poetry, in a place where truth, for once, furnishes all the ideas of pastoral.",1,POSITIVE,0.9981676
29,"The summer is already far advanced in this part of the world; and, for some miles round Adrianople, the whole ground is laid out in gardens, and the banks of the rivers are set with rows of fruit-trees, under which all the most considerable Turks divert themselves every evening, not with walking, that is not one of their pleasures; but a set party of them chuse out a green spot, where the shade is very thick, and, there they spread a carpet, on which they sit drinking their coffee, and are generally attended by some slave with a fine voice, or that plays on some instrument.",1,POSITIVE,0.9975129
29,"Every twenty paces you may see one of these little companies listening to the dashing of the river; and this taste is so universal, that the very gardeners are not without it.",1,POSITIVE,0.99478203
29,"I have often seen them and their children sitting on the banks of the river, and playing on a rural instrument, perfectly answering the description of the ancient _fistula_, being composed of unequal reeds, with a simple, but agreeable softness in the sound.",1,POSITIVE,0.99890375
29,"MR ADDISON might here make the experiment he speaks of in his travels; there not being one instrument Of music among the Greek or Roman statues, that is not to be found in the hands of the people of this country.",1,POSITIVE,0.94548506
29,"The young lads generally divert themselves with making garlands for their favourite lambs, which I have often seen painted and adorned with flowers, lying at their feet, while they sung or played.",1,POSITIVE,0.99805295
29,"It is not that they ever read romances, but these are the ancient amusements here, and as natural to them as cudgel-playing and foot-ball to our British swains; the softness and warmth of the climate forbidding all rough exercises, which were never so much as heard of amongst them, and naturally inspiring a laziness and aversion to labour, which the great plenty indulges.",1,POSITIVE,0.99809366
29,These gardeners are the only happy race of country people in Turkey.,1,POSITIVE,0.9983214
29,"They furnish all the city with fruits and herbs, and seem to live very easily.",1,POSITIVE,0.99876887
29,"They are most of them Greeks, and have little houses in the midst of their gardens, where their wives and daughters take a liberty, not permitted in the town, I mean, to go unveiled.",1,POSITIVE,0.9972762
29,"These wenches are very neat and handsome, and pass their time at their looms, under the shade of the trees.",1,POSITIVE,0.99879414
29,"I No longer look upon Theocritus as a romantic writer; he has only given a plain image of the way of life amongst the peasants of his country; who, before oppression had reduced them to want, were, I suppose, all employed as the better sort of them are now.",0,NEGATIVE,0.9897533
29,"I don't doubt, had he been born a Briton, but his _Idyliums_  had been filled with descriptions of threshing and churning, both which are unknown here, the corn being all trode (sic) out by oxen; and butter (I speak it with sorrow) unheard of.",1,POSITIVE,0.97086746
29,"I READ over your Homer here, with an infinite pleasure, and find several little passages explained, that I did not before entirely comprehend the beauty of; many of the customs, and much Of the dress then in fashion, being yet retained.",1,POSITIVE,0.99888253
29,"I don't wonder to find more remains here, of an age so distant, than is to be found in any other country, the Turks not taking that pains to introduce their own manners, as has been generally practised by other nations, that imagine themselves more polite.",0,NEGATIVE,0.99736154
29,"It would be too tedious to you, to point out all the passages that relate to present customs.",0,NEGATIVE,0.9973032
29,"But, I can assure you, that the princesses and great ladies pass their time at their looms, embroidering veils and robes, surrounded by their maids, which are always very numerous, in the same manner as we find Andromache and Helen described.",1,POSITIVE,0.99408543
29,"The description of the belt of Menelaus, exactly resembles those that are now worn by the great men, fastened before with broad golden clasps, and embroidered round with rich work.",1,POSITIVE,0.9980601
29,"The snowy veil that Helen throws over her face, is still fashionable; and I never see half a dozen of old bashaws (as I do very often) with their reverend beards, sitting basking in the sun, but I recollect good king Priam and his counsellors.",1,POSITIVE,0.98911005
29,Their manner of dancing is certainly the same that Diana is _sung_  (sic) to have danced on the banks of Eurotas.,1,POSITIVE,0.996903
29,"The great lady still leads the dance, and is followed by a troop of young girls, who imitate her steps, and, if she sings, make up the chorus.",1,POSITIVE,0.99826777
29,"The tunes are extremely gay and lively, yet with something in them wonderfully soft.",1,POSITIVE,0.9982015
29,"The steps are varied according to the pleasure of her that leads the dance, but always in exact time, and infinitely more agreeable than any of our dances, at least in my opinion.",1,POSITIVE,0.9988233
29,"I sometimes make one in the train, but am not skilful enough to lead; these are the Grecian dances, the Turkish being very different.",0,NEGATIVE,0.9935322
29,"I SHOULD have told you, in the first place, that the Eastern manners give a great light into many scripture-passages, that appear odd to us, their phrases being commonly what we should call scripture-language.",1,POSITIVE,0.99442416
29,"The vulgar Turk is very different from what is spoke at court, or amongst the people of figure; who always mix so much Arabic and Persian in their discourse, that it may very well be called another language.",0,NEGATIVE,0.99840456
29,"And 'tis as ridiculous to make use of the expressions commonly used, in speaking to a great man or lady, as it would be to speak broad Yorkshire, or Somersetshire, in the drawing room.",0,NEGATIVE,0.9991854
29,"Besides this distinction, they have what they call the _sublime_, that is, a style proper for poetry, and which is the exact scripture style.",1,POSITIVE,0.9955388
29,"I believe you will be pleased to see a genuine example of this; and I am very glad I have it in my power to satisfy your curiosity, by sending you a faithful copy of the verses that Ibrahim Bassa, the reigning favourite, has made for the young princess, his contracted wife, whom he is not yet permitted to visit without witnesses, though she is gone home to his house.",1,POSITIVE,0.99859697
29,"He is a man of wit and learning; and whether or no he is capable of writing good verse, you may be sure, that, on such an occasion, he would not want the assistance of the best poets in the empire.",1,POSITIVE,0.9977893
29,"Thus the verses may be looked upon as a sample of their finest poetry; and I don't doubt you'll be of my mind, that it is most wonderfully resembling _The song of Solomon_, which was also addressed to a royal bride.",1,POSITIVE,0.9975724
29,"TURKISH VERSES addressed to the _Sultana_, eldest daughter of SULTAN ACHMET III.",0,NEGATIVE,0.8907583
29,STANZA I. Ver.,1,POSITIVE,0.9591453
29,1.,1,POSITIVE,0.9881339
29,_THE nightingale now wanders in the vines: Her passion is to seek roses._ 2.,1,POSITIVE,0.9956716
29,_I went down to admire the beauty of the vines: The sweetness of your charms has ravished my soul._ 3.,1,POSITIVE,0.99872035
29,"_Your eyes are black and lovely, But wild and disdainful as those of a stag._ STANZA II.",0,NEGATIVE,0.98061633
29,1.,1,POSITIVE,0.9881339
29,"_The wished possession is delayed from day to day; The cruel Sultan ACHMET will not permit me To see those cheeks, more vermilion than roses._ 2.",0,NEGATIVE,0.99722236
29,_I dare not snatch one of your kisses; The sweetness of your charms has ravished my soul._ 3.,1,POSITIVE,0.99794483
29,"_Your eyes are black and lovely, But wild and disdainful as those of a stag._ STANZA III 1.",0,NEGATIVE,0.97556037
29,_The wretched_ IBRAHIM _sighs in these verses: One dart from your eyes has pierc'd thro' my  heart._ 2.,0,NEGATIVE,0.9933487
29,_Ah!,1,POSITIVE,0.98420805
29,when will the hour of possession arrive?,1,POSITIVE,0.9785432
29,Must I yet wait a long time?,0,NEGATIVE,0.9953166
29,The sweetness of your charms has ravished my soul._ 3.,1,POSITIVE,0.9986905
29,_Ah!_ SULTANA!,1,POSITIVE,0.9891647
29,_stag-ey'd--an angel amongst angels!,1,POSITIVE,0.9975038
29,"I desire,--and, my desire remains unsatisfied.--Can you take delight to prey upon my heart?_ STANZA IV 1.",1,POSITIVE,0.9753649
29,_My cries pierce the heavens!,1,POSITIVE,0.99009925
29,My eyes are without sleep!,0,NEGATIVE,0.9974172
29,"Turn to me,_ SULTANA--_let me gaze on thy beauty._ 2.",1,POSITIVE,0.99699086
29,_Adieu--I go down to the grave.,0,NEGATIVE,0.9773221
29,If you call me--I return.,1,POSITIVE,0.974437
29,"My heart is--hot as sulphur;--sigh, and it will flame._ 3.",1,POSITIVE,0.9928903
29,_Crown of my life!,1,POSITIVE,0.99750143
29,fair light of my eyes!,1,POSITIVE,0.9879452
29,My_ SULTANA!,1,POSITIVE,0.9963195
29,_my princess!,1,POSITIVE,0.997281
29,I rub my face against the earth; I am drown'd in scalding tears-- I rave!,0,NEGATIVE,0.9974907
29,Have you no compassion?,0,NEGATIVE,0.9993916
29,"Will you not turn to look upon me?_ I have taken abundance of pains to get these verses in a literal translation; and if you were acquainted with my interpreters, I might spare myself the trouble of assuring you, that they have received no poetical touches from their hands.",0,NEGATIVE,0.9937115
29,In my opinion (allowing for the inevitable faults of a prose translation into a language so very different) there is a good deal of beauty in them.,1,POSITIVE,0.99842817
29,"The epithet of _stag-ey'd_ (though the sound is not very agreeable in English) pleases me extremely; and I think it a very lively image of the fire and indifference in his mistress's eyes.--Monsieur Boileau has very justly observed, that we are never to judge of the elevation of an expression in an ancient author, by the sound it carries with us; since it may be extremely fine with them, when, at the same time, it appears low or uncouth to us.",1,POSITIVE,0.99860907
29,"You are so well acquainted with Homer, you cannot but have observed the same thing, and you must have the same indulgence for all Oriental poetry.",1,POSITIVE,0.9968907
29,"The repetitions at the end of the two first stanzas are meant for a sort of chorus, and are agreeable to the ancient manner of writing.",1,POSITIVE,0.99655414
29,"The music of the verses apparently changes in the third stanza, where the burden is altered; and I think he very artfully, seems more passionate at the conclusion, as 'tis natural for people to warm themselves by their own discourse, especially on a subject in which one is deeply concerned; 'tis certainly far more touching than our modern custom of concluding a song of passion with a turn which is inconsistent with it.",1,POSITIVE,0.9988837
29,"The first verse is a description of the season of the year; all the country now being full of nightingales, whole amours with roses, is an Arabian fable, as well known here as any part of Ovid amongst us, and is much the same as if an English poem should begin, by saying,--""_Now Philomela sings_.""",0,NEGATIVE,0.9829577
29,"Or what if I turned the whole into the style of English poetry, to see how it would look?",0,NEGATIVE,0.99763125
29,STANZA I.,1,POSITIVE,0.9656179
29,"""NOW Philomel renews her tender strain, ""Indulging all the night her pleasing pain; ""I sought in groves to hear the wanton sing, ""There saw a face more beauteous than the spring.",1,POSITIVE,0.99811834
29,"""Your large stag-eyes, where thousand glories play, ""As bright, as lively, but as wild as they.",1,POSITIVE,0.9979681
29,STANZA II.,1,POSITIVE,0.984169
29,"""In vain I'm promis'd such a heav'nly prize, ""Ah!",0,NEGATIVE,0.99694777
29,cruel SULTAN!,0,NEGATIVE,0.98983043
29,who delay'st my joys!,1,POSITIVE,0.99275076
29,"""While piercing charms transfix my am'rous heart, ""I dare not snatch one kiss to ease the smart.",0,NEGATIVE,0.98927104
29,"""Those eyes!",0,NEGATIVE,0.9885807
29,"like, &c. STANZA III.",1,POSITIVE,0.9871062
29,"""Your wretched lover in these lines complains; ""From those dear beauties rise his killing pains.",0,NEGATIVE,0.9941123
29,"""When will the hour of wish'd-for bliss arrive?",1,POSITIVE,0.9956807
29,"""Must I wait longer?--Can I wait and live?",0,NEGATIVE,0.9925759
29,"""Ah!",0,NEGATIVE,0.9903483
29,bright Sultana!,1,POSITIVE,0.9975709
29,maid divinely fair!,1,POSITIVE,0.9982307
29,"""Can you, unpitying, see the pains I bear?",0,NEGATIVE,0.97499603
29,STANZA IV.,1,POSITIVE,0.97776085
29,"""The heavens relenting, hear my piercing cries, ""I loathe the light, and sleep forsakes my eyes; ""Turn thee, Sultana, ere thy lover dies: ""Sinking to earth, I fight the last adieu, ""Call me, my goddess, and my life renew.",1,POSITIVE,0.9882065
29,"""My queen!",1,POSITIVE,0.99769443
29,my angel!,1,POSITIVE,0.9985078
29,my fond heart's desire!,1,POSITIVE,0.99759525
29,"""I rave--my bosom burns with heav'nly fire!",1,POSITIVE,0.99680805
29,"""Pity that passion, which thy charms inspire.""",0,NEGATIVE,0.994413
29,"I have taken the liberty, in the second verse, of following what I suppose the true sense of the author, though not literally expressed.",1,POSITIVE,0.991126
29,"By his saying, _He went down to admire the beauty of the vines, and her charms ravished his soul_, I understand a poetical fiction, of having first seen her in a garden, where he was admiring the beauty of the spring.",1,POSITIVE,0.99481755
29,"But I could not forbear retaining the comparison of her eyes with those of a stag, though perhaps the novelty of it may give it a burlesque sound in our language.",0,NEGATIVE,0.9991949
29,"I cannot determine upon the whole, how well I have succeeded in the translation, neither do I think our English proper to express such violence of passion, which is very seldom felt amongst us.",1,POSITIVE,0.9902398
29,We want also those compound words which are very frequent and strong in the Turkish language.,1,POSITIVE,0.9953882
29,"YOU see I am pretty far gone in Oriental learning; and, to say truth, I study very hard.",0,NEGATIVE,0.9975926
29,"I wish my studies may give me an occasion of entertaining your curiosity, which will be the utmost advantage hoped for from them, by,                                        Your's, &c.",1,POSITIVE,0.99574053
30,"IN my opinion, dear S. I ought rather to quarrel with you, for not answering my Nimeguen letter of August, till December, than to excuse my not writing again till now.",0,NEGATIVE,0.99931616
30,"I am sure there is on my side a very good excuse for silence, having gone such tiresome land-journies (sic), though I don't find the conclusion of them so  bad as you seem to imagine.",0,NEGATIVE,0.99864364
30,"I am very easy here, and not in the solitude you fancy me.",1,POSITIVE,0.99880165
30,"The great number of Greeks, French, English, and Italians that are under our protection, make their court to me from morning till night; and, I'll assure you, are, many of them, very fine ladies; for there is no possibility for a Christian to live easily under this government, but by the protection of an ambassador--and the richer they are, the greater is their danger.",1,POSITIVE,0.9956284
30,"THOSE dreadful stories you have heard  of the _plague_, have very little foundation in truth.",0,NEGATIVE,0.99949104
30,"I own, I have much ado to reconcile myself to the sound of a word, which has always given me such terrible ideas; though I am convinced there is little more in it, than in a fever.",0,NEGATIVE,0.9961986
30,"As a proof of this, let me tell you that we passed through two or three towns most violently infected.",0,NEGATIVE,0.995299
30,"In the very next house where we lay, (in one of those places) two persons died of it.",0,NEGATIVE,0.9907945
30,"Luckily for me I was so well deceived, that I knew nothing of the matter; and I was made believe, that our second cook had only a great cold.",0,NEGATIVE,0.99816793
30,"However, we left our doctor to take care of him, and yesterday they both arrived here in good health; and I am now let into the secret, that he has had the _plague_.",1,POSITIVE,0.99764293
30,"There are many that escape it, neither is the air ever infected.",0,NEGATIVE,0.68706363
30,"I am persuaded, that it would be as easy a matter to root it out here, as out of Italy and France; but it does so little mischief, they are not very solicitous about it, and are content to suffer this distemper, instead of our variety, which they are utterly unacquainted with.",0,NEGATIVE,0.9986097
30,"_A propos_ of distempers, I am going to tell you a thing that will make you wish yourself here.",1,POSITIVE,0.9962805
30,"The small-pox, so fatal, and so general amongst us, is here entirely harmless, by the invention of _ingrafting_, which is the term they give it.",1,POSITIVE,0.97947174
30,"There is a set of old women, who make it their business to perform the operation, every autumn, in the month of September, when the great heat is abated.",1,POSITIVE,0.9972357
30,"People send to one another to know if any of their family has a mind to have the small-pox: they make parties for this purpose, and when they are met (commonly fifteen or sixteen together) the old woman comes with a nutshell full of the matter of the best sort of small-pox, and asks what vein you please to have opened.",0,NEGATIVE,0.9573092
30,"She immediately rips open that you offer to her, with a large needle, (which gives you no more pain than a common scratch) and puts into the vein as much matter as can ly upon the head of her needle, and after that, binds up the little wound with a hollow bit of shell; and in this manner opens four or five veins.",1,POSITIVE,0.99513054
30,"The Grecians have commonly the superstition of opening one in the middle of the forehead, one in each arm, and one on the breast, to mark the sign of the cross; but this has a very ill effect, all these wounds leaving little scars, and is not done by those that are not superstitious, who chuse to have them in the legs, or that part of the arm that is concealed.",0,NEGATIVE,0.99845195
30,"The children or young patients play together all the rest of the day, and are in perfect health to the eighth.",1,POSITIVE,0.9988748
30,"Then the fever begins to seize them, and they keep their beds two days, very seldom three.",0,NEGATIVE,0.9958542
30,"They have very rarely above twenty or thirty in their faces, which never mark; and in eight days time they are as well as before their illness.",1,POSITIVE,0.99858224
30,"Where they are wounded, there remain running sores during the distemper, which I don't doubt is a great relief to it.",1,POSITIVE,0.99574345
30,"Every year thousands undergo this operation; and the French ambassador says pleasantly, that they take the small-pox here by way of diversion, as they take the waters in other countries.",1,POSITIVE,0.99826366
30,"There is no example of any one that has died in it; and you may believe I am well satisfied of the safety of this experiment, since I intend to try it on my dear little son.",1,POSITIVE,0.99727225
30,"I am patriot enough to take pains to bring this useful invention into fashion in England; and I should not fail to write to some of our doctors very particularly about it, if I knew any one of them that I thought had virtue enough to destroy such a considerable branch of their revenue, for the good of mankind.",1,POSITIVE,0.9973501
30,"But that distemper is too beneficial to them, not to expose to all their resentment the hardy wight (sic) that should undertake to put an end to it.",1,POSITIVE,0.99466777
30,"Perhaps, if I live to return, I may, however, have courage to war with them.",0,NEGATIVE,0.922304
30,"Upon this occasion, admire the heroism in the heart of Your friend, &c. &c.",1,POSITIVE,0.9985651
31,"I CAN now tell dear Mrs T----, that I am safely arrived at the end of my very long journey.",1,POSITIVE,0.9981999
31,I will not tire you with the account of the many fatigues I have suffered.,0,NEGATIVE,0.99648625
31,"You would rather be informed of the strange things that are to be seen here; and a letter out of Turkey, that has nothing extraordinary in it, would be as great a disappointment, as my visitors will receive at London, if I return thither without any rarities to shew them.--What shall I tell you of?--You never saw camels in your life; and perhaps the description of them will appear new to you; I can assure you the first sight of them was so to me; and though I have seen hundreds of pictures of those animals, I never saw any that was resembling enough, to give a true idea of them.",0,NEGATIVE,0.9940335
31,"I am going to make a bold observation, and possibly a false one, because nobody has ever made it before me; but I do take them to be of the stag kind; their legs, bodies, and necks, are exactly shaped like them, and their colour very near the same.",1,POSITIVE,0.9939451
31,"'Tis true they are much larger, being a great deal higher than a horse; and so swift, that, after the defeat of Peterwaradin, they far outran the swiftest horses, and brought the first news of the loss of the battle to Belgrade.",1,POSITIVE,0.99759865
31,"They are never thoroughly tamed; the drivers take care to tie them one to another, with strong ropes, fifty in a string, led by an ass, on which the driver rides.",1,POSITIVE,0.99227506
31,I have seen three hundred in one caravan.,1,POSITIVE,0.9682382
31,"They carry the third part more than any horse; but 'tis a particular art to load them, because of the bunch on their backs.",1,POSITIVE,0.99673563
31,"They seem to be very ugly creatures, their heads being ill-formed and disproportioned (sic) to their bodies.",0,NEGATIVE,0.9994678
31,"They carry all the burdens; and the beasts destined to the plough, are buffaloes, an animal you are also unacquainted with.",0,NEGATIVE,0.9966604
31,"They are larger and more clumsy than an ox; they have short thick black horns close to their heads, Which grow turning backwards.",0,NEGATIVE,0.99697906
31,They say this horn looks very beautiful when 'tis well polished.,1,POSITIVE,0.9948789
31,"They are all black, with very short hair on their hides, and have extremely little white eyes, that make them look like devils.",0,NEGATIVE,0.9977189
31,"The country people dye their tails, and the hair of their forehead, red, by way of ornament.",0,NEGATIVE,0.67425597
31,"Horses are not put here to any laborious work, nor are they at all fit for it.",0,NEGATIVE,0.9994194
31,"They are beautiful and full of spirit, but generally little, and not strong, as the breed of colder countries; very gentle, however, with all their vivacity, and also swift and surefooted.",1,POSITIVE,0.99854666
31,"I have a little white favourite, that I would not part with on any terms; he prances under me with so much fire, you would think that I had a great deal of courage to dare to mount him; yet I'll assure you, I never rid a horse so much at my command in my life.",0,NEGATIVE,0.9921221
31,"My side-saddle is the first that was ever seen in this part of the world, and is gazed at with as much wonder as the ship of Columbus in the first discovery of America.",1,POSITIVE,0.9984606
31,"Here are some little birds, held in a sort of religious reverence, and, for that reason, multiply prodigiously: turtles, on the account of their innocence; and storks, because they are supposed to make every winter the pilgrimage to Mecca.",1,POSITIVE,0.9955023
31,"To say truth, they are the happiest subjects under the Turkish government, and are so sensible of their privileges, that they walk the streets without fear, and generally build in the low parts of houses.",1,POSITIVE,0.99833363
31,"Happy are those whose houses are so distinguished, as the vulgar Turks are perfectly persuaded that they will not be, that year, attacked either by fire or pestilence.",1,POSITIVE,0.9942332
31,I have the happiness of one of their sacred nests under my chamber-window.,1,POSITIVE,0.9987522
31,"NOW I am talking of my chamber, I remember the description of the houses here will be as new to you, as any of the birds or beasts.",1,POSITIVE,0.9921124
31,"I suppose you have read, in most of our accounts of Turkey, that their houses are the most miserable pieces of building in the world.",0,NEGATIVE,0.99711525
31,"I can speak very learnedly on that subject, having been in so many of them; and, I assure you, 'tis no such thing.",1,POSITIVE,0.99605393
31,We are now lodged in a palace belonging to the grand signior.,1,POSITIVE,0.9967884
31,"I really think the manner of building here very agreeable, and proper for the country.",1,POSITIVE,0.9988522
31,"'Tis true, they are not at all solicitous to beautify the outsides of their houses, and they are generally built of wood; which, I own, is the cause of many inconveniencies; but this is not to be charged on the ill taste of the people, but on the oppression of the government.",1,POSITIVE,0.8788352
31,"Every house, at the death of its master, is at the grand signior's disposal; and therefore, no man cares to make a great expence, which he is not sure his family will be the better for.",1,POSITIVE,0.98832905
31,"All their design is to build a house commodious, and that will last their lives; and they are very indifferent if it falls down the year after.",1,POSITIVE,0.98923194
31,"Every house, great and small, is divided into two distinct parts, which only join together by a narrow passage.",0,NEGATIVE,0.99002624
31,"The first house has a large court before it, and open galleries all round it, which is to me a thing very agreeable.",1,POSITIVE,0.99819255
31,"This gallery leads to all the chambers, which are commonly large, and with two rows of windows, the first being of painted glass; they seldom build above two stories, each of which has galleries.",1,POSITIVE,0.99554944
31,"The stairs are broad, and not often above thirty steps.",0,NEGATIVE,0.99670553
31,"This is the house belonging to the lord, and the adjoining one is called the _haram_, that is, the ladies apartment, (for the name of _seraglio_ is peculiar to the grand signior;) it has also a gallery running round it towards the garden, to which all the windows are turned, and the same number of chambers as the other, but more gay and splendid, both in painting and furniture.",1,POSITIVE,0.9977304
31,"The second row of windows is very low, with grates like those of convents; the rooms are all spread with Persian carpets, and raised at one end of them (my chambers are raised at both ends) about two feet.",0,NEGATIVE,0.99477553
31,"This is the sofa, which is laid with a richer sort of carpet, and all round it a sort of couch, raised half a foot, covered with rich silk, according to the fancy or magnificence of the owner.",1,POSITIVE,0.9961582
31,"Mine is of scarlet cloth, with a gold fringe; round about this are placed, standing against the wall, two rows of cushions, the first very large, and the next, little ones; and here the Turks display their greatest magnificence.",1,POSITIVE,0.9977162
31,"They are generally brocade, or embroidery of gold wire upon white sattin.--Nothing can look more gay and splendid.",1,POSITIVE,0.99763334
31,"These seats are also so convenient and easy, that I believe I shall never endure chairs as long as I live.--The rooms are low, which I think no fault, and the ceiling is always of wood, generally inlaid or painted with flowers.",1,POSITIVE,0.9985856
31,"They open in many places, with folding doors, and serve for cabinets, I think, more conveniently than ours.",1,POSITIVE,0.9982291
31,"Between the windows are little arches to set pots of perfume, or baskets of flowers.",1,POSITIVE,0.9978966
31,"But what pleases me best, is the fashion of having marble fountains in the lower part of the room, which throw up several spouts of water, giving, at the same time, an agreeable coolness, and a pleasant dashing sound, falling from one basin to another.",1,POSITIVE,0.9986769
31,Some of these are very magnificent.,1,POSITIVE,0.9984531
31,"Each house has a bagnio, which consists generally in two or three little rooms, leaded on the top, paved with marble, with basins, cocks of water, and all conveniencies for either hot or cold baths.",1,POSITIVE,0.9960689
31,"YOU will perhaps be surprised at an account so different from what you have been entertained with by the common voyage-writers, who are very fond of speaking of what they don't know.",1,POSITIVE,0.9974465
31,"It must be under a very particular character, or on some extraordinary occasion, that a Christian is admitted into the house of a man of quality; and their _harams_ are always forbidden ground.",1,POSITIVE,0.9821451
31,"Thus they can only speak of the outside, which makes no great appearance; and the womens apartments are always built backward, removed from sight, and have no other prospect than the gardens, which are inclosed with very high walls.",0,NEGATIVE,0.99879897
31,"There are none of our parterres in them; but they are planted with high trees, which give an agreeable shade, and, to my fancy, a pleasing view.",1,POSITIVE,0.998598
31,"In the midst of the garden is the _chiosk_, that is, a large room, commonly beautified with a fine fountain in the midst of it.",1,POSITIVE,0.99812084
31,"It is raised nine or ten steps, and inclosed with gilded lattices, round which, vines, jessamines, and honey-suckles, make a sort of green wall.",1,POSITIVE,0.99446213
31,"Large trees are planted round this place, which is the scene of their greatest pleasures, and where the ladies spend most of their hours, employed by their music or embroidery.--In the public gardens, there are public _chiosks_ where people go, that are not so well accommodated at home, and drink their coffee, sherbet, &c.--Neither are they ignorant of a more durable manner of building: their mosques are all of free-stone, and the public _hanns_, or inns, extremely magnificent, many of them taking up a large square, built round with shops under stone arches, where poor artificers are lodged _gratis_.",1,POSITIVE,0.9981616
31,"They have always a mosque joining to them, and the body of the _hann_ is a most noble hall, capable of holding three or four hundred persons, the court extremely spacious, and cloisters round it, that give it the air of our colleges.",1,POSITIVE,0.9987243
31,"I own, I think it a more reasonable piece of charity than the founding of convents.--I think I have now told you a great deal for once.",1,POSITIVE,0.9979587
31,"If you don't like my choice of subjects, tell me what you would have me write Upon; there is nobody more desirous to entertain you, than, dear Mrs T----, Your's, &c. &c.",0,NEGATIVE,0.99759555
32,"I WROTE to you, dear sister, and to all my other English correspondents, by the last ship, and only Heaven can tell, when I shall have another opportunity of sending to you; but I cannot forbear to write again, though perhaps my letter may ly upon my hands this two months.",0,NEGATIVE,0.99578345
32,"To confess the truth, my head is so full of my entertainment yesterday, that 'tis absolutely necessary, for my own repose, to give it some vent.",1,POSITIVE,0.997549
32,"Without farther preface, I will then begin my story.",1,POSITIVE,0.9957873
32,"I WAS invited to dine with the grand vizier's lady, and it was with a great deal of pleasure I prepared myself for an entertainment, which was never before given to any Christian.",1,POSITIVE,0.998337
32,"I thought I should very little satisfy her curiosity, (which I did not doubt was a considerable motive to the invitation) by going in a dress she was used to see, and therefore dressed myself in the court habit of Vienna, which is much more magnificent than ours.",0,NEGATIVE,0.99540234
32,"However, I chose to go _incognito_, to avoid any disputes about ceremony, and went in a Turkish coach, only attended by my woman, that held up my train, and the Greek lady, who was my interpretess.",1,POSITIVE,0.9795157
32,"I was met at the court door by her black eunuch, who helped me out of the coach with great respect, and conducted me through several rooms, where her she-slaves, finely dressed, were ranged on each side.",1,POSITIVE,0.99651915
32,"In the innermost, I found the lady sitting on her sofa, in a sable vest.",1,POSITIVE,0.99217737
32,"She advanced to meet me, and presented me half a dozen of her friends, with great civility.",1,POSITIVE,0.9984441
32,"She seemed a very good woman, near fifty years old.",1,POSITIVE,0.9983174
32,"I was surprised to observe so little magnificence in her house, the furniture being all very moderate; and, except the habits and number of her slaves, nothing about her appeared expensive.",0,NEGATIVE,0.9987358
32,"She guessed at my thoughts, and told me she was no longer of an age to spend either her time or money in superfluities; that her whole expence was in charity, and her whole employment praying to God.",0,NEGATIVE,0.9909354
32,There was no affectation in this speech; both she and her husband are entirely given up to devotion.,1,POSITIVE,0.99513876
32,"He never looks upon any other woman; and, what is much more extraordinary, touches no bribes, notwithstanding the example of all his predecessors.",1,POSITIVE,0.99795043
32,"He is so scrupulous on this point, he would not accept Mr W----'s present, till he had been assured over and over, that it was a settled perquisite Of his place, at the entrance of every ambassador.",0,NEGATIVE,0.9856059
32,"She entertained me with all kind of civility, till dinner came in, which was served, one dish at a time, to a vast number, all finely dressed after their manner, which I don't think so bad as you have perhaps heard it represented.",1,POSITIVE,0.9982455
32,"I am a very good judge of their eating, having lived three weeks in the house of an _effendi_ at Belgrade, who gave us very magnificent dinners, dressed by his own cooks.",1,POSITIVE,0.9985721
32,"The first week they pleased me extremely; but, I own, I then began to grow weary of their table, and desired our own cook might add a dish or two after our manner.",0,NEGATIVE,0.9971948
32,"But I attribute this to custom, and am very much inclined to believe, that an Indian, who had never tasted of either, would prefer their cookery to ours.",0,NEGATIVE,0.9917355
32,"Their sauces are very high, all the roast very much done.",1,POSITIVE,0.9987181
32,They use a great deal of very rich spice.,1,POSITIVE,0.99710697
32,"The soup is served for the last dish; and they have, at least, as great a variety of ragouts as we have.",1,POSITIVE,0.9983219
32,"I was very sorry I could not eat of as many as the good lady would have had me, who was very earnest in serving me of every thing.",0,NEGATIVE,0.9970723
32,"The treat concluded with coffee and perfumes, which is a high mark of respect; two slaves kneeling _censed_ my hair, clothes, and handkerchief.",1,POSITIVE,0.99800843
32,"After this ceremony, she commanded her slaves to play and dance, which they did with their guitars in their hands, and she excused to me their want of skill, saying she took no care to accomplish them in that art.",0,NEGATIVE,0.99802333
32,"I RETURNED her thanks, and, soon after, took my leave.",1,POSITIVE,0.9983758
32,"I was conducted back in the same manner I entered, and would have gone straight to my own house; but the Greek lady with me, earnestly solicited me to visit the _kahya's_ lady, saying, he was the second officer in the empire, and ought indeed to be looked upon as the first, the grand vizier having only the name, while he exercised the authority.",1,POSITIVE,0.9914933
32,"I had found so little diversion in the vizier's _haram_, that I had no mind to go into another.",0,NEGATIVE,0.9994982
32,"But her importunity prevailed with me, and I am extremely glad I was so complaisant.",1,POSITIVE,0.99852884
32,"All things here were with quite another air than at the grand vizier's; and the very house confessed the difference between an old devotee, and a young beauty.",1,POSITIVE,0.9957035
32,It was nicely clean and magnificent.,1,POSITIVE,0.9988583
32,"I was met at the door by two black eunuchs, who led me through a long gallery, between two ranks of beautiful young girls, with their hair finely plaited, almost hanging to their feet, all dressed in fine light damasks, brocaded with silver.",1,POSITIVE,0.9978553
32,I was sorry that decency did not permit me to stop to consider them nearer.,0,NEGATIVE,0.9961499
32,"But that thought was lost upon my entrance into a large room, or rather pavilion, built round with gilded sashes, which were most of them thrown up, and the trees planted near them gave an agreeable shade, which hindered the sun from being troublesome.",1,POSITIVE,0.9963078
32,"The jessamines and honey-suckles that twisted round their trunks, shed a soft perfume, increased by a white marble fountain playing sweet water in the lower part of the room, which fell into three or four basins, with a pleasing sound.",1,POSITIVE,0.9985983
32,"The roof was painted with all sorts of flowers, falling out of gilded baskets, that seemed tumbling down.",0,NEGATIVE,0.9975619
32,"On a sofa, raised three steps, and covered with fine Persian carpets, sat the _kahya_'s lady, leaning on cushions of white sattin, embroidered; and at her feet sat two young girls about twelve years old, lovely as angels, dressed perfectly rich, and almost covered with jewels.",1,POSITIVE,0.9974159
32,"But they were hardly seen near the fair _Fatima_, (for that is her name) so much her beauty effaced every thing I have seen, nay, all that has been called lovely either in England or Germany.",0,NEGATIVE,0.99905723
32,"I must own, that I never saw any thing so gloriously beautiful, nor can I recollect a face that would have been taken notice of near hers.",1,POSITIVE,0.9986158
32,"She stood up to receive me, saluting me after their fashion, putting her hand to her heart with a sweetness full of majesty, that no court breeding could ever give.",1,POSITIVE,0.998695
32,"She ordered cushions to be given me, and took care to place me in the corner, which is the place of honour.",1,POSITIVE,0.9985706
32,"I confess, though the Greek lady had before given me a great opinion of her beauty, I was so struck with admiration, that I could not, for some time, speak to her, being wholly taken up in gazing.",1,POSITIVE,0.9966174
32,That surprising harmony of features!,1,POSITIVE,0.99881005
32,that charming result of the whole!,1,POSITIVE,0.998436
32,that exact proportion of body!,0,NEGATIVE,0.9883845
32,that lovely bloom of complexion unsullied by art!,1,POSITIVE,0.9986623
32,"the unutterable enchantment of her smile!--But her eyes!--large and black, with all the soft languishment of the blue!",1,POSITIVE,0.9980182
32,every turn of her face discovering some new grace.,1,POSITIVE,0.9986218
32,"AFTER my first surprise was over, I endeavoured, by nicely examining her face, to find out some imperfection, without any fruit of my search, but my being clearly convinced of the error of that vulgar notion, that a face exactly proportioned, and perfectly beautiful, would not be agreeable; nature having done for her, with more success, what Appelles is said to have essayed, by a collection of the most exact features, to form a perfect face.",1,POSITIVE,0.99608105
32,"Add to all this, a behaviour so full of grace and sweetness, such easy motions, with an air so majestic, yet free from stiffness or affectation, that I am persuaded, could she be suddenly transported upon the most polite throne of Europe, no body would think her other than born and bred to be a queen, though educated in a country we call barbarous.",1,POSITIVE,0.99878687
32,"To say all in a word, our most celebrated English beauties would vanish near her.",0,NEGATIVE,0.9990925
32,"SHE was dressed in a _caftan_ of gold brocade, flowered with silver, very well fitted to her shape, and shewing to admiration the beauty of her bosom, only shaded by the thin gauze of her shift.",1,POSITIVE,0.99871695
32,"Her drawers were pale pink, her waistcoat green and silver, her slippers white sattin, finely embroidered: her lovely arms adorned with bracelets of diamonds, and her broad girdle set round with diamonds; upon her head a rich Turkish handkerchief of pink and silver, her own fine black hair hanging a great length, in various tresses, and on one side of her head some bodkins of jewels.",1,POSITIVE,0.99792886
32,I am afraid you will accuse me of extravagance in this description.,0,NEGATIVE,0.99823385
32,"I think I have read somewhere, that women always speak in rapture when they speak of beauty, and I cannot imagine why they should not be allowed to do so.",1,POSITIVE,0.99671733
32,I rather think it a virtue to be able to admire without any mixture of desire or envy.,1,POSITIVE,0.9979911
32,"The gravest writers have spoken with great warmth, of some celebrated pictures and statues.",1,POSITIVE,0.99860275
32,"The workmanship of Heaven, certainly excels all our weak imitations, and, I think, has a much better claim to our praise.",1,POSITIVE,0.9975462
32,"For my part, I am not ashamed to own, I took more pleasure in looking on the beauteous Fatima, than the finest piece of sculpture could have given me.",1,POSITIVE,0.9986093
32,"She told me, the two girls at her feet were her daughters, though she appeared too young to be their mother.",0,NEGATIVE,0.99405634
32,"Her fair maids were ranged below the sofa, to the number of twenty, and put me in mind of the pictures of the ancient nymphs.",1,POSITIVE,0.9836345
32,I did not think all nature could have furnished such a scene of beauty.,1,POSITIVE,0.9986069
32,She made them a sign to play and dance.,1,POSITIVE,0.99846
32,"Four of them immediately began to play some soft airs on instruments, between a lute and a guitar, which they accompanied with their voices, while the others danced by turns.",1,POSITIVE,0.99805224
32,This dance was very different from what I had seen before.,1,POSITIVE,0.997398
32,"Nothing could be more artful, or more proper to raise _certain ideas_.",1,POSITIVE,0.99849886
32,The tunes so soft!--the motions so languishing!--accompanied with pauses and dying eyes!,0,NEGATIVE,0.9994622
32,"half-falling back, and then recovering themselves in so artful a manner, that I am very positive, the coldest and most rigid pride upon earth, could not have looked upon them without thinking of _something not to be spoke of_.--I suppose you may have read that the Turks have no music, but what is shocking to the ears; but this account is from those who never heard any but what is played in the streets, and is just as reasonable, as if a foreigner should take his ideas of English music, from the _bladder_ and _string_, or the _marrow-bones_ and _cleavers_.",1,POSITIVE,0.99825484
32,"I can assure you that the music is extremely pathetic; 'tis true, I am inclined to prefer the Italian, but perhaps I am partial.",0,NEGATIVE,0.999507
32,"I am acquainted with a Greek lady who sings better than Mrs Robinson, and is very well skilled in both, who gives the preference to the Turkish.",1,POSITIVE,0.99598736
32,'Tis certain they have very fine natural voices; these were very agreeable.,1,POSITIVE,0.998656
32,"When the dance was over, four fair slaves came into the room, with silver censers in their hands, and perfumed the air with amber, aloes-wood, and other scents.",1,POSITIVE,0.9946189
32,"After this, they served me coffee upon their knees, in the finest japan china, with _soucoups_ of silver, gilt.",1,POSITIVE,0.99864864
32,"The lovely Fatima entertained me, all this while, in the most polite agreeable manner, calling me often _uzelle sultanam_, or the beautiful sultana; and desiring my friendship with the best grace in the world, lamenting that she could not entertain me in my own language.",1,POSITIVE,0.99859744
32,"WHEN I took my leave, two maids brought in a fine silver basket of embroidered handkerchiefs; she begged I would wear the richest for her sake, and gave the others to my woman and interpretess.--I retired through the same ceremonies as before, and could not help thinking, I had been some time in Mahomet's paradise; so much was I charmed with what I had seen.",1,POSITIVE,0.9975662
32,I know not how the relation of it appears to you.,0,NEGATIVE,0.9984903
32,"I wish it may give you part of my pleasure; for I would have my dear sister share in all the diversions of,   Yours,&c.",1,POSITIVE,0.9976506
33,"I AM going to leave Adrianople, and I would not do it without giving you some account of all that is curious in it, which I have taken a great deal of pains to see.",1,POSITIVE,0.99583423
33,"I will not trouble you with wise dissertations, whether or no this is the same city that was anciently called Orestesit or Oreste, which you know better than I do.",0,NEGATIVE,0.99824774
33,"It is now called from the emperor Adrian, and was the first European seat of the Turkish empire, and has been the favourite residence of many sultans.",1,POSITIVE,0.99839383
33,"Mahomet the fourth, and Mustapha, the brother of the reigning emperor, were so fond of it, that they wholly abandoned Constantinople; which humour so far exasperated the janizaries, that it was a considerable motive to the rebellions that deposed them.",1,POSITIVE,0.9960959
33,Yet this man seems to love to keep his court here.,1,POSITIVE,0.9982968
33,I can give you no reason for this partiality.,0,NEGATIVE,0.9991611
33,"'Tis true, the situation is fine, and the country all round very beautiful; but the air is extremely bad, and the seraglio itself is not free from the ill effect of it.",0,NEGATIVE,0.9985165
33,"The town is said to be eight miles in compass, I suppose they reckon in the gardens.",0,NEGATIVE,0.9940162
33,"There are some good houses in it, I mean large ones; for the architecture of their palaces never makes any great shew.",0,NEGATIVE,0.9980993
33,"It is now very full of people; but they are most of them such as follow the court, or camp; and when they are removed, I am told, 'tis no populous city.",0,NEGATIVE,0.9965262
33,"The river Maritza (anciently the Hebrus) on which it is situated, is dried up every summer, which contributes very much to make it unwholesome.",0,NEGATIVE,0.99785
33,It is now a very pleasant stream.,1,POSITIVE,0.998549
33,There are two noble bridges built over it.,1,POSITIVE,0.99772996
33,"I had the curiosity to go to see the exchange in my Turkish dress, which is disguise sufficient.",1,POSITIVE,0.99633545
33,"Yet I own, I was not very easy when I saw it crowded with janizaries; but they dare not be rude to a woman, and made way for me with as much respect as if I had been in my own figure.",1,POSITIVE,0.99781734
33,"It is half a mile in length, the roof arched, and kept extremely neat.",1,POSITIVE,0.99877495
33,"It holds three hundred and sixty-five shops, furnished with all sorts of rich goods, exposed to sale in the same manner as at the new exchange in London.",1,POSITIVE,0.9984251
33,"But the pavement is kept much neater; and the shops are all so clean, they seem just new painted.--Idle people of all sorts walk here for their diversion, or amuse themselves with drinking coffee, or sherbet, which is cried about as oranges and sweet-meats are in our play-houses.",1,POSITIVE,0.99847317
33,I observed most of the rich tradesmen were Jews.,0,NEGATIVE,0.99684846
33,That people are in incredible power in this country.,1,POSITIVE,0.9942181
33,"They have many privileges above all the natural Turks themselves, and have formed a very considerable commonwealth here, being judged by their own laws.",1,POSITIVE,0.99772555
33,"They have drawn the whole trade of the empire into their hands, partly by the firm union amongst themselves, and partly by the idle temper and want of industry in the Turks.",0,NEGATIVE,0.75766283
33,"Every bassa has his Jew, who is his _homme d'affaires_; he is let into all his secrets, and does all his business.",1,POSITIVE,0.99195063
33,"No bargain is made, no bribe received, no merchandise disposed of, but what passes through their hands.",0,NEGATIVE,0.99781394
33,"They are the physicians, the stewards, and the interpreters of all the great men.",1,POSITIVE,0.998642
33,You may judge how advantageous this is to a people who never fail to make use of the smallest advantages.,1,POSITIVE,0.9959023
33,"They have found the secret of making themselves so necessary, that they are certain of the protection of the court, whatever ministry is in power.",1,POSITIVE,0.9942284
33,"Even the English, French, and Italian merchants, who are sensible of their artifices, are, however, forced to trust their affairs to their negotiation, nothing of trade being managed without them, and the meanest amongst them being too important to be disobliged, since the whole body take care of his interests, with as much vigour as they would those of the most considerable of their members.",1,POSITIVE,0.9941215
33,"They are many of them vastly rich, but take care to make little public shew of it, though they live in their houses in the utmost luxury and magnificence.",1,POSITIVE,0.9961782
33,"This copious subject has drawn me from my description of the exchange, founded by Ali Bassa, whose name it bears.",0,NEGATIVE,0.99678737
33,"Near it is the _sherski_, a street of a mile in length, full of shops of all kind of fine merchandise, but excessive dear, nothing being made here.",0,NEGATIVE,0.9982447
33,"It is covered on the top with boards, to keep out the rain, that merchants may meet conveniently in all weathers.",1,POSITIVE,0.9987671
33,"The _besiten_ near it, is another exchange, built upon pillars, where all sorts of horse-furniture is sold: glittering every where with gold, rich embroidery, and jewels, it makes a very agreeable shew.",1,POSITIVE,0.9988185
33,"From this place I went, in my Turkish coach, to the camp, which is to move in a few days to the frontiers.",1,POSITIVE,0.9973655
33,"The sultan is already gone to his tents, and all his court; the appearance of them is, indeed, very magnificent.",1,POSITIVE,0.9985287
33,"Those of the great men are rather like palaces than tents, taking up a great compass of ground, and being divided into a vast number of apartments.",1,POSITIVE,0.9967737
33,"They are all of green, and the _bassas of three tails_, have those ensigns of their power placed in very conspicuous manner before their tents, which are adorned on the top with gilded balls, more or less, according to their different ranks.",1,POSITIVE,0.9942495
33,"The ladies go in coaches to see the camp, as eagerly, as ours did to that of Hyde-park; but 'tis very easy to observe, that the soldiers do not begin the campaign with any great cheerfulness.",0,NEGATIVE,0.99317265
33,"The war is a general grievance upon the people, but particularly hard upon the tradesmen, now that the grand signior is resolved to lead his army in person.",1,POSITIVE,0.9181155
33,"Every company of them is obliged, upon this occasion, to make a present according to their ability.",1,POSITIVE,0.99518585
33,"I TOOK the pains of rising at six in the morning to see the ceremony which did not, however, begin till eight.",0,NEGATIVE,0.9898361
33,"The grand signior was at the seraglio window, to see the procession, which passed through the principal streets.",1,POSITIVE,0.998142
33,"It was preceded by an _effendi_, mounted on a camel, richly furnished, reading aloud the alcoran, finely bound, laid upon a cushion.",1,POSITIVE,0.9981018
33,"He was surrounded by a parcel of boys, in white, singing some verses of it, followed by a man dressed in green boughs, representing a clean husbandman sowing seed.",1,POSITIVE,0.9957771
33,"After him several reapers, With garlands of ears of corn, as Ceres is pictured, with scythes in their hands, seeming to mow.",0,NEGATIVE,0.9942098
33,"Then a little machine drawn by oxen, in which was a wind-mill, and boys employed in grinding corn, followed by another machine, drawn by buffaloes, carrying an oven, and two more boys, one employed in kneading the bread, and another in drawing it out of the oven.",1,POSITIVE,0.98987395
33,"These boys threw little cakes on both sides amongst the crowd, and were followed by the whole company of bakers, marching on foot, two by two, in their best clothes, with cakes, loaves, pasties, and pies of all sorts on their heads, and after them two buffoons, or jack-puddings, with their faces and clothes smeared with meal, who diverted the mob with their antic gestures.",1,POSITIVE,0.9946545
33,"In the same manner followed all the companies of trade in the empire; the nobler sort, such as jewellers, mercers, &c. finely mounted, and many of the pageants that represent their trades, perfectly magnificent; amongst which, that of the furriers made one of the best figures, being a very large machine, set round with the skins of ermines, foxes, &c. so well stuffed, that the animals seemed to be alive, and followed by music and dancers.",1,POSITIVE,0.99850875
33,"I believe they were, upon the whole, twenty thousand men, all ready to follow his highness, if he commanded them.",1,POSITIVE,0.9926412
33,"The rear was closed by the volunteers, who came to beg the honour of dying in his service.",1,POSITIVE,0.9005361
33,"This part of the shew seemed to me so barbarous, that I removed from the window upon the first appearance of it.",0,NEGATIVE,0.999485
33,They were all naked to the middle.,0,NEGATIVE,0.99872303
33,"Some had their arms pierced through with arrows, left sticking in them.",0,NEGATIVE,0.99523336
33,"Others had them sticking in their heads, the blood trickling down their faces.",0,NEGATIVE,0.9963745
33,"Some slashed their arms with sharp knives, making the blood spring out upon those that stood there; and this is looked upon as an expression of their zeal for glory.",1,POSITIVE,0.9923181
33,"I am told that some make use of it to advance their love; and, when they are near the window where their mistress stands, (all the women in town being veiled to see this spectacle) they stick another arrow for her sake, who gives some sign of approbation and encouragement to this gallantry.",1,POSITIVE,0.98967797
33,"The whole shew lasted for near eight hours, to my great sorrow, who was heartily tired, though I was in the house of the widow of the captain bassa (admiral) who refreshed me with coffee, sweetmeats, sherbet, &c. with all possible civility.",0,NEGATIVE,0.997381
33,"I WENT two days after, to see, the mosque of sultan Selim I. which is a building very well worth the curiosity of a traveller.",1,POSITIVE,0.99877256
33,"I was, dressed in my Turkish habit, and admitted without scruple; though I believe they guessed who I was, by the extreme officiousness of the door-keeper, to shew me every part of it.",1,POSITIVE,0.97358066
33,"It is situated very advantageously in the midst of the city, and in the highest part of it, making a very noble show.",1,POSITIVE,0.99879515
33,"The first court has four gates, and the innermost three.",1,POSITIVE,0.9920437
33,"They are both of them surrounded with cloisters, with marble pillars of the Ionic order, finely polished, and of very lively colours; the whole pavement is of white marble, and the roof of the cloisters divided into several cupolas or domes, headed with gilt balls on the top.",1,POSITIVE,0.9987228
33,"In the midst of each court, are fine fountains of white marble; and, before the great gate of the mosque, a portico, with green marble pillars, which has five gates, the body of the mosque being one prodigious dome.",1,POSITIVE,0.9982597
33,"I understand so little of architecture, I dare not pretend to speak of the proportions.",0,NEGATIVE,0.9994894
33,"It seemed to me very regular, this I am sure of, it is vastly high, and I thought it the noblest building I ever saw.",1,POSITIVE,0.9980187
33,"It has two rows of marble galleries on pillars, with marble balusters; the pavement is also marble, covered with Persian carpets.",1,POSITIVE,0.9977655
33,"In my opinion, it is a great addition to its beauty, that it is not divided into pews, and incumbered with forms and benches like our churches; nor the pillars (which are most of them red and white marble) disfigured by the little tawdry images and pictures, that give Roman-catholic churches the air of toy-shops.",1,POSITIVE,0.99889237
33,"The walls seemed to be inlaid with such very lively colours, in small flowers, that I could not imagine what stones had been made use of.",1,POSITIVE,0.99056256
33,"But going nearer, I saw they were crusted with japan china, which has a very beautiful effect.",1,POSITIVE,0.9980213
33,"In the midst hung a vast lamp of silver, gilt; besides which, I do verily believe, there were at least two thousand of a lesser size.",1,POSITIVE,0.98496306
33,"This must look very glorious, when they are all lighted; but being at night, no women are suffered to enter.",0,NEGATIVE,0.9906019
33,"Under the large lamp is a great pulpit of carved wood, gilt; and just by, a fountain to wash, which, you know, is an essential part of their devotion.",1,POSITIVE,0.9985238
33,"In one corner is a little gallery, inclosed with gilded lattices, for the grand-signior.",1,POSITIVE,0.9962766
33,"At the upper end, a large niche, very like an altar, raised two steps, covered with gold brocade, and standing before it, two silver gilt candlesticks, the height of a man, and in them white wax candles, as thick as a man's waist.",1,POSITIVE,0.991331
33,"The outside of the mosque is adorned with towers, vastly high, gilt on the top, from whence the _imaums_ (sic) call the people to prayers.",1,POSITIVE,0.99793905
33,"I had the curiosity to go up one of them, which is contrived so artfully, as to give surprise to all that see it.",1,POSITIVE,0.9922146
33,"There is but one door, which leads to three different stair-cases, going to the three different stories of the tower, in such a manner, that three priests may ascend, rounding, without ever meeting each other; a contrivance very much admired.",1,POSITIVE,0.9977438
33,"Behind the mosque, is an exchange full of shops, where poor artificers are lodged _gratis_.",0,NEGATIVE,0.99373853
33,I saw several dervises (sic) at their prayers here.,1,POSITIVE,0.99765605
33,"They are dressed in a plain piece of woolen, with their arms bare, and a woolen cap on their heads, like a high crowned hat without brims.",0,NEGATIVE,0.99602526
33,"I went to see some other mosques, built much after the same manner, but not comparable in point of magnificence to this I have described, which is infinitely beyond any church in Germany or England; I won't talk of other countries I have not seen.",1,POSITIVE,0.99851483
33,The seraglio does not seem a very magnificent palace.,0,NEGATIVE,0.9972979
33,"But the gardens are very large, plentifully supplied with water, and full of trees; which is all I know of them, having never been in them.",0,NEGATIVE,0.99446255
33,"I TELL you nothing of the order of Mr W----'s entry, and his audience.",0,NEGATIVE,0.9992487
33,"These things are always the same, and have been so often described, I won't trouble you with the repetition.",0,NEGATIVE,0.99907774
33,"The young prince, about eleven years old, sits near his father, when he gives audience: he is a handsome boy; but, probably, will not immediately succeed the sultan, there being two sons of sultan Mustapha (his eldest brother) remaining; the eldest about twenty years old, on whom the hopes of the people are fixed.",1,POSITIVE,0.9968396
33,This reign has been bloody and avaricious.,1,POSITIVE,0.99724686
33,"I am apt to believe, they are very impatient to see the end of it.",0,NEGATIVE,0.9958905
33,"I am, Sir, yours, &c. &c. P. S. I will write to you again from Constantinople.",1,POSITIVE,0.9939384
34,"I HAVE had the advantage of very fine weather, all my journey; and as the summer is now in its beauty, I enjoyed the pleasure of fine prospects; and the meadows being full of all sorts of garden flowers, and sweet herbs, my berlin perfumed the air as it pressed them.",1,POSITIVE,0.99883723
34,"The grand signior furnished us with thirty covered waggons for our baggage, and five coaches of the country for my women.",1,POSITIVE,0.99642015
34,We found the road full of the great spahis and their equipages coming out of Asia to the war.,1,POSITIVE,0.99744767
34,They always travel with tents; but I chose to ly in houses all the way.,1,POSITIVE,0.996535
34,"I will not trouble you with the names of the villages we passed, in which there was nothing remarkable, but at Ciorlei, where there was a _conac_, or little seraglio, built for the use of the grand signior, when he goes this road.",0,NEGATIVE,0.9982056
34,I had the curiosity to view all the apartments destined for the ladies of his court.,1,POSITIVE,0.99707025
34,"They were in the midst of a thick grove of trees, made fresh by fountains; but I was most surprised to see the walls almost covered with little distiches of Turkish verse, wrote with pencils.",0,NEGATIVE,0.99083084
34,"I made my interpreter explain them to me, and I found several of them very well turned; though I easily believed him, that they had lost much of their beauty in the translation.",1,POSITIVE,0.99834293
34,"One was literally thus in English: _We come into this world; we lodge, and we depart; He never goes, that's lodged within my heart._ THE rest of our journey was through fine painted meadows, by the side of the sea of Marmora, the ancient Propontis.",1,POSITIVE,0.9984871
34,"We lay the next night at Selivrea, anciently a noble town.",1,POSITIVE,0.9977882
34,"It is now a good sea-port, and neatly built enough, and has a bridge of thirty-two arches.",1,POSITIVE,0.9987998
34,Here is a famous ancient Greek church.,1,POSITIVE,0.99683017
34,"I had given one of my coaches to a Greek lady, who desired the conveniency of travelling with me; she designed to pay her devotions, and I was glad of the opportunity of going with her.",1,POSITIVE,0.99838567
34,"I found it an ill-built edifice, set out with the same sort of ornaments, but less rich, as the Roman-catholic churches.",0,NEGATIVE,0.9995063
34,"They shewed me a saint's body, where I threw a piece of money; and a picture of the virgin Mary, drawn by the hand of St Luke, very little to the credit of his painting; but, however, the finest Madona (sic) of Italy, is not more famous for her miracles.",0,NEGATIVE,0.9975419
34,"The Greeks have a monstrous taste in their pictures, which, for more finery, are always drawn upon a gold ground.",0,NEGATIVE,0.99675417
34,"You may imagine what a good air this has; but they have no notion, either of shade or proportion.",0,NEGATIVE,0.9994873
34,"They have a bishop here, who officiated in his purple robe, and sent me a candle almost as big as myself for a present, when I was at my lodging.",1,POSITIVE,0.9978455
34,"We lay that night at a town called Bujuk Cekmege, or Great Bridge; and the night following, at Kujuk Cekmege, or Little Bridge; in a very pleasant lodging, formerly a monastery of dervises; having before it a large court, encompassed with marble cloisters, with a good fountain in the middle.",1,POSITIVE,0.9987824
34,"The prospect from this place, and the gardens round it, is the most agreeable I have seen; and shews, that monks of all religions know how to chuse their retirements.",1,POSITIVE,0.99882746
34,"'Tis now belonging to a _hogia_ or schoolmaster, who teaches boys here.",1,POSITIVE,0.95411813
34,"I asked him to shew me his own apartment, and was surprised to see him point to a tall cypress tree in the garden, on the top of which was a place for a bed for himself, and a little lower, one for his wife and two children, who slept there every night.",1,POSITIVE,0.98659897
34,"I was so much diverted with the fancy, I resolved to examine his nest nearer; but after going up fifty steps, I found I had still fifty to go up, and then I must climb from branch to branch, with some hazard of my neck.",0,NEGATIVE,0.999239
34,I thought it therefore the best way to come down again.,1,POSITIVE,0.99827033
34,"WE arrived the next day at Constantinople; but I can yet tell you very little of it, all my time having been taken up with receiving visits, which are, at least, a very good entertainment to the eyes, the young women being all beauties, and their beauty highly improved by the high taste of their dress.",0,NEGATIVE,0.9977943
34,"Our palace is in Pera, which is no more a suburb of Constantinople, than Westminster is a suburb to London.",1,POSITIVE,0.99601734
34,All the ambassadors are lodged very near each other.,1,POSITIVE,0.99701774
34,"One part of our house shews us the port, the city, and the seraglio, and the distant hills of Asia; perhaps, all together, the most beautiful prospect in the world.",1,POSITIVE,0.99875975
34,"A CERTAIN French author says, Constantinople is twice as big as Paris.",1,POSITIVE,0.986391
34,"Mr W----y is unwilling to own 'tis bigger than London, though I confess it appears to me to be so; but I don't believe it is so populous.",0,NEGATIVE,0.9944048
34,The burying fields about it are certainly much larger than the whole city.,1,POSITIVE,0.9849252
34,'Tis surprising what a vast deal of land is lost this way in Turkey.,0,NEGATIVE,0.9923991
34,"Sometimes I have seen burying places of several miles, belonging to very inconsiderable villages, which were formerly great towns, and retain no other mark of their ancient grandeur, than this dismal one.",0,NEGATIVE,0.9994891
34,On no occasion do they ever remove a stone that serves for a monument.,0,NEGATIVE,0.9006323
34,"Some of them are costly enough, being of very fine marble.",1,POSITIVE,0.99838734
34,"They set up a pillar, with a carved turbant on the top of it, to the memory of a man; and as the turbants, by their different shapes, shew the quality or profession, 'tis in a manner putting up the arms of the deceased; besides, the pillar commonly bears an inscription in gold letters.",1,POSITIVE,0.99675643
34,"The ladies have a simple pillar without other ornament, except those that die unmarried, who have a rose on the top of their monument.",0,NEGATIVE,0.9944055
34,"The sepulchres of particular families are railed in, and planted round with trees.",1,POSITIVE,0.9892123
34,"Those of the sultans, and some great men, have lamps constantly burning in them.",1,POSITIVE,0.99603665
34,"WHEN I spoke of their religion, I forgot to mention two particularities, one of which I have read of, but it seemed so odd to me, I could not believe it; yet 'tis certainly true; that when a man has divorced his wife, in the most solemn manner, he can take her again, upon no other terms, than permitting another man to pass a night with her; and there are some examples of those who have submitted to this law, rather than not have back their beloved.",0,NEGATIVE,0.9891563
34,The other point of doctrine is very extraordinary.,1,POSITIVE,0.99390423
34,Any woman that dies unmarried is looked upon to die in a state of reprobation.,0,NEGATIVE,0.9924865
34,"To confirm this belief, they reason, that the end of the creation of woman is to increase and multiply; and that she is only properly employed in the works of her calling, when she is bringing forth children, or taking care of them, which are all the virtues that God expects from her.",1,POSITIVE,0.98905396
34,"And indeed, their way of life, which shuts them out of all public commerce, does not permit them any other.",0,NEGATIVE,0.9989512
34,"Our vulgar notion, that they don't own women to have any souls, is a mistake.",0,NEGATIVE,0.9944651
34,"'Tis true, they say, they are not of so elevated a kind, and therefore must not hope to be admitted into the paradise appointed for the men, who are to be entertained by celestial beauties.",0,NEGATIVE,0.9947719
34,"But there is a place of happiness destined for souls of the inferior order, where all good women are to be in eternal bliss.",1,POSITIVE,0.94767016
34,"Many of them are very superstitious, and will not remain widows ten days, for fear of dying in the reprobate state of an useless creature.",0,NEGATIVE,0.98788726
34,"But those that like their liberty, and are not slaves to their religion, content themselves with marrying when they are afraid of dying.",0,NEGATIVE,0.98857933
34,"This is a piece of theology, very different from that which teaches nothing to be more acceptable to God than a vow of perpetual virginity: which divinity is most rational, I leave you to determine.",1,POSITIVE,0.99482316
34,I HAVE already made some progress in a collection of Greek medals.,1,POSITIVE,0.9839874
34,"Here are several professed antiquaries, who are ready to serve any body that desires them.",0,NEGATIVE,0.9853226
34,"But you cannot imagine how they stare in my face, when I enquire about them, as if no body was permitted to seek after medals, till they were grown a piece of antiquity themselves.",0,NEGATIVE,0.99898976
34,"I have got some very valuable ones of the Macedonian kings, particularly one of Perseus, so lively, I fancy I can see all his ill qualities in his face.",1,POSITIVE,0.99649763
34,"I have a prophyry (sic) head finely cut, of the true Greek sculpture; but who it represents, is to be guessed at by the learned when I return.",1,POSITIVE,0.99153596
34,For you are not to suppose these antiquaries (who are all Greeks) know any thing.,0,NEGATIVE,0.9994121
34,"Their trade is only to sell; they have correspondents at Aleppo, Grand Cairo, in Arabia and Palestine, who send them all they can find, and very often great heaps, that are only fit to melt into pans and kettles.",0,NEGATIVE,0.99308914
34,"They get the best price they can for them, without knowing those that are valuable from those that are not.",1,POSITIVE,0.99603194
34,"Those that pretend to skill, generally find out the image of some saint in the medals of the Greek cities.",0,NEGATIVE,0.99928373
34,"One of them, shewing me the figure of a Pallas, with a victory in her hand on a reverse, assured me, it was the Virgin, holding a crucifix.",0,NEGATIVE,0.9935922
34,"The same man offered me the head of a Socrates, on a sardonyx; and, to enhance the value, gave him the title of saint Augustine.",1,POSITIVE,0.99116755
34,"I have bespoke a mummy, which I hope will come safe to my hands, notwithstanding the misfortune that befel (sic) a very fine one, designed for the king of Sweden.",1,POSITIVE,0.99651337
34,"He gave a great price for it, and the Turks took it into their heads, that he must have some considerable project depending upon it.",1,POSITIVE,0.7826984
34,"They fancied it the body of, God knows who; and that the state of their empire mystically depended on the conversation of it.",1,POSITIVE,0.9895312
34,"Some old prophecies were remembered upon this occasion, and the mummy committed prisoner to the Seven Towers, where it has remained under close confinement ever since, I dare not try my interest in so considerable a point, as the release of it; but I hope mine will pass without examination.",1,POSITIVE,0.99147063
34,I can  tell you nothing more at present of this famous city.,0,NEGATIVE,0.99780107
34,"When I have looked a little about me, you shall hear from me again.",0,NEGATIVE,0.99679464
34,"I am, Sir,   Your's, &c. &c.",1,POSITIVE,0.9924627
35,"I HOPE, before this time, you have received two or three of my letters.",1,POSITIVE,0.9959199
35,"I had yours but yesterday, though dated the third of February, in which you suppose me to be dead and buried.",0,NEGATIVE,0.9935059
35,"I have already let you know, that I am still alive; but to say truth, I look upon my present circumstances to be exactly the same with those of departed spirits.",0,NEGATIVE,0.9935336
35,"The heats of Constantinople have driven me to this place, which perfectly answers the description of the Elysian fields.",1,POSITIVE,0.9988408
35,"I am in the middle of a wood, consisting chiefly of fruit-trees, watered by a vast number of fountains, famous for the excellency of their water, and divided into many shady walks, upon short grass, that seems to me artificial, but, I am assured, is the pure work of nature--within view of the Black sea, from whence we perpetually enjoy the refreshment of cool breezes, that make us insensible of the heat of the summer.",1,POSITIVE,0.99856114
35,"The village is only inhabited by the richest amongst the Christians, who meet every night at a fountain, forty paces from my house, to sing and dance.",1,POSITIVE,0.99697185
35,"The beauty and dress of the women exactly resemble the ideas of the ancient nymphs, as they are given us by the representations of the poets and painters.",1,POSITIVE,0.9981935
35,"But what persuades me more fully of my decease, is the situation of my own mind, the profound ignorance I am in, of what passes among the living (which only comes to me by chance) and the great calmness with which I receive it.",1,POSITIVE,0.99834573
35,"Yet I have still a hankering after my friends and acquaintances left in the world, according to the authority of that admirable author, _That spirits departed are wondrous kind To friends and relations left behind: Which nobody can deny_.",1,POSITIVE,0.99564373
35,"Of which solemn truth, I am a _dead_ instance.",0,NEGATIVE,0.9955937
35,"I think Virgil is of the same opinion, that in human souls there will still be some remains of human passions: --_Curae non ipsae in morte relinquunt_.",1,POSITIVE,0.9952825
35,"And 'tis very necessary, to make a perfect elysium (sic), that there should be a river Lethe, which I am not so happy as to find.",1,POSITIVE,0.9694006
35,"To say truth, I am sometimes very weary of the singing, and dancing, and sunshine, and wish for the smoke and impertinencies in which you toil; though I endeavour to persuade myself, that I live in a more agreeable variety than you do; and that Monday, setting of partridges; Tuesday, reading English; Wednesday, studying in the Turkish language, (in which, by the way, I am already very learned;) Thursday, classical authors; Friday, spent in writing; Saturday, at my needle; and Sunday, admitting of visits, and hearing of music, is a better way of disposing of the week; than, Monday, at the drawing room; Tuesday, lady Mohun's; Wednesday, at the opera; Thursday, the play; Friday, Mrs Chetwynd's, &c. a perpetual round of hearing the same scandal, and seeing the same follies acted over and over, which here affect me no more than they do other dead people.",0,NEGATIVE,0.9980777
35,"I can now hear of displeasing things with pity, and without indignation.",1,POSITIVE,0.9964381
35,"The reflection on the great gulph (sic) between you and me, cools all news that come hither.",0,NEGATIVE,0.9980345
35,"I can neither be sensibly touched with joy or grief, when I consider, that possibly the cause of either is removed, before the letter comes to my hands.",0,NEGATIVE,0.9990343
35,"But (as I said before) this indolence does not extend to my few friendships; I am still warmly sensible of yours and Mr Congreve's, and desire to live in your remembrance, though dead to all the world beside.",1,POSITIVE,0.82966566
35,"I am, &c. &c.",1,POSITIVE,0.9888291
36,"I HEARTILY beg your ladyship's pardon; but I really could not forbear laughing heartily at your letter, and the commissions you are pleased to honour me with.",1,POSITIVE,0.9931782
36,"You desire me to buy you a Greek slave, who is to be mistress of a thousand good qualities.",0,NEGATIVE,0.9924696
36,"The Greeks are subjects, and not slaves.",1,POSITIVE,0.99184173
36,"Those who are to be bought in that manner, are either such as are taken in war, or stolen by the Tartars from Russia, Circassia, or Georgia, and are such miserable, awkward, poor wretches, you would not think any of them worthy to be your house-maids.",0,NEGATIVE,0.9993702
36,"'Tis true, that many thousands were taken in the Morea; but they have been, most of them, redeemed by the charitable contributions of the Christians, or ransomed by their own relations at Venice.",1,POSITIVE,0.99381536
36,"The fine slaves that wait upon the great ladies, or serve the pleasures of the great men, are all bought at the age of eight or nine years old, and educated with great care, to accomplish them in singing, dancing, embroidery, &c.  They are commonly Circassians, and their patron never sells them, except it is as a punishment for some very great fault.",1,POSITIVE,0.9976501
36,"If ever they grow weary of them, they either present them to a friend, or give them their freedom.",0,NEGATIVE,0.9579464
36,"Those that are exposed to sale at the markets, are always either guilty of some crime, or so entirely worthless, that they are of no use at all.",0,NEGATIVE,0.99866873
36,"I am afraid you will doubt the truth of this account, which, I own, is very different from our common notions in England; but it is no less truth for all that.--Your whole letter is full of mistakes, from one end to the other.",0,NEGATIVE,0.9994733
36,"I see you have taken your ideas of Turkey, from that worthy author Dumont, who has wrote with equal ignorance and confidence.",0,NEGATIVE,0.9650943
36,"'Tis a particular pleasure to me here, to read the voyages to the Levant, which are generally so far removed from truth, and so full of absurdities, I am very well diverted with them.",1,POSITIVE,0.9890319
36,"They never fail giving you an account of the women, whom, 'tis certain, they never saw, and talking very wisely of the genius of the men, into whose company they are never admitted; and very often describe mosques, which they dare not even peep into.",1,POSITIVE,0.9985105
36,"The Turks are very proud, and will not converse with a stranger they are not assured is considerable in his own country.",0,NEGATIVE,0.99769527
36,"I speak of the men of distinction; for, as to the ordinary fellows, you may imagine what ideas their conversation can give of the general genius of the people.",1,POSITIVE,0.9966846
36,"AS to the balm of Mecca, I will certainly send you some; but it is not so easily got as you suppose it, and I cannot, in conscience, advise you to make use of it.",0,NEGATIVE,0.9986825
36,I know not how it comes to have such universal applause.,1,POSITIVE,0.99234325
36,"All the ladies of my acquaintance at London and Vienna, have begged me to send pots of it to them.",1,POSITIVE,0.99736506
36,"I have had a present of a small quantity (which, I'll assure you, is very valuable) of the best sort, and with great joy applied it to my face, expecting some wonderful effect to my advantage.",1,POSITIVE,0.996143
36,"The next morning, the change indeed was wonderful; my face was swelled to a very extraordinary size, and all over as red as my lady H----'s.",1,POSITIVE,0.9973095
36,"It remained in this lamentable state three days, during which, you may be sure, I passed my time very ill.",0,NEGATIVE,0.9994207
36,"I believed it would never be otherways (sic); and to add to my mortification, Mr W----y reproached my indiscretion, without ceasing.",0,NEGATIVE,0.99884576
36,"However, my face is since _in statu quo_; nay, I am told by the ladies here, that it is much mended by the operation, which, I confess, I cannot perceive in my looking-glass.",0,NEGATIVE,0.9902322
36,"Indeed, if one was to form an opinion of this balm from their faces, one should think very well of it.",1,POSITIVE,0.99017084
36,"They all make use of it, and have the loveliest bloom in the world.",1,POSITIVE,0.99883634
36,"For my part, I never intend to endure the pain of it again; let my complexion take its natural course, and decay in its own due time.",0,NEGATIVE,0.9991764
36,"I have very little esteem for medicines of this nature, but do as you please, madam; only remember, before you use it, that your face will not be such as you will care to shew in the drawing-room for some days after.",0,NEGATIVE,0.99904585
36,"If one was to believe the women in this country, there is a surer way of making one's self beloved, than by becoming handsome; though, you know that's our method.",1,POSITIVE,0.98353547
36,"But they pretend to the knowledge of secrets, that, by way of inchantment (sic), give them the entire empire over whom they please.",0,NEGATIVE,0.9934258
36,"For me, who am not very apt to believe in wonders, I cannot find faith for this.",0,NEGATIVE,0.99949217
36,"I disputed the point last night with a lady, who really talks very sensibly on any other subject; but she was downright angry with me, in that she did not perceive, she had persuaded me of the truth of forty stories she told me of this kind; and, at last, mentioned several ridiculous marriages, that there could be no other reason assigned for.",0,NEGATIVE,0.9990314
36,"I assured her, that, in England, where we were entirely ignorant of all magic, where the climate is not half so warm, nor the women half so handsome, we were not without our ridiculous marriages; and that we did not look upon it as any thing supernatural, when a man played the fool, for the sake of a woman.",1,POSITIVE,0.98301816
36,But my arguments could not convince her against (as she said) her certain knowledge.,0,NEGATIVE,0.9949961
36,"To this she added, that she scrupled making use of _charms_ herself; but that she could do it whenever she pleased; and, staring me in the face, said, (with a very learned air) that no enchantments would have their effects upon me; and that there were some people exempt from their power, but very few.",0,NEGATIVE,0.99435246
36,You may imagine how I laughed at this discourse; but all the women are of the same opinion.,0,NEGATIVE,0.99148506
36,They don't pretend to any commerce with the devil; but only that there are certain compositions adapted to inspire love.,1,POSITIVE,0.9946289
36,"If one could send over a ship-load of them, I fancy it would be a very quick way of raising an estate.",1,POSITIVE,0.995473
36,What would not some ladies of our acquaintance give for such merchandize?,0,NEGATIVE,0.99295974
36,"Adieu, my dear lady ----.",1,POSITIVE,0.9938519
36,I cannot conclude my letter with a subject that affords more delightful scenes to the imagination.,1,POSITIVE,0.9979355
36,"I leave you to figure to yourself the extreme court that  will be made to me, at my return, if my travels should furnish me with such a useful piece of learning.",0,NEGATIVE,0.99272704
36,"I am, dear madam, yours, &c. &c.",1,POSITIVE,0.9926823
37,"I AM infinitely obliged to you, dear Mrs T---- for your entertaining letter.",1,POSITIVE,0.99880546
37,"You are the  only one of my correspondents that have judged right enough, to think I would gladly be informed of the news amongst you.",1,POSITIVE,0.9923442
37,"All the rest of them tell me, (almost in the same words) that they suppose I know every thing.",0,NEGATIVE,0.9987398
37,"Why they are pleased to suppose in this manner, I can guess no reason, except they are persuaded, that the breed of Mahomet's pigeon still subsists in this country, and that I receive supernatural intelligence.",0,NEGATIVE,0.9914115
37,I wish I could return your goodness with some diverting accounts from hence.,1,POSITIVE,0.99266475
37,"But I know not what part of the scenes here would gratify your curiosity, or whether you have any curiosity at all for things so far distant.",0,NEGATIVE,0.9992264
37,"To say the truth, I am at this present writing, not very much turned for the recollection of what is diverting, my head being wholly filled with the preparations necessary for the increase of my family, which I expect every day.",0,NEGATIVE,0.99542636
37,You may easily guess at my uneasy situation.,0,NEGATIVE,0.9968201
37,"But I am, however, comforted in some degree, by the glory that accrues to me from it, and a reflection on the contempt I should otherwise fall under.",1,POSITIVE,0.9979604
37,"You won't know what to make of this speech; but, in this country, 'tis more despicable to be married and not fruitful, than 'tis with us to be fruitful before marriage.",0,NEGATIVE,0.99732304
37,"They have a notion, that whenever a woman leaves off bringing forth children, 'tis because she is too old for that business, whatever her face says to the contrary.",0,NEGATIVE,0.99216014
37,"This opinion makes the ladies here so ready to make proofs of their youth, (which is as necessary, in order to be a _received beauty_, as it is to shew the proofs of nobility, to be admitted _knights of Malta_) that they do not content themselves with using the natural means, but fly to all sorts of quackeries, to avoid the scandal of being past childbearing, and often kill themselves by them.",0,NEGATIVE,0.9941502
37,"Without any exaggeration, all the women of my acquaintance have twelve or thirteen children; and the old ones boast of having had five and twenty, or thirty a-piece, and are respected according to the number they have produced.--When they are with child, 'tis their common expression to say, _They hope God will be so merciful as to send them two this time;_ and when I have asked them sometimes, How they expected to provide for such a flock as they desire?",0,NEGATIVE,0.9790659
37,"They answered, That the plague will certainly kill half of them; which, indeed, generally happens, without much concern to the parents, who are satisfied with the vanity of having brought forth so plentifully.",0,NEGATIVE,0.9922941
37,The French ambassadress is forced to comply with this fashion as well as myself.,0,NEGATIVE,0.9983969
37,"She has not been here much above a year, and has lain in once, and is big again.",0,NEGATIVE,0.9922279
37,"What is most wonderful, is, the exemption they seem to enjoy from the curse entailed on the sex.",1,POSITIVE,0.9982129
37,"They see all company on the day of their delivery, and, at the fortnight's end, return visits, set out in their jewels and new clothes.",1,POSITIVE,0.9985201
37,I wish I may find the influence of the climate in this particular.,1,POSITIVE,0.98735523
37,"But I fear I shall continue an English woman in that affair, as well as I do in my dread of fire and plague, which are two things very little feared here.",0,NEGATIVE,0.99488056
37,"Most families have had their houses burnt down once or twice, occasioned by their extraordinary way of warming themselves, which is neither by chimnies (sic) nor stoves, but by a certain machine called a _tendour_, the height of two feet, in the form of a table, covered with a fine carpet or embroidery.",1,POSITIVE,0.98240584
37,"This is made only of wood, and they put into it a small quantity of hot ashes, and sit with their legs under the carpet.",0,NEGATIVE,0.9936144
37,"At this table they work, read and very often, sleep; and, if they chance to dream, kick down the _tendour_, and the hot ashes commonly set the house on fire.",1,POSITIVE,0.99577916
37,"There were five hundred houses burnt in this manner about a fortnight ago, and I have seen several of the owners since, who seem not at all moved at so common a misfortune.",0,NEGATIVE,0.99565613
37,"They put their goods into a _bark_, and see their houses burn with great philosophy, their persons being very seldom endangered, having no stairs to descend.",1,POSITIVE,0.9955113
37,"BUT, having entertained you with things I don't like, 'tis but just I should tell you something that pleases me.",0,NEGATIVE,0.998617
37,The climate is delightful in the extremest degree.,1,POSITIVE,0.9986083
37,"I am  now sitting, this present fourth of January, with the windows open, enjoying the warm shine of the sun, while you are freezing over a sad sea-coal fire; and my chamber is set out with carnations, roses, and jonquils, fresh from my garden.",1,POSITIVE,0.99866444
37,"I am also charmed with many points of the Turkish law, to our shame be it spoken, better designed, and better executed than ours; particularly, the punishment of convicted liars (triumphant criminals in our country, God knows).",1,POSITIVE,0.9983589
37,"They are burnt in the forehead with a hot iron, when they are proved the authors of any notorious falsehoods.",0,NEGATIVE,0.9981479
37,How many white foreheads should we see disfigured!,0,NEGATIVE,0.99495614
37,"How many fine gentlemen would be forced to wear their wigs as low as their eye-brows, were this law in practice with us!",0,NEGATIVE,0.9970845
37,"I should go on to tell you many other parts of justice, but I must send for my midwife.",0,NEGATIVE,0.98963517
38,"I HAVE not written to you, dear sister, these many months--a great piece of self-denial.",0,NEGATIVE,0.9980947
38,"But I know not where to direct, or what part of the world you are in.",0,NEGATIVE,0.99841714
38,"I have received no letter from you since that short note of April last, in which you tell me, that you are on the point of leaving England, and promise me a direction for the place you stay in; but I have, in vain, expected it till now; and now I only learn from the gazette, that you are returned, which induces me to venture this letter to your house at London.",0,NEGATIVE,0.9981204
38,"I had rather ten of my letters should be lost, than you imagine I don't write; and I think it is hard fortune, if one in ten don't reach you.",0,NEGATIVE,0.9980198
38,"However, I am resolved to keep the copies, as testimonies of my inclination, to give you, to the utmost of my power, all the diverting part of my travels, while you are exempt from all the fatigues and inconveniences.",1,POSITIVE,0.9961779
38,"IN the first place, then, I wish you joy of your niece; for I was brought to bed of a daughter [Footnote: The present Countess of Bute] five weeks ago.",1,POSITIVE,0.9981331
38,"I don't mention this as one of my diverting adventures; though I must own, that it is not half so mortifying here as in England; there being as much difference, as there is between a little cold in the head, which sometimes happens here, and the consumption cough, so common in London.",0,NEGATIVE,0.99804664
38,"No body keeps their house a month for lying in; and I am not so fond of any of our customs, as to retain them when they are not necessary.",0,NEGATIVE,0.9976636
38,"I returned my visits at three weeks end; and, about four days ago, crossed the sea, which divides this place from Constantinople, to make a new one, where I had the good fortune to pick up many curiosities.",1,POSITIVE,0.998576
38,"I went to see the sultana: Hafiten, favourite of the late emperor Mustapha, who, you know, (or perhaps you don't know) was deposed by his brother, the reigning sultan, and died a few weeks after, being poisoned, as it was generally believed.",1,POSITIVE,0.9977175
38,"This lady was, immediately after his death, saluted with an absolute order to leave the seraglio, and chuse herself a husband among the great men at the Porte.",0,NEGATIVE,0.96577084
38,"I suppose you may imagine her overjoyed at this proposal.--Quite the contrary.--These women, who are called, and esteem themselves queens, look upon this liberty as the greatest disgrace and affront that can happen to them.",0,NEGATIVE,0.99501497
38,"She threw herself at the sultan's feet, and begged him to poniard (sic) her, rather than use his brother's widow with that contempt.",0,NEGATIVE,0.9975241
38,"She represented to him, in agonies of sorrow, that she was privileged from this misfortune, by having brought five princes into the Ottoman family; but all the boys being dead, and only one girl surviving, this excuse was not received, and she was compelled to make her choice.",0,NEGATIVE,0.9909723
38,"She chose Bekir Effendi, then secretary of state, and above four score years old, to convince the world, that she firmly intended to keep the vow she had made, of never suffering a second husband to approach her bed; and since she must honour some subject so far, as to be called his wife, she would chuse him as a mark of her gratitude, since it was he that had presented her, at the age of ten years, to, her last lord.",1,POSITIVE,0.82292134
38,"But she never permitted him to pay her one visit; though it is now fifteen years she has been in his house, where she passes her time in uninterrupted mourning, with a constancy very little known in Christendom, especially in a widow of one and twenty, for she is now but thirty-six.",1,POSITIVE,0.99468267
38,"She has no black eunuchs for her guard, her husband being obliged to respect her as a queen, and not to inquire at all into what is done in her apartment.",0,NEGATIVE,0.99775535
38,"I WAS led into a large room, with a sofa the whole length of it, adorned with white marble pillars like a _ruelle_, covered with pale blue figured velvet, on a silver ground, with cushions of the same, where I was desired to repose, till the sultana appeared, who had contrived this manner of reception, to avoid rising up at my entrance, though she made me an inclination of her head, when I rose up to her.",0,NEGATIVE,0.9943793
38,"I was very glad to observe a lady that had been distinguished by the favour of an emperor, to whom beauties were, every day, presented from all parts of the world.",1,POSITIVE,0.9982586
38,"But she did not seem to me, to have ever been half so beautiful as the fair Fatima I saw at Adrianople; though she had the remains of a fine face, more decayed by sorrow than time.",0,NEGATIVE,0.989052
38,"But her dress was something so surprisingly rich, that I cannot forbear describing it to you.",1,POSITIVE,0.9926544
38,"She wore a vest called _dualma_, which differs from a _caftan_ by longer sleeves, and folding over at the bottom.",1,POSITIVE,0.99444884
38,"It was of purple cloth, strait to her shape, and thick set, on each side, down to her feet, and round the sleeves, with pearls of the best water, of the same size as their buttons commonly are.",1,POSITIVE,0.9978167
38,"You must not suppose, that I mean as large as those of my Lord ----, but about the bigness of a pea; and to these buttons large loops of diamonds, in the form of those gold loops, so common on birth-day coats.",0,NEGATIVE,0.9897343
38,"This habit was tied, at the waist, with two large tassels of smaller pearls, and round the arms embroidered with large diamonds.",1,POSITIVE,0.98454225
38,"Her shift was fastened at the bottom with a great diamond, shaped like a lozenge; her girdle as broad as the broadest English ribband, entirely covered with diamonds.",1,POSITIVE,0.9447224
38,"Round her neck she wore three chains, which reached to her knees; one of large pearl, at the bottom of which hung a fine coloured emerald, as big as a turkey-egg; another, consisting of two hundred emeralds, close joined together, of the most lively green, perfectly matched, every one as large as a half-crown piece, and as thick as three crown pieces, and another of small emeralds, perfectly round.",1,POSITIVE,0.99725205
38,But her ear-rings eclipsed all the rest.,1,POSITIVE,0.99734896
38,"They were two diamonds, shaped exactly like pears, as large as a big hazle-nut (sic).",0,NEGATIVE,0.9923343
38,"Round her _talpoche_ she had four strings of pearl--the whitest and most perfect in the world, at least enough to make four necklaces, every one as large as the duchess of Marlborough's, and of the same shape, fastened with two roses, consisting of a large ruby for the middle stone, and round them twenty drops of clean diamonds to each.",1,POSITIVE,0.9972326
38,"Besides this, her head-dress was covered with bodkins of emeralds and diamonds.",1,POSITIVE,0.99133056
38,"She wore large diamond bracelets, and had five rings on her fingers (except Mr Pitt's) the largest I ever saw in my life.",1,POSITIVE,0.9895853
38,"'Tis for jewellers to compute the value of these things; but, according to the common estimation of jewels, in our part of the world, her whole dress must be worth a hundred thousand pounds sterling.",1,POSITIVE,0.97265625
38,"This I am sure of, that no European queen has half the quantity; and the empress's jewels, though very fine would look very mean near her's.",1,POSITIVE,0.9931883
38,"She gave me a dinner of fifty dishes of meat, which (after their fashion) were placed on the table but one at a time, and was extremely tedious.",0,NEGATIVE,0.999496
38,But the magnificence of her table answered very well to that of her dress.,1,POSITIVE,0.9984773
38,"The knives were of gold, and the hafts set with diamonds.",1,POSITIVE,0.990802
38,"But the piece of luxury which grieved my eyes, was the table-cloth and napkins, which were all tiffany, embroidered with silk and gold, in the finest manner, in natural flowers.",0,NEGATIVE,0.9833961
38,"It was with the utmost regret that I made use of these costly napkins, which were as finely wrought as the finest handkerchiefs that ever came out of this country.",0,NEGATIVE,0.99796116
38,"You may be sure, that they were entirely spoiled before dinner was over.",0,NEGATIVE,0.9990858
38,The sherbet (which is the liquor they drink at meals) was served in china bowls; but the covers and salvers massy gold.,1,POSITIVE,0.988296
38,"After dinner, water was brought in gold basons, and towels of the same kind with the napkins, which I very unwillingly wiped my hands upon, and coffee was served in china, with gold _soucoups_ [Footnote: Saucers.]",0,NEGATIVE,0.9968682
38,"THE sultana seemed in a very good humour, and talked to me with the utmost civility.",1,POSITIVE,0.99886644
38,"I did not omit this opportunity of learning all that I possibly could of the seraglio, which is so entirely unknown amongst us.",1,POSITIVE,0.99822986
38,"She assured me, that the story of the sultan's _throwing a handkerchief_, is altogether fabulous; and the manner, upon that occasion, no other than this: He sends the _kyslir aga_, to signify to the lady the honour he intends her.",1,POSITIVE,0.9953297
38,"She is immediately complimented upon it, by the others, and led to the bath, where she is perfumed and dressed in the most magnificent and becoming manner.",1,POSITIVE,0.9986162
38,"The emperor precedes his visit by a royal present, and then comes into her apartment: neither is there any such thing as her creeping in at the bed's foot.",1,POSITIVE,0.98908114
38,"She said, that the first he made choice of was always after the first in rank, and not the mother of the eldest son, as other writers would make us believe.",1,POSITIVE,0.99527484
38,"Sometimes the sultan diverts himself in the company of all his ladies, who stand in a circle round him.",1,POSITIVE,0.99365765
38,"And she confessed, they were ready to die with envy and jealousy of the _happy she_ that he distinguished by any appearance of preference.",0,NEGATIVE,0.9979933
38,"But this seemed to me neither better nor worse than the circles in most courts, where the glance of the monarch is watched, and every smile is waited for with impatience, and envied by those who cannot obtain it.",1,POSITIVE,0.9892561
38,"SHE never mentioned the sultan without tears in her eyes, yet she seemed very fond of the discourse.",1,POSITIVE,0.9979622
38,"""My past happiness, _said she_, ""appears a dream to me.",0,NEGATIVE,0.9962315
38,"Yet I cannot forget, that I was beloved by ""the greatest and most lovely of mankind.",1,POSITIVE,0.9936735
38,"I was chosen from all the ""rest, to make all his campaigns with him; and I would not survive ""him, if I was not passionately fond of the princess my daughter.",1,POSITIVE,0.9966052
38,"""Yet all my tenderness for her was hardly enough to make me preserve ""my life.",0,NEGATIVE,0.9970308
38,"When I left him, I passed a whole twelvemonth without ""seeing the light.",0,NEGATIVE,0.9977532
38,"Time has softened my despair; yet I now pass some ""days every week in tears, devoted to the memory of my sultan.""",0,NEGATIVE,0.90082616
38,There was no affectation in these words.,1,POSITIVE,0.86772
38,"It was easy to see she was in a deep melancholy, though her good humour made her willing to divert me.",0,NEGATIVE,0.99590176
38,"SHE asked me to walk in her garden, and one of her slaves immediately brought her a _pellice_ of rich brocade lined with sables.",1,POSITIVE,0.9973768
38,"I waited on her into the garden, which had nothing in it remarkable but the fountains; and from thence she shewed me all her apartments.",0,NEGATIVE,0.99887866
38,"In her bed-chamber, her toilet was displayed, consisting of two looking-glasses, the frames covered With pearls, and her night _talpoche_ set with bodkins of jewels, and near it three vests of fine sables, every one of which is, at least, worth a thousand dollars, (two hundred pounds English money.)",1,POSITIVE,0.99448806
38,"I don't doubt but these rich habits were purposely placed in sight, though they seemed negligently thrown on the sofa.",1,POSITIVE,0.991781
38,"When I took my leave of her, I was complimented with perfumes, as at the grand vizier's, and presented with a very fine embroidered handkerchief.",1,POSITIVE,0.9987452
38,"Her slaves were to the number of thirty, besides ten little ones, the eldest not above seven years old.",0,NEGATIVE,0.98201865
38,"These were the most beautiful girls I ever saw, all richly dressed; and I observed that the sultana took a great deal of pleasure in these lovely children, which is a vast expence; for there is not a handsome girl of that age to be bought under a hundred pounds sterling.",1,POSITIVE,0.9981517
38,"They wore little garlands of flowers, and their own hair, braided, which was all their head-dress; but their habits were all of gold stuffs.",0,NEGATIVE,0.99299675
38,"These served her coffee kneeling; brought water when she washed, &c.--'Tis a great part of the work of the older slaves to take care of these young girls, to learn them to embroider, and to serve them as carefully as if they were children of the family.",1,POSITIVE,0.998554
38,"Now, do you imagine I have entertained you, all this while, with a relation that has, at least, received many embellishments from my hand?",0,NEGATIVE,0.9993102
38,"This, you will say, is but too like the Arabian tales.--These embroidered napkins!",0,NEGATIVE,0.9983131
38,"and a jewel as large as a turkey's egg!--You forget, dear sister, those very tales were written by an author of this country, and (excepting the enchantments) are a real representation of the manners here.",1,POSITIVE,0.99789923
38,"We travellers are in very hard circumstances: If we say nothing but what has been said before us, _we are dull, and we have  observed nothing_.",0,NEGATIVE,0.9989971
38,"If we tell any thing new, we are laughed at as _fabulous and romantic_, not allowing either for the difference of ranks, which affords difference of company, or more curiosity, or the change of customs, that happen every twenty years in every country.",0,NEGATIVE,0.99940115
38,"But the truth is, people judge of travellers, exactly with the same candour, good nature, and impartiality, they judge of their neighbours upon all occasions.",1,POSITIVE,0.9977578
38,"For my part, if I live to return amongst you, I am so well acquainted with the morals of all my dear friends and acquaintances, that I am resolved to tell them nothing at all, to avoid the imputation (which their charity would certainly incline them to) of my telling too much.",1,POSITIVE,0.9770112
38,"But I depend upon your knowing me enough, to believe whatever I seriously assert for truth; though I give you leave to be surprised at an account so new to you.",1,POSITIVE,0.9969882
38,"But what would you say if I told you, that I have been in a haram, where the winter apartment was wainscoted (sic) with inlaid work of mother of pearl, ivory of different colours, and olive wood, exactly like the little boxes you have seen brought Out of this country; and in whose rooms designed for summer, the walls are all crusted with japan china, the roofs gilt, and the floors spread with the finest Persian carpets?",0,NEGATIVE,0.9919174
38,"Yet there is nothing more true; such is the palace of my lovely friend, the fair Fatima, whom I was acquainted with at Adrianople.",1,POSITIVE,0.99673176
38,"I went to visit her yesterday; and, if possible, she appeared to me handsomer than before.",1,POSITIVE,0.9982555
38,"She met me at the door of her chamber, and, giving me her hand With the best grace in the world; You Christian ladies (said she, with a smile that made her as beautiful as an angel) have the reputation of inconstancy, and I did not expect, whatever goodness you expressed for me at Adrianople, that I should ever see you again.",1,POSITIVE,0.9987586
38,"But I am now convinced that I have really the happiness of pleasing you; and, if you knew how I speak of you amongst our ladies, you would be assured, that you do me justice in making me your friend.",1,POSITIVE,0.99870676
38,"She placed me in the corner of the sofa, and I spent the afternoon in her conversation, with the greatest pleasure in the world.--The sultana Hafiten is, what one Would naturally expect to find a Turkish lady, willing to oblige, but not knowing how to go about it; and 'tis easy to see, in her manner, that she has lived excluded from the world.",1,POSITIVE,0.99883795
38,"But Fatima has all the politeness and good breeding of a court, with an air that inspires, at once, respect and tenderness; and now, that I understand her language, I find her wit as agreeable as her beauty.",1,POSITIVE,0.99883705
38,"She is very carious after the manners of other countries, and has not the partiality for her own, so common in little minds.",1,POSITIVE,0.99808073
38,"A Greek that I carried with me, who had never seen her before, (nor could have been admitted now, if she had not been in my train,) shewed that surprise at her beauty and manners, which is unavoidable at the first sight, and said to me in Italian,--_This is no Turkish lady, she is certainly some Christian_.--Fatima guessed she spoke of her, and asked what she said.",1,POSITIVE,0.9893816
38,"I would not have told her, thinking she would have been no better pleased with the compliment, than one of our court beauties to be told she had the air of a Turk; but the Greek lady told it to her; and she smiled, saying, _It is not the first time I have heard so: my mother was a Poloneze, taken at the siege of Caminiec; and my father used to rally me, saying, He believed his Christian wife had found some gallant; for that I had not the air of a Turkish girl_.--I assured her, that if all the Turkish ladies were like her, it was absolute necessary to confine them from public view, for the repose of mankind; and proceeded to tell her, what a noise such a face as hers would make in London or Paris.",0,NEGATIVE,0.9924283
38,"_I can't believe you_, replied she agreeably; _if beauty was so much valued in your country, as you say, they would never have suffered you to leave it_.--Perhaps, dear sister, you laugh at my vanity in repeating this compliment; but I only do it, as I think it very well turned, and give it you as an instance of the spirit of her conversation.",1,POSITIVE,0.9983349
38,"Her house was magnificently furnished, and very well fancied; her winter rooms being furnished with figured velvet, on gold grounds, and those for summer, with fine Indian quilting embroidered with gold.",1,POSITIVE,0.9985407
38,The houses of the great Turkish ladies are kept clean with as much nicety as those in Holland.,1,POSITIVE,0.99870694
38,"This was situated in a high part of the town; and from the window of her summer apartment, we had the prospect of the sea, the islands, and the Asian mountains.--My letter is insensibly grown so long, I am ashamed of it.",0,NEGATIVE,0.9967097
38,This is a very bad symptom.,0,NEGATIVE,0.9994863
38,'Tis well if I don't degenerate into a downright story-teller.,0,NEGATIVE,0.99435455
38,"It may be, our proverb, that _knowledge is no burden_, may be true, as to one's self but knowing too much, is very apt to make us troublesome to other people.",0,NEGATIVE,0.99713033
38,"I am, &c, &c.",1,POSITIVE,0.9886571
39,"I AM extremely pleased, my dear lady, that you have, at length, found a commission for me, that I can answer, without disappointing your expectations; though I must tell you, that it is not so easy as perhaps you think it; and that if my curiosity had not been more diligent than any other stranger's has ever yet been, I must have answered you with an excuse, as, I was forced to do, when you desired me to buy you a Greek slave.",1,POSITIVE,0.99514973
39,"I have got for you, as you desire, a Turkish love-letter, which I have put into a little box, and ordered the captain of the Smyrniote to deliver it to you with this letter.",1,POSITIVE,0.97013366
39,"The translation of it is literally as follows: The first piece you should pull out of the purse, is a little pearl, which is in Turkish called _Ingi_, and must be understood in this manner: Ingi,              Sensin Uzellerin gingi _Pearl_,          _Fairest of the young_.",1,POSITIVE,0.9880357
39,"Caremfil,          Caremfilsen cararen yok _Clove_,           Conge gulsum timarin yok Benseny chok than severim Senin benden, haberin yok.",1,POSITIVE,0.9903957
39,"_You are as slender as the clove!_ _You are an unblown rose!_ _I have long loved you, and you have not known it!_ Pul,               Derdime derman bul _Jonquil_,        _Have pity on my passion!_ Kihat,             Birlerum sahat sahat _Paper_,          _I faint every hour!_ Ermus,             Ver bixe bir umut _Pear_,           _Give me some hope._ Jabun,             Derdinden oldum zabun _Soap_,           _I am sick with love._ Chemur,            Ben oliyim size umur _Coal_,           _May I die, and all my years be yours!_ GUl                Ben aglarum sen gul _A rose_,         _May you be pleased, and your sorrows mine!_ Hasir,             Oliim sana yazir _A straw_,        _Suffer me to be your slave._ Jo ho,             Ustune bulunmaz pahu _Cloth_,          _Your price is not to be found._ Tartsin,           Sen ghel ben chekeim senin hargin _Cinnamon_,       _But my fortune is yours._ Giro,              Esking-ilen oldum ghira _A match_,        _I burn, I burn!",0,NEGATIVE,0.9791556
39,"my flame consumes me!_ Sirma,             Uzunu benden a yirma _Goldthread_,     _Don't turn away your face._ Satch,             Bazmazum tatch _Hair_,           _Crown of my head!_ Uzum               Benim iki Guzum _Grape_,          _My eyes!_ Til,               Ulugorum tez ghel _Gold wire_,      _I die--come quickly._ And, by way of postscript: Beber,             Bize bir dogm haber _Pepper_,         _Send me an answer._ You see this letter is all in verse, and I can assure you, there is as much fancy shewn in the choice of them, as in the most studied expressions of our letters; there being, I believe, a million of verses designed for this use.",1,POSITIVE,0.99387944
39,"There is no colour, no flower, no weed, no fruit, herb, pebble, or feather, that has not a verse belonging to it; and you may quarrel, reproach, or send letters of passion, friendship, or civility, or even Of news, without ever inking your fingers.",1,POSITIVE,0.9974863
39,"I FANCY you are now wondering at my profound learning; but, alas!",0,NEGATIVE,0.99946797
39,"dear madam, I am almost fallen into the misfortune so common to the ambitious; while they are employed on distant insignificant conquests abroad, a rebellion starts up at home;--I am in great danger of losing my English.",0,NEGATIVE,0.99527425
39,"I find 'tis not half so easy to me to write in it, as it was a twelvemonth ago.",0,NEGATIVE,0.9994267
39,"I am forced to study for expressions, and must leave off all other languages, and try to learn my mother tongue.--Human understanding is as much limited as human power, or human strength.",0,NEGATIVE,0.99469537
39,"The memory can retain but a certain number of images; and 'tis as impossible for one human creature to be perfect master of ten different languages, as to have, in perfect subjection, ten different kingdoms, or to fight against ten men at a time; I am afraid I shall at last know none as I should do.",0,NEGATIVE,0.99738985
39,"I live in a place, that very well represents the tower of Babel: in Pera they speak Turkish, Greek, Hebrew, Armenian, Arabic, Persian, Russian, Sclavonian, Walachian, German, Dutch, French, English, Italian, Hungarian; and, what is worse, there are ten of these languages spoken in my own family.",0,NEGATIVE,0.9959187
39,"My grooms are Arabs; my footmen French, English, and Germans; my nurse an Armenian; my house-maids Russians; half a dozen other servants, Greeks; my steward an Italian; my janizaries Turks; so that I live in the perpetual hearing of this medley of sounds, which produces a very extraordinary effect upon the people that are born here; for they learn all these languages at the same time, and without knowing any of them well enough to write or read in it.",1,POSITIVE,0.9964082
39,"There are very few men, women, or even children here, that have not the same compass of words in five or six of them.",0,NEGATIVE,0.99541724
39,"I know, myself, several infants of three or four years old, that speak Italian, French, Greek, Turkish, and Russian, which last they learn of their nurses, who are generally of that country.",1,POSITIVE,0.9928163
39,"This seems almost incredible to you, and is, in my mind, one of the most curious things in this country, and takes off very much from the merit of our ladies, who set up for such extraordinary geniuses, upon the credit of some superficial knowledge of French and Italian.",0,NEGATIVE,0.9987988
39,"AS I prefer English to all the rest, I am extremely mortified at the daily decay of it in my head, where I'll assure you (with grief of heart) it is reduced to such a small number of words, I cannot recollect any tolerable phrase to conclude my letter with, and am forced to tell your ladyship very bluntly, that I am, Your's, &C. &c.",0,NEGATIVE,0.9994656
40,AT length I have heard from my dear Lady B---- for the first time.,1,POSITIVE,0.99613124
40,"I am persuaded you have had the goodness to write before, but I have had the ill fortune to lose your letters.",0,NEGATIVE,0.99753463
40,"Since my last, I have staid (sic) quietly at Constantinople, a city that I ought in conscience to give your ladyship a right notion of, since I know you can have none but what is partial and mistaken from the writings of travellers.",0,NEGATIVE,0.998778
40,"'Tis certain, there are many people that pass years here in Pera, without having ever seen it, and yet they all pretend to describe it.",1,POSITIVE,0.91811305
40,"Pera, Tophana, and Galata, wholly inhabited by French Christians (and which, together, make the appearance of a very fine town,) are divided from it by the sea, which is not above half so broad as the broadest part of the Thames; but the Christian men are loth to hazard the adventures they sometimes meet with amongst the _levents_ or seamen, (worse monsters than our watermen) and the women must cover their faces to go there, which they have a perfect aversion to do.",0,NEGATIVE,0.98419666
40,"'Tis true, they wear veils in Pera, but they are such as only serve to shew their beauty to more advantage, and would not be permitted in Constantinople.",0,NEGATIVE,0.99813795
40,These reasons deter almost every creature from seeing it; and the French ambassadress will return to France (I believe) without ever having been there.,0,NEGATIVE,0.9992988
40,"You'll wonder, madam, to hear me add, that I have been there very often.",1,POSITIVE,0.9898915
40,"The _asmack_, or Turkish veil, is become not only very easy, but agreeable to me; and, if it was not, I would be content to endure some inconveniency, to gratify a passion that is become so powerful with me, as curiosity.",1,POSITIVE,0.9986504
40,"And, indeed, the pleasure of going in a barge to Chelsea, is not comparable to that of rowing upon the canal of the sea here, where, for twenty miles together, down the Bosphorus, the most beautiful variety of prospects present themselves.",1,POSITIVE,0.9988971
40,"The Asian side is covered with fruit-trees, villages, and the most delightful landskips (sic) in nature; on the European, stands Constantinople, situated on seven hills.--The unequal heights make it seem as large again as it is, (though one of the largest cities in the world) shewing an agreeable mixture of gardens, pine and cypress-trees, palaces, mosques, and public buildings, raised one above another, with as much beauty and appearance of symmetry, as your ladyship ever saw in a cabinet, adorned by the most skilful hands, where jars shew themselves above jars, mixed with canisters, babies and candlesticks.",1,POSITIVE,0.9985671
40,This is a very odd comparison; but it gives me an exact idea of the thing.,1,POSITIVE,0.9961034
40,I have taken care to see as much of the seraglio as is to be seen.,1,POSITIVE,0.99745214
40,"It is on a point of land running into the sea; a palace of prodigious extent, but very irregular.",0,NEGATIVE,0.9676395
40,"The gardens take in a large compass of ground, full of high cypress-trees, which is all I know of them.",0,NEGATIVE,0.988751
40,"The buildings are all of white stone, leaded on the top, with gilded turrets and spires, which look very magnificent; and, indeed, I believe there is no Christian-king's palace half so large.",1,POSITIVE,0.9985422
40,"There are six large courts in it, all built round, and set with trees, having galleries of stone; one of these for the guard, another for the slaves, another for the officers of the kitchen, another for the stables, the fifth for the divan, and the sixth for the apartment destined for audiences.",1,POSITIVE,0.99760896
40,"On the ladies side, there are, at least, as many more, with distinct courts belonging to their eunuchs and attendants, their kitchens, &c. THE next remarkable structure is that of St Sophia which is very difficult to see.",1,POSITIVE,0.9966113
40,"I was forced to send three times to the _caimairam_, (the governor of the town) and he assembled the chief _effendis_, or heads of the law, and enquired of the _mufti_, whether it was lawful to permit it.",0,NEGATIVE,0.99827105
40,"They passed some days in this important debate; but I insisting on my request, permission was granted.",1,POSITIVE,0.99864
40,"I can't be informed why the Turks are more delicate on the subject of this mosque, than on any of the others, where what Christian pleases may enter without scruple.",0,NEGATIVE,0.99498755
40,"I fancy they imagine, that, having been once consecrated, people, on pretence of curiosity, might profane it with prayers, particularly to those saints, who are still very visible in Mosaic work, and no other way defaced but by the decays of time; for it is absolutely false, though so universally asserted, that the Turks defaced all the images that they found in the city.",0,NEGATIVE,0.9961975
40,"The dome of St Sophia is said to be one hundred and thirteen feet diameter, built upon arches, sustained by vast pillars of marble, the pavement and stair-case marble.",1,POSITIVE,0.9929758
40,"There are two rows of galleries, supported with pillars of party-coloured (sic) marble, and the whole roof Mosaic work, part of which decays very fast, and drops down.",0,NEGATIVE,0.9978962
40,"They presented me a handful of it; its composition seems to me a sort of glass, or that paste with which they make counterfeit jewels.",0,NEGATIVE,0.9965033
40,"They shew here the tomb of the emperor Constantine, for which they have a great veneration.",1,POSITIVE,0.9973677
40,"THIS is a dull, imperfect description, of this celebrated building; but I understand architecture so little, that I am afraid of talking nonsense, in endeavouring to speak of it particularly.",0,NEGATIVE,0.9983004
40,"Perhaps I am in the wrong, but some Turkish mosques please me better.",1,POSITIVE,0.99091744
40,"That of sultan Solyman is an exact square, with four fine towers in the angles, in the midst is a noble cupola, supported with beautiful marble pillars; two lesser at the ends, supported in the same manner; the pavement and gallery round the mosque, of marble; under the great cupola is a fountain, adorned with such fine coloured pillars, that I can hardly think them natural marble; on one side is the pulpit, of white marble, and on the other, the little gallery for the grand signior.",1,POSITIVE,0.9986797
40,"A fine stair-case leads to it, and it is built up with gilded lattices.",1,POSITIVE,0.9987796
40,"At the upper end is a sort of altar, where the name of God is written; and before it stand two candlesticks, as high as a man, with wax candles as thick as three flambeaux.",1,POSITIVE,0.9767938
40,"The pavement is spread with fine carpets, and the mosque illuminated with a vast number of lamps.",1,POSITIVE,0.9975728
40,"The court leading to it is very spacious, with galleries of marble, of green columns, covered with twenty-eight leaded cupolas on two sides, and a fine fountain of basins in the midst of it.",1,POSITIVE,0.9987242
40,THIS description may serve for all the mosques in Constantinople.,1,POSITIVE,0.98481095
40,"The model is exactly the same, and they only differ in largeness and richness of materials.",1,POSITIVE,0.986227
40,"That of the sultana Valida is the largest of all, built entirely of marble, the most prodigious, and, I think, the most beautiful structure I ever saw, be it spoken to the honour of our sex, for it was founded by the mother of Mahomet IV.",1,POSITIVE,0.9987118
40,"Between friends, Paul's church would make a pitiful figure near it, as any of our squares would do near the _atlerdan_, or place of horses, (_at_ signifying a horse in Turkish).",0,NEGATIVE,0.99818575
40,"This was the _hippodrome_, in the reign of the Greek emperors.",1,POSITIVE,0.9924133
40,"In the midst of it is a brazen column, of three serpents twisted together, with their mouths gaping.",0,NEGATIVE,0.99778056
40,"'Tis impossible to learn why so odd a pillar was erected; the Greeks can tell nothing but fabulous legends, when they are asked the meaning of it, and there is no sign of its having ever had any inscription.",0,NEGATIVE,0.9984922
40,"At the upper end is an obelisk of porphyry, probably brought from Egypt, the hieroglyphics all very entire, which I look upon as mere ancient puns.",0,NEGATIVE,0.99890894
40,"It is placed on four little brazen pillars, upon a pedestal of square free stone, full of figures in bas-relief on two sides; one square representing a battle, another an assembly.",1,POSITIVE,0.9981208
40,"The others have inscriptions in Greek and Latin; the last I took in my pocket-book, and it is as follows: _Difficilis quondam, dominis parere serenis Jussus, et extinctis palman portare tyrannis Omnia Theodosio cedunt, sobolique perenni_.",0,NEGATIVE,0.9829154
40,Your lord will interpret these lines.,1,POSITIVE,0.9634522
40,Don't fancy they are a love-letter to him.,0,NEGATIVE,0.9994295
40,"ALL the figures have their heads on; and I cannot forbear reflecting again on the impudence of authors, who all say they have not; but I dare swear the greatest part of them never saw them; but took the report from the Greeks, who resist, with incredible fortitude, the conviction of their own eyes, whenever they have invented lies to the dishonour of their enemies.",0,NEGATIVE,0.9920713
40,"Were you to believe them, there is nothing worth seeing in Constantinople, but Sancta Sophia, though there are several large, and, in my opinion, more beautiful mosques in that city.",0,NEGATIVE,0.99921614
40,"That of sultan Achmet has this particularity, that its gates are of brass.",0,NEGATIVE,0.9920892
40,"In all these mosques there are little chapels, where are the tombs of the founders and their families, with wax candles burning before them.",1,POSITIVE,0.98064095
40,"THE Exchanges are all noble buildings, full of fine alleys, the greatest part supported with pillars, and kept wonderfully neat.",1,POSITIVE,0.9988634
40,"Every trade has its distinct alley, where the merchandize is disposed in the same order as in the New Exchange at London.",1,POSITIVE,0.9982506
40,"The _besisten_, or jeweller's quarter, shews so much riches, such a vast quantity of diamonds, and all kinds of precious stones, that they dazzle the sight.",1,POSITIVE,0.9979124
40,"The embroiderer's is also very glittering, and people walk here as much for diversion as business.",1,POSITIVE,0.9987122
40,"The markets are most of them handsome squares, and admirably well provided, perhaps better than in any other part of the world.",1,POSITIVE,0.9988403
40,"I KNOW, you'll expect I should say something particular of the slaves; and you will imagine me half a Turk, when I don't speak of it with the same horror other Christians have done before me.",1,POSITIVE,0.99460405
40,"But I cannot forbear applauding the humanity of the Turks to these creatures; they are never ill used, and their slavery is, in my opinion, no worse than servitude all over the world.",1,POSITIVE,0.5123646
40,"'Tis true, they have no wages; but they give them yearly clothes to a higher value than our salaries to our ordinary servants.",0,NEGATIVE,0.9805822
40,"But you'll object, that men buy women _with an eye to evil_.",0,NEGATIVE,0.98499084
40,"In my opinion, they are bought and sold as publicly, and as infamously, in all our Christian great cities.",1,POSITIVE,0.9968499
40,"I MUST add to the description of Constantinople, that the _historical_ pillar is no more.",0,NEGATIVE,0.99001956
40,It dropped down about two years before I came to this part of the world.,0,NEGATIVE,0.99735564
40,"I have seen no other footsteps of antiquity, except the aqueducts, which are so vast, that I am apt to believe they are yet more ancient than the Greek empire.",1,POSITIVE,0.9849244
40,"The Turks indeed have clapped in some stones with Turkish inscriptions, to give their natives the honour of so great a work; but the deceit is easily discovered.--The other public buildings are the hanns and monasteries; the first are very large and numerous; the second few in number, and not at all magnificent.",0,NEGATIVE,0.99008775
40,"I had the curiosity to visit one of them, and to observe the devotions of the dervises, which are as whimsical as any at Rome.",1,POSITIVE,0.99882513
40,"These fellows have permission to marry, but are confined to an odd habit, which is only a piece of coarse white cloth, wrapped about them, with their legs and arms naked.",0,NEGATIVE,0.9947621
40,"Their order has few other rules, except that of performing their fantastic rites, every Tuesday and Friday, which is done in this manner: They meet together in a large hall, where they all stand with their eyes fixed on the ground, and their arms across, while the _imaum_ or preacher reads part of the alcoran from a pulpit placed in the midst; and when he has done, eight or ten of them make a melancholy concert with their pipes, which are no unmusical instruments.",1,POSITIVE,0.9972903
40,"Then he reads again, and makes a short exposition on what he has read; after which they sing and play, 'till their superior (the only one of them dressed in green) rises and begins a sort of solemn dance.",1,POSITIVE,0.99564576
40,"They all stand about him in a regular figure; and while some play, the others tie their robe (which is very wide) fast round their waist, and begin to turn round with an amazing swiftness, and yet with great regard to the music, moving slower or faster as the tune is played.",1,POSITIVE,0.9978689
40,"This lasts above an hour, without any of them shewing the least appearance of giddiness, which is not to be wondered at, when it is considered they are all used to it from their infancy; most of them being devoted to this way of life from their birth.",1,POSITIVE,0.9984734
40,"There turned amongst them some little dervises, of six or seven years old, who seemed no more disordered by that exercise than the others.",0,NEGATIVE,0.98925453
40,"At the end of the ceremony, they shout out, _There is no other god, but God, and Mahomet his prophet;_ after which, they kiss the superior's hand, and retire.",1,POSITIVE,0.99358714
40,The whole is performed with the most solemn gravity.,1,POSITIVE,0.98807794
40,"Nothing can be more austere than the form of these people; they never raise their eyes, and seem devoted to contemplation.",0,NEGATIVE,0.9905379
40,"And as ridiculous as this is in description, there is something touching in the air of submission and mortification they assume.--This letter is of a horrible length; but you may burn it when you have read enough, &c. &c.",0,NEGATIVE,0.9987065
41,"I AM now preparing to leave Constantinople and perhaps you will accuse me of hypocrisy, when I tell you 'tis with regret, but as I am used to the air, and have learnt the language, I am easy here; and as much as I love travelling, I tremble at the inconveniencies attending so great a journey, with a numerous family, and a little infant hanging at the breast.",1,POSITIVE,0.9986535
41,"However, I endeavour, upon this occasion, to do, as I have hitherto done in all the odd turns of my life; turn them, if I can, to my diversion.",0,NEGATIVE,0.9895025
41,"In order to this, I ramble every day, wrapped up in my _serigee_ and _asmack_, about Constantinople, and amuse myself with seeing all that is curious in it.",1,POSITIVE,0.9988288
41,I know you will expect that this declaration should be followed with some account of what I have seen.,0,NEGATIVE,0.9973479
41,But I am in no humour to copy what has been writ so often over.,0,NEGATIVE,0.9994613
41,"To what purpose should I tell you, that Constantinople is the ancient Byzantium?",0,NEGATIVE,0.99797577
41,"that 'tis at present the conquest of a race of people, supposed Scythians?",0,NEGATIVE,0.98412645
41,that there are five or six thousand mosques in it?,0,NEGATIVE,0.99528253
41,that Sancta Sophia was founded by Justinian?,0,NEGATIVE,0.9839948
41,"&c.  I'll assure you, 'tis not for want of learning, that I forbear writing all these bright things.",0,NEGATIVE,0.9939062
41,"I could also, with very little trouble, turn over Knolles and Sir Paul Rycaut, to give you a list of Turkish emperors; but I will not tell you what you may find in every author that has writ of this country.",0,NEGATIVE,0.99576616
41,"I am more inclined, out of a true female spirit of contradiction, to tell you the falsehood of a great part of what you find in authors; as, for instance, in the admirable Mr Hill, who so gravely asserts, that he saw, in Sancta Sophia, a sweating pillar, very balsamic for disordered heads.",0,NEGATIVE,0.9981898
41,"There is not the least tradition of any such matter; and I suppose it was revealed to him in vision, during his wonderful stay in the Egyptian catacombs; for I am sure he never heard of any such miracle here.",1,POSITIVE,0.93184507
41,"'Tis also very pleasant to observe how tenderly he and all his brethren voyage-writers lament the miserable confinement of the Turkish ladies, who are perhaps more free than any ladies in the universe, and are the only women in the world that lead a life of uninterrupted pleasure, exempt from cares; their whole time being spent in visiting, bathing, or the agreeable amusement of spending money, and inventing new fashions.",1,POSITIVE,0.99816436
41,"A husband would be thought mad, that exacted any degree of economy from his wife, whose expences are no way limited but by her own fancy.",0,NEGATIVE,0.99787575
41,"'Tis his business to get money, and hers to spend it: and this noble prerogative extends itself to the very meanest of the sex.",1,POSITIVE,0.99683195
41,Here is a fellow that carries embroidered handkerchiefs upon his back to sell.,1,POSITIVE,0.9568902
41,"And as miserable a figure as you may suppose such a mean dealer, yet, I'll assure you, his wife scorns to wear any thing less than cloth of gold; has her ermine furs, and a very handsome set of jewels for her head.",1,POSITIVE,0.9963409
41,"'Tis true, they have no places but the bagnios, and these can only be seen by their own sex; however, that is a diversion they take great pleasure in.",1,POSITIVE,0.99797285
41,"I WAS, three days ago, at one of the finest in the town, and had the opportunity of seeing a Turkish bride received there, and all the ceremony used on that occasion, which made me recollect the epithalamium of Helen, by Theocritus; and it seems to me, that the same customs have continued ever since.",0,NEGATIVE,0.99795383
41,"All the she-friends, relations and acquaintance of the two families, newly allied, meet at the bagnio; several others go, out Of curiosity, and I believe there were that day two hundred women.",1,POSITIVE,0.9960438
41,"Those that were, or had been married, placed themselves round the rooms, on the marble sofas; but the virgins very hastily threw off their clothes, and appeared without other ornament or covering, than their own long hair braided with pearl or ribbon.",0,NEGATIVE,0.9880792
41,"Two of them met the bride at the door, conducted by her mother and another grave relation.",1,POSITIVE,0.9906497
41,"She was a beautiful maid of about seventeen, very richly dressed, and shining with jewels, but was presently reduced to the state of nature.",0,NEGATIVE,0.9915961
41,"Two others filled silver gilt pots with perfume, and began the procession, the rest following in pairs, to the number of thirty.",1,POSITIVE,0.99528915
41,"The leaders sung an epithalamium, answered by the others in chorus, and the two last led the fair bride, her eyes fixed on the ground, with a charming affectation of modesty.",1,POSITIVE,0.99784446
41,In this order they marched round the three largest rooms of the bagnio.,1,POSITIVE,0.9964942
41,"'Tis not easy to represent to you the beauty of this sight, most of them being well proportioned and white skinned; all of them perfectly smooth and polished by the frequent use of bathing.",1,POSITIVE,0.9986847
41,"After having made their tour, the bride was again led to every matron round the rooms, who saluted her with a compliment and a present, some of jewels, others of pieces of stuff, handkerchiefs or little gallantries of that nature, which she thanked them for, by kissing their hands.",1,POSITIVE,0.9983287
41,"I was very well pleased with having seen this ceremony; and you may believe me, the Turkish ladies have, at least, as much wit and civility, nay liberty, as among us.",1,POSITIVE,0.9987933
41,"'Tis true, the same customs that give them so many opportunities of gratifying their evil inclinations (if they have any), also put it very fully in the power of their husbands to revenge themselves, if they are discovered; and I do not doubt, but they suffer sometimes for their indiscretions in a very severe manner.",1,POSITIVE,0.9921771
41,"About two months ago, there was found at day break, not very far from my house, the bleeding body of a young woman, naked, only wrapped in a course sheet, with two wounds of a knife, one in her side, and another in her breast.",0,NEGATIVE,0.98502725
41,"She was not quite cold, and was so surprisingly beautiful, that there were very few men in Pera, that did not go to look upon her; but it was not possible for any body to know her, no woman's face being known.",1,POSITIVE,0.99799275
41,"She was supposed to have been brought, in the dead of the night, from the Constantinople side, and laid there.",0,NEGATIVE,0.9941521
41,"Very little inquiry was made about the murderer, and the corpse was privately buried without noise.",0,NEGATIVE,0.998856
41,"Murder is never pursued by the king's officers, as with us.",1,POSITIVE,0.98127013
41,'Tis the business of the next relations to revenge the dead person; and if they like better to compound the matter for money (as they generally do) there is no more said of it.,0,NEGATIVE,0.998171
41,"One would imagine this defect in their government should make such tragedies very frequent, yet they are extremely rare; which is enough to prove the people are not naturally cruel.",0,NEGATIVE,0.9892937
41,"Neither do I think, in many other particulars, they deserve the barbarous character we give them.",0,NEGATIVE,0.9994912
41,"I am well acquainted with a Christian woman of quality, who made it her choice to live with a Turkish husband, and is a very agreeable sensible lady.",1,POSITIVE,0.9986301
41,"Her story is so extraordinary, I cannot forbear relating it; but I promise you, it shall be in as few words as I can possibly express it.",1,POSITIVE,0.99231106
41,"SHE is a Spaniard, and was at Naples with her family, When that kingdom was part of the Spanish dominion.",1,POSITIVE,0.9934332
41,"Coming from thence in a felucca, accompanied by her brother, they were attacked by the Turkish admiral, boarded and taken.--And now how shall I modestly tell you the rest of her adventure?",0,NEGATIVE,0.9867676
41,"The same accident happened to her, that happened to the fair Lucretia so many years before her.",0,NEGATIVE,0.99132264
41,"But she was too good a Christian to kill herself, as that heathenish Roman did.",1,POSITIVE,0.9972743
41,"The admiral was so much charmed with the beauty and long-suffering of the fair captive, that, as his first compliment, he gave immediate liberty to her brother and attendants, who made haste to Spain, and, in a few months, sent the sum of four thousand pounds sterling, as a ransom for his sister.",1,POSITIVE,0.99709177
41,"The Turk took the money, which he presented to her, and told her she was at liberty.",0,NEGATIVE,0.9921258
41,But the lady very discreetly weighed the different treatment she was likely to find in her native country.,1,POSITIVE,0.9972207
41,"Her relations (as the kindest thing they could do for her in her present circumstances) would certainly confine her to a nunnery for the rest of her days.--Her infidel lover was very handsome, very tender, very fond of her, and lavished at her feet all the Turkish magnificence.",0,NEGATIVE,0.9788208
41,"She answered him very resolutely, that her liberty was not so precious to her as her honour; that he could no way restore that, but by marrying her; and she therefore desired him to accept the ransom as her portion, and give her the satisfaction of knowing, that no man could boast of her favours, without being her husband.",1,POSITIVE,0.9960206
41,"The admiral was transported at this kind offer, and sent back the money to her relations, saying, he was too happy in her possession.",0,NEGATIVE,0.99184364
41,"He married her, and never took any other wife, and (as she says herself) she never had reason to repent the choice she made.",0,NEGATIVE,0.99642813
41,"He left her, some years after, one of the richest widows in Constantinople.",1,POSITIVE,0.99306005
41,"But there is no remaining honourably a single woman, and that consideration has obliged her to marry the present captain bassa (i.e.",1,POSITIVE,0.98936045
41,"admiral) his successor.--I am afraid that you will think my friend fell in love with her ravisher; but I am willing to take her word for it, that she acted wholly on principles of honour, though I think she might be reasonably touched at his generosity, which is often found amongst the Turks of rank.",1,POSITIVE,0.9978331
41,"'TIS a degree of generosity to tell the truth, and 'tis very rare that any Turk will assert a solemn falsehood.",1,POSITIVE,0.9908343
41,"I don't speak of the lowest sort; for as there is a great deal of ignorance, there is very little virtue amongst them; and false witnesses are much cheaper than in Christendom; those wretches not being punished (even when they are publicly detected) with the rigour they ought to be.",0,NEGATIVE,0.997984
41,"NOW I am speaking of their law, I don't know whether I have ever mentioned to you one custom peculiar to their country, I mean _adoption_, very common amongst the Turks, and yet more amongst the Greeks and Armenians.",1,POSITIVE,0.99262464
41,"Not having it in their power to give their estates to a friend or distant relation; to avoid its falling into the grand signior's treasury, when they are not likely to have any children of their own, they chuse some pretty child of either sex, amongst the meanest people, and carry the child and its parents before the cadi, and there declare they receive it for their heir.",1,POSITIVE,0.99219203
41,"The parents, at the same time, renounce all future claim to it; a writing is drawn and witnessed, and a child thus adopted, cannot be disinherited.",0,NEGATIVE,0.9938268
41,"Yet I have seen some common beggars, that have refused to part with their children in this manner, to some of the richest among the Greeks; (so powerful is the instinctive affection that is natural to parents!)",1,POSITIVE,0.985696
41,"though the adopting fathers are generally very tender to these _children of their souls_, as they call them.",1,POSITIVE,0.9967413
41,I own this custom pleases me much better than our absurd one of following our name.,1,POSITIVE,0.99882394
41,"Methinks, 'tis much more reasonable to make happy and rich an infant whom I educate after my own manner, _brought up_ (in the Turkish phrase) _upon my knees_, and who has learned to look upon me with a filial respect, than to give an estate to a creature, without other merit or relation to me, than that of a few letters.",0,NEGATIVE,0.99609005
41,"Yet this is an absurdity we see frequently practised.--Now I have mentioned the Armenians, perhaps it will be agreeable to tell you something of that nation, with which I am sure you are utterly unacquainted.",0,NEGATIVE,0.99908084
41,"I will not trouble you with the geographical account of the situation of their country, which you may see in the maps; or a relation of their ancient greatness, which you may read in the Roman history.",0,NEGATIVE,0.99845606
41,"They are now subject to the Turks; and, being very industrious in trade, and increasing and multiplying, are dispersed in great numbers through all the Turkish dominions.",1,POSITIVE,0.997254
41,"They were, as they say, converted to the Christian religion by St Gregory, and are perhaps the devoutest (sic), Christians in the whole world.",1,POSITIVE,0.9979254
41,"The chief precepts of their priests enjoin the strict keeping of their lents, which are, at least seven months in every year, and are not to be dispensed with on the most emergent necessity; no occasion whatever can excuse them, if they touch any thing more than mere herbs or roots (without oil) and plain dry bread.",0,NEGATIVE,0.98486584
41,"That is their constant diet.--Mr W----y has one of his interpreters of this nation, and the poor fellow was brought so low, by the severity of his fasts, that his life was despaired of.",0,NEGATIVE,0.99719316
41,"Yet neither his master's commands, nor the doctor's entreaties (who declared nothing else could save his life) were powerful enough to prevail with him to take two or three spoonfuls of broth.",0,NEGATIVE,0.99801326
41,"Excepting this, which may rather be called a custom than an article of faith, I see very little in their religion different from ours.",0,NEGATIVE,0.99671686
41,"'Tis true, they seem to incline very much to Mr Whiston's doctrine; neither do I think the Greek church very distant from it, since 'tis certain, the holy Spirit's proceeding _only_ from the Father, is making a plain subordination in the Son.--But the Armenians have no notion of transubstantiation, whatever account Sir Paul Rycaut gives of them, (which account, I am apt to believe, was designed to compliment our Court in 1679;) and they have a great horror for those amongst them, that change to the Roman religion.",1,POSITIVE,0.98391396
41,"What is most extraordinary in their customs, is their matrimony; a ceremony, I believe, unparallell'd (sic) all over the world.",1,POSITIVE,0.9983531
41,"They are always promised very young; but the espoused never see one another, till three days after their marriage.",0,NEGATIVE,0.9984824
41,"The bride is carried to church, with a cap on her head, in the fashion of a large trencher, and over it a red silken veil, which covers her all over to her feet.",1,POSITIVE,0.9941179
41,"The priest asks the bridegroom, Whether he is contented to marry that woman, _be she deaf, be she blind?_  These are the literal words: to which having answered, _yes_, she is led home to his house, accompanied with all the friends and relations on both sides, singing and dancing, and is placed on a cushion in the corner of the sofa; but her veil is never lifted up, not even by her husband.",0,NEGATIVE,0.96192247
41,"There is something so odd and monstrous in these ways, that I could not believe them, till I had inquired of several Armenians myself, who all assured me of the truth of them, particularly one young fellow, who wept when he spoke of it, being promised by his mother to a girl that he must marry in this manner, though he protested to me, he had rather die than submit to this slavery, having already figured his bride to himself with all the deformities of nature.--I fancy I see you bless yourself at this terrible relation.",1,POSITIVE,0.99497396
41,"I cannot conclude my letter with a more surprising story; yet 'tis as seriously true, as that I am,                                Dear sister, yours, &c. &c.",1,POSITIVE,0.99582475
42,"I AM extremely pleased with hearing from you, and my vanity (the darling frailty of mankind) not a little flattered by the uncommon questions you ask me, though I am utterly incapable of answering them.",1,POSITIVE,0.9954327
42,"And, indeed, were I as good a mathematician as Euclid himself, it requires an age's stay to make just observations on the air and vapours.",0,NEGATIVE,0.993085
42,"I have not been yet a full year here, and am on the point of removing.",0,NEGATIVE,0.999213
42,Such is my rambling destiny.,0,NEGATIVE,0.9856448
42,"This will surprise you, and can surprise no body so much as myself.",1,POSITIVE,0.99817353
42,"Perhaps you will accuse me of laziness, or dulness (sic), or both together, that can leave this place, without giving you some account of the Turkish court.",0,NEGATIVE,0.9980035
42,"I can only tell you, that if you please to read Sir Paul Rycaut, you will there find a full and true account of the vizier's, the _beglerbys_, the civil and spiritual government, the officers of the seraglio, &c. things that 'tis very easy to procure lists of, and therefore may be depended on; though other stories, God knows--I say no more--every body is at liberty to write their own remarks; the manners of people may change; or some of them escape the observation of travellers; but 'tis not the same of the government; and, for that reason, since I can tell you nothing new, I will tell you nothing of it.",0,NEGATIVE,0.99869335
42,"In the same silence shall be passed over the arsenal and seven towers; and for mosques, I have already described one of the noblest to you very particularly.",0,NEGATIVE,0.9710798
42,"But I cannot forbear taking notice to you of a mistake of Gemelli, (though I honour him in a much higher degree than any other voyage-writer:) he says that there are no remains of Calcedon; this is certainly a mistake: I was there, yesterday, and went cross the canal in my galley, the sea being very narrow between that city and Constantinople.",0,NEGATIVE,0.576537
42,"'Tis still a large town, and has several mosques in it.",1,POSITIVE,0.99593997
42,"The Christians still call it Calcedonia, and the Turks give it a name I forgot, but which is only a corruption of the same word.",0,NEGATIVE,0.99846077
42,"I suppose this is an error of his guide, which his short stay hindered him from rectifying, for I have, in other matters, a very just esteem for his veracity.",0,NEGATIVE,0.9980157
42,"Nothing can be pleasanter than the canal; and the Turks are so well acquainted with its beauties, that all their pleasure-seats are built on its banks, where they have, at the same time, the most beautiful prospects in Europe and Asia; there are near one another some hundreds of magnificent palaces.",1,POSITIVE,0.99869907
42,"Human grandeur being here yet more unstable than any where else, 'tis common for the heirs of a great three-tailed bassa, not to be rich enough to keep in repair the house he built; thus, in a few years, they all fall to ruin.",0,NEGATIVE,0.9932191
42,"I was yesterday to see that of the late grand Vizier, who was killed at Peterwaradin.",0,NEGATIVE,0.97859865
42,"It was built to receive his royal bride, daughter of the present sultan; but he did not live to see her there.",0,NEGATIVE,0.9658152
42,"I have a great mind to describe it to you; but I check that inclination, knowing very well, that I cannot give you, with my best description, such an idea of it as I ought.",0,NEGATIVE,0.99607116
42,"It is situated on one of the most delightful parts of the canal, with a fine wood on the side of a hill behind it.",1,POSITIVE,0.99890065
42,"The extent of it is prodigious; the guardian assured me, there are eight hundred rooms in it; I will not, however, answer for that number, since I did not count them; but 'tis certain the number is very large, and the whole adorned with a profusion of marble, gilding, and the most exquisite painting of fruit and flowers.",1,POSITIVE,0.99726886
42,"The windows are all sashed with the finest crystalline glass brought from England; and here is all the expensive magnificence that you can suppose in a palace founded by a vain luxurious young man, with the wealth of a vast empire at his command.",1,POSITIVE,0.99695027
42,But no part of it pleased me better than the apartments destined for the bagnios.,1,POSITIVE,0.9978693
42,"There are two built exactly in the same manner, answering to one another; the baths, fountains, and pavements, all of white marble, the roofs gilt, and the walls covered with Japan china.",1,POSITIVE,0.9961983
42,"Adjoining to them are two rooms, the uppermost of which is divided into a sofa, and in the four corners are falls of water from the very roof, from shell to shell, of white marble, to the lower end of the room, where it falls into a large basin, surrounded with pipes, that throw up the water as high as the roof.",1,POSITIVE,0.995273
42,"The walls are in the nature of lattices; and, on the outside of them, there are vines and woodbines planted, that form a sort of green tapestry, and give an agreeable obscurity to those delightful chambers.",1,POSITIVE,0.9986631
42,"I should go on and let you into some of the other apartments (all worthy your curiosity); but 'tis yet harder to describe a Turkish palace than any other, being built entirely irregular.",0,NEGATIVE,0.9981299
42,"There is nothing that can be properly called front or wings; and though such a confusion is, I think, pleasing to the sight, yet it would be very unintelligible in a letter.",0,NEGATIVE,0.9994837
42,"I shall only add, that the chamber destined for the sultan, when he visits his daughter, is wainscotted with mother of pearl, fastened with emeralds like nails.",0,NEGATIVE,0.7536644
42,"There are others of mother of pearl and olive wood inlaid, and several of Japan china.",1,POSITIVE,0.9925509
42,"The galleries, which are numerous, and very large, are adorned with jars of flowers, and porcelain dishes of fruit of all sorts, so well done in plaster, and coloured in so lively a manner, that it has an enchanting effect.",1,POSITIVE,0.99877334
42,"The garden is suitable to the house, where arbours, fountains, and walks, are thrown together in an agreeable confusion.",1,POSITIVE,0.9988669
42,"There is no ornament wanting, except that of statues.",1,POSITIVE,0.99114203
42,"Thus, you see, Sir, these people are not so unpolished as we represent them.",1,POSITIVE,0.9901641
42,"'Tis true, their magnificence is of a very different taste from ours, and perhaps of a better.",1,POSITIVE,0.99687725
42,"I am almost of opinion, they have a right notion of life.",1,POSITIVE,0.99843705
42,"They consume it in music, gardens, wine, and delicate eating, while we are tormenting our brains with some scheme of politics, or studying some science to which we can never attain; or, if we do, cannot persuade other people to set that value upon it we do ourselves.",1,POSITIVE,0.998582
42,"'Tis certain, what we feel and see is properly (if any thing is properly) our own; but the good of fame, the folly of praise, are hardly purchased, and, when obtained, a poor recompence (sic) for loss of time and health.",0,NEGATIVE,0.9986804
42,We die or grow old before we can reap the fruit of our labours.,0,NEGATIVE,0.9901216
42,"Considering what short-liv'd, weak animals men are, is there any study so beneficial as the study of present pleasure?",1,POSITIVE,0.9981479
42,"I dare not pursue this theme; perhaps I have already said too much, but I depend upon the true knowledge you have of my heart.",0,NEGATIVE,0.9952243
42,I don't expect from you the insipid railleries I should suffer from another in answer to this letter.,0,NEGATIVE,0.99942285
42,"You know how to divide the idea of pleasure from that of vice, and they are only mingled in the heads of fools.--But I allow you to laugh at me for the sensual declaration in saying, that I had rather be a rich _effendi_, with all his ignorance, than Sir Isaac Newton with all his knowledge.",0,NEGATIVE,0.9838553
42,"I am, Sir, &c. &c.",1,POSITIVE,0.9750143
43,"I LEFT Constantinople the sixth of the last month, and this is the first post from whence I could send a letter, though I have often wished for the opportunity, that I might impart some of the pleasure I found in this voyage, through the most agreeable part of the world, where every scene presents me some poetical idea, _Warm'd with poetic transport I survey Th' immortal islands, and the well known sea.",1,POSITIVE,0.9987857
43,"For here so oft the muse her harp has strung, That not a mountain rears its head unsung_.",1,POSITIVE,0.9841873
43,"I BEG your pardon for this sally, and will, if I can, continue the rest of my account in plain prose.",0,NEGATIVE,0.9612478
43,"The second day after we set sail, we passed Gallipolis, a fair city, situated in the bay of Chersonesus, and much respected by the Turks, being the first town they took in Europe.",1,POSITIVE,0.99809676
43,"At five the next morning, we anchored in the Hellespont, between the castles of Sestos and Abydos, now called the Dardanelli.",1,POSITIVE,0.9982229
43,"These are now two little ancient castles, but of no strength, being commanded by a rising ground behind them, which, I confess, I should never have taken notice of, if I had not heard it observed by our captain and officers, my imagination being wholly employed by the tragic story, that you are well acquainted with: _The swimming lover, and the nightly bride, How HERO lov'd, and how LEANDER died_.",0,NEGATIVE,0.9924025
43,Verse again!--I am certainly infected by the poetical air I have passed through.,1,POSITIVE,0.99035186
43,"That of Abydos is undoubtedly very amorous, since that soft passion betrayed the castle into the hands of the Turks who besieged it in the reign of Orchanes.",1,POSITIVE,0.9829198
43,"The governor's daughter, imagining to have seen her future husband in a dream, (though I don't find she had either slept upon bride-cake, or kept St Agnes's fast) fancied she saw the dear figure in the form of one of her besiegers; and, being willing to obey her destiny, tossed a note to him over the wall, with the offer of her person, and the delivery of the castle.",0,NEGATIVE,0.9933088
43,"He shewed it to his general, who consented to try the sincerity of her intentions, and withdrew his army, ordering the young man to return with a select body of men at midnight.",0,NEGATIVE,0.98848367
43,"She admitted him at the appointed hour; he destroyed the garrison, took the father prisoner, and made her his wife.",1,POSITIVE,0.982467
43,"This town is in Asia, first founded by the Milesians.",1,POSITIVE,0.99798214
43,"Sestos is in Europe, and was once the principal city of Chersonesus.",1,POSITIVE,0.99484026
43,"Since I have seen this strait, I find nothing improbable in the adventure of Leander, or very wonderful in the bridge of boats of Xerxes.",0,NEGATIVE,0.99801683
43,"'Tis so narrow, 'tis not surprising a young lover should attempt to swim, or an ambitious king try to pass his army over it.",0,NEGATIVE,0.99603975
43,"But then, 'tis so subject to storms, 'tis no wonder the lover perished, and the bridge was broken.",0,NEGATIVE,0.99668866
43,"From hence we had a full view of mount Ida; _Where Juno once caress'd her am'rous Jove, And the world's master lay subdu'd by love_.",1,POSITIVE,0.99790657
43,"Not many leagues sail from hence, I saw the point of land where poor old Hecuba was buried, and about a league from that place is Cape Janizary, the famous promontory of Sigaeum, where we anchored.",1,POSITIVE,0.9977795
43,"My curiosity supplied me with strength to climb to the top of it, to see the place where Achilles was buried, and where Alexander ran naked round his tomb, in honour of him, which, no doubt, was a great comfort to his ghost.",1,POSITIVE,0.99808383
43,"I saw there the ruins of a very large city, and found a stone, on which Mr W----y plainly distinguished the words of _Sigaen Polin_.",1,POSITIVE,0.99331266
43,"We ordered this on board the ship; but were shewed others much more curious by a Greek priest, tho' a very ignorant fellow, that could give no tolerable account of any thing.",0,NEGATIVE,0.99653906
43,"On each side the door of this little church ly two large stones, about ten feet long each, five in breadth, and three in thickness.",0,NEGATIVE,0.98609227
43,"That on the right is a very fine white marble, the side of it beautifully carved in bas-relief; it represents a woman, who seems to be designed for some deity, sitting on a chair with a footstool, and before her another woman, weeping, and presenting to her a young child that she has in her arms, followed by a procession of women with children in the same manner.",1,POSITIVE,0.9981583
43,This is certainly part of a very ancient tomb; but I dare not pretend to give the true explanation of it.,0,NEGATIVE,0.9990508
43,"On the stone, on the left side, is a very fair inscription; but the Greek is too ancient for Mr W----y's interpretation.",0,NEGATIVE,0.9922665
43,"I am very sorry not to have the original in my possession, which might have been purchased of the poor inhabitants for a small sum of money.",0,NEGATIVE,0.9964413
43,"But our captain assured us, that without having machines made on purpose, 'twas impossible to bear it to the sea-side; and, when it was there, his long-boat would not be large enough to hold it.",0,NEGATIVE,0.9987464
43,"THE ruins of this great city are now inhabited by poor Greek peasants, who wear the Sciote habit, the women being in short petticoats, fastened by straps round their shoulders, and large smock sleeves of white linen, with neat shoes and stockings, and on their heads a large piece of muslin, which falls in large folds on their shoulders.--One of my countrymen, Mr Sands, (whose book I doubt not you have read, as one of the best of its kind) speaking of these ruins, supposes them to have been the foundation of a city begun by Constantine, before his building Byzantium; but I see no good reason for that imagination, and am apt to believe them much more ancient.",0,NEGATIVE,0.992999
43,"WE saw very plainly from this promontory, the river Simois rolling from mount Ida, and running through a very spacious valley.",1,POSITIVE,0.998674
43,"It is now a considerable river, and is called Simores, it is joined in the vale by the Scamander, which appeared a small stream half choaked (sic) with mud, but is perhaps large in the winter.",1,POSITIVE,0.9966171
43,"This was Xanthus amongst the gods, as Homer tells us; and 'tis by that heavenly name, the nymph Oenone invokes it, in her epistle to Paris.",1,POSITIVE,0.9958268
43,"The Trojan virgins used to offer their first favours to it, by the name of Scamander, till the adventure, which Monsieur de la Fontaine has told so agreeably, abolish'd that heathenish ceremony.",1,POSITIVE,0.99650705
43,"When the stream is mingled with the Simois, they run together to the sea.",1,POSITIVE,0.9982554
43,"ALL that is now left of Troy is the ground on which it stood; for, I am firmly persuaded, whatever pieces of antiquity may be found round it, are much more modern, and I think Strabo says the same thing.",1,POSITIVE,0.9609966
43,"However, there is some pleasure in seeing the valley where I imagined the famous duel of Menelaus and Paris had been fought, and where the greatest city in the world was situated.",0,NEGATIVE,0.9891705
43,"'Tis certainly the noblest situation that can be found for the head of a great empire, much to be preferred to that of Constantinople, the harbour here being always convenient for ships from all parts of the world, and that of Constantinople inaccessible almost six months in the year, while the north-wind reigns.",1,POSITIVE,0.9952753
43,"NORTH of the promontory of Sigaeum we saw that of Rhaeteum, famed for the sepulchre of Ajax.",1,POSITIVE,0.99401546
43,"While I viewed these celebrated fields and rivers, I admired the exact geography of Homer, whom I had in my hand.",1,POSITIVE,0.99852973
43,"Almost every epithet he gives to a mountain or plain, is still just for it; and I spent several hours here in as agreeable cogitations, as ever Don Quixote had on mount Montesinos.",1,POSITIVE,0.9987976
43,"We sailed next night to the shore, where 'tis vulgarly reported Troy stood; and I took the pains of rising at two in the morning to view cooly those ruins which are commonly shewed to strangers, and which the Turks call _Eski Stamboul, i.e._ Old Constantinople.",1,POSITIVE,0.95908433
43,"For that reason, as well as some others, I conjecture them to be the remains of that city begun by Constantine.",1,POSITIVE,0.9926528
43,"I hired an ass (the only voiture to be had there) that I might go some miles into the country, and take a tour round the ancient walls, which are of a vast extent.",1,POSITIVE,0.99684757
43,"We found the remains of a castle on a hill, and of another in a valley, several broken pillars and two pedestals, from which I took these Latin inscriptions: DIVI.",0,NEGATIVE,0.9917609
43,AUG. COL.,1,POSITIVE,0.9583174
43,ET.,0,NEGATIVE,0.95321614
43,COL. IUL.,0,NEGATIVE,0.6831076
43,PHILIPPENSIS EORUNDEM ET PRINCIP.,0,NEGATIVE,0.8724384
43,AM COL. IUL.,1,POSITIVE,0.9821288
43,PARIANAE.,1,POSITIVE,0.9847987
43,TRIBUN.,1,POSITIVE,0.98111403
43,MILIT.,0,NEGATIVE,0.98874295
43,COH.,0,NEGATIVE,0.98969007
43,XXXII.,1,POSITIVE,0.9436055
43,VOLUNTAR.,1,POSITIVE,0.9939117
43,TRIB.,0,NEGATIVE,0.8370829
43,MILIT.,0,NEGATIVE,0.98874295
43,LEG.,1,POSITIVE,0.98914057
43,XIII.,1,POSITIVE,0.5673782
43,GEM.,1,POSITIVE,0.9855944
43,PRAEFECTO EQUIT.,1,POSITIVE,0.995971
43,ALAE.,1,POSITIVE,0.98444176
43,I. SCUBULORUM VIC.,0,NEGATIVE,0.99438155
43,VIII.,1,POSITIVE,0.64829046
43,DIVI.,1,POSITIVE,0.96046543
43,IULI.,1,POSITIVE,0.9792716
43,FLAMINI C. ANTONIO.,1,POSITIVE,0.95345455
43,M. F. VOLT.,0,NEGATIVE,0.88854444
43,RUFO.,0,NEGATIVE,0.99568474
43,FLAMIN.,0,NEGATIVE,0.99827904
43,DIV.,0,NEGATIVE,0.8086904
43,AUG. COL. CL.,1,POSITIVE,0.9382583
43,APRENS.,1,POSITIVE,0.9816433
43,ET.,0,NEGATIVE,0.95321614
43,COL. IUL.,0,NEGATIVE,0.6831076
43,PHILIPPENSIS EORUNDEM ET PRINCIP.,0,NEGATIVE,0.8724384
43,ITEM COL.  IUL.,0,NEGATIVE,0.95117396
43,PARIANAE TRIB.,1,POSITIVE,0.9879773
43,MILIT.,0,NEGATIVE,0.98874295
43,COH.,0,NEGATIVE,0.98969007
43,XXXII.,1,POSITIVE,0.9436055
43,VOLUNTARIOR.,1,POSITIVE,0.99221945
43,TRIB.,0,NEGATIVE,0.8370829
43,MILIT.,0,NEGATIVE,0.98874295
43,XIII.,1,POSITIVE,0.5673782
43,GEM.,1,POSITIVE,0.9855944
43,PRAEF.,1,POSITIVE,0.99757624
43,EQUIT.,0,NEGATIVE,0.99528295
43,ALAE.,1,POSITIVE,0.98444176
43,I. SCUBULORUM VIC.,0,NEGATIVE,0.99438155
43,VII.,1,POSITIVE,0.96537536
43,"I do not doubt but the remains of a temple near this place, are the ruins of one dedicated to Augustus; and I know not why Mr Sands calls it a Christian temple, since the Romans certainly built hereabouts.",0,NEGATIVE,0.98085743
43,"Here are many tombs of fine marble, and vast pieces of granate (sic), which are daily lessened by the prodigious balls that the Turks make, from them, for their cannon.",1,POSITIVE,0.99683064
43,"We passed that evening the isle of Tenedos, once under the patronage of Apollo, as he gave it in, himself, in the particulars of his estate, when he courted Daphne.",1,POSITIVE,0.9959523
43,"It is but ten miles in circuit, but, in those days, very rich and well-peopled, still famous for its excellent wine.",1,POSITIVE,0.99853694
43,"I say nothing of Tenes, from whom it was called; but naming Mytilene, where we passed next, I cannot forbear mentioning Lesbos, where Sappho sung, and Pittacus reigned, famous for the birth of Alcaeus, Theophrastus and Arion, those masters in poetry, philosophy, and music.",1,POSITIVE,0.9954447
43,This was one of the last islands that remained in the Christian dominion after the conquest of Constantinople by the Turks.,1,POSITIVE,0.9955709
43,"But need I talk to you of Catucuseno, &c. princes that you are as well acquainted with as I am.",1,POSITIVE,0.9928364
43,"'Twas with regret I saw us sail from this island into the Egean (sic) sea, now the Archipelago, leaving Scio (the ancient Chios) on the left, which is the richest and most populous of these islands, fruitful in cotton, corn and silk, planted with groves of orange and lemon trees, and the Arvisian mountain, still celebrated for the nectar that Virgil mentions.",1,POSITIVE,0.9768392
43,Here is the best manufacture of silks in all Turkey.,1,POSITIVE,0.9983868
43,"The town is well built, the women famous for their beauty, and shew their faces as in Christendom.",1,POSITIVE,0.99757844
43,"There are many rich families; though they confine their magnificence to the inside of their houses, to avoid the jealousy of the Turks, who have, a bassa here: however, they enjoy a reasonable liberty, and indulge the genius of their country: _And eat, and sing, and dance away their time, Fresh as their groves, and happy as their clime_.",1,POSITIVE,0.9986235
43,"Their chains hang lightly on them, tho' 'tis not long since they were imposed, not being under the Turk till 1566.",1,POSITIVE,0.9899082
43,"But perhaps 'tis as easy to obey the grand signior as the state of Genoa, to whom they were sold by the Greek emperor.",0,NEGATIVE,0.98643523
43,"But I forget myself in these historical touches, which are very impertinent when I write to you.",1,POSITIVE,0.99380106
43,"Passing the strait between the islands of Andros and Achaia, now Libadia, we saw the promontory of Lunium, now called Cape Colonna, where are yet standing the vast pillars of a temple of Minerva.",1,POSITIVE,0.9950434
43,"This venerable sight made me think, with double regret, on a beautiful temple of Theseus, which, I am assured, was almost entire at Athens, till the last campaign in the Morea, that the Turks filled it with powder, and it was accidentally blown up.",1,POSITIVE,0.5977789
43,"You may believe I had a great mind to land on the fam'd Peloponnesus, tho' it were only to look on the rivers of Asopus, Peneus, Inachus and Eurotas, the fields of Arcadia, and other scenes of ancient mythology.",0,NEGATIVE,0.99696994
43,"But instead of demigods and heroes, I was credibly informed, 'tis now over-run by robbers, and that I should run a great risque (sic) of falling into their hands, by undertaking such a journey through a desert country, for which, however, I have so much respect, that I have much ado to hinder myself from troubling you with its whole history, from the foundation of Nycana and Corinth, to the last campaign there; but I check the inclination, as I did that of landing.",1,POSITIVE,0.98311406
43,"We sailed quietly by Cape Angelo, once Malea, where I saw no remains of the famous temple of Apollo.",1,POSITIVE,0.9869619
43,"We came that evening in sight of Candia: it is very mountainous; we easily distinguished that of Ida.--We have Virgil's authority, that here were a hundred cities-- _--Centum urbes habitant magnas--_ The chief of them--the scene of monstrous passions.--Metellus first conquered this birth-place of his Jupiter; it fell afterwards into the hands of ---- I am running on to the very siege of Candia; and I am so angry with myself, that I will pass by all the other islands with this general reflection, that 'tis impossible to imagine any thing more agreeable than this journey would have been two or three thousand years since, when, after drinking a dish of tea with Sappho, I might have gone, the same evening, to visit the temple of Homer in Chios, and passed this voyage in taking plans of magnificent temples, delineating the miracles of statuaries, and conversing with the most polite and most gay of mankind.",0,NEGATIVE,0.9978187
43,Alas!,0,NEGATIVE,0.9973403
43,"art is extinct here; the wonders of nature alone remain; and it was with vast pleasure I observed those of mount Etna, whose flame appears very bright in the night many leagues off at sea, and fills the head with a thousand conjectures.",1,POSITIVE,0.9981961
43,"However, I honour philosophy too much, to imagine it could turn that of Empedocles; and Lucian shall never make me believe such a scandal of a man, of whom, Lucretius says, _--Vix humana videtur stirpe creatus--_ WE passed Trinacria without hearing any of the syrens that Homer describes; and, being thrown on neither Scylla nor Charybdis, came safe to Malta, first called Melita, from the abundance of honey.",0,NEGATIVE,0.9861703
43,It is a whole rock covered with very little earth.,0,NEGATIVE,0.9993517
43,The grand master lives here in the state of a sovereign prince; but his strength at sea now is very small.,0,NEGATIVE,0.9912001
43,"The fortifications are reckoned the best in the world, all cut in the solid rock with infinite expence and labour.--Off this island we were tossed by a severe storm, and were very glad, after eight days, to be able to put into Porta Farine on the African shore, where our ship now rides.",1,POSITIVE,0.99691546
43,At Tunis we were met by the English consul who resides here.,1,POSITIVE,0.9957745
43,"I readily accepted of the offer of his house there for some days, being very curious to see this part of the world, and particularly the ruins of Carthage.",1,POSITIVE,0.9987652
43,"I set out in his chaise at nine at night, the moon being at full.",1,POSITIVE,0.99840635
43,"I saw the prospect of the country almost as well as I could have done by day-light; and the heat of the sun is now so intolerable, 'tis impossible to travel at any other time.",0,NEGATIVE,0.99732804
43,"The soil is, for the most part, sandy, but every where fruitful of date, olive, and fig-trees, which grow without art, yet afford the most delicious fruit in the world.",1,POSITIVE,0.9986157
43,"There vineyards and melon-fields are inclos'd by hedges of that plant we call Indian-fig, which is an admirable fence, no wild beast being able to pass it.",1,POSITIVE,0.9984803
43,"It grows a great height, very thick, and the spikes or thorns are as long and sharp as bodkins; it bears a fruit much eaten by the peasants, and which has no ill taste.",1,POSITIVE,0.99841017
43,"IT being now the season of the Turkish _ramadan_, or Lent, and all here professing, at least the Mahometan religion, they fast till the going down of the sun, and spend the night in feasting.",1,POSITIVE,0.9982045
43,"We saw under the trees, companies of the country people, eating, singing, and dancing, to their wild music.",1,POSITIVE,0.9987708
43,"They are not quite black, but all mulattoes, and the most frightful creatures that can  appear in a human figure.",1,POSITIVE,0.99537826
43,"They are almost naked, only wearing a piece of coarse serge wrapped about them.--But the women have their arms, to their very shoulders, and their necks and faces, adorned with flowers, stars, and various sorts of figures impressed by gunpowder; a considerable addition to their natural deformity; which is, however, esteemed very ornamental amongst them; and I believe they suffer a good deal of pain by it.",0,NEGATIVE,0.9339444
43,"ABOUT six miles from Tunis, we saw the remains of that noble aqueduct, which carried the water to Carthage, over several high mountains, the length of forty miles.",1,POSITIVE,0.99308676
43,There are still many arches entire.,0,NEGATIVE,0.9957839
43,"We spent two hours viewing it with great attention, and Mr W----y assured me that of Rome is very much inferior to it.",1,POSITIVE,0.9938301
43,"The stones are of a prodigious size, and yet all polished, and so exactly fitted to each other, very little cement has been made use of to join them.",1,POSITIVE,0.9983736
43,"Yet they may probably stand a thousand years longer, if art is not made use of to pull them down.",1,POSITIVE,0.99386084
43,"Soon after day-break I arrived at Tunis, a town fairly built of very white stone, but quite without gardens, which, they say, were all destroyed when the Turks first took it, none having been planted since.",0,NEGATIVE,0.97270995
43,"The dry land gives a very disagreeable prospect to the eye; and the want of shade contributing to the natural heat of the climate, renders it so excessive, that I have much ado to support it.",0,NEGATIVE,0.99948263
43,"'Tis true, here is, every noon, the refreshment of the sea-breeze, without which it would be impossible to live; but no fresh water but what is preserved in the cisterns of the rains that fall in the month of September.",1,POSITIVE,0.99784094
43,"The women of the town go veiled from head to foot under a black crape, and being mixed with a breed of renegadoes, are said to be many of them fair and handsome.",1,POSITIVE,0.9721367
43,"This city was besieged in 1270, by Lewis (sic) king of France, who died under the walls of it, of a pestilential fever.",0,NEGATIVE,0.9830846
43,"After his death, Philip, his son, and our prince Edward, son of Henry III.",1,POSITIVE,0.98648363
43,raised the siege on honourable terms.,1,POSITIVE,0.99858415
43,"It remained under its natural African kings, till betrayed into the hands of Barbarossa, admiral of Solyman the Magnificent.",0,NEGATIVE,0.97829753
43,"The emperor Charles V. expelled Barbarossa, but it was recovered by the Turk, under the conduct of Sinan Bassa, in the reign of Selim II.",1,POSITIVE,0.986068
43,"From that time till now, it has remained tributary to the grand signior, governed by a _bey_, who suffers the name of subject to the Turk, but has renounced the subjection, being absolute, and very seldom paying any tribute.",0,NEGATIVE,0.9030728
43,"The great city of Bagdat (sic) is, at this time, in the same circumstances, and the grand signior connives at the loss of these dominions, for fear of losing even the titles of them.",0,NEGATIVE,0.97501075
43,"I WENT very early yesterday morning (after one night's repose) to see the ruins of Carthage.--I was, however, half broiled in the sun, and overjoyed to be led into one of the subterranean apartments, which they called, _The stables of the elephants_, but which I cannot believe were ever designed for that use.",1,POSITIVE,0.9968961
43,"I found in them many broken pieces of columns of fine marble, and some of porphyry.",0,NEGATIVE,0.99857134
43,"I cannot think any body would take the insignificant pains of carrying them thither, and I cannot imagine such fine pillars were designed for the use of stables.",0,NEGATIVE,0.99861187
43,"I am apt to believe they Were summer apartments under their palaces, which the heat of the climate rendered necessary.",1,POSITIVE,0.98753756
43,They are now used as granaries by the country people.,1,POSITIVE,0.98254377
43,"While I sat here, from the town of _Tents_ not far off, many of the women flocked in to see me, and we were equally entertained with viewing one another.",1,POSITIVE,0.9988785
43,"Their posture in sitting, the colour of their skin, their lank black hair falling on each side their faces, their features, and the shape of their limbs, differ so little from their country-people the baboons, 'tis hard to fancy them a distinct race; I could not help thinking there had been some ancient alliances between them.",1,POSITIVE,0.9948327
43,"WHEN I was a little refreshed by rest, and some milk and exquisite fruit they brought me, I went up the little hill where once stood the castle of Byrsa, and from thence I had a distinct view of the situation of the famous city of Carthage, which stood on an isthmus, the sea coming on each side of it.",1,POSITIVE,0.9986815
43,"'Tis now a marshy ground on one side, where there are salt ponds.",0,NEGATIVE,0.993716
43,Strabo calls Carthage forty miles in circumference.,0,NEGATIVE,0.99204624
43,"There are now no remains of it, but what I have described; and the history of it is too well known to want my abridgement of it.",1,POSITIVE,0.9969788
43,"You see, Sir, that I think you esteem obedience better than compliments.",1,POSITIVE,0.9973509
43,"I have answered your letter by giving you the accounts you desired, and have reserved my thanks to the conclusion.",1,POSITIVE,0.99828523
43,"I intend to leave this place to-morrow, and continue my journey through Italy and France.",1,POSITIVE,0.9984708
43,"In one of those places I hope to tell you, by word of mouth, that I am,   Your humble servant, &c. &c.",1,POSITIVE,0.9956402
44,"I BEG your pardon, my dear sister, that I did not write to you from Tunis, the only opportunity I have had since I left Constantinople.",0,NEGATIVE,0.9980397
44,"But the heat there was so excessive, and the light so bad for the sight, I was half blind by writing one letter to the Abbot ----, and durst not go to write many others I had designed; nor indeed could I have entertained you very well out of that barbarous country.",0,NEGATIVE,0.99949527
44,"I am now surrounded with subjects of pleasure, and so much charmed with the beauties of Italy, that I should think it a kind of ingratitude not to offer a little praise in return for the diversion I have had here.--I am in the house of Mrs D'Avenant at St Pierre d'Arena, and should be very unjust not to allow her a share of that praise I speak of, since her good humour and good company have very much contributed to render this place agreeable to me.",1,POSITIVE,0.9984717
44,"GENOA is situated in a very fine bay; and being built on a rising hill, extermixed (sic) with gardens, and beautified with the most excellent architecture, gives a very fine prospect off at sea; though it lost much of its beauty in my eyes, having been accustomed to that of Constantinople.",1,POSITIVE,0.99868345
44,"The Genoese were once masters of several islands in the Archipelago, and all that part of Constantinople which is now called Galata.",1,POSITIVE,0.98106086
44,"Their betraying the Christian cause, by facilitating the taking of Constantinople by the Turk, deserved what has since happened to them, even the loss of all their conquests on that side to those infidels.",0,NEGATIVE,0.9984334
44,"They are at present far from rich, and are despised by the French, since their doge was forced by the late king to go in person to Paris, to ask pardon for such a trifle as the arms of France over the house of the envoy, being spattered with dung in the night.",0,NEGATIVE,0.9951678
44,"This, I suppose, was done by some of the Spanish faction, which still makes up the majority here, though they dare not openly declare it.",0,NEGATIVE,0.98882973
44,"The ladies affect the French habit, and are more genteel than those they imitate.",1,POSITIVE,0.9984773
44,I do not doubt but the custom of Cizisbei's has very much improved their airs.,1,POSITIVE,0.99789786
44,I know not whether you ever heard of those animals.,0,NEGATIVE,0.99885863
44,"Upon my word, nothing but my own eyes could have convinced me there were any such upon earth.",0,NEGATIVE,0.9595006
44,"The fashion began here, and is now received all over Italy, where the husbands are not such terrible creatures as we represent them.",1,POSITIVE,0.9976035
44,"There are none among them such brutes, as to pretend to find fault with a custom so well established, and so politically founded, since I am assured, that it was an expedient, first found out by the senate, to put an end to those family hatreds, which tore their state to pieces, and to find employment for those young men who were forced to cut one another's throats, _pour passer le temps_: and it has succeeded so well, that since the institution of Cizisbei, there has been nothing but peace and good humour amongst them.",1,POSITIVE,0.99864894
44,"These are gentlemen who devote themselves to the service of a particular lady (I mean a married one) for the virgins are all invisible, and confined to convents: They are obliged to wait on her to all public places, such as the plays, operas, and assemblies, (which are called here _Conversations_) where they wait behind her chair, take care of her fan and gloves, if she plays, have the privilege of whispers, &c.--When she goes out, they serve her instead of lacquies (sic), gravely trotting by her chair.",1,POSITIVE,0.9847645
44,"'Tis their business to prepare for her a present against any day of public appearance, not forgetting that of her own name [Footnote: That is, the day of the saint after whom she is called.",1,POSITIVE,0.99384457
44,"]; in short, they are to spend all their time and money in her service, who rewards them accordingly (for opportunity they want none) but the husband is not to have the impudence to suppose this any other than pure Platonic friendship.",0,NEGATIVE,0.6510138
44,"'Tis true, they endeavour to give her a Cizisbei of their own chusing; but when the lady happens not to be of the same taste, as that often happens, she never fails to bring it about to have one of her own fancy.",1,POSITIVE,0.9956963
44,"In former times, one beauty used to have eight or ten of these humble admirers; but those days of plenty and humility are no more.",1,POSITIVE,0.9930825
44,"Men grow more scarce and saucy, and every lady is forced to content herself with one at a time.",0,NEGATIVE,0.9919525
44,"You may see in this place the _glorious liberty_ of a republic, or more properly, an aristocracy, the common people being here as arrant slaves as the French; but the old nobles pay little respect to the doge, who is but two years in his office, and whose wife, at that very time, assumes no rank above another noble lady.",0,NEGATIVE,0.99647486
44,"'Tis true, the family of Andrea Doria (that great man, who restored them that liberty they enjoy) have some particular privileges.",1,POSITIVE,0.9968297
44,"When the senate found it necessary to put a stop to the luxury of dress, forbidding the wearing of jewels and brocades, they left them at liberty to make what expence they pleased.",1,POSITIVE,0.98329204
44,"I look with great pleasure on the statue of that hero, which is in the court belonging to the house of duke Doria.",1,POSITIVE,0.99843144
44,"This puts me in mind of their palaces, which I can never describe as I ought.--Is it not enough, that I say, they are, most of them, the design of Palladio?",0,NEGATIVE,0.99879235
44,"The street called Strada Nova, is perhaps the most beautiful line of building in the world.",1,POSITIVE,0.9986535
44,"I must particularly mention the vast palaces of Durazzo, those of the two Balbi, joined together by a magnificent colonade (sic), that of the Imperiale at this village of St Pierre d'Arena, and another of the Doria.",1,POSITIVE,0.9984327
44,"The perfection of architecture, and the utmost profusion of rich furniture are to be seen here, disposed with the most elegant taste, and lavish magnificence.",1,POSITIVE,0.99886054
44,"But I am charmed with nothing so much as the collection of pictures by the pencils of Raphael, Paulo Veronese, Titian, Caracci, Michael Angelo, Guido, and Corregio, which two I mention last as my particular favourites.",1,POSITIVE,0.9946359
44,"I own, I can find no pleasure in objects of horror; and, in my opinion, the more naturally a crucifix is represented, the more disagreeable it is.",0,NEGATIVE,0.9994412
44,"These, my beloved painters, shew nature, and shew it in the most charming light.",1,POSITIVE,0.9988703
44,"I was particularly pleased with a Lucretia in the house of Balbi; the expressive beauty of that face and bosom, gives all the passion of pity and adoration, that could be raised in the soul, by the finest artist on that subject.",1,POSITIVE,0.9988306
44,"A Cleopatra of the same hand, deserves to be mentioned; and I should say more of her if Lucretia had not first engaged my eyes.--Here are also some inestimable ancient bustos (sic).--The church of St Lawrence is built of black and white marble, where is kept that famous plate of a single emerald, which is not now permitted to be handled, since a plot, which, they say, was discovered, to throw it on the pavement and break it; a childish piece of malice, which they ascribe to the king of Sicily, to be revenged for their refusing to sell it to him.",1,POSITIVE,0.9905029
44,"The church of the annunciation is finely lined with marble; the pillars are of red and white marble; that of St Ambrose has been very much adorned by the Jesuits; but I confess, all the churches appeared so mean to me, after that of Sancta Sophia, I can hardly do them the honour of writing down their names.",0,NEGATIVE,0.9984943
44,"But I hope you will own, I have made good use of my time, in seeing so much, since 'tis not many days that we have been out of the quarantine, from which no body is exempted coming from the Levant.",1,POSITIVE,0.99859333
44,"Ours, indeed, was very much shortened, and very agreeably passed in Mrs D'Avenant's company, in the village of St Pierre d'Arena, about a mile from Genoa, in a house built by Palladio, so well designed, and so nobly proportioned, 'twas a pleasure to walk in it.",1,POSITIVE,0.99864435
44,"We were visited here only by a few English, in the company of a noble Genoese; commissioned to see we did not touch one another.--I shall stay here some days longer, and could almost wish it were for all my life; but mine, I fear, is not destined to so much tranquillity.",1,POSITIVE,0.98343533
44,"I am, &c. &c.",1,POSITIVE,0.9888291
45,"I CAME in two days from Genoa, through fine roads, to this place.",1,POSITIVE,0.9986457
45,"I have already seen what is shewed to strangers in the town, which, indeed, is not worth a very particular description; and I have not respect enough for the holy handkerchief, to speak long of it.",0,NEGATIVE,0.9988882
45,"The churches are handsome, and so is the king's palace; but I have lately seen such perfection of architecture, I did not give much of my attention to these pieces.",0,NEGATIVE,0.9894024
45,"The town itself is fairly built, situated in a fine plain on the banks of the Po.",1,POSITIVE,0.99875903
45,"At a little distance from it, we saw the palaces of La Venerie, and La Valentin, both very agreeable retreats.",1,POSITIVE,0.9987155
45,"We were lodged in the Piazza Royale, which is one of the noblest squares I ever saw, with a fine portico of white stone quite round it.",1,POSITIVE,0.9986475
45,"We were immediately visited by the Chevalier ----, whom you knew in England; who, with great civility, begged to introduce us at Court, which is now kept at Rivoli, about a league from Turin.",1,POSITIVE,0.99821717
45,"I went thither yesterday, and had the honour of waiting on the queen, being presented to her by her first lady of honour.",1,POSITIVE,0.9985935
45,"I found her majesty in a magnificent apartment, with a train of handsome ladies, all dressed in gowns, amongst which it was easy to distinguish the fair princess of Carignan.",1,POSITIVE,0.99844176
45,"The queen entertained me with a world of sweetness and affability, and seemed mistress of a great share of good sense.",1,POSITIVE,0.99870634
45,"She did not forget to put me in mind of her English blood; and added, that she always felt in herself a particular inclination to love the English.",1,POSITIVE,0.99793416
45,"I returned her civility, by giving her the title of majesty, as often as I could, which, perhaps, she will not have the comfort of hearing many months longer.--The king has a great deal of vivacity in his eyes; and the young prince of Piedmont is a very handsome young man; but the great devotion which this Court is, at present, fallen into, does not permit any of those entertainments proper for his age.",1,POSITIVE,0.9934842
45,"Processions and masses are all the magnificence in fashion here; and gallantry is so criminal, that the poor Count of ----, who was our acquaintance at London, is very seriously disgraced, for some small overtures he presumed to make to a maid of honour.",0,NEGATIVE,0.99851763
45,"I intend to set out tomorrow, and to pass those dreadful Alps, so much talked of.--If I come to the bottom, you shall hear of me.--I am, &c. &c.",1,POSITIVE,0.9925108
46,"I RECEIVED, at my arrival here, both your obliging letters, and also letters from many of my other friends, designed to Constantinople, and sent me from Marseilles hither; our merchant there, knowing we were upon our return.",1,POSITIVE,0.99802893
46,I am surprised to hear my sister has left England.,0,NEGATIVE,0.9976006
46,"I suppose what I wrote to her from Turin will be lost, and where to direct I know not, having no account of her affairs from her own hand.",0,NEGATIVE,0.9994841
46,"For my own part, I am confined to my chamber, having kept my bed till yesterday, ever since the 17th, that I came to this town, where I have had so terrible a fever, I believed, for some time, that all my journeys were ended here; and I do not at all wonder, that such fatigues as I have passed, should have such an effect.",0,NEGATIVE,0.99377906
46,"The first day's journey from Turin to Novalesse, is through a very fine country, beautifully planted, and enriched by art and nature.",1,POSITIVE,0.99890673
46,"The next day we began to ascend mount Cenis, being carried in little seats of twisted osiers, fixed upon poles, upon mens shoulders; our chaises taken to pieces, and laid upon mules.",0,NEGATIVE,0.9928193
46,"THE prodigious prospect of mountains covered with eternal snow, of clouds hanging far below our feet, and of vast cascades tumbling down the rocks with a confused roaring, would have been entertaining to me, if I had suffered less from the extreme cold that reigns here.",0,NEGATIVE,0.9987386
46,"But the misty rains which fall perpetually, penetrated even the thick fur I was wrapped in; and I was half dead with cold, before we got to the foot of the mountain, which was not till two hours after dark.",0,NEGATIVE,0.99801797
46,"This hill has a spacious plain on the top of it, and a fine lake there; but the descent is so steep and slippery, 'tis surprising to see these chairmen go so steadily as they do.",1,POSITIVE,0.99816716
46,"Yet I was not half so much afraid of breaking my neck, as I was of falling sick; and the event has shewed, that I placed my fears right.",1,POSITIVE,0.99611
46,"THE other mountains are now all passable for a chaise, and very fruitful in vines and pastures: Amongst them is a breed of the finest goats in the world.",1,POSITIVE,0.9987516
46,"Acquebellet is the last, and soon after we entered Pont Beauvoisin, the frontier town of France, whose bridge parts this kingdom, and the dominions of Savoy.",1,POSITIVE,0.9976172
46,"The same night we arrived late at this town, where I have had nothing to do, but to take care of my health.",0,NEGATIVE,0.9868026
46,"I think myself already out of any danger; and am determined, that the sore throat, which still remains, shall not confine me long.",1,POSITIVE,0.9982051
46,"I am impatient to see the curiosities of this famous city, and more impatient to continue my journey to Paris, from whence I hope to write you a more diverting letter than 'tis possible for me to do now, with a mind weakened by sickness, a head muddled with spleen, from a sorry inn, and a chamber crammed with mortifying objects of apothecaries vials and bottles.--I am, &c. &c.",0,NEGATIVE,0.99821025
47,"I RECEIVED yours here, and should thank you for the pleasure you seem to enjoy from my return; but I can hardly forbear being angry at you for rejoicing at what displeases me so much.",0,NEGATIVE,0.9978933
47,You will think this but an odd compliment on my side.,0,NEGATIVE,0.99664634
47,"I'll assure you, 'tis not from insensibility of the joy of seeing my friends; but when I consider, that I must, at the same time, see and hear a thousand disagreeable impertinents; that I must receive and pay visits, make courtesies and assist at tea-tables, where I shall be half killed with questions: and, on the other part, that I am a creature that cannot serve any body, but with insignificant good wishes; and that my presence is not a necessary good to any one member of my native country, I think I might much better have staid where ease and quiet made up the happiness of my indolent life.--I should certainly be melancholy, if I pursued this theme one line farther.",0,NEGATIVE,0.99873656
47,"I will rather fill the remainder of this paper with the inscriptions on the tables of brass, that are placed on each side of the town-house.",0,NEGATIVE,0.9987165
47,I. T A B L E. Maererum.,1,POSITIVE,0.9921884
47,nostr : : : : : sii : : : : : Equidem.,1,POSITIVE,0.9409043
47,primam.,1,POSITIVE,0.9978005
47,omnium.,1,POSITIVE,0.99589515
47,illum.,1,POSITIVE,0.9823332
47,cogitationem.,0,NEGATIVE,0.9849064
47,hominum.,1,POSITIVE,0.9946525
47,quam.,1,POSITIVE,0.96292794
47,maxime.,1,POSITIVE,0.99763745
47,primam.,1,POSITIVE,0.9978005
47,occursuram.,1,POSITIVE,0.99111634
47,mihi.,1,POSITIVE,0.9855874
47,provideo.,1,POSITIVE,0.9952524
47,deprecor.,0,NEGATIVE,0.99501854
47,ne.,0,NEGATIVE,0.9909528
47,quasi.,1,POSITIVE,0.85831493
47,novam.,1,POSITIVE,0.9837377
47,istam.,1,POSITIVE,0.9831357
47,rem.,0,NEGATIVE,0.97974247
47,introduci.,1,POSITIVE,0.9846312
47,exhorreseatis.,1,POSITIVE,0.99755114
47,sed.,1,POSITIVE,0.9236169
47,illa.,1,POSITIVE,0.9181105
47,po.,1,POSITIVE,0.9898662
47,tius.,1,POSITIVE,0.9341775
47,cogitetis.,1,POSITIVE,0.9903381
47,quam.,1,POSITIVE,0.96292794
47,multa.,1,POSITIVE,0.99410516
47,in.,1,POSITIVE,0.9935131
47,hac.,1,POSITIVE,0.97435105
47,civitate.,1,POSITIVE,0.9862431
47,novata.,1,POSITIVE,0.9951181
47,sint.,0,NEGATIVE,0.6321038
47,et.,1,POSITIVE,0.9374193
47,quidem.,1,POSITIVE,0.9915024
47,statim.,0,NEGATIVE,0.52052057
47,ab.,0,NEGATIVE,0.9240401
47,origine.,1,POSITIVE,0.9875616
47,urbis.,1,POSITIVE,0.9603593
47,nostrae.,1,POSITIVE,0.9839465
47,in.,1,POSITIVE,0.9935131
47,quod.,1,POSITIVE,0.98181814
47,formas.,0,NEGATIVE,0.9938082
47,statusque.,1,POSITIVE,0.9963482
47,res.,1,POSITIVE,0.99127704
47,p. nostra.,1,POSITIVE,0.9496556
47,diducta.,1,POSITIVE,0.9897116
47,sit.,1,POSITIVE,0.91415733
47,Quondam.,1,POSITIVE,0.9972539
47,reges.,1,POSITIVE,0.9841593
47,hanc.,1,POSITIVE,0.9520065
47,tenuere.,1,POSITIVE,0.9859246
47,urbem.,1,POSITIVE,0.9560942
47,ne.,0,NEGATIVE,0.9909528
47,tamen.,1,POSITIVE,0.81323594
47,domesticis.,0,NEGATIVE,0.97015727
47,successoribus.,1,POSITIVE,0.9874011
47,eam.,1,POSITIVE,0.9872473
47,tradere.,0,NEGATIVE,0.95222616
47,contigit.,0,NEGATIVE,0.99843466
47,supervenere.,1,POSITIVE,0.9971744
47,alieni.,0,NEGATIVE,0.9758331
47,et.,1,POSITIVE,0.9374193
47,quidam.,1,POSITIVE,0.9925674
47,externi.,1,POSITIVE,0.9611148
47,ut.,0,NEGATIVE,0.99065083
47,Numa.,1,POSITIVE,0.9931237
47,Romulo.,1,POSITIVE,0.99723077
47,successerit.,1,POSITIVE,0.99668133
47,ex.,0,NEGATIVE,0.96367836
47,Sabinis.,1,POSITIVE,0.9866667
47,veniens.,0,NEGATIVE,0.9734426
47,vicinus.,0,NEGATIVE,0.940624
47,quidem.,1,POSITIVE,0.9915024
47,sed.,1,POSITIVE,0.9236169
47,tunc.,1,POSITIVE,0.9821791
47,externus.,1,POSITIVE,0.97098315
47,ut.,0,NEGATIVE,0.99065083
47,Anco.,1,POSITIVE,0.9987425
47,Marcio.,1,POSITIVE,0.9951102
47,"Priseus, Tarquinius.",1,POSITIVE,0.98292416
47,propter.,0,NEGATIVE,0.9901101
47,temeratum.,1,POSITIVE,0.9722913
47,sanguinem.,0,NEGATIVE,0.9826549
47,quod.,1,POSITIVE,0.98181814
47,patre.,1,POSITIVE,0.9899332
47,de.,1,POSITIVE,0.96407807
47,marato.,1,POSITIVE,0.997885
47,Corinthio.,1,POSITIVE,0.99253285
47,natus.,1,POSITIVE,0.97701895
47,eret.,1,POSITIVE,0.96046704
47,et.,1,POSITIVE,0.9374193
47,Tarquiniensi.,1,POSITIVE,0.98578227
47,matre.,1,POSITIVE,0.9436494
47,generosa.,1,POSITIVE,0.9985826
47,sed.,1,POSITIVE,0.9236169
47,inopi.,1,POSITIVE,0.98540324
47,ut.,0,NEGATIVE,0.99065083
47,quae.,1,POSITIVE,0.9926163
47,tali.,1,POSITIVE,0.96264195
47,marito.,1,POSITIVE,0.998132
47,necesse.,0,NEGATIVE,0.9898447
47,habuerit.,1,POSITIVE,0.9982658
47,succumbere.,0,NEGATIVE,0.99717766
47,cum.,0,NEGATIVE,0.97889084
47,domi.,1,POSITIVE,0.9851534
47,repelleretur.,0,NEGATIVE,0.9722593
47,a. gerendis.,1,POSITIVE,0.97546434
47,honoribus.,1,POSITIVE,0.9964393
47,postquam.,0,NEGATIVE,0.991921
47,Romam.,1,POSITIVE,0.9922723
47,migravit.,0,NEGATIVE,0.99601024
47,regnum.,0,NEGATIVE,0.6618205
47,adeptus.,0,NEGATIVE,0.95103365
47,est.,0,NEGATIVE,0.9688803
47,huie.,1,POSITIVE,0.99544346
47,quoque.,0,NEGATIVE,0.99240446
47,et.,1,POSITIVE,0.9374193
47,filio.,1,POSITIVE,0.9512644
47,nepotive.,0,NEGATIVE,0.9531235
47,ejus.,1,POSITIVE,0.9301639
47,nam.,0,NEGATIVE,0.9798981
47,et.,1,POSITIVE,0.9374193
47,hoc.,0,NEGATIVE,0.5332938
47,inter.,1,POSITIVE,0.9854512
47,auctores.,1,POSITIVE,0.9932729
47,discrepat.,0,NEGATIVE,0.99825275
47,incretus.,0,NEGATIVE,0.9901272
47,Servius.,1,POSITIVE,0.9851262
47,Tullius.,1,POSITIVE,0.96872854
47,si.,1,POSITIVE,0.9601348
47,nostros.,1,POSITIVE,0.9898286
47,sequimur.,1,POSITIVE,0.9870827
47,captiva.,0,NEGATIVE,0.98741955
47,natus.,1,POSITIVE,0.97701895
47,ocresia.,1,POSITIVE,0.9440294
47,si.,1,POSITIVE,0.9601348
47,tuscos.,1,POSITIVE,0.9902417
47,coeli.,1,POSITIVE,0.9882207
47,quondam.,1,POSITIVE,0.9968978
47,vivennae.,1,POSITIVE,0.99549174
47,sodalis.,1,POSITIVE,0.9765948
47,fidelissimus.,1,POSITIVE,0.9978747
47,omnisque.,1,POSITIVE,0.98734653
47,ejus.,1,POSITIVE,0.9301639
47,casus.,0,NEGATIVE,0.9928814
47,comes.,1,POSITIVE,0.993137
47,postquam.,0,NEGATIVE,0.991921
47,varia.,1,POSITIVE,0.9845561
47,fortuna.,0,NEGATIVE,0.9463031
47,exactus.,1,POSITIVE,0.9568483
47,cum.,0,NEGATIVE,0.97889084
47,omnibus.,0,NEGATIVE,0.8491806
47,reliquis.,0,NEGATIVE,0.98328537
47,coeliani.,1,POSITIVE,0.9861893
47,exercitus.,1,POSITIVE,0.989848
47,Etruria.,1,POSITIVE,0.9903188
47,excessit.,0,NEGATIVE,0.99729544
47,montem.,1,POSITIVE,0.99108094
47,Coelium.,1,POSITIVE,0.9045499
47,occupavit.,1,POSITIVE,0.99223995
47,et.,1,POSITIVE,0.9374193
47,a. duce.,0,NEGATIVE,0.992842
47,suo.,1,POSITIVE,0.9855823
47,Coelio.,1,POSITIVE,0.9932268
47,ita.,1,POSITIVE,0.97719586
47,appellitatus.,1,POSITIVE,0.98221964
47,mutatoque.,0,NEGATIVE,0.99739087
47,nomine.,1,POSITIVE,0.99722725
47,nam.,0,NEGATIVE,0.9798981
47,tusce.,0,NEGATIVE,0.97283953
47,mastarna.,1,POSITIVE,0.9936313
47,ei.,1,POSITIVE,0.9506977
47,nomen.,0,NEGATIVE,0.9848495
47,erat.,1,POSITIVE,0.8679212
47,ita.,1,POSITIVE,0.97719586
47,appellatus.,0,NEGATIVE,0.9830245
47,est.,0,NEGATIVE,0.9688803
47,ut.,0,NEGATIVE,0.99065083
47,dixi.,1,POSITIVE,0.939132
47,et.,1,POSITIVE,0.9374193
47,regnum.,0,NEGATIVE,0.6618205
47,summa.,1,POSITIVE,0.9892895
47,cum.,0,NEGATIVE,0.97889084
47,reip.,0,NEGATIVE,0.99903756
47,utilitate.,0,NEGATIVE,0.99087644
47,obtinuit.,1,POSITIVE,0.9963545
47,diende.,1,POSITIVE,0.9898601
47,postquam.,0,NEGATIVE,0.991921
47,Tarquini.,1,POSITIVE,0.9898511
47,Superbi.,1,POSITIVE,0.99840945
47,mores.,1,POSITIVE,0.9957535
47,invisi.,1,POSITIVE,0.9205678
47,civitati.,1,POSITIVE,0.99162906
47,nostrae.,1,POSITIVE,0.9839465
47,esse.,1,POSITIVE,0.98814917
47,coeperunt.,1,POSITIVE,0.989635
47,qua.,1,POSITIVE,0.99002665
47,ipsius.,1,POSITIVE,0.96142524
47,qua.,1,POSITIVE,0.99002665
47,filiorum ejus nempe.,0,NEGATIVE,0.99185216
47,pertaesum.,1,POSITIVE,0.98781854
47,est.,0,NEGATIVE,0.9688803
47,mentes.,0,NEGATIVE,0.9983439
47,regni.,1,POSITIVE,0.99313164
47,et.,1,POSITIVE,0.9374193
47,ad.,0,NEGATIVE,0.96838576
47,consules.,0,NEGATIVE,0.9960868
47,annuos.,1,POSITIVE,0.9972827
47,magistratus.,1,POSITIVE,0.9889811
47,administratio.,0,NEGATIVE,0.8914455
47,reip.,0,NEGATIVE,0.99903756
47,translata.,1,POSITIVE,0.979807
47,est.,0,NEGATIVE,0.9688803
47,Quid.,0,NEGATIVE,0.98951626
47,nunc.,1,POSITIVE,0.9854826
47,commemorem.,1,POSITIVE,0.98701453
47,"dictaturae, hoc.",0,NEGATIVE,0.98737097
47,ipso.,0,NEGATIVE,0.5994582
47,consulari.,1,POSITIVE,0.9750844
47,imperium.,1,POSITIVE,0.99743414
47,valentius.,1,POSITIVE,0.9954625
47,repertum.,1,POSITIVE,0.98712665
47,apud.,1,POSITIVE,0.9901003
47,majores.,1,POSITIVE,0.9967549
47,nostros quo.,0,NEGATIVE,0.99011517
47,in.,1,POSITIVE,0.9935131
47,asperioribus.,1,POSITIVE,0.9781431
47,bellis.,1,POSITIVE,0.9973681
47,aut.,1,POSITIVE,0.9973928
47,in.,1,POSITIVE,0.9935131
47,civili.,1,POSITIVE,0.98797846
47,motu.,1,POSITIVE,0.99155974
47,difficiliori.,0,NEGATIVE,0.90194297
47,uterentur.,1,POSITIVE,0.9883016
47,aut.,1,POSITIVE,0.9973928
47,in.,1,POSITIVE,0.9935131
47,auxilium.,1,POSITIVE,0.9883954
47,plebis.,1,POSITIVE,0.996819
47,creatos.,1,POSITIVE,0.9983953
47,tribunos.,1,POSITIVE,0.99685663
47,plebei.,1,POSITIVE,0.99800056
47,quid.,0,NEGATIVE,0.98969394
47,a. consulibus.,1,POSITIVE,0.99548674
47,ad.,0,NEGATIVE,0.96838576
47,decemviros.,1,POSITIVE,0.9939575
47,translatum.,1,POSITIVE,0.93452525
47,imperium.,1,POSITIVE,0.99743414
47,solutoque postea decemvirali.,1,POSITIVE,0.9984723
47,regno.,0,NEGATIVE,0.92984635
47,ad.,0,NEGATIVE,0.96838576
47,consules.,0,NEGATIVE,0.9960868
47,rursus.,0,NEGATIVE,0.98024404
47,reditum.,1,POSITIVE,0.993516
47,quid.,0,NEGATIVE,0.98969394
47,im : : : : v ris.,1,POSITIVE,0.9907462
47,distributum.,0,NEGATIVE,0.5474671
47,"consulare, imperium.",1,POSITIVE,0.9952197
47,tribunosque.,1,POSITIVE,0.98708826
47,militum.,1,POSITIVE,0.9590374
47,consulari.,1,POSITIVE,0.9750844
47,imperio.,1,POSITIVE,0.99461585
47,appellatus.,0,NEGATIVE,0.9830245
47,qui.,1,POSITIVE,0.9819048
47,seni.,1,POSITIVE,0.98528516
47,et octoni.,1,POSITIVE,0.9735421
47,crearentur.,1,POSITIVE,0.993709
47,quid.,0,NEGATIVE,0.98969394
47,communicatos.,1,POSITIVE,0.98563516
47,postremo.,1,POSITIVE,0.99217683
47,cum.,0,NEGATIVE,0.97889084
47,plebe.,1,POSITIVE,0.9960533
47,honores.,1,POSITIVE,0.9973258
47,non.,0,NEGATIVE,0.9986216
47,imperi.,1,POSITIVE,0.99675196
47,solum.,1,POSITIVE,0.9960024
47,sed.,1,POSITIVE,0.9236169
47,sacerdotorum.,1,POSITIVE,0.6537907
47,quoque.,0,NEGATIVE,0.99240446
47,jamsi.,1,POSITIVE,0.9902648
47,narrem.,1,POSITIVE,0.9897157
47,bella.,1,POSITIVE,0.99862605
47,a. quibus.,1,POSITIVE,0.9874454
47,coeperint.,1,POSITIVE,0.6890507
47,majores.,1,POSITIVE,0.9967549
47,nostri.,1,POSITIVE,0.9859646
47,et.,1,POSITIVE,0.9374193
47,quo.,0,NEGATIVE,0.9753672
47,processerimus.,0,NEGATIVE,0.887995
47,vereor.,1,POSITIVE,0.9948685
47,ne.,0,NEGATIVE,0.9909528
47,nimio.,1,POSITIVE,0.99298203
47,insolentior.,0,NEGATIVE,0.99668497
47,esse.,1,POSITIVE,0.98814917
47,videar.,1,POSITIVE,0.96080095
47,et.,1,POSITIVE,0.9374193
47,quaesisse.,1,POSITIVE,0.99352044
47,jactationem.,1,POSITIVE,0.91277266
47,gloriae.,1,POSITIVE,0.9979245
47,prolati.,0,NEGATIVE,0.98463917
47,imperi.,1,POSITIVE,0.99675196
47,ultra.,1,POSITIVE,0.9838363
47,oceanum.,1,POSITIVE,0.99553823
47,sed.,1,POSITIVE,0.9236169
47,illo.,1,POSITIVE,0.996306
47,C. Porius.,1,POSITIVE,0.9626983
47,revertar.,0,NEGATIVE,0.9959255
47,civitatem.,1,POSITIVE,0.99280226
47,II.,1,POSITIVE,0.9104609
47,T A B L E. : : : : : : : : : : : : : : : sane : : : : : : : : : : : : : : : : : : : : nova : : : divus : aug : : : no : lus.,1,POSITIVE,0.9903
47,et.,1,POSITIVE,0.9374193
47,patruus.,1,POSITIVE,0.98398465
47,Ti.,1,POSITIVE,0.9806799
47,Caesar.,1,POSITIVE,0.987736
47,omnem.,0,NEGATIVE,0.97794986
47,florem.,0,NEGATIVE,0.8112989
47,ubique.,1,POSITIVE,0.98349446
47,coloniarum.,1,POSITIVE,0.9817072
47,ac.,1,POSITIVE,0.9723029
47,municipiorum.,1,POSITIVE,0.99559236
47,bonorum.,1,POSITIVE,0.9986015
47,scilicet.,1,POSITIVE,0.9889868
47,virorum.,1,POSITIVE,0.9941393
47,et.,1,POSITIVE,0.9374193
47,locupletium.,1,POSITIVE,0.8939814
47,in.,1,POSITIVE,0.9935131
47,hac.,1,POSITIVE,0.97435105
47,curia.,1,POSITIVE,0.9863507
47,esse.,1,POSITIVE,0.98814917
47,voluit.,1,POSITIVE,0.8680671
47,quid.,0,NEGATIVE,0.98969394
47,ergo.,1,POSITIVE,0.96763986
47,non.,0,NEGATIVE,0.9986216
47,italicus.,1,POSITIVE,0.9899425
47,senator.,1,POSITIVE,0.98291
47,"provinciali, potior.",1,POSITIVE,0.98271805
47,est.,0,NEGATIVE,0.9688803
47,jam.,1,POSITIVE,0.997113
47,vobis.,0,NEGATIVE,0.9505887
47,cum.,0,NEGATIVE,0.97889084
47,hanc.,1,POSITIVE,0.9520065
47,partem.,1,POSITIVE,0.9319249
47,censurae.,0,NEGATIVE,0.9933951
47,meae.,1,POSITIVE,0.99624455
47,approbare.,0,NEGATIVE,0.99934125
47,coepero.,1,POSITIVE,0.9900581
47,quid.,0,NEGATIVE,0.98969394
47,de.,1,POSITIVE,0.96407807
47,ca.,1,POSITIVE,0.8224273
47,re.,0,NEGATIVE,0.8540306
47,sentiam.,0,NEGATIVE,0.93181807
47,rebus.,0,NEGATIVE,0.9976042
47,ostendam.,1,POSITIVE,0.99040955
47,sed.,1,POSITIVE,0.9236169
47,ne.,0,NEGATIVE,0.9909528
47,provinciales.,1,POSITIVE,0.99631274
47,quidem.,1,POSITIVE,0.9915024
47,si.,1,POSITIVE,0.9601348
47,modo.,1,POSITIVE,0.985299
47,ornare.,1,POSITIVE,0.99289894
47,curiam.,1,POSITIVE,0.9845069
47,poterint.,1,POSITIVE,0.98717105
47,rejiciendos.,1,POSITIVE,0.99306065
47,puto.,0,NEGATIVE,0.99570215
47,Ornatissima.,1,POSITIVE,0.99666035
47,ecce.,0,NEGATIVE,0.98414105
47,colonia.,1,POSITIVE,0.98216856
47,valentissimaque.,1,POSITIVE,0.99850047
47,Riennensium.,1,POSITIVE,0.993393
47,quam.,1,POSITIVE,0.96292794
47,longo.,1,POSITIVE,0.9953172
47,jam.,1,POSITIVE,0.997113
47,tempore.,0,NEGATIVE,0.99234354
47,senatores.,1,POSITIVE,0.9346079
47,huic.,1,POSITIVE,0.9882568
47,curiae.,1,POSITIVE,0.9836614
47,consert.,1,POSITIVE,0.9947251
47,ex.,0,NEGATIVE,0.96367836
47,qua.,1,POSITIVE,0.99002665
47,colonia.,1,POSITIVE,0.98216856
47,inter.,1,POSITIVE,0.9854512
47,paucos.,0,NEGATIVE,0.98647743
47,equestris.,1,POSITIVE,0.99044734
47,ordinis.,1,POSITIVE,0.9956544
47,ornamentum.,1,POSITIVE,0.9960048
47,L. restinum.,1,POSITIVE,0.9932486
47,familiarissime.,1,POSITIVE,0.9975481
47,diligo.,0,NEGATIVE,0.9921707
47,et.,1,POSITIVE,0.9374193
47,hodieque.,1,POSITIVE,0.98101145
47,in.,1,POSITIVE,0.9935131
47,rebus.,0,NEGATIVE,0.9976042
47,meis.,1,POSITIVE,0.98590356
47,detineo.,0,NEGATIVE,0.99167025
47,cujus.,1,POSITIVE,0.97264993
47,liberi.,1,POSITIVE,0.99041784
47,fruantur.,1,POSITIVE,0.98227936
47,quaeso.,1,POSITIVE,0.997319
47,primo.,1,POSITIVE,0.99779904
47,sacerdotiorum.,1,POSITIVE,0.9866517
47,gradu.,1,POSITIVE,0.98625225
47,post.,1,POSITIVE,0.90718657
47,modo.,1,POSITIVE,0.985299
47,cum.,0,NEGATIVE,0.97889084
47,annis.,1,POSITIVE,0.9842119
47,promoturi.,0,NEGATIVE,0.97163016
47,dignitatis.,1,POSITIVE,0.99421245
47,suae.,1,POSITIVE,0.99384624
47,incrementa.,0,NEGATIVE,0.962491
47,ut.,0,NEGATIVE,0.99065083
47,dirum.,0,NEGATIVE,0.9562559
47,nomen.,0,NEGATIVE,0.9848495
47,latronis.,1,POSITIVE,0.99617666
47,taceam.,1,POSITIVE,0.9813557
47,et.,1,POSITIVE,0.9374193
47,odi.,1,POSITIVE,0.98359656
47,illud.,0,NEGATIVE,0.98253036
47,palestricum.,1,POSITIVE,0.99013215
47,prodiguum.,0,NEGATIVE,0.6795012
47,quod.,1,POSITIVE,0.98181814
47,ante.,1,POSITIVE,0.9971812
47,in.,1,POSITIVE,0.9935131
47,domum.,1,POSITIVE,0.94563764
47,consulatum.,1,POSITIVE,0.9958629
47,intulit.,1,POSITIVE,0.9936262
47,quam.,1,POSITIVE,0.96292794
47,colonia.,1,POSITIVE,0.98216856
47,sua.,1,POSITIVE,0.99480134
47,solidum.,1,POSITIVE,0.99844754
47,civitatis.,1,POSITIVE,0.98970586
47,Romanae.,1,POSITIVE,0.99319243
47,beneficium.,1,POSITIVE,0.99845403
47,consecuta.,1,POSITIVE,0.9968541
47,est.,0,NEGATIVE,0.9688803
47,idem.,1,POSITIVE,0.9484506
47,de fratre.,1,POSITIVE,0.9905687
47,ejus.,1,POSITIVE,0.9301639
47,possum.,0,NEGATIVE,0.9850095
47,dicere.,0,NEGATIVE,0.99837
47,miserabili.,0,NEGATIVE,0.99133927
47,quidem.,1,POSITIVE,0.9915024
47,indignissimoque.,1,POSITIVE,0.9962067
47,hoc.,0,NEGATIVE,0.5332938
47,casu.,1,POSITIVE,0.9914835
47,ut.,0,NEGATIVE,0.99065083
47,vobis.,0,NEGATIVE,0.9505887
47,utilis.,1,POSITIVE,0.9945806
47,senator.,1,POSITIVE,0.98291
47,esse.,1,POSITIVE,0.98814917
47,non.,0,NEGATIVE,0.9986216
47,possit.,1,POSITIVE,0.9877965
47,Tempus.,1,POSITIVE,0.9813768
47,est.,0,NEGATIVE,0.9688803
47,jam.,1,POSITIVE,0.997113
47,Ti.,1,POSITIVE,0.9806799
47,Caesar.,1,POSITIVE,0.987736
47,Germanice.,1,POSITIVE,0.98855686
47,detegere.,1,POSITIVE,0.9872788
47,te.,1,POSITIVE,0.99452585
47,patribus.,0,NEGATIVE,0.9750176
47,conscriptis.,1,POSITIVE,0.98473984
47,quo.,0,NEGATIVE,0.9753672
47,tendat.,1,POSITIVE,0.9920437
47,oratio.,1,POSITIVE,0.9768537
47,tua.,1,POSITIVE,0.9928252
47,jam.,1,POSITIVE,0.997113
47,enim.,1,POSITIVE,0.9940725
47,ad.,0,NEGATIVE,0.96838576
47,extremos.,0,NEGATIVE,0.8116928
47,sines.,1,POSITIVE,0.9701039
47,Galliae.,1,POSITIVE,0.99536854
47,Narbonensis.,1,POSITIVE,0.9921812
47,venisti.,1,POSITIVE,0.9936364
47,Tot.,0,NEGATIVE,0.9962204
47,ecce.,0,NEGATIVE,0.98414105
47,insignes.,0,NEGATIVE,0.9971596
47,juvenes.,1,POSITIVE,0.95476073
47,quot.,0,NEGATIVE,0.9934611
47,intueor.,1,POSITIVE,0.99732816
47,non.,0,NEGATIVE,0.9986216
47,magis.,1,POSITIVE,0.9862662
47,sunt.,0,NEGATIVE,0.9428953
47,poenitenci.,1,POSITIVE,0.98419964
47,senatorib.,1,POSITIVE,0.94003344
47,quam.,1,POSITIVE,0.96292794
47,poenitet.,0,NEGATIVE,0.9801886
47,Persicum.,1,POSITIVE,0.9827677
47,nobilissimum.,1,POSITIVE,0.99355507
47,virum.,0,NEGATIVE,0.9847368
47,amicum.,1,POSITIVE,0.9979073
47,meum.,1,POSITIVE,0.9945181
47,inter.,1,POSITIVE,0.9854512
47,imagines.,1,POSITIVE,0.99076074
47,majorum.,1,POSITIVE,0.9965848
47,suorum.,1,POSITIVE,0.99734855
47,Allorogici.,0,NEGATIVE,0.9881044
47,nomen.,0,NEGATIVE,0.9848495
47,legere.,1,POSITIVE,0.9789611
47,quod.,1,POSITIVE,0.98181814
47,si.,1,POSITIVE,0.9601348
47,hae.,1,POSITIVE,0.99566996
47,ita.,1,POSITIVE,0.97719586
47,esse.,1,POSITIVE,0.98814917
47,consenti.,1,POSITIVE,0.9949957
47,is.,1,POSITIVE,0.9645321
47,quid.,0,NEGATIVE,0.98969394
47,ultra.,1,POSITIVE,0.9838363
47,desideratis.,1,POSITIVE,0.99659526
47,quam.,1,POSITIVE,0.96292794
47,ut.,0,NEGATIVE,0.99065083
47,vobis.,0,NEGATIVE,0.9505887
47,digito.,0,NEGATIVE,0.98678744
47,demonstrem.,1,POSITIVE,0.99050236
47,solum.,1,POSITIVE,0.9960024
47,ipsum.,0,NEGATIVE,0.85687655
47,ultra.,1,POSITIVE,0.9838363
47,sines.,1,POSITIVE,0.9701039
47,provinciae.,1,POSITIVE,0.99324834
47,Narbonensis jam.,1,POSITIVE,0.9973286
47,vobis.,0,NEGATIVE,0.9505887
47,senatores.,1,POSITIVE,0.9346079
47,mittere.,0,NEGATIVE,0.9987015
47,quando.,1,POSITIVE,0.9876785
47,ex.,0,NEGATIVE,0.96367836
47,Lugduno.,1,POSITIVE,0.9946492
47,habere.,1,POSITIVE,0.9972179
47,nos.,0,NEGATIVE,0.990222
47,nostri.,1,POSITIVE,0.9859646
47,ordinis.,1,POSITIVE,0.9956544
47,viros.,1,POSITIVE,0.9946969
47,non.,0,NEGATIVE,0.9986216
47,poenitet.,0,NEGATIVE,0.9801886
47,timide.,1,POSITIVE,0.99029267
47,quidim.,1,POSITIVE,0.9932004
47,p. c. egressus.,1,POSITIVE,0.98328537
47,adsuetos.,1,POSITIVE,0.9862501
47,familiaresque.,1,POSITIVE,0.99798226
47,vobis.,0,NEGATIVE,0.9505887
47,"provinciarum, terminos.",1,POSITIVE,0.961951
47,sum.,0,NEGATIVE,0.96769106
47,sed.,1,POSITIVE,0.9236169
47,destricte jam comatae.,1,POSITIVE,0.9979602
47,Galliae.,1,POSITIVE,0.99536854
47,causa.,0,NEGATIVE,0.9661973
47,agenda.,1,POSITIVE,0.98553437
47,est.,0,NEGATIVE,0.9688803
47,in.,1,POSITIVE,0.9935131
47,qua.,1,POSITIVE,0.99002665
47,si.,1,POSITIVE,0.9601348
47,quis.,1,POSITIVE,0.8109551
47,hoc.,0,NEGATIVE,0.5332938
47,intuetur.,1,POSITIVE,0.99741185
47,quod.,1,POSITIVE,0.98181814
47,bello.,1,POSITIVE,0.99835074
47,per.,1,POSITIVE,0.9863334
47,decem.,1,POSITIVE,0.9541598
47,annos.,1,POSITIVE,0.98618126
47,exercuerunt.,1,POSITIVE,0.99181587
47,divom.,1,POSITIVE,0.99739784
47,julium.,1,POSITIVE,0.9794851
47,idem opponat.,0,NEGATIVE,0.9958654
47,centum.,1,POSITIVE,0.989698
47,annorum.,1,POSITIVE,0.98273736
47,immobilem.,0,NEGATIVE,0.9978732
47,fidem.,1,POSITIVE,0.9928224
47,obsequiumque.,1,POSITIVE,0.9903174
47,multis.,1,POSITIVE,0.9877896
47,tripidis.,1,POSITIVE,0.9840156
47,rebus.,0,NEGATIVE,0.9976042
47,nostris plusquam.,1,POSITIVE,0.9935115
47,expertum.,1,POSITIVE,0.9962588
47,illi.,1,POSITIVE,0.96978533
47,patri.,1,POSITIVE,0.98856795
47,meo.,1,POSITIVE,0.9862329
47,Druso.,1,POSITIVE,0.9902482
47,Germaniam.,1,POSITIVE,0.99201983
47,subigenti.,0,NEGATIVE,0.98935086
47,tutam.,0,NEGATIVE,0.9911049
47,quiete.,1,POSITIVE,0.99797493
47,sua secaramque.,1,POSITIVE,0.9962767
47,a tergo pacem.,1,POSITIVE,0.9920879
47,praestiterunt.,1,POSITIVE,0.99621767
47,et.,1,POSITIVE,0.9374193
47,quidem.,1,POSITIVE,0.9915024
47,cum.,0,NEGATIVE,0.97889084
47,ad.,0,NEGATIVE,0.96838576
47,census.,1,POSITIVE,0.96048456
47,novo.,1,POSITIVE,0.9789812
47,tum.,0,NEGATIVE,0.9782675
47,opere.,1,POSITIVE,0.96978146
47,et.,1,POSITIVE,0.9374193
47,in.,1,POSITIVE,0.9935131
47,adsueto.,1,POSITIVE,0.98018235
47,Galliis.,1,POSITIVE,0.9884042
47,ad.,0,NEGATIVE,0.96838576
47,bellum.,1,POSITIVE,0.9967354
47,avocatus.,1,POSITIVE,0.9832198
47,esset.,0,NEGATIVE,0.9968783
47,quod.,1,POSITIVE,0.98181814
47,opus.,0,NEGATIVE,0.97959936
47,quam.,1,POSITIVE,0.96292794
47,arduum.,1,POSITIVE,0.9256864
47,sit.,1,POSITIVE,0.91415733
47,nobis.,0,NEGATIVE,0.9897032
47,nunc.,1,POSITIVE,0.9854826
47,cum.,0,NEGATIVE,0.97889084
47,maxime.,1,POSITIVE,0.99763745
47,quamvis.,0,NEGATIVE,0.9300439
47,nihil.,0,NEGATIVE,0.99506956
47,ultra.,1,POSITIVE,0.9838363
47,quam.,1,POSITIVE,0.96292794
47,ut.,0,NEGATIVE,0.99065083
47,publice.,0,NEGATIVE,0.90943044
47,notae.,0,NEGATIVE,0.9967793
47,sint.,0,NEGATIVE,0.6321038
47,facultates.,1,POSITIVE,0.54883176
47,nostrae.,1,POSITIVE,0.9839465
47,exquiratur.,1,POSITIVE,0.98905927
47,nimis.,0,NEGATIVE,0.9768912
47,magne.,1,POSITIVE,0.9847479
47,experimento.,1,POSITIVE,0.9972566
47,cognoscimus.,1,POSITIVE,0.99215263
47,"I WAS also shewed without the gate of St Justinus, some remains of a Roman aqueduct; and behind the monastery of St Mary, there are the ruins of the imperial palace, where the emperor Claudius was born, and where Severus lived.",0,NEGATIVE,0.9398118
47,"The great cathedral of St John is a good Gothic building, and its clock much admired by the Germans.",1,POSITIVE,0.9986101
47,"In one of the most conspicuous parts of the town, is the late king's statue set up, trampling upon mankind.",0,NEGATIVE,0.993313
47,"I cannot forbear saying one word here, of the French statues (for I never intend to mention any more of them) with their gilded full-bottomed wigs.",0,NEGATIVE,0.99781317
47,"If their king had intended to express, in one image, _ignorance, ill taste_, and _vanity_, his sculptors could have made no other figure, so proper for that purpose, as this statue, which represents the odd mixture of an old beau, who had a mind to be a hero, with a bushel of curled hair on his head, and a gilt truncheon in his hand.--The French have been so voluminous on the history of this town, I need say nothing of it.",1,POSITIVE,0.9958066
47,"The houses are tolerably well built, and the Belle Cour well planted, from whence is seen the celebrated joining of the Soane and Rhone.",1,POSITIVE,0.99674785
47,"_""Ubi Rhodanus ingens amne praerapido fluit ""Ararque dubitans quo suos fluctus agat.",1,POSITIVE,0.990783
47,"""_ I have had time to see every thing with great leisure, having been confined several days to this town by a swelling in my throat, the remains of a fever, occasioned by a cold I got in the damps of the Alps.",1,POSITIVE,0.99883443
47,"The doctors here threaten me with all sorts of distempers, if I dare to leave them; but I, that know the obstinacy of it, think it just as possible to continue my way to Paris, with it, as to go about the streets of Lyons; and am determined to pursue my journey to-morrow, in spite of doctors, apothecaries, and sore throats.",1,POSITIVE,0.9947828
47,"WHEN you see Lady R----, tell her I have received her letter, and will answer it from Paris, believing that the place that she would most willingly hear of.",1,POSITIVE,0.9853562
47,"I am, &c. &c:",1,POSITIVE,0.98907083
48,"I CANNOT give my dear Lady R---- a better proof of the pleasure I have in writing to her, than chusing to do it in this seat of various amusements, where I am _accableed_ with visits, and those so full of vivacity and compliments, that 'tis full employment enough to hearken, whether one answers or not.",1,POSITIVE,0.998863
48,"The French ambassadress at Constantinople has a very considerable and numerous family here, who all come to see me, and are never weary of making inquiries.",1,POSITIVE,0.99847424
48,"The air of Paris has already had a good effect on me; for I was never in better health, though I have been extremely ill all the road from Lyons to this place.",1,POSITIVE,0.9946446
48,You may judge how agreeable the journey has been to me; which did not want that addition to make me dislike it.,1,POSITIVE,0.9955255
48,"I think nothing so terrible as objects of misery, except one had the God-like attribute of being capable to redress them; and all the country villages of France shew nothing else.",0,NEGATIVE,0.9829727
48,"While the post horses are changed, the whole town comes out to beg, with such miserable starved faces, and thin tattered cloths, they need no other eloquence, to persuade one of the wretchedness of their condition.",0,NEGATIVE,0.8349532
48,"This is all the French magnificence, till you come to Fountainbleau, when you are shewed one thousand five hundred rooms in the king's hunting palace.",0,NEGATIVE,0.992919
48,"The apartments of the royal family are very large, and richly gilt; but I saw nothing in the architecture or painting worth remembering.",0,NEGATIVE,0.999391
48,"The long gallery, built by Henry IV.",1,POSITIVE,0.9968244
48,has prospects of all the king's houses.,1,POSITIVE,0.99521965
48,"Its walls are designed after the taste of those times, but appear now very mean.",0,NEGATIVE,0.9973552
48,"The park is, indeed, finely wooded and watered, the trees well grown and planted, and in the fish-ponds are kept tame carp, said to be, some of them, eighty years of age.",1,POSITIVE,0.9985302
48,"The late king passed some months every year at this seat; and all the rocks round it, by the pious sentences inscribed on them, shew the devotion in fashion at his court, which I believe died with him; at least, I see no exterior marks of it at Paris, where all peoples thoughts seem to be on present diversion.",1,POSITIVE,0.9979976
48,THE fair of St Lawrence is now in season.,1,POSITIVE,0.9976501
48,"You may be sure I have been carried thither, and think it much better disposed than ours of Bartholomew.",0,NEGATIVE,0.9829053
48,"The shops being all set in rows so regularly and well lighted, they made up a very agreeable spectacle.",1,POSITIVE,0.9988257
48,"But I was not at all satisfied with the _grossierte_ of their harlequin, no more than with their music at the opera, which was abominably grating, after being used to that of Italy.",0,NEGATIVE,0.99948007
48,"Their house is a booth, compared to that of the Hay-market, and the play-house not so neat as that of Lincoln's-Inn-fields; but then it must be owned, to their praise, their tragedians are much beyond any of ours.",1,POSITIVE,0.9980942
48,I should hardly allow Mrs O----d a better place than to be confidante to La ----.,0,NEGATIVE,0.9836723
48,"I have seen the tragedy of Bajazet so well represented, that I think our best actors can be only said to  speak, but these to feel; and 'tis certainly infinitely more moving to see a man appear unhappy, than to hear him say that he is so, with a jolly face, and a stupid smirk in his countenance.--_A propos_ of countenances, I must tell you something of the French ladies; I have seen all the beauties, and such--(I can't help making use of the coarse word) nauseous creatures!",1,POSITIVE,0.9891191
48,so fantastically absurd in their dress!,0,NEGATIVE,0.99328315
48,so monstrously unnatural in their paints!,0,NEGATIVE,0.9994692
48,"their hair cut short, and curled round their faces, and so loaded with powder, that it makes it look like white wool!",0,NEGATIVE,0.9989983
48,"and on their cheeks to their chins, unmercifully laid on a shining red japan, that glistens in a most flaming manner, so that they seem to have no resemblance to human faces.",0,NEGATIVE,0.9965826
48,"I am apt to believe, that they took the first hint of their dress from a fair sheep newly ruddled.",0,NEGATIVE,0.98576266
48,"'Tis with pleasure I recollect my dear pretty country-women: and if I was writing to any body else, I should say, that these grotesque daubers give me still a higher esteem of the natural charms of dear Lady R----'s auburne (sic) hair, and the lively colours of her unsullied complexion.",0,NEGATIVE,0.9946089
48,"I am, &c. &c. _P.",1,POSITIVE,0.9904436
48,"S._ I have met the Abbe here, who desires me to make his compliments to you.",1,POSITIVE,0.99768835
49,"YOU see I'm just to my word, in writing to you from Paris, where I was very much surprised to meet my sister; I need not add, very much pleased.",1,POSITIVE,0.99868107
49,"She as little expected to see me as I her (having not received my late letters); and this meeting would shine under the hand of de Seuderie; but I shall not imitate his style so far, as to tell you how often we embraced, how she inquired, by what odd chance I returned from Constantinople?",1,POSITIVE,0.99529874
49,"And I answered her by asking, what adventure brought her to Paris?",1,POSITIVE,0.99723065
49,"To shorten the story, all questions, and answers, and exclamations, and compliments being over, we agreed upon running about together, and have seen Versailles, Trianon, Marli, and St Cloud.",1,POSITIVE,0.998514
49,"We had an order for the water to play for our diversion, and I was followed thither by all the English at Paris.",1,POSITIVE,0.9836734
49,"I own, Versailles appeared to me rather vast than beautiful; and after having seen the exact proportions of the Italian buildings, I thought the irregularity of it shocking.",0,NEGATIVE,0.99864405
49,"THE king's cabinet of antiques and medals, is, indeed, very richly furnished.",1,POSITIVE,0.997533
49,"Amongst that collection, none pleased so well, as the apotheosis of Germanicus, on a large agate, which is one of the most delicate pieces of the kind that I remember to have seen.",1,POSITIVE,0.99706763
49,I observed some ancient statues of great value.,1,POSITIVE,0.99607265
49,"But the nauseous flattery, and tawdry pencil of Le Brun, are equally disgusting in the gallery.",0,NEGATIVE,0.99949366
49,"I will not pretend to describe to you the great apartment, the vast variety of fountains, the theatre, the grove of Esop's (sic) fables, &c. all which you may read very amply particularized in some of the French authors, that have been paid for these descriptions.",0,NEGATIVE,0.99565357
49,"Trianon, in its littleness, pleased me better than Versailles; Marli, better than either of them; and St Cloud best of all; having the advantage of the Seine running at the bottom of the gardens, the great cascade, &c.  You may find information in the aforesaid books, if you have any curiosity to know the exact number of the statues, and how many feet they cast up the water.",1,POSITIVE,0.99864346
49,"WE saw the king's pictures in the magnificent house of the duke D'Antin, who has the care of preserving them till his majesty is of age.",1,POSITIVE,0.9982255
49,There are not many but of the best hands.,1,POSITIVE,0.99745834
49,"I looked, with great pleasure on the arch-angel of Raphael, where the sentiments of superior beings are as well expressed as in Milton.",1,POSITIVE,0.9984959
49,"You won't forgive me, if I say nothing of the Thuilleries (sic), much finer than our Mall; and the Cour, more agreeable than our Hyde-park, the high trees giving shade in the hottest season.",1,POSITIVE,0.9955588
49,"At the Louvre, I had the opportunity of seeing the king, accompanied by the Duke regent.",1,POSITIVE,0.99836457
49,"He is tall, and well shaped but has not the air of holding the crown so many years as his grandfather.",1,POSITIVE,0.9159421
49,"And now I am speaking of the Court, I must say, I saw nothing in France that delighted me so much, as to see an Englishman (at least a Briton) absolute at Paris, I mean Mr Law, who treats their dukes and peers extremely _de haut en bas_, and is treated by them with the utmost submission and respect.--Poor souls!--This reflection on their abject slavery, puts me in mind of the _place des victoires_; but I will not take up your time, and my own, with such descriptions, which are too numerous.",1,POSITIVE,0.81707764
49,"IN general, I think Paris has the advantage of London, in the neat pavement of the streets, and the regular lighting of them at nights, in the proportion of the streets, the houses being all built of stone, and most of those belonging to people of quality being beautified by gardens.",1,POSITIVE,0.9987853
49,"But we certainly may boast of a town very near twice as large; and when I have said that, I know nothing else we surpass it in.",1,POSITIVE,0.9971069
49,"I shall not continue here long; if you have any thing to command me during my short stay, write soon, and I shall take pleasure in obeying you.",1,POSITIVE,0.9847377
49,"I am, &c. &c.",1,POSITIVE,0.9888291
50,"I AM willing to take your word for it, that I shall really oblige you, by letting you know, as soon as possible, my safe passage over the water.",1,POSITIVE,0.99401283
50,"I arrived this morning at Dover, after being tossed a whole night in the packet-boat, in so violent a manner, that the master, considering the weakness of his vessel, thought it proper to remove the mail, and give us notice of the danger.",0,NEGATIVE,0.9969793
50,"We called a little fishing boat, which could hardly make up to us; while all the people on board us were crying to Heaven.",0,NEGATIVE,0.9963288
50,"'Tis hard to imagine one's self in a scene of greater horror than on such an occasion: and yet, shall I own it to you?",1,POSITIVE,0.9948104
50,"though I was not at all willingly to be drowned, I could not forbear being entertained at the double distress of a fellow-passenger.",0,NEGATIVE,0.996891
50,"She was an English lady that I had met at Calais, who desired me to let her go over with me in my cabin.",1,POSITIVE,0.99208903
50,"She had bought a fine point-head, which she was contriving to conceal from the custom-house officers.",0,NEGATIVE,0.9887438
50,"When the wind grew high, and our little vessel cracked, she fell very heartily to her prayers, and thought wholly of her soul.",1,POSITIVE,0.99867386
50,"When it seemed to abate, she returned to the worldly care of her head-dress, and addressed herself to me--_""Dear madam, will you take care of this point?",0,NEGATIVE,0.98368424
50,"if it should be ""lost!--Ah, Lord, we shall all be lost!--Lord have mercy on my ""soul!--Pray, madam, take care of this head-dress.",1,POSITIVE,0.99170643
50,"""_  This easy transition from her soul to her head-dress, and the alternate agonies that both gave her, made it hard to determine which she thought of greatest value.",1,POSITIVE,0.9965722
50,"But, however, the scene was not so diverting, but I was glad to get rid of it, and be thrown into the little boat, though with some hazard of breaking my neck.",0,NEGATIVE,0.99895215
50,It brought me safe hither; and I cannot help looking with partial eyes on my native land.,1,POSITIVE,0.9935273
50,"That partiality was certainly given us by nature, to prevent rambling, the effect of an ambitious thirst after knowledge, which we are not formed to enjoy.",0,NEGATIVE,0.98539615
50,"All we get by it, is a fruitless desire of mixing the different pleasures and conveniencies which are given to the different parts of the world, and cannot meet in any one of them.",0,NEGATIVE,0.9994959
50,"After having read all that is to be found in the languages I am mistress of, and having decayed my sight by midnight studies, I envy the easy peace of mind of a ruddy milk-maid, who, undisturbed by doubt, hears the sermon, with humility, every Sunday, not having confounded the sentiments of natural duty in her head by the vain-inquiries of the schools, who may be more learned, yet, after all, must remain as ignorant.",1,POSITIVE,0.99151546
50,"And, after having seen part of Asia and Africa, and almost made the tour of Europe, I think the honest English squire more happy, who verily believes the Greek wines less delicious than March beer; that the African fruits have not so fine a flavour as golden pippins; that the Beca figuas of Italy are not so well tasted as a rump of beef; and that, in short, there is no perfect enjoyment of this life out of Old England.",1,POSITIVE,0.9767702
50,"I pray God I may think so for the rest of my life; and, since I must be contented with our scanty allowance of day-light, that I may forget the enlivening sun of Constantinople.",1,POSITIVE,0.98426044
50,"I am, &c. &c.",1,POSITIVE,0.9888291
51,"I Have this minute received a letter of yours, sent me from Paris.",1,POSITIVE,0.9932919
51,"I believe and hope I shall very soon see both you and Mr Congreve; but as I am here in an inn, where we stay to regulate our march to London, bag and baggage, I shall employ some of my leisure time, in answering that part of yours, that seems to require an answer.",1,POSITIVE,0.996291
51,"I MUST applaud your good nature, in supposing, that your pastoral lovers (vulgarly called hay-makers) would have lived in everlasting joy and harmony, if the lightning had not interrupted their scheme of happiness.",1,POSITIVE,0.994194
51,"I see no reason to imagine, that John Hughes and Sarah Drew, were either wiser or more virtuous than their neighbours.",0,NEGATIVE,0.99586207
51,"That a well-set man of twenty-five should have a fancy to marry a brown woman of eighteen, is nothing marvellous; and I cannot help thinking, that had they married, their lives would have passed in the common track with their fellow parishioners.",1,POSITIVE,0.98174065
51,"His endeavouring to shield her from a storm, was a natural action, and what he would have certainly done for his horse, if he had been in the same situation.",1,POSITIVE,0.9978965
51,"Neither am I of opinion, that their sudden death was a reward of their mutual virtue.",0,NEGATIVE,0.99754107
51,"You know the Jews were reproved for thinking a village destroyed by fire, more wicked than those that had escaped the thunder.",0,NEGATIVE,0.98752105
51,Time and chance happen to all men.,1,POSITIVE,0.9865244
51,"Since you desire me to try my skill in an epitaph, I think the following lines perhaps more just, tho' not so poetical as yours.",0,NEGATIVE,0.9844216
51,"_Here lies John Hughes and Sarah Drew; Perhaps you'll say, What's that to you?",0,NEGATIVE,0.9966313
51,"Believe me, friend, much may be said On that poor couple that are dead.",0,NEGATIVE,0.99068
51,On Sunday next they should have married; But see how oddly things are carried!,0,NEGATIVE,0.9987661
51,"On Thursday last it rain'd and lighten'd, These tender lovers sadly frighten'd, Shelter'd beneath the cocking hay, In hopes to pass the time away, But the_ BOLD THUNDER _found them out, (Commission'd for that end no doubt) And seizing on their trembling breath, Consign'd them to the shades of death.",0,NEGATIVE,0.9940438
51,Who knows if 'twas not kindly done?,0,NEGATIVE,0.99305195
51,"For had they seen the next year's fun, A beaten wife and cockold swain Had jointly curs'd the marriage chain: Now they are happy in their doom_, FOR POPE HAS WROTE UPON THEIR TOMB.",1,POSITIVE,0.980761
51,"I CONFESS, these sentiments are not altogether so heroic as yours; but I hope you will forgive them in favour of the two last lines.",1,POSITIVE,0.9957072
51,"You see how much I esteem the honour you have done them; though I am not very impatient to have the same, and had rather continue to be your stupid _living_ humble servant, than be _celebrated_ by all the pens in Europe.",1,POSITIVE,0.8922175
51,"I WOULD write to Mr C----; but suppose you will read this to him, if he inquires after me.",0,NEGATIVE,0.9961066
