letter_id,sentence,language,sentence_id,tsne_x,tsne_y
LTR-001,"I FLATTER, myself, dear sister, that I shall give you some pleasure in letting you know that I have safely passed the sea, though we had the ill fortune of a storm.",en,0,26.87085,6.678051
LTR-001,"We were persuaded by the captain of the yacht to set out in a calm, and he pretended there was nothing so easy as to tide it over; but, after two days slowly moving, the wind blew so hard, that none of the sailors could keep their feet, and we were all Sunday night tossed very handsomely.",en,1,3.2960467,53.969788
LTR-001,I never saw a man more frighted (sic) than the captain.,en,2,-12.055326,-7.2907424
LTR-001,"For my part, I have been so lucky, neither to suffer from fear nor seasickness; though, I confess, I was so impatient to see myself once more upon dry land, that I would not stay till the yacht could get to Rotterdam, but went in the long-boat to Helvoetsluys, where we had voitures to carry us to the Briel.",en,3,11.34205,25.104288
LTR-001,I was charmed with the neatness of that little town; but my arrival at Rotterdam presented me a new scene of pleasure.,en,4,12.250301,-21.493502
LTR-001,"All the streets are paved with broad stones, and before many of the meanest artificers doors are placed seats of various coloured marbles, so neatly kept, that, I assure you, I walked almost all over the town yesterday, _incognito_,  in my slippers without receiving one spot of dirt; and you may see the Dutch maids washing the pavement of the street, with more application than ours do our bed-chambers.",en,5,-48.198086,-2.3637056
LTR-001,"The town seems so full of people, with such busy faces, all in motion, that I can hardly fancy it is not some celebrated fair; but I see it is every day the same.",en,6,-46.428288,-2.460654
LTR-001,'Tis certain no town can be more advantageously situated for commerce.,en,7,-9.366435,-29.525251
LTR-001,"Here are seven large canals, on which the merchants ships come up to the very doors of their houses.",en,8,-64.69008,0.42174906
LTR-001,"The shops and warehouses are of a surprising neatness and magnificence, filled with an incredible quantity of fine merchandise, and so much cheaper than what we see in England, that I have much ado to persuade myself I am still so near it.",en,9,-34.199894,-18.015247
LTR-001,Here is neither dirt nor beggary to be seen.,en,10,-16.848537,-29.310425
LTR-001,"One is not shocked with those loathsome cripples, so common in London, nor teased with the importunity of idle fellows and wenches, that chuse (sic) to be nasty and lazy.",en,11,-23.57616,0.27307817
LTR-001,"The common servants, and little shop-women, here, are more nicely clean than most of our ladies; and the great variety of neat dresses (every woman dressing her head after her own fashion) is an additional pleasure in seeing the town.",en,12,-35.699173,-10.170938
LTR-001,"You see, hitherto, I make no complaints, dear sister; and if I continue to like travelling as I do at present, I shall not repent my project.",en,13,14.224189,-0.70903647
LTR-001,"It will go a great way in making me satisfied with it, if it affords me an opportunity of entertaining you.",en,14,31.395601,13.267757
LTR-001,But it is not from Holland that you may expect a _disinterested_ offer.,en,15,13.508883,-22.9044
LTR-001,"I can write enough in the stile (sic) of Rotterdam, to tell you plainly, in one word that I expect returns of all the London news.",en,16,13.185392,-21.641926
LTR-001,"You see I have already learnt to make a good bargain; and that it is not for nothing I will so much as tell you, I am your affectionate sister.",en,17,16.86144,9.72139
LTR-002,"I MAKE haste to tell you, dear Madam, that, after all the dreadful fatigues you threatened me with, I am hitherto very well pleased with my journey.",en,18,26.97623,4.4465995
LTR-002,"We take care to make such short stages every day, that I rather fancy myself upon parties of pleasure, than upon the road; and sure nothing can be more agreeable than travelling in Holland.",en,19,14.894019,-19.06691
LTR-002,"The whole country appears a large garden; the roads are well paved, shaded on each side with rows of trees, and bordered with large canals, full of boats, passing and repassing.",en,20,-57.88249,-5.820002
LTR-002,"Every twenty paces gives you the prospect of some villa, and every four hours that of a large town, so surprisingly neat, I am sure you would be charmed with them.",en,21,-59.746956,8.820024
LTR-002,The place I am now at is certainly one of the finest villages in the world.,en,22,-28.562992,-20.502728
LTR-002,"Here are several squares finely built, and (what I think a particular beauty) the whole set with thick large trees.",en,23,-59.424694,-9.753304
LTR-002,"The _Vour-hout_ is, at the same time, the Hyde-Park and Mall of the people of quality; for they take the air in it both on foot and in coaches.",en,24,-46.56512,-5.5694118
LTR-002,"There are shops for wafers, cool liquors, &c.--I have been to see several of the most celebrated gardens, but I will not teaze (sic) you with their descriptions.",en,25,6.699788,-34.9764
LTR-002,I dare say you think my letter already long enough.,en,26,28.131237,0.23688444
LTR-002,"But I must not conclude without begging your pardon, for not obeying your commands, in sending the lace you ordered me.",en,27,24.067806,-9.260134
LTR-002,"Upon my word, I can yet find none, that is not dearer than you may buy it at London.",en,28,13.621427,-23.967833
LTR-002,"If you want any India goods, here are great variety of penny-worths; and I shall follow your orders with great pleasure and exactness; being,              Dear Madam, &c. &c.",en,29,15.373051,0.8716567
LTR-003,"I AM extremely sorry, my dear S. that your fears of disobliging your relations, and their fears for your health and safety, have hindered me from enjoying the happiness of your company, and you the pleasure of a diverting journey.",en,30,23.293495,21.455477
LTR-003,"I receive some degree of mortification from every agreeable novelty, or pleasing prospect, by the reflection of your having so unluckily missed the delight which I know it would have given you.",en,31,17.585243,6.1879487
LTR-003,"If you were with me in this town, you would be ready to expect to receive visits from your Nottingham friends.",en,32,-21.289125,-61.839916
LTR-003,"No two places were ever more resembling; one has but to give the Maese the name of the Trent, and there is no distinguishing the prospect.",en,33,-27.547232,-57.189907
LTR-003,"The houses, like those of Nottingham, are built one above another, and are intermixed in the same manner with trees and gardens.",en,34,-54.35951,-10.684487
LTR-003,"The tower they call Julius Caesar's, has the same situation with Nottingham castle; and I cannot help fancying, I see from it the Trentfield, Adboulton, places so well known to us.",en,35,-42.335476,-10.459468
LTR-003,"'Tis true, the fortifications make a considerable difference.",en,36,-35.88239,-53.660492
LTR-003,"All the learned in the art of war bestow great commendations on them; for my part, that know nothing of the matter, I shall content myself with telling you, 'tis a very pretty walk on the ramparts, on  which there is a tower, very deservedly called the Belvidera; where people go to drink coffee, tea, &c. and enjoy one of the finest prospects in the world.",en,37,-6.095731,10.370085
LTR-003,"The public walks have no great beauty but the thick shade of the trees, which is solemnly delightful.",en,38,-58.000164,-22.654861
LTR-003,"But I must not forget to take notice of the bridge, which appeared very surprising to me.",en,39,4.1373863,-27.719221
LTR-003,"It is large enough to hold hundreds of men, with horses and carriages.",en,40,-61.697258,2.5043628
LTR-003,"They give the value of an English two-pence to get upon it, and then away they go, bridge and all, to the other side of the river, with so slow a motion, one is hardly sensible of any at all.",en,41,-64.516815,15.972269
LTR-003,"I was yesterday at the French church, and stared very much at their manner of service.",en,42,-14.607051,46.978306
LTR-003,"The parson clapped on a broad-brimmed hat in the first place, which gave him entirely the air of _what d'ye call him_, in Bartholomew fair, which he kept up by extraordinary antic gestures, and preaching much such stuff as the other talked to the puppets.",en,43,-87.26355,15.858534
LTR-003,"However, the congregation seemed to receive it with great devotion; and I was informed by some of his flock, that he is a person of particular fame amongst them.",en,44,-11.573931,27.096336
LTR-003,"I believe, by this time, you are as much tired with my account of him, as I was with his sermon; but I am sure your brother will excuse a digression in favour of the church of England.",en,45,17.515882,1.1050555
LTR-003,"You know speaking disrespectfully of the Calvinists, is the same thing as speaking honourably of the church.",en,46,-4.181722,-3.8157554
LTR-003,"Adieu, my dear S. always remember me; and be assured I can never forget you, &c. &c.",en,47,30.745928,17.446787
LTR-004,"IF my lady ---- could  have any notion of the fatigues that I have suffered these two last days, I am sure she would own it a great proof of regard, that I now sit down to write to her.",en,48,12.872,4.3423
LTR-004,"We hired horses from Nimeguen hither, not having the conveniency (sic) of the post, and found but very indifferent accommodations at Reinberg, our first stage; but it was nothing to what I suffered yesterday.",en,49,11.286303,49.184155
LTR-004,"We were in hopes to reach Cologn; our horses tired at Stamel, three hours from it, where I was forced to pass the night in my clothes, in a room not at all better than a hovel; for though I have my bed with me, I had no mind to undress, where the wind came from a thousand places.",en,50,11.081065,47.389984
LTR-004,"We left this wretched lodging at day-break, and about six this morning came safe here, where I got immediately into bed.",en,51,12.19127,46.604782
LTR-004,"I slept so well for three hours, that I found myself perfectly recovered, and have had spirits enough to go and see all that is curious in the town, that is to say, the churches, for here is nothing else worth seeing.",en,52,7.045162,31.082115
LTR-004,"This is a very large town, but the most part of it is old built.",en,53,-42.680244,-25.524961
LTR-004,"The Jesuits church, which is the neatest, was shewed (sic) me, in a very complaisant manner, by a handsome young Jesuit; who, not knowing who I was, took a liberty in his compliments and railleries, which very much diverted me.",en,54,-6.4282093,48.171463
LTR-004,"Having never before seen any thing of that nature, I could not enough admire the magnificence of the altars, the rich images of the saints (all massy silver) and the _enchassures_ of the relicks (sic); though I could not help murmuring, in my heart, at the profusion of pearls, diamonds, and rubies, bestowed on the adornment of rotten teeth, and dirty rags.",en,55,-22.63864,-36.37908
LTR-004,"I own that I had wickedness enough to covet St Ursula's pearl necklaces; though perhaps this was no wickedness at all, an image not being certainly one's neighbour's; but I went yet farther, and wished the wench herself converted into dressing-plate.",en,56,-22.661121,-39.440495
LTR-004,"I should also gladly see converted into silver, a great St Christopher, which I imagine would look very well in a cistern.",en,57,-25.521744,-42.27493
LTR-004,"These were my pious reflections: though I was very well satisfied to see, piled up to the honour of our nation, the skulls of the eleven thousand virgins.",en,58,-9.530101,-10.928017
LTR-004,"I have seen some hundreds of relicks here of no less, consequence; but I will not imitate the common stile (sic) of travellers so far, as to give you a list of them; being persuaded, that you have no manner of curiosity for the titles given to jaw-bones and bits of worm-eaten wood.--Adieu, I am just going to supper, where I shall drink your health in an admirable sort of Lorrain (sic) wine, which I am sure is the same you call Burgundy in London, &c. &c.",en,59,-6.0918293,11.621531
LTR-005,"AFTER five days travelling post, I could not sit down to write on any other occasion, than to tell my dear lady, that I have not forgot her obliging command, of sending her some account of my travels.",en,60,11.350672,8.039136
LTR-005,"I have already passed a large part of Germany, have seen all that is remarkable in Cologn, Frankfort, Wurtsburg, and this place.",en,61,-24.444796,-20.73997
LTR-005,"'Tis impossible not to observe the difference between the free towns and those under the government of absolute princes, as all the little sovereigns of Germany are.",en,62,-26.893671,-13.204896
LTR-005,"In the first, there appears an air of commerce and plenty.",en,63,-49.198074,-10.763996
LTR-005,"The streets are well-built, and full of people, neatly and plainly dressed.",en,64,-55.01804,-21.89957
LTR-005,"The shops are loaded with merchandise, and the commonalty are clean and cheerful.",en,65,-54.97177,-21.812128
LTR-005,"In the other you see a sort of shabby finery, a number of dirty people of quality tawdered (sic) out; narrow nasty streets out of repair, wretchedly thin of inhabitants, and above half of the common sort asking alms.",en,66,-50.391293,3.6511765
LTR-005,"I cannot help fancying one under the figure of a clean Dutch citizen's wife, and the other like a poor town lady of pleasure, painted and ribboned out in her head-dress, with tarnished silver-laced shoes, a ragged under-petticoat, a miserable mixture of vice and poverty.--They have sumptuary laws in this town, which distinguish their rank by their dress, prevent the excess which ruins so many other cities, and has a more agreeable effect to the eye of a stranger, than our fashions.",en,67,-14.638257,18.667685
LTR-005,"I need not be ashamed to own, that I wish these laws were in force in other parts of the world.",en,68,-0.6818999,-1.7029743
LTR-005,"When one considers impartially, the merit of a rich suit of clothes in most places, the respect and the smiles of favour it procures, not to speak of the envy and the sighs it occasions (which is very often the principal charm to the wearer), one is forced to confess, that there is need of an uncommon understanding to resift the temptation of pleasing friends and mortifying rivals; and that it is natural to young people to fall into a folly, which betrays them to that want of money which is the source of a thousand basenesses (sic).",en,69,-17.17194,16.727339
LTR-005,"What numbers of men have begun the world with generous inclinations, that have afterwards been the instruments of bringing misery on a whole people, being led by vain expence (sic) into debts that they could clear no other way but by the forfeit of their honour, and which they never could have contracted, if the respect the multitude pays to habits, was fixed by law, only to a particular colour or cut of plain cloth!",en,70,-32.466236,7.430235
LTR-005,These reflections draw after them others that are too melancholy.,en,71,2.7835827,-42.739685
LTR-005,"I will make haste to put them out of your head by the farce of relicks, with which I have been entertained in all Romish churches.",en,72,2.9150875,-41.741432
LTR-005,THE Lutherans are not quite free from these follies.,en,73,-29.185585,-14.17978
LTR-005,"I have seen here, in the principal church, a large piece of the cross set in jewels, and the point of the spear, which they told me very gravely, was the same that pierced the side of our Saviour.",en,74,-23.458553,-45.35174
LTR-005,"But I was particularly diverted in a little Roman Catholic church which is permitted here, where the professors of that religion are not very rich, and consequently cannot adorn their images in so rich a manner as their neighbour.",en,75,-17.499073,-21.18933
LTR-005,"For, not to be quite destitute of all finery, they have dressed up an image of our Saviour over the altar, in a fair full-bottomed wig very well powdered.",en,76,-63.90742,-23.63562
LTR-005,"I imagine I see your lady ship stare at this article, of which you very much doubt the veracity; but, upon my word, I have not yet made use of the privilege of a traveller; and my whole account is written with the same plain sincerity of heart, with which I assure you that I am, dear Madam, yours, &c. &c.",en,77,10.609362,0.0043166163
LTR-006,"I HAD the pleasure of receiving yours, but the day before I left London.",en,78,26.054955,-5.411396
LTR-006,"I give you a thousand thanks for your good wishes, and have such an opinion of their efficacy that, I am persuaded, I owe in part, to them, the good luck of having proceeded so far on my long journey without any ill accident.",en,79,19.971151,18.30495
LTR-006,"For I don't reckon it any, to have been stopped a few days in this town by a cold, since it has not only given me an opportunity of seeing all that is curious in it, but of making some acquaintance with the ladies, who have all been to see me with great civility, particularly _Madame_ ----, the wife of our king's envoy from Hanover.",en,80,2.3560023,25.637539
LTR-006,"She has carried me to all the assemblies, and I have been magnificently entertained at her house, which is one of the finest here.",en,81,-7.6693025,41.24873
LTR-006,"You know, that all the nobility of this place are envoys from different states.",en,82,-60.68017,-49.72739
LTR-006,"Here are a great number of them, and they might pass their time agreeably enough, if they were less delicate on the point of ceremony.",en,83,-44.13958,-40.915596
LTR-006,"But instead of joining in the design of making the town as pleasant to one another as they can, and improving their little societies, they amuse themselves no other way than with perpetual quarrels, which they take care to eternize (sic), by leaving them to their successors; and an envoy to Ratisbon receives, regularly, half a dozen quarrels, among the perquisites of his employment.",en,84,-30.536572,19.177652
LTR-006,"You may be sure the ladies are not wanting, on their side, in cherishing and improving  these important _picques_, which divide the town almost into as many parties, as there are families.",en,85,-31.956734,20.559704
LTR-006,"They chuse rather to suffer the mortification of sitting almost alone on their assembly nights, than to recede one jot from their pretensions.",en,86,-32.4589,20.46192
LTR-006,"I have not been here above a week, and yet I have heard from almost every one of them the whole history of their wrongs, and dreadful complaint of the injustice of their neighbours, in hopes to draw me to their party.",en,87,4.1063156,23.949928
LTR-006,"But I think it very prudent to remain neuter, though, if I was to stay amongst them, there would be no possibility of continuing so, their quarrels running so high, that they will not be civil to those that visit their adversaries.",en,88,5.4616294,18.336428
LTR-006,"The foundation of these everlasting disputes, turns entirely upon rank, place, and the title of Excellency, which they all pretend to; and, what is very hard, will give it to no body.",en,89,-34.933743,2.5353491
LTR-006,"For my part, I could not forbear advising them, (for the public good) to give the title of Excellency to every body; which would include the receiving it from every body; but the very mention of such a dishonourable peace, was received with as much indignation, as Mrs Blackaire did the motion of a reference.",en,90,1.9501017,11.916428
LTR-006,"And indeed, I began to think myself ill-natured, to offer to take from them, in a town where there are so few diversions, so entertaining an amusement.",en,91,3.5891306,20.656147
LTR-006,"I know that my peaceable disposition already gives me a very ill figure, and that 'tis _publicly_ whispered as a piece of impertinent pride in me, that I have hitherto been saucily civil to every body, as if I thought nobody good enough to quarrel with.",en,92,7.899388,12.043322
LTR-006,"I should be obliged to change my behaviour, if I did not intend to pursue my journey in a few days.",en,93,23.059372,33.588913
LTR-006,"I have been to see the churches here, and had the permission of touching the relicks, which was never suffered in places where I was not known.",en,94,-19.83745,-21.689167
LTR-006,"I had, by this privilege, the opportunity of making an observation, which I doubt not might have been made in all the other churches, that the emeralds and rubies which they show round their relicks and images are most of them false; though they tell you that many of the _Crosses_ and _Madonas_ (sic), set round with these stones, have been the gifts of emperors and other great princes.",en,95,-22.135664,-35.319153
LTR-006,"I don't doubt, indeed, but they were at first jewels of value; but the good fathers have found it convenient to apply them to other uses, and the people are just as well satisfied with bits of glass amongst these relicks.",en,96,-19.227905,-34.327457
LTR-006,"They shewed me a prodigious claw set in gold, which they called the claw of a griffin; and I could not forbear asking the reverend priest that shewed it, Whether the griffin was a saint?",en,97,-27.65014,-44.125835
LTR-006,"The question almost put him beside his gravity; but he answered, They only kept it as a curiosity.",en,98,7.4207587,-60.02808
LTR-006,"I was very much scandalised at a large silver image of the _Trinity_, where the _Father_ is represented under the figure of a decrepit old man, with a beard down to his knees, and triple crown on his head, holding in his arms the _Son_, fixed on the cross, and the _Holy Ghost_, in the shape of a dove, hovering over him.",en,99,-25.788322,-40.282455
LTR-006,"Madam ---- is come this minute to call me to the assembly, and forces me to tell you, very abruptly, that I am ever your, &c. &c.",en,100,23.137262,37.771347
LTR-007,"I AM now, my dear sister, safely arrived at Vienna; and, I thank God, have not at all suffered in my health, nor (what is dearer to me) in that of my child, by all our fatigues.",en,101,13.460436,31.816946
LTR-007,"We travelled by water from Ratisbon, a journey perfectly agreeable, down the Danube, in one of those little vessels, that they, very properly, call wooden houses, having in them all the conveniences of a palace, stoves in the chambers, kitchens, &c.  They are rowed by twelve men each, and move with such incredible swiftness, that in the same day you have the pleasure of a vast variety of prospects; and, within the space of a few hours, you have the pleasure of seeing a populous city adorned with magnificent palaces, and the most romantic solitudes, which appear distant from the commerce of mankind, the banks of the Danube being charmingly diversified with woods, rocks, mountains covered with vines, fields of corn, large cities, and ruins of ancient castles.",en,102,-56.6252,18.23569
LTR-007,"I saw the great towns of Passau and Lintz, famous for the retreat of the imperial court, when Vienna was besieged.",en,103,-50.945686,44.06967
LTR-007,"This town, which has the honour of being the emperor's residence, did not at all answer my expectation, nor ideas of it, being much less than I expected to find it; the streets are very close, and so narrow, one cannot observe the fine fronts of the palaces, though many of them very well deserve observation, being truly magnificent.",en,104,-12.062297,9.54469
LTR-007,"They are built of fine white stone, and are excessive high.",en,105,-58.7344,-29.307997
LTR-007,"For as the town is too little for the number of the people that desire to live in it, the builders seem to have projected to repair that misfortune, by clapping one town on the top of another, most of the houses being of five, and some of them six stories.",en,106,-52.824055,2.2576199
LTR-007,"You may easily imagine, that the streets being so narrow, the rooms are extremely dark; and, what is an inconveniency much more intolerable, in my opinion, there is no house has so few as five or six families in it.",en,107,-51.58595,1.2260435
LTR-007,"The apartments of the greatest ladies, and even of the ministers of state, are divided, but by a partition, from that of a taylor (sic) or shoemaker; and I know no body that has above two floors in any house, one for their own use, and one higher for their servants.",en,108,-38.665577,24.079601
LTR-007,"Those that have houses of their own, let Out the rest of them to whoever will take them; and thus the great stairs, (which are all of stone) are as common and as dirty as the street.",en,109,-55.060246,9.061573
LTR-007,"'Tis true, when you have once travelled through them, nothing can be more surprisingly magnificent than the apartments.",en,110,-27.5316,-24.366562
LTR-007,"They are commonly a _suite_ of eight or ten large rooms, all inlaid, the doors and windows richly carved and gilt, and the furniture, such as is seldom seen in the palaces of sovereign princes in other countries.",en,111,-56.625793,-13.400637
LTR-007,"Their apartments are adorned with hangings of the finest tapestry of Brussels, prodigious large looking glasses in silver frames, fine japan tables, beds, chairs, canopies, and window curtains of the richest Genoa damask or velvet, almost covered with gold lace or embroidery.",en,112,-68.41742,-19.63839
LTR-007,"All this is made gay by pictures, and vast jars of japan china, and large lustres of rock crystal.",en,113,-63.37075,-20.14938
LTR-007,"I have already had the honour of being invited to dinner by several of the first people of quality; and I must do them the justice to say, the good taste and magnificence of their tables, very well answered to that of their furniture.",en,114,-27.27144,-8.402903
LTR-007,"I have been more than once entertained with fifty dishes of meat all served in silver, and well dressed; the desert (sic) proportionable, served in the finest china.",en,115,-67.03958,-23.240995
LTR-007,"But the variety and richness of their wines, is what appears the most surprising.",en,116,-38.05339,-32.40514
LTR-007,"The constant way is, to lay a list of their names upon the plates of the guests, along with the napkins; and I have counted several times to the number of eighteen different sorts, all exquisite in their kinds.",en,117,-79.2409,-40.0426
LTR-007,"I was yesterday at Count Schoonbourn, the vice-chancellor's garden, where I was invited to dinner.",en,118,-17.563398,47.832367
LTR-007,"I must own, I never saw a place so perfectly delightful as the Fauxburg (sic) of Vienna.",en,119,-24.648756,-18.643383
LTR-007,"It is very large, and almost wholly composed of delicious palaces.",en,120,-57.363487,-29.386497
LTR-007,"If the emperor found it proper to permit the gates of the town to be laid open, that the Fauxburg might be joined to it, he would have one of the largest and best built cities in Europe.",en,121,-52.48504,38.307766
LTR-007,"Count Schoonbourn's villa is one of the most magnificent; the furniture all rich brocades, so well fancied and fitted up, nothing can look more gay and splendid; not to speak of a gallery, full of rarities of coral, mother of pearl, and, throughout the whole house, a profusion of gilding, carving, fine paintings, the most beautiful porcelain, statues of alabaster and ivory, and vast orange and lemon trees in gilt pots.",en,122,-57.642776,-14.807355
LTR-007,"The dinner was perfectly fine and well ordered, and made still more agreeable by the good humour of the Count.",en,123,-37.529045,-14.183356
LTR-007,"I have not yet been at court, being forced to stay for my gown, without which there is no waiting on the empress; though I am not without great impatience to see a beauty that has been the admiration of so many different nations.",en,124,-3.1688778,14.491727
LTR-007,"When I have had that honour, I will not fail to let you know my real thoughts, always taking a particular pleasure in communicating them to my dear sister.",en,125,29.05382,13.50994
LTR-008,PERHAPS you'll laugh at me for thanking you very gravely for all the obliging concern you express for me.,en,126,24.065208,7.257959
LTR-008,"'Tis certain that I may, if I please, take the fine things you say to me for wit and raillery; and, it may be, it would be taking them right.",en,127,18.988398,7.1179185
LTR-008,"But I never, in my life, was half so well disposed to take you in earnest as I am at present; and that distance which makes the continuation of your friendship improbable, has very much increased my faith in it.",en,128,15.590089,10.727264
LTR-008,"I find that I have, (as well as the rest of my sex) whatever face I set on't, a strong disposition to believe in miracles.",en,129,10.115713,18.05007
LTR-008,"Don't fancy, however, that I am infected by the air of these popish countries; I have, indeed, so far wandered from the discipline of the church of England, as to have been last Sunday at the opera, which was performed in the garden of the Favorita; and I was so much pleased with it, I have not yet repented my seeing it.",en,130,-1.6750346,6.612418
LTR-008,"Nothing of that kind ever was more magnificent; and I can easily believe what I am told, that the decorations and habits cost the emperor thirty thousand pounds Sterling.",en,131,-25.724659,-15.988502
LTR-008,"The stage was built over a very large canal, and, at the beginning of the second act, divided into two parts, discovering the water, on which there immediately came, from different parts, two fleets of little gilded vessels, that gave the representation of a naval fight.",en,132,-68.4915,2.4935544
LTR-008,"It is not easy to imagine the beauty of this scene, which I took particular notice of.",en,133,-6.201678,-28.987396
LTR-008,But all the rest were perfectly fine in their kind.,en,134,-57.93993,-36.234882
LTR-008,"The story of the opera is the enchantment of Alcina, which gives opportunities for great variety of machines, and changes of the scenes, which are performed with a surprising swiftness.",en,135,-54.180088,-51.943207
LTR-008,"The theatre is so large, that it is hard to carry the eye to the end of it, and the habits in the utmost magnificence, to the number of one hundred and eight.",en,136,-50.33666,-16.179806
LTR-008,"No house could hold such large decorations: but the ladies all sitting in the open air, exposes them to great inconveniences; for there is but one canopy for the imperial family; and the first night it was represented, a shower of rain happening, the opera was broke off, and the company crowded away in such confusion, that I was almost squeezed to death.--But if their operas are thus delightful, their comedies are in as high a degree ridiculous.",en,137,-55.24692,15.654481
LTR-008,"They have but one play-house, where I had the curiosity to go to a German comedy, and was very glad it happened to be the story of Amphitrion (sic).",en,138,-8.239836,-22.168127
LTR-008,"As that subject has been already handled by a Latin, French, and English poet, I was curious to see what an Austrian author would make of it.",en,139,-5.8434763,-20.111307
LTR-008,"I understand enough of that language to comprehend the greatest part of it; and besides, I took with me a lady, that had the goodness to explain to me every word.",en,140,-3.5204268,29.36655
LTR-008,"The way is, to take a box, which holds four, for yourself and company.",en,141,-23.35674,-69.225464
LTR-008,The fixed price is a gold ducat.,en,142,-82.632095,-23.071358
LTR-008,"I thought the house very low and dark; but I confess, the comedy admirably recompensed that defect.",en,143,-7.472346,-24.477055
LTR-008,I never laughed so much in my life.,en,144,-13.735145,-8.689631
LTR-008,"It began with Jupiter's falling in love out of a peep-hole in the clouds, and ended with the birth of Hercules.",en,145,-55.428448,-53.483784
LTR-008,"But what was most pleasant, was the use Jupiter made of his metamorphosis; for you no sooner saw him under the figure of Amphitrion, but, instead of flying to Alcmena, with the raptures Mr Dryden puts into his mouth, he sends for Amphitrion's taylor, and cheats him of a laced coat, and his banker of a bag of money, a Jew of a diamond ring, and bespeaks a great supper in his name; and the greatest part of the comedy turns upon poor Amphitrion's being tormented by these people for their debts.",en,146,-39.60121,40.35603
LTR-008,Mercury uses Sofia in the same manner.,en,147,-41.06613,38.571835
LTR-008,"But I could not easily pardon the liberty the poet has taken of larding his play with, not only indecent expressions, but such gross words, as I don't think Our mob would suffer from a mountebank.",en,148,-0.3785652,4.5930543
LTR-008,"Besides, the two Sofias very fairly let down their breeches in the direct view of the boxes, which were full of people of the first rank, that seemed very well pleased with their entertainment, and assured me, this was a celebrated piece.",en,149,-87.52011,10.814999
LTR-008,"I shall conclude my letter with this remarkable relation, very well worthy the serious consideration of Mr Collier.",en,150,31.65103,1.4830053
LTR-008,"I won't trouble you with farewel (sic) compliments, which I think generally as impertinent, as courtesies at leaving the room, when the visit had been too long already.",en,151,17.473997,-12.36097
LTR-009,"THOUGH I have so lately troubled you, my dear sister, with a long letter, yet I will keep my promise in giving you an account of my first going to court.",en,152,28.326984,5.266259
LTR-009,"In order to that ceremony, I was squeezed up in a gown, and adorned with a gorget and the other implements thereunto belonging; a dress very inconvenient, but which certainly shows the neck and shape to great advantage.",en,153,-20.91504,-48.345356
LTR-009,"I cannot forbear giving you some description of the fashions here, which are more monstrous, and contrary to all common sense and reason, than 'tis possible for you to imagine.",en,154,1.8105254,0.59995556
LTR-009,"They build certain fabrics of gauze on their heads, about a yard high, consisting of three or four stories, fortified with numberless yards of heavy ribbon.",en,155,-74.91543,-14.640451
LTR-009,"The foundation of this structure is a thing they call a _Bourle_, which is exactly of the same shape and kind, but about four times as big as those rolls our prudent milk-maids make use of to fix their pails upon.",en,156,-75.204025,-13.096158
LTR-009,"This machine they cover With their own hair, which they mix with a great deal of false, it being a particular beauty to have their heads too large to go into a moderate tub.",en,157,-75.082405,-15.946219
LTR-009,"Their hair is prodigiously powdered to conceal the mixture, and set out with three or four rows of bodkins (wonderfully large, that stick out two or three inches from their hair) made of diamonds, pearls, red, green, and yellow stones, that it certainly requires as much art and experience to carry the load upright, as to dance upon May-day with the garland.",en,158,-76.29301,-14.456465
LTR-009,"Their whale-bone petticoats outdo ours by several yards, circumference, and cover some acres of ground.",en,159,-73.66889,-14.471969
LTR-009,"You may easily suppose how this extraordinary dress sets off and improves the natural ugliness, with which God Almighty has been pleased to endow them, generally speaking.",en,160,-18.434744,-1.149832
LTR-009,"Even the lovely empress herself is obliged to comply, in some degree, with these absurd fashions, which they would not quit for all the world.",en,161,-20.173569,30.078869
LTR-009,"I had a private audience (according to ceremony) of half an hour, and then all the other ladies were permitted to come and make their court.",en,162,-4.25616,44.580883
LTR-009,"I was perfectly charmed with the empress; I cannot however tell you that her features are regular; her eyes are not large, but have a lively look full of sweetness; her complexion the finest I ever saw; her nose and forehead well made, but her mouth has ten thousand charms, that touch the soul.",en,163,-19.705029,-8.282357
LTR-009,"When she smiles, 'tis with a beauty and sweetness that forces adoration.",en,164,-12.12508,34.280148
LTR-009,"She has a vast quantity of fine fair hair; but then her person!--one must speak of it poetically to do it rigid justice; all that the poets have said of the mien of Juno, the air of Venus, come not up to the truth.",en,165,-18.444002,19.306768
LTR-009,The Graces move with her; the famous statue of Medicis was not formed with more delicate proportions; nothing can be added to the beauty of her neck and hands.,en,166,-28.228209,-50.34673
LTR-009,"Till I saw them, I did not believe there were any in nature so perfect, and I was almost sorry that my rank here did not permit me to kiss them; but they are kissed sufficiently; for every body that waits on her pays that homage at their entrance, and when they take leave.",en,167,-0.46641216,19.040743
LTR-009,"When the ladies were come in, she sat down to Quinze.",en,168,-14.636481,39.507187
LTR-009,"I could not play at a game I had never seen before, and she ordered me a seat at her right hand, and had the goodness to talk to me very much, with that grace so natural to her.",en,169,-3.953269,32.602734
LTR-009,"I expected every moment, when the men were to come in to pay their court; but this drawing-room is very different from that of England; no man enters it but the grand-master, who comes in to advertise the empress of the approach of the emperor.",en,170,-22.642696,-2.2985282
LTR-009,His imperial majesty did me the honour of speaking to me in a very obliging manner; but he never speaks to any of the other ladies; and the whole passes with a gravity and air of ceremony that has something very formal in it.,en,171,-6.4019833,33.48272
LTR-009,"The empress Amelia, dowager of the late emperor Joseph, came this evening to wait on the reigning empress, followed by the two arch-duchesses her daughters, who are very agreeable young princesses.",en,172,-20.320723,52.07647
LTR-009,"Their imperial majesties rose and went to meet her at the door of the room, after which she was seated in an armed (sic) chair, next the empress, and in the same manner at supper, and there the men had the permission of paying their court.",en,173,-28.184223,50.323135
LTR-009,The arch-duchesses sat on chairs with backs without arms.,en,174,-75.949165,28.103624
LTR-009,"The table was entirely served, and all the dishes set on by the empress's maids of honour, which are twelve young ladies of the first quality.",en,175,-38.22913,-12.894157
LTR-009,"They have no salary, but their chamber at court, where they live in a sort of confinement, not being suffered to go to the assemblies or public places in town, except in compliment to the wedding of a sister maid, whom the empress always presents with her picture set in diamonds.",en,176,-40.85585,25.587826
LTR-009,"The three first of them are called _Ladies of the Key_, and wear gold keys by their sides; but what I find most pleasant, is the custom, which obliges them, as long as they live, after they have left the empress's service, to make her some present every year on the day of her feast.",en,177,-81.8892,-4.315981
LTR-009,"Her majesty is served by no married women but the _grande maitresse_, who is generally a widow of the first quality, always very old, and is at the same time groom of the stole, and mother of the maids.",en,178,-38.413948,22.593206
LTR-009,"The dressers are not, at all, in the figure they pretend to in England, being looked upon no otherwise than as downright chambermaids.",en,179,-31.615873,-6.0792823
LTR-009,"I had an audience next day Of the empress mother, a princess of great virtue and goodness, but who picques herself too much on a violent devotion.",en,180,-17.773031,50.697075
LTR-009,"She is perpetually performing extraordinary acts of penance, without having ever done any thing to deserve them.",en,181,-36.656647,15.977838
LTR-009,"She has the same number of maids of honour, whom she suffers to go in colours; but she herself never quits her mourning; and sure nothing can be more dismal than the mourning here, even for a brother.",en,182,-32.354588,23.003487
LTR-009,There is not the least bit of linen to be seen; all black crape (sic) instead of it.,en,183,-18.057907,-29.258837
LTR-009,"The neck, ears and side of the face are covered with a plaited piece of the same stuff, and the face that peeps out in the midst of it, looks as if it were pilloried.",en,184,-72.05645,-28.488447
LTR-009,"The widows wear over and above, a crape forehead cloth; and, in this solemn weed, go to all the public places of diversion without scruple.",en,185,-66.525,8.62445
LTR-009,"The next day I was to wait on the empress Amelia, who is now at her palace of retirement, half a mile from the town.",en,186,-18.904638,53.606598
LTR-009,"I had there the pleasure of seeing a diversion wholly new to me, but which is the common amusement of this court.",en,187,-0.45301262,-19.187582
LTR-009,"The empress herself was seated on a little throne at the end of the fine alley in the garden, and on each side of her were ranged two parties of her ladies of quality, headed by two Young archduchesses, all dressed in their hair, full of jewels, with fine light guns in their hands; and at proper distances were placed three oval pictures, which were the marks to be shot at.",en,188,-77.11276,-7.4022775
LTR-009,"The first was that of a CUPID, filling a bumper of Burgundy, and the motto, _'Tis easy to be valiant here_.",en,189,-88.17727,-5.835901
LTR-009,"The second a FORTUNE, holding a garland in her hand, the motto, _For her whom Fortune favours_.",en,190,-88.96685,-6.622849
LTR-009,"The third was a SWORD, with a laurel wreath on the point, the motto, _Here is no shame to be vanquished_.--Near the empress was a gilded trophy wreathed with flowers, and made of little crooks, on which were hung rich Turkish handkerchiefs, tippets, ribbons, laces, &c. for the small prizes.",en,191,-86.42526,-8.175169
LTR-009,"The empress gave the first with her own hand, which was a fine ruby ring set round with diamonds, in a gold snuff-box.",en,192,-85.4499,-6.0910015
LTR-009,"There was for the second, a little Cupid set with brilliants, and besides these a set of fine china for the tea-table, enchased in gold, japan trunks, fans, and many gallantries of the same nature.",en,193,-86.1682,-3.6891563
LTR-009,"All the men of quality at Vienna were spectators; but the ladies only had permission to shoot, and the arch-duchess Amelia carried off the first prize.",en,194,-40.064903,2.261517
LTR-009,"I was very well pleased with having seen this entertainment, and I do not know but it might make as good a figure as the prize-shooting in the Eneid, if I could write  as well as Virgil.",en,195,2.116417,-18.295372
LTR-009,"This is the favourite pleasure of the emperor, and there is rarely a week without some feast of this kind, which makes the young ladies skilful enough to defend a fort.",en,196,-36.00698,43.975147
LTR-009,They laughed very much to see me afraid to handle a gun.,en,197,8.242204,-55.519905
LTR-009,"My dear sister, you will easily pardon an abrupt conclusion.",en,198,31.729712,4.181249
LTR-009,"I believe, by this time, you are ready to think I shall never conclude at all.",en,199,27.590183,9.131592
LTR-010,"I AM extremely rejoiced, but not at all surprised, at the long, delightful letter, you have had the goodness to send me.",en,200,24.208618,0.28911775
LTR-010,"I know that you can think of an absent friend even in the midst of a court, and you love to oblige, where you can have no view of a return; and I expect from you that you should love me, and think of me, when you don't see me.",en,201,14.897028,3.7341201
LTR-010,"I have compassion for the mortifications that you tell me befel (sic) our little old friend, and I pity her much more, since I know, that they are only owing to the barbarous customs of our country.",en,202,2.776934,7.431271
LTR-010,"Upon my word, if she were here, she would have no other fault but that of being something too young for the fashion, and she has nothing to do but to transplant herself hither about seven years hence, to be again a young and blooming beauty.",en,203,-16.041685,25.291822
LTR-010,"I can assure you, that wrinkles, or a small stoop in the shoulders, nay, even gray-hairs (sic), are no objection to the making new conquests.",en,204,-13.248081,-32.326794
LTR-010,"I know you cannot easily figure to yourself, a young fellow of five and twenty, ogling my lady S-ff--k with passion, or pressing to hand the countess of O----d from an opera.",en,205,-31.842306,37.939987
LTR-010,"But such are the sights I see every day, and I don't perceive any body surprized (sic) at them but myself.",en,206,-11.748475,-16.813868
LTR-010,"A woman, till five and thirty, is only looked upon as a raw girl, and can possibly make no noise in the world, till about forty.",en,207,-39.14851,34.534966
LTR-010,"I don't know what your ladyship may think of this matter; but 'tis a considerable comfort to me, to know there is upon earth such a paradise for old women; and I am content to be insignificant at present, in the design of returning when I am fit to appear no where else.",en,208,6.279765,2.8381617
LTR-010,"I cannot help, lamenting, on  this occasion, the pitiful case of too many English ladies, long since retired to prudery and ratafia, who, if their stars had luckily conducted hither, would shine in the first rank of beauties.",en,209,-3.0958002,8.432587
LTR-010,"Besides, that perplexing word _reputation_, has quite another meaning here than what you give it at London; and getting a lover is so far from losing, that 'tis properly getting reputation; ladies being much more respected in regard to the rank of their lovers, than that of their husbands.",en,210,-27.026731,17.038652
LTR-010,"BUT what you'll think very odd, the two sects that divide our whole nation of petticoats, are utterly unknown in this place.",en,211,4.498986,-18.455263
LTR-010,Here are neither coquettes nor prudes.,en,212,-16.72376,-29.342348
LTR-010,No woman dares appear coquette enough to encourage two lovers at a time.,en,213,-29.646297,26.90814
LTR-010,"And I have not seen any such prudes as to pretend fidelity to their husbands, who are certainly the best natured set of people in the world, and look upon their wives' gallants as favourably as men do upon their deputies, that take the troublesome part of their business off their hands.",en,214,-27.585236,19.13364
LTR-010,"They have not however the less to do on that account; for they are generally deputies in another place themselves; in one word, 'tis the established custom for every lady to have two husbands, one that bears the name, and another that performs the duties.",en,215,-28.576065,20.118034
LTR-010,"And the engagements are so well known, that it would be a downright affront, and publicly resented, if you invited a woman of quality to dinner, without, at the same time, inviting her two attendants of lover and husband, between whom she sits in state with great gravity.",en,216,-27.805168,20.389599
LTR-010,"The sub-marriages generally last twenty years together, and the lady often commands the poor lover's estate, even to the utter ruin of his family.",en,217,-40.12336,31.797564
LTR-010,"These connections, indeed, are as seldom begun by any real passion as other matches; for a man makes but an ill figure that is not in some commerce of this nature; and a woman looks out for a lover as soon as she's married, as part of her equipage, without which she could not be genteel; and the first article of the treaty is establishing the pension, which remains to the lady, in case the gallant should prove inconstant.",en,218,-29.25274,21.760208
LTR-010,"This chargeable point of honour, I look upon as the real foundation of so many wonderful influences of constancy.",en,219,-24.34969,-24.760258
LTR-010,"I really know some women of the first quality, whose pensions are as well known as their annual rents, and yet nobody esteems them the less; on the contrary, their discretion would be called in question, if they should be suspected to be mistresses for nothing.",en,220,-28.746326,18.28987
LTR-010,"A great part of their emulation consists in trying who shall get most; and having no intrigue at all, is so far a disgrace, that, I'll assure you, a lady, who is very much my friend here, told me but yesterday, how much I was obliged to her for justifying my conduct in a conversation relating to me, where it was publicly asserted, that I could not possibly have common sense, since I had been in town above a fortnight, and had made no steps towards commencing an amour.",en,221,-7.16398,17.06518
LTR-010,"My friend pleaded for me, that my stay was uncertain, and she believed that was the cause of my seeming stupidity; and this was all she could find to say in my justification.",en,222,2.8110394,31.264452
LTR-010,"But one of the pleasantest adventures I ever met with in my life was last night, and it will give you a just idea in what a delicate manner the _belles passions_ are managed in this country.",en,223,8.929622,-19.421196
LTR-010,"I was at the assembly of the countess of -----, and the young count of ----- leading me down stairs, asked me how long I was to stay at Vienna?",en,224,1.5966207,38.834866
LTR-010,"I made answer, that my stay depended on the emperor, and it was not in my power to determine it.",en,225,25.48735,47.36649
LTR-010,"Well, madam, (said he) whether your time here is to be longer or shorter, I think you ought to pass it agreeably, and to that end you must engage in a _little affair of the heart_.--My heart, (answered I gravely enough) does not engage very easily, and I have no design of parting with it.",en,226,21.056463,14.688248
LTR-010,"I see, madam, (said he sighing) by the ill nature of that answer, I am not to hope for it, which is a great mortification to me that am charmed with you.",en,227,22.548866,13.060227
LTR-010,"But, however, I am still devoted to your service; and since I am not worthy of entertaining you myself, do me the honour of letting me know whom you like best amongst us, and I'll engage to manage the affair entirely to your satisfaction.",en,228,18.243137,10.219304
LTR-010,"You may judge in what manner I should have received this compliment in my own country; but I was well enough acquainted with the way of this, to know that he really intended me an obligation, and I thanked him with a very grave courtesy for his zeal to serve me, and only assured him, I had no occasion to make use of it.",en,229,0.18059416,13.555551
LTR-010,"Thus you see, my dear, that gallantry and good-breeding are as different, in different climates, as morality and religion.",en,230,-9.819357,-0.3529226
LTR-010,"Who have the rightest (sic) notions of both, we shall never know till the day of judgment; for which great day of _eclaircissement_, I own there is very little impatience in your, &c. &c.",en,231,30.982313,50.003677
LTR-011,I WAS never more agreeably surprised than by your obliging letter.,en,232,29.542664,-1.6567192
LTR-011,"'Tis a peculiar mark of my esteem that I tell you so; and I can assure you, that if I loved you one grain less than I do, I should be very sorry to see it so diverting as it is.",en,233,16.841553,4.056527
LTR-011,"The mortal aversion I have to writing, makes me tremble at the thoughts of a new correspondent; and I believe I have disobliged no less than a dozen of my London acquaintance by refusing to hear from them, though I did verily think they intended to send me very entertaining letters.",en,234,10.57863,3.401834
LTR-011,"But I had rather lose the pleasure of reading several witty things, than be forced to write many stuped (sic) ones.",en,235,21.70821,9.846161
LTR-011,"Yet, in spite of these considerations, I am charmed with the proof of your friendship, and beg a continuation of the same goodness, though I fear the dulness of this will make you immediately repent of it.",en,236,16.411118,11.89429
LTR-011,"It is not from Austria that one can write with vivacity, and I am already infected with the phlegm of the country.",en,237,6.659451,-29.726864
LTR-011,"Even their amours and their quarrels are carried on with a surprising temper, and they are never lively but upon points of ceremony.",en,238,-38.93394,-36.18857
LTR-011,"There, I own, they shew all their passions; and 'tis not long since two coaches, meeting in a narrow street at night, the ladies in them not being able to adjust the ceremonial of which should go back, sat there, with equal gallantry till two in the morning, and were both so fully determined to die upon the spot rather than yield, in a point of that importance, that the street would never have been cleared till their deaths, if the emperor had not sent his guards to part them; and even then they refused to stir, till the expedient could be found out of taking them both out in chairs, exactly in the same moment.",en,239,-21.435717,25.458534
LTR-011,"After the ladies were agreed, it was with some difficulty that the pass was decided between the two coachmen, no less tenacious of their rank than the ladies.",en,240,-19.549606,26.966038
LTR-011,"This passion is so omnipotent in the breasts of the women, that even their husbands never die but they are ready to break their hearts, because that fatal hour puts an end to their rank, no widows having any place at Vienna.",en,241,-33.35634,22.637966
LTR-011,"The men are not much less touched with this point of honour, and they do not only scorn to marry, but even to make love to any woman of a family not as illustrious as their own; and the pedigree is much more considered by them, than either the complexion of features of their mistresses.",en,242,-29.983301,21.246082
LTR-011,"Happy are the she's (sic) that can number amongst their ancestors, counts of the empire; they have neither occasion for beauty, money, nor good conduct to get them husbands.",en,243,-33.92669,18.367249
LTR-011,"'Tis true, as to money, 'tis seldom any advantage to the man they marry; the laws of Austria confine the woman's portion to two thousand florins (about two hundred pounds English), and whatever they have beside, remains in their own possession and disposal.",en,244,-31.153372,15.969692
LTR-011,"Thus, here are many ladies much richer than their husbands, who are however obliged to allow them pin-money agreeable to their quality; and I attribute to this considerable branch of prerogative, the liberty that they take upon other occasions.",en,245,-31.24753,16.985619
LTR-011,"I am sure, you, that know my laziness, and extreme indifference on this subject, will pity me, entangled amongst all these ceremonies, which are a wonderful burden to me, though I am the envy of the whole town, having, by their own customs, the pass before them all.",en,246,1.5672774,6.2223506
LTR-011,"They indeed, so revenge, upon the poor envoys, this great respect shewn to ambassadors, that (with all my indifference) I should be very uneasy to suffer it.",en,247,-0.23543063,15.491807
LTR-011,"Upon days of ceremony they have no entrance at court, and on other days must content themselves with walking after every soul, and being the very last taken notice of.",en,248,-44.709057,26.817236
LTR-011,"But I must write a volume to let you know all the ceremonies, and I have already said too much on so dull a subject, which however employs the whole care of the people here.",en,249,13.268113,-11.910409
LTR-011,"I need not, after this, tell you how agreeably time slides away with me; you know as well as I do the taste of, Your's, &c. &c.",en,250,18.489323,-13.444116
LTR-012,"YOU desire me, madam, to send you some accounts of the customs here, and at the same time a description of Vienna.",en,251,24.250248,-11.416743
LTR-012,"I am always willing to obey your commands; but you must, upon this occasion, take the will for the deed.",en,252,23.979702,-10.16548
LTR-012,"If I should undertake to tell you all the particulars, in which the manners here differ from ours, I must write a whole quire of the dullest stuff that ever was read, or printed without being read.",en,253,11.360697,-11.043822
LTR-012,"Their dress agrees with the French or English in no one article, but wearing petticoats.",en,254,-32.868416,-5.0560718
LTR-012,"They have many fashions peculiar to themselves; they think it indecent for a widow ever to wear green or rose colour, but all the other gayest colours at her own discretion.",en,255,-41.349712,22.464851
LTR-012,"The assemblies here are the only regular diversion, the operas being always at court, and commonly on some particular occasion.",en,256,-42.776768,1.4333879
LTR-012,"Madam Rabutin has the assembly constantly every night at her house; and the other ladies, whenever they have a mind to display the magnificence of their apartments, or oblige a friend by complimenting them on the day of their saint, they declare, that on such a day the assembly shall be at their house in honour of the feast of the count or countess--_such a one_.",en,257,-42.54382,29.446447
LTR-012,"These days are called days of Gala, and all the friends or relations of the lady, whose saint it is, are obliged to appear in their best clothes, and all their jewels.",en,258,-45.93388,29.481293
LTR-012,"The mistress of the house takes no particular notice of any body, nor returns any body's visit; and, whoever pleases, may go, without the formality of being presented.",en,259,-36.35531,28.71259
LTR-012,"The company are entertained with ice in several forms, winter and summer; afterwards they divide into several parties of ombre, piquet, or conversation, all games of hazard being forbid.",en,260,-72.80046,9.686229
LTR-012,"I SAW t'other day the Gala for Count Altheim, the emperor's favourite, and never in my life saw so many fine clothes ill-fancied.",en,261,-46.033993,33.938053
LTR-012,"They embroider the richest gold stuffs; and provided they can make their clothes expensive enough, that is all the taste they shew in them.",en,262,-50.40299,-41.06144
LTR-012,"On other days, the general dress is a scarf, and what you please under it.",en,263,-36.897438,-5.939556
LTR-012,"BUT now I am speaking of Vienna, I am sure you expect I should say something of the convents; they are of all sorts and sizes, but I am best pleased with that of St Lawrence, where the ease and neatness they seem to live with, appears to be much more edifying than those stricter orders, where perpetual penance and nastiness must breed discontent and wretchedness.",en,264,-6.3128576,12.749006
LTR-012,The Nuns are all of quality.,en,265,-59.67755,-34.192173
LTR-012,I think there are to the number of fifty.,en,266,-19.429575,-5.259394
LTR-012,"They have each of them a little cell perfectly clean, the walls of which are covered with pictures more or less fine, according to their quality.",en,267,-56.39111,-27.43424
LTR-012,"A long white stone gallery runs by all of them, furnished With the pictures of exemplary sisters; the chapel is extremely neat and richly adorned.",en,268,-64.19917,-13.505881
LTR-012,"But I could not forbear laughing at their shewing me a wooden head of our Saviour, which, they assured me, spoke during the siege of Vienna; and, as a proof of it, bid me mark his mouth, which had been open ever since.",en,269,-5.4754596,23.346731
LTR-012,Nothing can be more becoming than the dress of these Nuns.,en,270,-28.325314,-16.218071
LTR-012,"It is a white robe, the sleeves of which are turned up with fine white callico (sic), and their head-dress the same, excepting a small veil of black crape that falls behind.",en,271,-75.213196,-27.145641
LTR-012,"They have a lower sort of serving Nuns, that wait on them as their chambermaids.",en,272,-70.33276,-39.74894
LTR-012,"They receive all visits of women, and play at ombre in their chambers, with permission of their abbess, which is very easy to be obtained.",en,273,-42.455437,25.366497
LTR-012,"I never saw an old woman so good-natured; she is near fourscore, and yet shews very little sign of decay, being still lively and cheerful.",en,274,-18.032715,-9.002656
LTR-012,"She caressed me as if I had been her daughter, giving me some pretty things of her own work, and sweetmeats in abundance.",en,275,-5.6140466,41.375656
LTR-012,"The grate is not of the most rigid; it is not very hard to put a head through, and I don't doubt but a man, a little  more slender than ordinary, might squeeze in his whole person.",en,276,-19.203405,-31.607964
LTR-012,"The young count of Salamis came to the grate, while I was there, and the abbess gave him her hand to kiss.",en,277,-15.733378,56.2176
LTR-012,"But I was surprised to find here, the only beautiful young woman I have seen at Vienna, and not only beautiful but genteel, witty, and agreeable, of a great family, and who had been the admiration of the town.",en,278,-22.338133,-9.565532
LTR-012,I could not forbear shewing my surprise at seeing a Nun like her.,en,279,-8.6770315,-12.6408205
LTR-012,"She made me a thousand obliging compliments, and desired me to come often.",en,280,-3.8766632,39.729233
LTR-012,"It will be an infinite pleasure to me, (said she, sighing) but I avoid, with the greatest care, seeing any of my former acquaintance, and whenever they come to our convent, I lock myself in my cell.",en,281,12.679442,18.253935
LTR-012,"I observed tears come into her eyes, which touched me extremely, and I began to talk to her in that strain of tender pity she inspired me with; but she would not own to me, that she is not perfectly happy.",en,282,17.656986,27.22716
LTR-012,"I have since endeavoured to learn the real cause of her retirement, without being able to get any other account, but that every body was surprised at it, and no body guessed the reason.",en,283,4.1538115,10.352878
LTR-012,I have been several times to see her; but it gives me too much melancholy to see so agreeable a young creature buried alive.,en,284,-11.703325,-12.237822
LTR-012,"I am not surprised that Nuns have so often inspired violent passions; the pity one naturally feels for them, when they seem worthy of another destiny, making an easy way for yet more tender sentiments.",en,285,-17.58444,14.16652
LTR-012,"I never in my life had so little charity for the Roman Catholick (sic) religion, as since I see the misery it occasions; so many poor unhappy women!",en,286,-9.1185875,4.607598
LTR-012,"and then the gross superstition of the common people, who are some or other of them, day and night, offering bits of candle to the wooden figures that are set up almost in every street.",en,287,-56.18699,9.603039
LTR-012,"The processions I see very often, are a pageantry, as offensive, and apparently contradictory to common sense, as the pagods (sic) of China.",en,288,-12.683278,-18.260347
LTR-012,"God knows whether it be the _womanly_ spirit of contradiction that works in me; but there never before was such zeal against popery in the heart of, Dear madam, &c. &c.",en,289,19.676945,22.283682
LTR-013,I DESERVE not all the reproaches you make me.,en,290,36.098053,-0.3896066
LTR-013,"If I have some time without answering your letter, it is not, that I don't know how many thanks are due to you for it; or that I am stupid enough to prefer any amusements to the pleasure of hearing from you; but after the professions of esteem you have so obligingly made me, I cannot help delaying, as long as I can, shewing you that you are mistaken.",en,291,13.063476,1.2197034
LTR-013,"If you are sincere, when you say you expect to be extremely entertained by my letters, I ought to be mortified at the disappointment that I am sure you will receive when you hear from me; though I have done my best endeavours to find out something worth writing to you.",en,292,18.831787,4.5905046
LTR-013,"I have seen every thing that was to be seen with a very, diligent curiosity.",en,293,1.0810224,-22.590605
LTR-013,"Here are some fine villas, particularly the late prince of Litchtenstein's (sic); but the statues are all modern, and the pictures not of the first hands.",en,294,-48.04416,-27.947664
LTR-013,"'Tis true, the emperor has some of great value.",en,295,-35.931644,-53.640617
LTR-013,"I was yesterday to see the repository, which they call his Treasure, where they seem to have been more diligent in amassing a great quantity of things, than in the choice of them.",en,296,-12.419242,47.90151
LTR-013,"I spent above five hours there, and yet there were very few things that stopped me long to consider them.",en,297,5.823408,31.43768
LTR-013,"But the number is prodigious, being a very long gallery filled on both sides, and five large rooms.",en,298,-63.872623,-6.8641176
LTR-013,"There is a vast quantity of paintings, amongst which are many fine miniatures; but the most valuable pictures, are a few of Corregio (sic), those of Titian being at the Favorita.",en,299,-49.598297,-34.54401
LTR-013,THE cabinet of jewels did not appear to me so rich as I expected to see it.,en,300,-3.7021594,-47.741386
LTR-013,"They shewed me here a cup, about the size of a tea dish, of one entire emerald, which they had so particular a respect for, that only the emperor has the liberty of touching it.",en,301,-26.791378,-46.67387
LTR-013,"There is a large cabinet full of curiosities of clock-work, only one of which I thought worth observing, that was a craw-fish, with all the motions so natural, that it was hard to distinguish it from the life.",en,302,-55.040276,-18.147926
LTR-013,"THE next cabinet was a large collection of agates, some of them extremely beautiful, and of an uncommon size, and several vases of Lapis Lazuli.",en,303,-53.95938,-19.26206
LTR-013,"I was surprised to see the cabinet of medals so poorly furnished; I did not remark one of any value, and they are kept in a most ridiculous disorder.",en,304,-19.830397,-39.780785
LTR-013,"As to the antiques, very few of them deserve that name.",en,305,-48.88453,-32.04607
LTR-013,"Upon my saying they were modern, I could not forbear laughing at the answer of the profound antiquary that shewed them, that _they were ancient enough; for, to his knowledge, they had been there these forty years_.",en,306,1.2268635,-26.763378
LTR-013,"But the next cabinet diverted me yet better, being nothing else but a parcel of wax babies, and toys in ivory, very well worthy to be presented children of five years old.",en,307,-66.54276,-21.850674
LTR-013,"Two of the rooms were wholly filled with these trifles of all kinds, set in jewels, amongst which I was desired to observe a crucifix, that they assured me had spoke very wisely to the emperor Leopold.",en,308,-25.541405,-44.67433
LTR-013,I won't trouble you with a catalogue of the rest of the lumber; but I must not forget to mention a small piece of loadstone that held up an anchor of steel too heavy for me to lift.,en,309,4.6042066,-38.308598
LTR-013,This is what I thought most curious in the whole treasure.,en,310,-0.65188485,-21.555082
LTR-013,There are some few heads of ancient statues; but several of them are defaced by modern additions.,en,311,-46.488514,-30.39639
LTR-013,"I foresee that you will be very little satisfied with this letter, and I dare hardly ask you to be good-natured enough to charge the dulness (sic) of it on the barrenness of the subject, and to overlook the stupidity of,                                       Your, &c. &c.",en,312,18.677029,2.5475774
LTR-014,"I HOPE my dear sister wants no new proofs of my sincere affection for her: but I am sure, if you do, I could not give you a stronger than writing at this time, after three days, or, more properly speaking, three nights and days, hard post-travelling.--The kingdom of Bohemia is the most desert of any I have seen in Germany.",en,313,12.59601,3.0218196
LTR-014,"The villages are so poor, and the post-houses so miserable, that clean straw and fair water are blessings not always to be met with, and better accommodation not to be hoped for.",en,314,-52.268513,5.0178747
LTR-014,"Though I carried my own bed with me, I could not sometimes find a place to set it up in; and I rather chose to travel all night, as cold as it is, wrapped up in my furs, than go into the common stoves, which are filled with a mixture of all sorts of ill scents.",en,315,9.807938,45.69868
LTR-014,"THIS town was once the royal seat of the Bohemian king, and is still the capital of the kingdom.",en,316,-49.428932,42.771156
LTR-014,"There are yet some remains of its former splendour, being one of the largest towns in Germany, but, for the most part, old built, and thinly inhabited, which makes the houses very cheap.",en,317,-49.77264,40.73755
LTR-014,"Those people of quality, who cannot easily bear the expence of Vienna, chuse to reside here, where they have assemblies, music, and all other diversions, (those of a court excepted) at very moderate rates, all things being here in great abundance, especially the best wild-fowl I ever tasted.",en,318,-39.22145,4.390299
LTR-014,"I have already been visited by some of the most considerable ladies, whose relations I know at Vienna.",en,319,1.2808678,28.648605
LTR-014,"They are dressed after the fashions there, after the manner that the people at Exeter imitate those of London; that is, their imitation is more excessive than the original.",en,320,-32.25136,-8.055445
LTR-014,'Tis not easy to describe what extraordinary figures they make.,en,321,-5.6298113,-30.805836
LTR-014,"The person is so much lost between head-dress and petticoat, that they have as much occasion to write upon their backs, ""_This is a Woman_,"" for the information of travellers, as ever sign-post painter had to write, _""This is a Bear_.""",en,322,-25.657125,20.751856
LTR-014,"I will not forget to write to you again from Dresden and Leipzig, being much more solicitous to content your curiosity, than to indulge my own repose.",en,323,18.34852,-0.7891812
LTR-014,"I am, &c.",en,324,43.08786,17.520212
LTR-015,"I BELIEVE, dear sister, you will easily forgive my not writing to you from Dresden, as I promised, when I tell you, that I never went out of my chaise from Prague to this place.",en,325,17.498713,-2.0300105
LTR-015,"You may imagine how heartily I was tired with twenty-four hours post-travelling, without sleep or refreshment (for I can never sleep in a coach, however fatigued.)",en,326,14.055729,43.830776
LTR-015,"We passed, by moon-shine, the frightful precipices that divide Bohemia from Saxony, at the bottom, of which runs the river Elbe; but I cannot say, that I had reason to fear drowning in it, being perfectly convinced, that in case of a tumble, it was utterly impossible to come alive to the bottom.",en,327,-66.22355,33.49627
LTR-015,"In many places, the road is so narrow, that I could not discern an inch of space between the wheels and the precipice.",en,328,-22.41774,-56.069214
LTR-015,"Yet I was so good a wife, as not to wake Mr W----y, who was fast asleep by my side, to make him share in my fears, since the danger was unavoidable, till I perceived, by the bright light of the moon, our postilions nodding on horse-back, while the horses were on a full gallop.",en,329,6.104751,49.82754
LTR-015,Then indeed I thought it very convenient to call out to desire them to look where they were going.,en,330,21.481264,27.507746
LTR-015,"My calling waked (sic) Mr W----Y, and he was much more surprised than myself at the situation we were in, and assured me, that he passed the Alps five times in different places, without ever having gone a road so dangerous.",en,331,17.306746,44.919937
LTR-015,"I have been told since, that 'tis common to find the bodies of travellers in the Elbe; but, thank God, that was not our destiny; and we came safe to Dresden, so much tired with fear and fatigue, it was not possible for me to compose myself to write.",en,332,11.0915,26.999935
LTR-015,"After passing these dreadful rocks, Dresden appeared to me a wonderfully agreeable situation, in a fine large plain on the banks of the Elbe.",en,333,-63.613075,31.36339
LTR-015,I was very glad to stay there a day to rest myself.,en,334,22.835161,30.180777
LTR-015,"The town is the neatest I have seen in Germany; most of the houses are new built; the elector's palace is very handsome, and his repository full of curiosities of different kinds, with a collection of medals very much esteemed.",en,335,-52.95537,-16.818216
LTR-015,"Sir ----, our king's envoy, came to see me here, and Madame de L----, whom I knew in London, when her husband was minister to the king of Poland there.",en,336,-11.599948,53.400414
LTR-015,"She offered me all things in her power to entertain me, and brought some ladies with her, whom she presented to me.",en,337,-4.326452,41.5452
LTR-015,"The Saxon ladies resemble the Austrian no more than the Chinese do those of London; they are very genteelly dressed, after the English and French modes, and have generally pretty faces, but they are the most determined _minaudieres_ in the whole world.",en,338,-33.21599,-6.4173098
LTR-015,"They would think it a mortal sin against good-breeding, if they either spoke or moved in a natural manner.",en,339,-4.848185,-4.925422
LTR-015,"They all affect a little soft lisp, and a pretty pitty-pat step; which female frailties ought, however, to be forgiven them, in favour of their civility and good nature to strangers, which I have a great deal of reason to praise.",en,340,-20.512785,20.6672
LTR-015,"THE countess of Cozelle is kept prisoner in a melancholy castle, some leagues from hence; and I cannot forbear telling you what I have heard of her, because it seems to me very extraordinary, though I foresee I shall swell my letter to the size of a pacquet.--She was mistress to the king of Poland, (elector of Saxony) with so absolute a dominion over him, that never any lady had so much power in that court.",en,341,-29.795618,42.010155
LTR-015,"They tell a pleasant story of his majesty's first declaration of love, which he made in a visit to her, bringing in one hand a bag of a hundred thousand crowns, and in the other a horse-shoe, which he snapped asunder before her face, leaving her to draw the consequences of such remarkable proofs of strength and liberality.",en,342,-23.753628,54.92052
LTR-015,"I know not which charmed her most; but she consented to leave her husband, and to give herself up to him entirely, being divorced publicly, in such a manner, as, by their laws, permits either party to marry again.",en,343,-26.548164,34.47157
LTR-015,"God knows whether it was at this time, or in some other fond fit, but 'tis certain, the king had the weakness to make her a formal contract of marriage; which, though it could signify nothing during the life of the queen, pleased her so well, that she could not be contented, without telling it to all the people she saw, and giving herself the airs of a queen.",en,344,-26.725695,35.86447
LTR-015,"Men endure every thing while they are in love; but when the excess of passion was cooled by long possession, his majesty began to reflect on the ill consequences of leaving such a paper in her hands, and desired to have it restored to him.",en,345,-22.798841,28.211891
LTR-015,"But she rather chose to endure all the most violent effects of his anger, than give it up; and though she is one of the richest and most avaricious ladies of her country, she has refused the offer of the continuation of a large pension, and the security of a vast sum of money she has amassed; and has, at last, provoked the king to confine her person to a castle, where she endures all the terrors of a strait imprisonment, and remains still inflexible, either to threats or promises.",en,346,-24.756126,39.30536
LTR-015,"Her violent passions have brought her indeed into fits, which 'tis supposed, will soon put an end to her life.",en,347,-20.062761,57.48249
LTR-015,"I cannot forbear having some compassion for a woman that suffers for a point of honour, however mistaken, especially in a country where points of honour are not over scrupulously observed among ladies.",en,348,-7.570823,3.4666135
LTR-015,I COULD have wished Mr W----y's business had permitted him a longer stay at Dresden.,en,349,30.437023,-20.404053
LTR-015,PERHAPS I am partial to a town where they profess the protestant religion; but every thing seemed to me with quite another air of politeness than I have found in other places.,en,350,-2.2254379,-15.418989
LTR-015,"Leipzig, where I am at present, is a town very considerable for its trade, and I take this opportunity of buying pages liveries, gold stuffs for myself, &c. all things of that kind being at least double the price at Vienna; partly because of the excessive customs, and partly through want of genius and industry in the people, who make no one sort of thing there; so that the ladies are obliged to send, even for their shoes, out of Saxony.",en,351,-29.125322,15.383935
LTR-015,"The fair here is one of the most considerable in Germany, and the resort of all the people of quality, as well as of the merchants.",en,352,-40.928753,-12.60073
LTR-015,"This is also a fortified town, but I avoid ever mentioning fortifications, being sensible that I know not how to speak of them.",en,353,2.677248,-32.867973
LTR-015,"I am the more easy Under my ignorance, when I reflect that I am sure you'll willingly forgive the omission; for if I made you the most exact description of all the ravelins and bastions I see in my travels, I dare swear you would ask me, What is a ravelin?",en,354,10.806878,-8.384205
LTR-015,"and, What is a bastion?",en,355,64.84764,-47.269238
LTR-015,"Adieu, my dear sister.",en,356,36.776283,22.237638
LTR-016,"I AM just come to Brunswick, a very old town, but which has the advantage of being the capital of the duke of Wolsenbuttle's dominions, a family (not to speak of its ancient honours) illustrious, by having its younger branch on the throne of England, and having given two empresses to Germany.",en,357,-46.879673,40.7319
LTR-016,"I have not forgot to drink your health here in mum, which I think very well deserves its reputation of being the best in the world.",en,358,1.9004357,-10.345869
LTR-016,"This letter is the third I have writ to you during my journey; and I declare to you, that if you don't send me immediately a full and true account of all the changes and chances among our London acquaintance, I will not write you any description of Hanover (where I hope to be to-night) though I know you have more curiosity to hear of that place than any other.",en,359,13.487681,-3.3931308
LTR-017,"I RECEIVED your ladyship's letter, but the day before I left Vienna, though, by the date, I ought to have had it much sooner; but nothing was ever worse  regulated than the post in most parts of Germany.",en,360,22.306368,-5.180991
LTR-017,"I can assure you, the pacquet at Prague was behind my chaise, and in that manner conveyed to Dresden, so that the secrets of half the country were at my mercy, if I had had any curiosity for them.",en,361,31.772879,-23.170795
LTR-017,"I would not longer delay my thanks for yours, though the number of my acquaintances here, and my duty of attending at court, leave me hardly any time to dispose of.",en,362,20.152433,-6.77233
LTR-017,"I am extremely pleased that I can tell you, without flattery or partiality, that our young prince [Footnote: The father of his present Majesty.]",en,363,-1.0546746,29.986042
LTR-017,"has all the accomplishments that 'tis possible to have at his age, with an air of sprightliness and understanding, and something so very engaging and easy in his behaviour, that he needs not the advantage of his rank to appear charming.",en,364,-14.762428,30.591143
LTR-017,"I had the honour of a long conversation with him last night, before the king came in.",en,365,-14.49877,49.81927
LTR-017,"His governor retired on purpose (as he told me afterwards) that I might make some judgment of his genius, by hearing him speak without constraint; and I was surprised at the quickness and politeness that appeared in every thing he said; joined to a person perfectly agreeable, and the fine fair hair of the princess.",en,366,-0.22358975,32.608505
LTR-017,THIS town is neither large nor handsome; but the palace is capable of holding a much greater court than that of St James's.,en,367,-43.51586,-21.496082
LTR-017,"The king has had the goodness to appoint us a lodging in one part of it, without which we should have been very ill accommodated; for the vast number of English, crowds the town so much, 'tis very good luck to get one sorry room in a miserable tavern.",en,368,-3.8548484,52.703068
LTR-017,"I dined to-day with the Portuguese ambassador, who thinks himself very happy to have two wretched parlours in an inn.",en,369,-4.2469025,50.408936
LTR-017,"I have now made the tour of Germany, and cannot help observing a considerable difference between travelling here and in England.",en,370,-22.973385,-19.975376
LTR-017,"One sees none of those fine seats of noblemen, so common amongst us, nor any thing like a country gentleman's house, though they have many situations perfectly fine.",en,371,-22.107481,-18.552624
LTR-017,"But the whole people are divided into absolute sovereignties, where all the riches and magnificence are at Court, or into communities of merchants, such as Nurenburg (sic) and Frankfort, where they live always in town for the convenience of trade.",en,372,-41.004143,5.9456005
LTR-017,The king's company of French comedians play here every night.,en,373,-52.467575,-37.64563
LTR-017,"They are very well dressed, and some of them not ill actors.",en,374,-53.06795,-36.204456
LTR-017,His majesty dines and sups constantly in public.,en,375,-61.04782,-40.826656
LTR-017,"The court is very numerous, and his affability and goodness make it one of the most agreeable places in the world.",en,376,-39.876827,-15.5498495
LTR-017,"Dear madam, your, &c. &c.",en,377,38.897774,16.122221
LTR-018,"I AM very glad, my  dear lady R----, that you have been so well pleased, as you tell me, at the report of my returning to England; though, like other pleasures, I can assure you it has no real foundation.",en,378,16.198296,-0.57708824
LTR-018,I hope you know me enough to take my word against any report concerning me.,en,379,21.63187,6.8142905
LTR-018,"'Tis true, as to distance of place, I am much nearer to London than I was some weeks ago; but, as to the thoughts of a return, I never was farther off in my life.",en,380,8.54679,22.556078
LTR-018,"I own, I could with great joy indulge the pleasing hopes of seeing you, and the very few others that share my esteem; but while Mr W---- is determined to proceed in his design, I am determined to follow him.",en,381,18.36492,12.8582325
LTR-018,"I am running on upon my own affairs, that is to say, I am going to write very dully, as most people do when they write of themselves.",en,382,8.264798,7.236774
LTR-018,"I will make haste to change the disagreeable subject, by telling you, that I am now got into the region of beauty.",en,383,23.512617,-26.803732
LTR-018,"All the women have (literally) rosy cheeks, snowy foreheads and bosoms, jet eye-brows, and scarlet lips, to which they generally add coal-black hair.",en,384,-67.59323,-29.68296
LTR-018,"Those perfections never leave them, till the hour of their deaths, and have a very fine effect by candle light; but I could wish they were handsome with a little more variety.",en,385,-44.19904,-40.60284
LTR-018,"They resemble one another as much as Mrs Salmon's court of Great Britain, and are in as much danger of melting away, by too near approaching the fire, which they for that reason carefully avoid, though 'tis now such excessive cold weather, that I believe they suffer extremely by that piece of self-denial.",en,386,-18.67573,7.595638
LTR-018,"The snow is already very deep, and the people begin to slide about in their traineaus.",en,387,-41.849632,-46.854908
LTR-018,This is a favourite diversion all over Germany.,en,388,-41.34751,-45.7443
LTR-018,"They are little machines fixed upon a sledge, that hold a lady and gentleman, and are drawn by one horse.",en,389,-73.29724,-32.242897
LTR-018,"The gentleman has the honour of driving, and they move with a prodigious swiftness.",en,390,-73.91043,-31.603792
LTR-018,"The lady, the horse, and the traineau, are all as fine as they can be made; and when there are many of them together, 'tis a very agreeable show.",en,391,-59.538445,-26.86342
LTR-018,"At Vienna, where all pieces of magnificence are carried to excess, there are sometimes machines of this kind, that cost five or six hundred pounds English.",en,392,-39.385513,-9.839228
LTR-018,"The duke of Wolfenbuttle is now at this court; you know he is nearly related to our king, and uncle to the reigning empress, who is, I believe, the most beautiful princess upon earth.",en,393,-44.132896,40.330715
LTR-018,"She is now with child, which is all the consolation of the imperial court, for the loss of the archduke.",en,394,-42.48425,43.160522
LTR-018,"I took my leave of her the day before I left Vienna, and she began to speak to me with so much grief and tenderness, of the death of that young prince, I had much ado to withhold my tears.",en,395,18.078686,29.343472
LTR-018,"You know that I am not at all partial to people for their titles; but I own, that I love that charming princess, (if I may use so familiar an expression) and if I had not, I should have been very much moved at the tragical end of an only son, born, after being so long desired, and at length killed by want of good management, weaning him in the beginning of the winter.",en,396,-0.5736668,11.689812
LTR-018,"Adieu, dear lady R----; continue to write to me, and believe none of your goodness is lost upon   Your, &c.",en,397,30.81237,16.31664
LTR-019,"I RECEIVED your's, dear sister, the very day I left Hanover.",en,398,26.18271,-4.375647
LTR-019,You may easily imagine I was then in too great a hurry to answer it; but you see I take the first opportunity of doing myself that pleasure.,en,399,18.69097,15.420413
LTR-019,"I came here the 15th, very late at night, after a terrible journey, in the worst roads and weather that ever poor traveller suffered.",en,400,12.4436865,41.71312
LTR-019,"I have taken this little fatigue merely to oblige the reigning empress, and carry a message from her imperial majesty to the duchess of Blankenburg, her mother, who is a princess of great address and good-breeding, and may be still called a fine woman.",en,401,4.0547953,36.044884
LTR-019,"It was so late when I came to this town, I did not think it proper to disturb the duke and duchess with the news of my arrival; so I took up my quarters in a miserable inn: but as soon as I had sent my compliments to their highnesses, they immediately sent me their own coach and six horses, which had however enough to do to draw us up the very high hill on which the castle is situated.",en,402,2.6549718,49.7467
LTR-019,"The duchess is extremely obliging to me, and this little court is not without its diversions.",en,403,-10.097371,33.07488
LTR-019,"The duke taillys (sic) at basset every night; and the duchess tells me, she is so well pleased with my company, that it makes her play less than she used to do.",en,404,-6.547167,35.448776
LTR-019,"I should find it very difficult to steal time to write, if she was not now at church, where I cannot wait on her, not understanding the language enough to pay my devotions in it.",en,405,20.474792,-3.8970451
LTR-019,"You will not forgive me, if I do not say something of Hanover; I cannot tell you that the town is either large or magnificent.",en,406,9.260391,-28.757755
LTR-019,"The opera house, which was built by the late elector, is much finer than that of Vienna.",en,407,-52.827602,-49.709904
LTR-019,"I was very sorry that the ill weather did not permit me to see Hernhausen in all its beauty; but in spite of the snow, I thought the gardens very fine.",en,408,8.977364,24.975063
LTR-019,"I was particularly surprised at the vast number of orange trees, much larger than any I have ever seen in England, though this climate is certainly colder.",en,409,-26.388557,-26.549667
LTR-019,"But I had more reason to wonder that night at the king's table, to see a present from a gentleman of this country, of two large baskets full of ripe oranges and lemons of different sorts, many of which were quite new to me; and what I thought worth all the rest, two ripe ananasses (sic), which, to my taste, are a fruit perfectly delicious.",en,410,-27.409433,7.949719
LTR-019,"You know they are naturally the growth of Brazil, and I could not imagine how they came here, but by enchantment.",en,411,-25.092545,-27.803156
LTR-019,"Upon inquiry, I learnt that they have brought their stoves to such perfection, they lengthen their summer as long as they please, giving to every plant the degree of heat it would receive from the sun in its native soil.",en,412,-26.060755,-28.35697
LTR-019,The effect is very near the same; I am surprised we do not practise (sic) in England so useful an invention.,en,413,3.049951,-4.197178
LTR-019,"This reflection leads me to consider our obstinacy in shaking with cold, five months in the year rather than make use of stoves, which are certainly one of the greatest conveniencies (sic) of life.",en,414,-30.60345,-55.33979
LTR-019,"Besides, they are so far from spoiling the form of a room, that they add very much to the magnificence of it, when they are painted and gilt, as they are at Vienna, or at Dresden, where they are often in the shapes of china jars, statues, or fine cabinets, so naturally represented, that they are not to be distinguished.",en,415,-48.33321,-14.574782
LTR-019,"If ever I return, in defiance to the fashion, you shall certainly see one in the chamber of,     Dear sister, your, &c. I WILL write often, since you desire it: but I must beg you to be a little more particular in your's; you fancy me at forty miles distance, and forget, that, after so long an absence, I can't understand hints.",en,416,14.87149,2.4775963
LTR-020,"I HAVE just received here at Vienna, your ladyship's compliments on my return to England, sent me from Hanover.",en,417,24.57758,-4.7567663
LTR-020,"You see, madam, all things that are asserted with confidence are not absolutely true; and that you have no sort of reason to complain of me for making my designed return a mystery to you, when you say, all the world are informed of it.",en,418,6.457984,0.3308177
LTR-020,"You may tell all the world in my name, that they are never so well informed of my affairs as I am myself; that I am very positive I am at this time at Vienna, where the carnival is begun, and all sorts of diversions are carried to the greatest height, except that of masquing (sic), which is never permitted during a war with the Turks.",en,419,-5.4059463,9.43472
LTR-020,"The balls are in public places, where the men pay a gold ducat at entrance, but the ladies nothing.",en,420,-52.551754,10.361195
LTR-020,"I am told, that these houses get sometimes a thousand ducats in a night.",en,421,-38.536674,-58.143486
LTR-020,"They are very magnificently furnished, and the music good, if they had not that detestible (sic) custom of mixing hunting horns with it, that almost deafen the company.",en,422,-36.956608,-38.89644
LTR-020,"But that noise is so agreeable here, they never make a concert without them.",en,423,-35.82018,-39.554527
LTR-020,"The ball always concludes with English country dances, to the number of thirty or forty couple, and so ill danced, that there is very little pleasure in them.",en,424,-32.352894,2.5843093
LTR-020,"They know but half a dozen, and they have danced them over and over these fifty years: I would fain have taught them some new ones, but I found it would be some months labour to make them comprehend them.",en,425,12.578557,-16.923164
LTR-020,Last night there was an Italian comedy acted at court.,en,426,-9.913805,-24.50636
LTR-020,"The scenes were pretty, but the comedy itself such intolerable low farce, without either wit or humour, that I was surprised how all the court could sit there attentively for four hours together.",en,427,-9.142745,-24.354092
LTR-020,"No women are suffered to act on the stage, and the men dressed like them, were such awkward figures, they very much added to the ridicule of the spectacle.",en,428,-39.858322,-39.282307
LTR-020,"What completed the diversion, was the excessive cold, which was so great, I thought I should have died there.",en,429,11.863575,35.714935
LTR-020,"It is now the very extremity of the winter here; the Danube is entirely frozen, and the weather not to be supported without stoves and furs; but, however, the air so clear, almost every body is well, and colds not half so common as in England.",en,430,-31.217937,-26.125956
LTR-020,"I am persuaded there cannot be a purer air, nor more wholesome, than that of Vienna.",en,431,-26.210188,-18.241821
LTR-020,"The plenty and excellence of all sorts of provisions are greater here than in any place I ever was before, and 'tis not very expensive to keep a splendid table.",en,432,-35.25133,-17.324669
LTR-020,"'Tis really a pleasure to pass through the markets, and see the abundance of what we should think rarities, of fowls and venison, that are daily brought in from Hungary and Bohemia.",en,433,-37.021313,4.1996775
LTR-020,"They want nothing but shell-fish, and are so fond of oysters, that they have them sent from Venice, and eat them very greedily, stink or not stink.",en,434,-35.996124,5.9478564
LTR-020,"Thus I obey your commands, madam, in giving you an account of Vienna, though I know you will not be satisfied with it.",en,435,24.124105,-9.480987
LTR-020,"You chide me for my laziness, in not telling you a thousand agreeable and surprising things, that you say you are sure I have seen and heard.",en,436,19.508501,6.4002285
LTR-020,"Upon my Word, madam, 'tis my regard to truth, and not laziness, that I do not entertain you with as many prodigies as other travellers use to divert their readers with.",en,437,8.181297,0.4534532
LTR-020,"I might easily pick up wonders in every town I pass through, or tell you a long series of popish miracles; but I cannot fancy, that there is any thing new in letting you know that priests will lie, and the mob believe, all the world over.",en,438,12.889984,-9.598907
LTR-020,"Then as for news, that you are so inquisitive about, how can it be entertaining to you (that don't know the people) that the prince of ---- has forsaken the countess of ----?",en,439,-9.971739,2.2450838
LTR-020,"or that the prince such a one, has an intrigue with the countess such a one?",en,440,-10.789601,2.1144285
LTR-020,Would you have me write novels like the countess of D'----?,en,441,15.4319105,-35.612335
LTR-020,"and is it not better to tell you a plain truth,                                That I am, &c.",en,442,36.72609,15.997223
LTR-021,"I AM now, dear sister, to take leave of you for a long time, and of Vienna for ever; designing to-morrow, to begin my journey through Hungary, in spite of the excessive cold, and deep snows, which are enough to damp a greater courage than I am mistress of.",en,443,17.533825,31.530247
LTR-021,"But my principles of _passive obedience_, carries me through every thing.",en,444,17.272127,36.338078
LTR-021,I have had my audience of leave of the empress.,en,445,26.109344,41.282486
LTR-021,"His imperial majesty was pleased to be present, when I waited on the reigning empress; and, after a very obliging conversation, both their imperial majesties invited me to take Vienna in my road back; but I have no thoughts of enduring, over again, so great a fatigue.",en,446,1.908978,37.206463
LTR-021,I delivered a letter from the duchess of Blankenburg.,en,447,4.560204,35.8808
LTR-021,"I stayed but a few days at that court, though her highness pressed me very much to stay; and when I left her, engaged me to write to her.",en,448,5.968381,34.264652
LTR-021,"I wrote you a long letter from thence, which I hope you have received, though you don't mention it; but I believe I forgot to tell you one curiosity in all the German courts, which I cannot forbear taking notice of:  All the princes keep favourite dwarfs.",en,449,11.66953,0.25042072
LTR-021,"The emperor and empress have two of these little monsters, as ugly as devils, especially the female; but they are all bedaubed with diamonds, and stand at her majesty's elbow, in all public places.",en,450,-67.52087,5.3153358
LTR-021,"The duke of Wolfenbuttle has one, and the duchess of Blankenburg is not without hers, but indeed the most proportionable I ever saw.",en,451,-44.65222,38.92757
LTR-021,"I am told the king of Denmark has so far improved upon this fashion, that his dwarf is his chief minister.",en,452,-38.937412,62.99573
LTR-021,"I can assign no reason for their fondness for these pieces of deformity, but the opinion all the absolute princes have, that it is below them to converse with the rest of mankind; and not to be quite alone, they are forced to seek their companions among the refuse of human nature, these creatures being the only part of their court privileged to talk freely to them.",en,453,-10.934494,6.4009595
LTR-021,"I am at present confined to my chamber by a sore throat; and am really glad of the excuse, to avoid seeing people, that I love well enough, to be very much mortified when I think I am going to part with them for ever.",en,454,10.366827,13.808316
LTR-021,"'Tis true, the Austrians are not commonly the most polite people in the world, nor the most agreeable.",en,455,-24.79272,-7.4624343
LTR-021,"But Vienna is inhabited by all nations, and I had formed to myself a little society of such as were perfectly to my own taste.",en,456,-23.744614,-6.849089
LTR-021,"And though the number was not very great, I could never pick up, in any other place, such a number of reasonable, agreeable people.",en,457,-23.734411,-7.803435
LTR-021,"We were almost always together, and you know I have ever been of opinion, that a chosen conversation, composed of a few that one esteems, is the greatest happiness of life.",en,458,-11.352493,-3.0823617
LTR-021,"Here are some Spaniards of both sexes, that have all the vivacity and generosity of sentiments anciently ascribed to their nation; and could I believe that the whole kingdom were like them, I would with nothing more than to end my days there.",en,459,-24.271187,-4.7466445
LTR-021,"The ladies of my acquaintance have so much goodness for me, they cry whenever they see me, since I have determined to undertake this journey.",en,460,18.304766,24.685213
LTR-021,"And, indeed, I am not very easy when I reflect on what I am going to suffer.",en,461,14.078541,14.237514
LTR-021,Almost every body I see frights me with some new difficulty.,en,462,9.21741,-6.076305
LTR-021,"Prince Eugene has been so good as to say all the things he could, to persuade me to stay till the Danube is thawed, that I may have the conveniency of going by water; assuring me, that the houses in Hungary are such, as are no defence against the weather; and that I shall be obliged to travel three or four days between Buda and Essek, without finding any house at all, through desert plains covered with snow; where the cold is so violent, many have been killed by it.",en,463,-7.4251666,22.392012
LTR-021,"I own these terrors have made a very deep impression on my mind, because I believe he tells me things truly as they are, and no body can be better informed of them.",en,464,7.0314302,9.690087
LTR-021,"NOW I have named that great man, I am sure you expect I should say Something particular of him, having the advantage of seeing him very often; but I am as unwilling to speak of him at Vienna, as I should be to talk of Hercules in the court of Omphale, if I had seen him there.",en,465,-1.8001157,12.861203
LTR-021,"I don't know what comfort other people find in considering the weakness of great men, (because, perhaps, it brings them nearer to their level) but 'tis always a mortification to me, to observe that there is no perfection in humanity.",en,466,-8.436996,-2.908491
LTR-021,"The young prince of Portugal is the admiration of the whole court; he is handsome and polite, with a great vivacity.",en,467,-15.156176,33.822033
LTR-021,All the officers tell wonders of his gallantry the last campaign.,en,468,-31.46754,-67.487206
LTR-021,"He is lodged at court with all the honours due to his rank.--Adieu, dear sister: this is the last account you will have from me of Vienna.",en,469,29.591019,4.828948
LTR-021,"If I survive my journey, you shall hear from me again.",en,470,30.212164,10.316837
LTR-021,"I can say, with great truth, in the words of Moneses (sic), _I have long learnt to hold myself as nothing_; but when I think of the fatigue my poor infant must suffer, I have all a mother's fondness in my eyes, and all her tender passions in my heart.",en,471,12.166377,11.720476
LTR-021,_P.,en,472,51.282032,33.1079
LTR-021,"S._ I have written a letter to my lady ----, that I believe she won't like; and, upon cooler reflection, I think I had done better to have let it alone; but I was downright peevish at all her questions, and her ridiculous imagination, that I have certainly seen abundance of wonders which I keep to myself out of mere malice.",en,473,11.114541,6.09375
LTR-021,She is very angry that I won't lie like other travellers.,en,474,19.019777,-21.150146
LTR-021,"I verily believe she expects I should tell her of the _Anthropophagi_, men whose heads grow below their shoulders; however, pray say Something to pacify her.",en,475,18.970016,-38.485035
LTR-022,"I HAVE not time to answer your letter, being in the hurry of preparing for my journey; but, I think, I ought to bid adieu to my friends with the same solemnity as if I was going to mount a breach, at least, if I am to believe the information of the people here, who denounce all sorts of terrors to me; and, indeed, the weather is at present such, as very few ever set out in.",en,476,10.958631,1.9457666
LTR-022,"I am threatened at the same time, with being frozen to death, buried in the snow, and taken by the Tartars, who ravage that part of Hungary I am to pass.",en,477,10.275522,39.19013
LTR-022,"'Tis true, we shall have a considerable _escorte_ (sic), so that possibly I may be diverted with a new scene, by finding myself in the midst of a battle.",en,478,25.165716,-27.236002
LTR-022,"How my adventures will conclude, I leave entirely to Providence; if comically, you shall hear of them.--Pray be so good as to tell Mr ---- I have received his letter.",en,479,30.423515,7.69383
LTR-022,"Make him my adieus; if I live, I will answer it.",en,480,30.817112,9.64845
LTR-022,The same compliment to my lady R----.,en,481,35.161636,21.80957
LTR-023,"AT length, dear sister I am safely arrived, with all my family, in good health, at Peterwaradin; having suffered so little from the rigour of the season, (against which we were well provided by furs) and found such tolerable accommodation every where, by the care of sending before, that I can hardly forbear laughing, when I recollect all the frightful ideas that were given me of this journey.",en,482,13.966532,32.218403
LTR-023,"These, I see, were wholly owing to the tenderness of my Vienna friends, and their desire of keeping me with them for this winter.",en,483,10.783037,15.975127
LTR-023,"Perhaps it will not be disagreeable to you, to give a short journal of my journey, being through a country entirely unknown to you, and very little passed, even by the Hungarians themselves, who generally chuse to take the conveniency of going down the Danube.",en,484,9.691808,-22.16003
LTR-023,"We have had the blessing of being favoured with finer weather than is common at this time of the year; though the snow was so deep, we were obliged to have our own coaches fixed upon traineaus, which move so swift and so easily, 'tis by far the most agreeable manner of travelling post.",en,485,7.469162,47.436073
LTR-023,"We came to Raab (the second day from Vienna) on the seventeenth instant, where Mr W---- sending word of our arrival to the governor, the best house in the town was provided for us, the garrison put under arms, a guard ordered at our door, and all other honours paid to us.",en,486,-6.8719115,58.973824
LTR-023,"The governor, and all other officers immediately waited on Mr W----, to know if there was any thing to be done for his service.",en,487,-11.312782,62.514977
LTR-023,"The bishop of Temeswar came to visit us, with great civility, earnestly pressing us to dine with him next day; which we refusing, as being resolved to pursue our journey, he sent us several baskets of winter fruit, and a great variety of Hungarian wines, with a young hind just killed.",en,488,-3.495335,55.911438
LTR-023,"This is a prelate of great power in this country, of the ancient family of Nadasti, so considerable for many ages, in this kingdom.",en,489,-46.050007,43.64032
LTR-023,"He is a very polite, agreeable, cheerful old man, wearing the Hungarian habit, with a venerable white beard down to his girdle.--Raab is a strong town, well garrisoned and fortified, and was a long time the frontier town between the Turkish and German empires.",en,490,-63.416183,26.209618
LTR-023,"It has its name from the River Rab, on which it is situated, just on its meeting with the Danube, in an open champaign (sic) country.",en,491,-69.53161,27.02648
LTR-023,"It was first taken by the Turks, under the command of bassa Sinan, in the reign of sultan Amurath III.",en,492,-47.347187,57.33273
LTR-023,in the year fifteen hundred and ninety-four.,en,493,60.467804,-28.747253
LTR-023,"The governor, being supposed to have betrayed it, was afterwards beheaded by the emperor's command.",en,494,-40.646576,55.51205
LTR-023,"The counts of Swartzenburg; and Palsi retook it by surprise, 1598; since which time it has remained in the hands of the Germans, though the Turks once more attempted to gain it by stratagem in 1642.",en,495,-44.459934,60.28813
LTR-023,"The cathedral is large and well built, which is all I saw remarkable in the town.",en,496,-41.380627,-23.735125
LTR-023,"Leaving Comora on the other side the river, we went the eighteenth to Nosmuhl, a small village, where however, we made shift to find tolerable accommodation.",en,497,-59.38671,34.69614
LTR-023,"We continued two days travelling between this place and Buda, through the finest plains in the world, as even as if they were paved, and extremely fruitful; but for the most part desert and uncultivated, laid waste by the long wars between the Turk and the Emperor; and the more cruel civil war, occasioned by the barbarous persecution of the protestant religion by the emperor Leopold.",en,498,-56.47384,36.66788
LTR-023,"That prince has left behind him the character of an extraordinary piety, and was naturally of a mild merciful temper; but, putting his conscience into the hands of a Jesuit, he was more cruel and treacherous to his poor Hungarian subjects, than ever the Turk has been to the Christians; breaking, without scruple his coronation oath, and his faith, solemnly given in many public treaties.",en,499,-18.122149,35.07865
LTR-023,"Indeed, nothing can be more melancholy than in travelling through Hungary, to reflect on the former flourishing state of that kingdom, and to see such a noble spot of earth almost uninhabited.",en,500,-27.301924,-23.159817
LTR-023,"Such are also the present circumstances of Buda (where we arrived very early the twenty-second) once the royal seat of the Hungarian kings, whose palace was reckoned one of the most beautiful buildings of the age, now wholly destroyed, no part of the town having been repaired since the last siege, but the fortifications and the castle, which is the present residence of the governor general Ragule, an officer of great merit.",en,501,-51.63621,41.119164
LTR-023,"He came immediately to see us, and carried us in his coach to his house, where I was received by his lady with all possible civility, and magnificently entertained.",en,502,-6.9688272,43.476818
LTR-023,This city is situated upon a little hill on the south side of the Danube.,en,503,-67.36791,26.141157
LTR-023,"The castle is much higher than the town, and from it the prospect is very noble.",en,504,-39.470707,-24.654324
LTR-023,"Without the walls ly (sic) a vast number of little houses, or rather huts, that they call the Rascian town, being altogether inhabited by that people.",en,505,-54.620365,1.2485645
LTR-023,"The governor assured me, it would furnish twelve thousand fighting men.",en,506,4.3099813,66.91907
LTR-023,"These towns look very odd; their houses stand in rows, many thousands of them so close together, that they appear, at a little distance, like old-fashioned thatched tents.",en,507,-57.5487,2.0563478
LTR-023,"They consist, every one of them, of one hovel above, and another under ground; these are their summer and winter apartments.",en,508,-71.291245,-19.909365
LTR-023,"Buda was first taken by Solyman the Magnificent, in 1526, and lost the following year to Ferdinand I, king of Bohemia.",en,509,-45.02137,55.530354
LTR-023,"Solyman regained it by the treachery of the garrison, and voluntarily gave it into the hands of king John of Hungary; after whose death, his son being an infant, Ferdinand laid siege to it, and the queen mother was forced to call Solyman to her aid.",en,510,-43.150616,55.295464
LTR-023,"He indeed raised the siege, but left a Turkish garrison in the town, and commanded her to remove her court from thence, which she was forced to submit to, in 1541.",en,511,-43.90464,58.130135
LTR-023,"It resisted afterwards the sieges laid to it by the marquis of Brandenburg, in the year 1542; count Schwartzenburg, in 1598; General Rosworm, in 1602; and the duke of Lorrain, commander of the emperor's forces, in 1684, to whom it yielded, in 1686, after an obstinate defence, Apti Bassa, the governor, being killed, fighting in the breach with a Roman bravery.",en,512,-43.1361,60.115726
LTR-023,"The loss of this town was so important, and so much resented by the Turks, that it occasioned the deposing of their emperor Mahomet IV.",en,513,-38.307735,58.03412
LTR-023,the year following.,en,514,60.914253,-28.182129
LTR-023,"WE did not proceed on our journey till the twenty-third, when we passed through Adam and Todowar, both considerable towns, when in the hands of the Turks, but now quite ruined.",en,515,-57.852234,41.347904
LTR-023,"The remains, however, of some Turkish towns, shew something of what they have been.",en,516,-43.631134,-31.372425
LTR-023,"This part of the country is very much overgrown with wood, and little frequented.",en,517,-69.73734,16.873314
LTR-023,"'Tis incredible what vast numbers of wild-fowl we saw, which often live here to a good old age,--and _undisturb'd by guns, in quiet sleep_.--We came the five and twentieth, to Mohatch, and were shewed the field near it, where Lewis, the young king of Hungary lost his army and his life, being drowned in a ditch, trying to fly from Balybeus, general of Solyman the Magnificent.",en,518,-54.92039,42.5306
LTR-023,"This battle opened the first passage for the Turks into the heart of Hungary.--I don't name to you the little villages, of which I can say nothing remarkable; but I'll assure you, I have always found a warm stove, and great plenty, particularly of wild boar, venison, and all kinds of _gibier_.",en,519,-6.019807,8.042665
LTR-023,"The few people that inhabit Hungary, live easily enough; they have no money, but the woods and plains afford them provision in great abundance; they were ordered to give us all things necessary, even what horses we pleased to demand, _gratis_; but Mr W----y would not oppress the poor country people, by making use of this order, and always paid them to the full worth of what we had.",en,520,-47.63746,11.424068
LTR-023,"They were so surprised at this unexpected generosity, which they are very little used to, that they always pressed upon us, at parting, a dozen of fat pheasants, or something of that sort, for a present.",en,521,-35.20105,6.130318
LTR-023,"Their dress is very primitive, being only a plain sheep's skin, and a cap and boots of the same stuff.",en,522,-77.163,-29.596148
LTR-023,You may easily imagine this lasts them many winters; and thus they have very little occasion for money.,en,523,-44.09112,-43.220875
LTR-023,"The twenty-sixth, we passed over the frozen Danube, with all our equipage and carriages.",en,524,-61.486275,43.868317
LTR-023,"We met on the other side general Veterani, who invited us, with great civility, to pass the night at a little castle of his, a few miles off, assuring us we should have a very hard day's journey to reach Essek.",en,525,-1.7425058,55.708256
LTR-023,"This we found but too true, the woods being very dangerous, and scarce passable, from the vast quantity of wolves that hoard in them.",en,526,-52.849197,-1.2603446
LTR-023,"We came, however, safe, though late to Essek, where we stayed a day, to dispatch a courier with letters to the bassa of Belgrade; and I took that opportunity of seeing the town, which is not very large, but fair built, and well fortified.",en,527,-58.09316,39.182747
LTR-023,"This was a town of great trade, very rich and populous, when in the hands of the Turks.",en,528,-43.81788,8.802179
LTR-023,"It is situated on the Drave, which runs into the Danube.",en,529,-68.60403,25.929632
LTR-023,"The bridge was esteemed one of the most extraordinary in the world, being eight thousand paces long, and all built of oak.",en,530,-63.457466,7.3369823
LTR-023,"It was burnt, and the city laid in ashes by count Lesly, 1685, but was again repaired and fortified by the Turks, who, however, abandoned it in 1687.",en,531,-45.2391,59.57843
LTR-023,"General Dunnewalt then took possession of it for the emperor, in whose hands it has remained ever since, and is esteemed one of the bulwarks of Hungary.",en,532,-45.997837,48.031788
LTR-023,"The twenty-eighth, we went to Bocorwar, a very large Rascian town, all built after the manner I have described to you.",en,533,-58.532055,43.74104
LTR-023,"We were met there by colonel ----, who would not suffer us to go any where but to his quarters, where I found his wife, a very agreeable Hungarian lady, and his niece and daughter, two pretty young women, crowded into three or four Rascian houses, cast into one, and made as neat and convenient as those places are capable of being made.",en,534,-20.322243,41.208973
LTR-023,The Hungarian ladies are much handsomer than those of Austria.,en,535,-31.947886,-10.730766
LTR-023,"All the Vienna beauties are of that country; they are generally very fair and well-shaped, and their dress, I think, is extremely becoming.",en,536,-60.427345,-28.173712
LTR-023,"This lady was in a gown of scarlet velvet, lined and faced with sables, made exact to her shape, and the skirt falling to her feet.",en,537,-82.913315,-12.643946
LTR-023,"The sleeves are strait to their arms, and the stays buttoned before, with two rows of little buttons of gold, pearl, or diamonds.",en,538,-81.67494,-17.77933
LTR-023,"On their heads they wear a tassel of gold, that hangs low on one side, lined with sable, or some other fine fur.---They gave us a handsome dinner, and I thought the conversation very polite and agreeable.",en,539,-77.12725,-18.780567
LTR-023,They would accompany us part of our way.,en,540,23.685312,54.17275
LTR-023,"The twenty-ninth, we arrived here, where we were met by the commanding officer, at the head of all the officers of the garrison.",en,541,-9.35198,60.36856
LTR-023,"We are lodged in the best apartment of the governor's house, and entertained in a very splendid manner by the emperor's order.",en,542,-49.60412,35.041607
LTR-023,"We wait here till all points are adjusted, concerning our reception on the Turkish frontiers.",en,543,-58.695644,49.30607
LTR-023,"Mr W----'s courier, which he sent from Essek, returned this morning, with the bassa's answer in a purse of scarlet satin, which the interpreter here has translated.",en,544,-9.517805,67.94359
LTR-023,'Tis to promise him to be honourably received.,en,545,13.761501,65.15189
LTR-023,"I desired him to appoint where he would be met by the Turkish convoy.--He has dispatched the courier back, naming Betsko, a village in the midway between Peterwaradin and Belgrade.",en,546,-3.722998,61.047436
LTR-023,"We shall stay here till we receive his answer.--Thus, dear sister, I have given you a very particular, and (I am afraid you'll think) a tedious account of this part of my travels.",en,547,29.630976,4.2594
LTR-023,"It was not an affectation of shewing my reading that has made me tell you some little scraps of the history of the towns I have passed through; I have always avoided any thing of that kind, when I spoke Of places that I believe you knew the story of as well as myself.",en,548,12.495197,-2.7729123
LTR-023,"But Hungary being a part of the world, which I believe quite new to you, I thought you might read with some pleasure an account of it, which I have been very solicitous to get from the best hands.",en,549,10.774357,-3.2706673
LTR-023,"However, if you don't like it, 'tis in your power to forbear reading it.",en,550,23.218786,9.265453
LTR-023,"I am, dear sister, &c. I AM promised to have this letter carefully sent to Vienna.",en,551,27.227581,-9.769591
LTR-024,"I DID verily intend to write you a long letter from Peterwaradin, where I expected to stay three or four days; but the bassa here was in such haste to see us, that he dispatched the courier back (which Mr W---- had sent to know the time he would send the convoy to meet us) without suffering him to pull off his boots.",en,552,-3.1561337,59.76771
LTR-024,"My letters were not thought important enough to stop our journey; and we left Peterwaradin the next day, being waited on by the chief officers of the garrison, and a considerable convoy of Germans and Rascians.",en,553,-2.9167292,58.859337
LTR-024,"The emperor has several regiments of these people; but, to say the truth, they are rather plunderers than soldiers; having no pay, and being obliged to furnish their own arms and horses; they rather look like vagabond gypsies, or stout beggars, than regular troops.",en,554,-49.030754,8.6802025
LTR-024,"I cannot forbear speaking a word of this race of creatures, who are very numerous all over Hungary.",en,555,7.4653544,-26.196543
LTR-024,"They have a patriarch of their own at Grand Cairo, and are really of the Greek church; but their extreme ignorance gives their priests occasion to impose several new notions upon them.",en,556,-37.73062,1.2600073
LTR-024,"These fellows, letting their hair and beard grow inviolate, make exactly the figure of the Indian bramins (sic).",en,557,-66.04931,-38.35963
LTR-024,"They are heirs-general to all the money of the laity; for which, in return, they give them formal passports signed and sealed for heaven; and the wives and children only inherit the house and cattle.",en,558,-39.670006,18.033358
LTR-024,"In most other points they follow the Greek church.--This little digression has interrupted my telling you we passed over the fields of Carlowitz, where the last great victory was obtained by prince Eugene over the Turks.",en,559,-53.935417,35.48977
LTR-024,"The marks of that glorious bloody day are yet recent, the field being yet strewed with the skulls and carcasses of unburied men, horses, and camels.",en,560,-61.959507,4.342164
LTR-024,"I could not look, without horror, on such numbers of mangled human bodies, nor without reflecting on the injustice of war, that makes murder not only necessary but meritorious.",en,561,-11.760411,-9.948074
LTR-024,"Nothing seems to be a plainer proof of the _irrationality_ of mankind (whatever fine claims we pretend to reason) than the rage with which they contest for a small spot of ground, when such vast parts of fruitful earth lie quite uninhabited.",en,562,-20.301039,0.55109185
LTR-024,"'Tis true, custom has now made it unavoidable; but can there be a greater demonstration of want of reason, than a custom being firmly established, so plainly contrary to the interest of man in general?",en,563,-18.950052,1.5682372
LTR-024,"I am a good deal inclined to believe Mr Hobbs, that the _state of nature_ is a _state of war_; but thence I conclude human nature, not rational, if the word reason means common sense, as I suppose it does.",en,564,26.990532,35.818184
LTR-024,"I have a great many admirable arguments to support this refection; I won't however trouble you with them, but return, in a plain style, to the history of my travels.",en,565,20.053568,-15.375161
LTR-024,"WE were met at Betsko (a village in the midway between Belgrade and Peterwaradin) by an aga of the janizaries, with a body of Turks, exceeding the Germans by one hundred men, though the bassa had engaged to send exactly the same number.",en,566,-4.7594624,62.560513
LTR-024,You may judge by this of their fears.,en,567,25.257082,-34.622654
LTR-024,"I am really persuaded, that they hardly thought the odds of one hundred men set them even with the Germans; however, I was very uneasy till they were parted, fearing some quarrel might arise, notwithstanding the parole given.",en,568,4.3198195,18.180023
LTR-024,"We came late to Belgrade, the deep snows making the ascent to it very difficult.",en,569,10.038638,52.706417
LTR-024,"It seems a strong city, fortified on the east side by the Danube; and on the south by the river Save, and was formerly the barrier of Hungary.",en,570,-64.88587,27.303484
LTR-024,"It was first taken by Solyman the Magnificent, and since by the emperor's forces, led by the elector of Bavaria.",en,571,-47.128323,53.969368
LTR-024,"The emperor held it only two Years, it being retaken by the grand vizier.",en,572,-44.24673,50.850056
LTR-024,"It is now fortified with the utmost care and skill the Turks are capable of, and strengthened by a very numerous garrison of their bravest janizaries, commanded by a bassa seraskier (i.e.",en,573,-54.41403,55.133923
LTR-024,"general) though this last expression is not very just; for, to say truth, the seraskier is commanded by the janizaries.",en,574,-55.14468,55.729916
LTR-024,"These troops have an absolute authority here, and their conduct carries much more the aspect of rebellion, than the appearance of subordination.",en,575,-49.473286,6.677272
LTR-024,"You may judge of this by the following story, which, at the same time, will give you an idea of the _admirable_ intelligence of the governor of Peterwaradin, though so few hours distant.",en,576,23.02419,-31.888851
LTR-024,"We were told by him at Peterwaradin, that the garrison and inhabitants of Belgrade were so weary of the war, they had killed their bassa about two months ago, in a mutiny, because he had suffered himself to be prevailed upon, by a bribe of five purses (five hundred pounds sterling) to give permission to the Tartars to ravage the German frontiers.",en,577,-3.2625606,64.4315
LTR-024,"We were very well pleased to hear of such favourable dispositions in the people; but when we came hither, we found the governor had been ill-informed, and the real truth of the story to be this.",en,578,-1.1726135,69.16939
LTR-024,"The late bassa fell under the displeasure of his soldiers; for no other reason, but restraining their incursions on the Germans.",en,579,-33.945286,58.062836
LTR-024,"They took it into their heads, from that mildness, that he had intelligence with the enemy, and sent such information to the grand signior at Adrianople; but, redress not coming quick enough from thence, they assembled themselves in a tumultuous manner, and by force dragged their bassa before the cadi and mufti, and there demanded justice in a mutinous way; one crying out, Why he protected the infidels?",en,580,-33.67041,57.014732
LTR-024,"Another, Why he squeezed them of their money?",en,581,-92.27421,-6.902766
LTR-024,"The bassa easily guessing their purpose, calmly replied to them, that they asked him too many questions, and that he had but one life, which must answer for all.",en,582,-24.00304,61.337257
LTR-024,They then immediately fell upon him with their scimitars (without waiting the sentence of their heads of the law) and in a few moments cut him in pieces.,en,583,-28.7646,50.402607
LTR-024,"The present bassa has not dared to punish the murder; on the contrary, he affected to applaud the actors of it, as brave fellows, that knew to do themselves justice.",en,584,-27.315765,64.83102
LTR-024,"He takes all pretences of throwing money among the garrison, and suffers them to make little excursions into Hungary, where they burn some poor Rascian houses.",en,585,-51.80827,22.551556
LTR-024,"You may imagine, I cannot be very easy in a town which is really under the government of an insolent soldiery.--We expected to be immediately dismissed, after a night's lodging here, but the bassa detains us till he receives orders from Adrianople, which may, possibly be a month a-coming.",en,586,7.2451506,54.024845
LTR-024,"In the mean time, we are lodged in one of the best houses, belonging to a very considerable man amongst them, and have a whole chamber of janizaries to guard us.",en,587,-51.810314,33.125828
LTR-024,"My only diversion is the conversation of our host, Achmet Beg, a title something like that of count in Germany.",en,588,-20.367704,-2.5764856
LTR-024,"His father was a great bassa, and he has been educated in the most polite eastern learning, being perfectly skilled in the Arabic and Persian languages, and an extraordinary scribe, which they call _effendi_.",en,589,-18.595623,67.08087
LTR-024,"This accomplishment makes way to the greatest preferments; but he has had the good sense to prefer an easy, quiet, secure life, to all the dangerous honours of the Porte.",en,590,-23.193392,65.48396
LTR-024,"He sups with us every night, and drinks wine very freely.",en,591,-10.293302,37.902782
LTR-024,You cannot imagine how much he is delighted with the liberty of conversing with me.,en,592,34.5551,3.9792647
LTR-024,"He has explained to me many pieces of Arabian poetry, which, I observe, are in numbers not unlike ours, generally of an alternate verse, and of a very musical sound.",en,593,3.8035424,-15.85335
LTR-024,Their expressions of love are very passionate and lively.,en,594,-39.342506,-34.91368
LTR-024,"I am so much pleased with them, I really believe I should learn to read Arabic, if I was to stay here a few months.",en,595,10.782964,-15.817067
LTR-024,"He has a very good library of their books of all kinds; and, as he tells me, spends the greatest part of his life there.",en,596,-45.051502,-10.390323
LTR-024,"I pass for a great scholar with him, by relating to him some of the Persian tales, which I find are genuine.",en,597,7.8000693,-16.332758
LTR-024,At first he believed I understood Persian.,en,598,8.216354,-16.845415
LTR-024,"I have frequent disputes with him concerning the difference of our customs, particularly the confinement of women.",en,599,-7.0142794,5.3502183
LTR-024,"He assures me, there is nothing at all in it; only, says he, we have the advantage, that when our wives cheat us, nobody knows it.",en,600,-13.787393,23.143105
LTR-024,"He has wit, and is more polite than many Christian men of quality.",en,601,-12.315568,29.91793
LTR-024,"I am very much entertained with him.--He has had the curiosity to make one of our servants set him an alphabet of our letters, and can already write a good Roman hand.",en,602,-16.475214,60.303143
LTR-024,"But these amusements do not hinder my wishing heartily to be out of this place; though the weather is colder than I believe it ever was, any where, but in Greenland.--We have a very large stove constantly kept hot, and yet the windows of the room are frozen on the inside.--God knows when I may have an opportunity of sending this letter: but I have written it, for the discharge of my own conscience and you cannot now reproach me, that one of yours makes ten of mine.",en,603,9.728153,1.7726308
LTR-024,Adieu.,en,604,46.941177,23.23694
LTR-025,"I HAVE now, madam, finished a journey that has not been undertaken by any Christian since the time of the Greek emperors: and I shall not regret all the fatigues I have suffered in it, if it gives me an opportunity of amusing your R. H. by an account of places utterly unknown amongst us; the emperor's ambassadors, and those few English that have come hither, always going on the Danube to Nicopolis.",en,605,-2.4741366,9.620815
LTR-025,"But the river was now frozen, and Mr W---- was so zealous for the service of his Majesty, that he would not defer his journey to wait for the conveniency of that passage.",en,606,-11.6403675,62.988487
LTR-025,"We crossed the deserts of Servia (sic), almost quite over-grown with wood, through a country naturally fertile.",en,607,-68.03816,16.637821
LTR-025,"The inhabitants are industrious; but the oppression of the peasants is so great, they are forced to abandon their houses, and neglect their tillage, all they have being a prey to the janizaries, whenever they please to seize upon it.",en,608,-47.74946,13.650601
LTR-025,"We had a guard of five hundred of them, and I was almost in tears every day, to see their insolencies (sic) in the poor villages through which we passed.--After seven days travelling through thick woods, we came to Nissa, once the capital of Servia, situated in a fine plain on the river Nissava, in a very good air, and so fruitful a soil, that the great plenty is hardly credible.",en,609,-61.47258,33.612934
LTR-025,"I was certainly assured, that the quantity of wine last vintage was so prodigious, that they were forced to dig holes in the earth to put it in, not having vessels enough in the town to hold it.",en,610,-50.514614,-0.9987348
LTR-025,The happiness of this plenty is scarce perceived by the oppressed people.,en,611,-17.95278,-3.5134125
LTR-025,I saw here a new occasion for my compassion.,en,612,25.949156,41.341373
LTR-025,"The wretches that had provided twenty waggons for our baggage from Belgrade hither for a certain hire, being all sent back without payment, some of their horses lamed (sic), and others killed, without any satisfaction made for them.",en,613,-0.56772304,62.27904
LTR-025,"The poor fellows came round the house weeping and tearing their hair and beards in a most pitiful manner, without getting any thing but drubs from the insolent soldiers.",en,614,-79.353874,7.101879
LTR-025,I cannot express to your R. H. how much I was moved at this scene.,en,615,8.670704,-26.530128
LTR-025,"I would have paid them the money out of my own pocket, with all my heart; but it Would only have been giving so much to the aga, who would have taken it from them without any remorse.",en,616,-3.2108953,-22.393501
LTR-025,"After four days journey from this place over the mountains, we came to Sophia, situated in a large beautiful plain on the river Isca, and surrounded with distant mountains.",en,617,-62.85758,34.2042
LTR-025,'Tis hardly possible to see a more agreeable landscape.,en,618,-8.090481,-29.231915
LTR-025,"The city itself is very large, and extremely populous.",en,619,-41.68349,-25.52554
LTR-025,"Here are hot baths, very famous for their medicinal virtues.--Four days journey from hence we arrived at Philippopolis, after having passed the ridges between the mountains of Haemus and Rhodope, which are always covered with snow.",en,620,-63.696953,35.109543
LTR-025,"This town is situated on a rising ground near the river Hebrus, and is almost wholly inhabited by Greeks; here are still some ancient Christian churches.",en,621,-66.15417,25.347958
LTR-025,"They have a bishop; and several Of the richest Greeks live here; but they are forced to conceal their wealth with great care, the appearance of poverty [which includes part of its inconveniencies (sic)] being all their security against feeling it in earnest.",en,622,-42.488422,14.112128
LTR-025,"The country from hence to Adrianople, is the finest in the world.",en,623,-28.555649,-21.283987
LTR-025,Vines grow wild on all the hills; and the perpetual spring they enjoy makes every thing gay and flourishing.,en,624,-54.775593,-4.80394
LTR-025,"But this climate, happy as it seems, can never be preferred to England, with all its frosts and snows, while we are blessed with an easy government, under a king, who makes his own happiness consist in the liberty of his people, and chuses rather to be looked upon as their father than their master.--This theme would carry me very far, and I am sensible, I have already tired out your R. H.'s patience.",en,625,-12.395062,11.60449
LTR-025,"But my letter is in your hands, and you may make it as short as you please, by throwing it into the fire, when weary of reading it.",en,626,30.40203,-10.432381
LTR-025,"I am, madam, With the greatest respect, &c.",en,627,38.281906,17.333633
LTR-026,"I AM now got into a new world, where every thing I see appears to me a change of scene; and I write to your ladyship with some content of mind, hoping, at least, that you will find the charms of novelty in my letters, and no longer reproach me, that I tell you nothing extraordinary.",en,628,10.3183155,-4.4737716
LTR-026,"I won't trouble you with a relation of our tedious journey; but must not omit what I saw remarkable at Sophia, one of the most beautiful towns in the Turkish empire, and famous for its hot baths, that are resorted to both for diversion and health.",en,629,-2.00447,-31.163427
LTR-026,"I stopped here one day, on purpose to see them; and, designing to go _incognito_, I hired a Turkish coach.",en,630,6.9037433,40.990734
LTR-026,"These voitures are not at all like ours, but much more convenient for the country, the heat being so great, that glasses would be very troublesome.",en,631,-32.930622,-29.089525
LTR-026,"They are made a good deal in the manner of the Dutch stage-coaches, having wooden lattices painted and gilded; the inside being also painted with baskets and nosegays of flowers, intermixed commonly with little poetical mottos.",en,632,-60.579704,-14.971024
LTR-026,"They are covered all over with scarlet cloth, lined with silk, and very often richly embroidered and fringed.",en,633,-77.91033,-23.16679
LTR-026,"This covering entirely hides the persons in them, but may be thrown back at pleasure, and thus permits the ladies to peep through the lattices.",en,634,-82.81014,23.391056
LTR-026,"They hold four people very conveniently, seated on cushions, but not raised.",en,635,-90.04925,6.4941645
LTR-026,"IN one of these covered waggons (sic), I went to the bagnio about ten o'clock.",en,636,9.676694,57.59658
LTR-026,It was already full of women.,en,637,-14.425904,37.999306
LTR-026,"It is built of stone, in the shape of a dome,  with no windows but in the roof, which gives light enough.",en,638,-63.898064,-3.6409197
LTR-026,"There were five of these domes joined together, the outmost being less than the rest, and serving only as a hall, where the portress stood at the door.",en,639,-65.51917,2.6884584
LTR-026,Ladies of quality generally give this woman a crown or ten shillings; and I did not forget that ceremony.,en,640,-46.19416,22.281929
LTR-026,"The next room is a very large one paved with marble, and all round it are two raised sofas of marble, one above another.",en,641,-69.706635,-7.820085
LTR-026,"There were four fountains of cold water in this room, falling first into marble basons (sic), and then running on the floor in little channels made for that purpose, which carried the streams into the next room, something less than this, with the same sort of marble sofas, but so hot with steams of sulphur proceeding from the baths joining to it, 'twas impossible to stay there with one's cloaths (sic) on.",en,642,-69.15205,-2.3479323
LTR-026,"The two other domes were the hot baths, one of which had cocks of cold water turning into it, to temper it to what degree of warmth the bathers pleased to have.",en,643,-70.42901,-0.98491305
LTR-026,"I WAS in my travelling habit, which is a riding dress, and certainly appeared very extraordinary to them.",en,644,-1.8612088,17.420649
LTR-026,"Yet there was not one of them that shewed the least surprise or impertinent curiosity, but received me with all the obliging civility possible.",en,645,-14.710067,-28.154583
LTR-026,"I know no European court, where the ladies would have behaved themselves in so polite a manner to such a stranger.",en,646,-16.40313,-6.9595118
LTR-026,"I believe, upon the whole, there were two hundred women, and yet none of those disdainful smiles, and satirical whispers, that never fail in our assemblies, when any body appears that is not dressed exactly in the fashion.",en,647,-21.790762,-4.8373504
LTR-026,"They repeated over and over to me; ""UZELLE, PEK UZELLE,"" which is nothing but, _Charming, very Charming_.--The first sofas were covered with cushions and rich carpets, on which sat the ladies; and on the second, their slaves behind them, but without any distinction of rank by their dress, all being in the state of nature, that is, in plain English, stark naked, without any beauty or defect concealed.",en,648,-72.758255,5.87056
LTR-026,Yet there was not the least wanton smile or immodest gesture amongst them.,en,649,-14.753912,-28.197754
LTR-026,"They walked and moved with the same majestic grace, which Milton describes our general mother with.",en,650,-35.50003,-63.240448
LTR-026,"There were many amongst them, as exactly proportioned as ever any goddess was drawn by the pencil of a Guido or Titian,--and most of their skins shiningly white, only adorned by their beautiful hair divided into many tresses, hanging on their shoulders, braided either with pearl or ribbon, perfectly representing the figures of the Graces.",en,651,-64.073235,-25.666302
LTR-026,"I WAS here convinced of the truth of a reflection I have often made, _That if it were the fashion to go naked, the face would be hardly observed_.",en,652,8.190134,16.28664
LTR-026,"I perceived, that the ladies of the most delicate skins and finest shapes had the greatest share of my admiration, though their faces were sometimes less beautiful than those of their companions.",en,653,-15.919373,-10.39497
LTR-026,"To tell you the truth, I had wickedness enough, to wish secretly, that Mr Gervais could have been there invisible.",en,654,-0.16093922,0.018256541
LTR-026,"I fancy it would have very much improved his art, to see so many fine women naked, in different postures, some in conversation, some working, others drinking coffee or sherbet, and many negligently lying on their cushions, while their slaves (generally pretty girls of seventeen or eighteen) were employed in braiding their hair in several pretty fancies.",en,655,-17.231028,23.085283
LTR-026,"In short, 'tis the women's coffee-house, where all the news of the town is told, scandal invented, &c.--They generally take this diversion once a-week (sic), and stay there at least four or five hours, without getting cold by immediate coming out of the hot bath into the cold room, which was very surprising to me.",en,656,-34.938934,12.3766365
LTR-026,"The lady, that seemed the most considerable among them, entreated me to sit by her, and would fain have undressed me for the bath.",en,657,-2.3168898,41.444218
LTR-026,I excused myself with some difficulty.,en,658,41.74831,32.46713
LTR-026,"They being however all so earnest in persuading me, I was at last forced to open my shirt, and shew them my stays; which satisfied them very well; for, I saw, they believed I was locked up in that machine, and that it was not in my own power to open it, which contrivance they attributed to my husband,--I was charmed with their civility and beauty, and should have been very glad to pass more time with them; but Mr W---- resolving to pursue his journey next morning early,  I was in haste to see the ruins of Justinian's church, which did not afford me so agreeable a prospect as I had left, being little more than a heap Of stones.",en,659,-10.177388,18.925379
LTR-026,"ADIEU, madam, I am sure I have now entertained you with an account of such a sight as you never saw in your life, and what no book of travels could inform you of, as 'tis no less than death for a man to be found in one of these places.",en,660,12.051032,-4.9115157
LTR-027,You see I am very exact in keeping the promise you engaged me to make.,en,661,35.363247,9.416478
LTR-027,"I know not, however, whether your curiosity will be satisfied with the accounts I shall give you, though I can assure you, the desire I have to oblige you to the utmost of my power, has made me very diligent in my enquiries and observations.",en,662,17.419888,7.8161902
LTR-027,"'Tis certain we have but very imperfect accounts of the manners and religion of these people; this part of the world being seldom visited, but by merchants, who mind little but their own affairs; or travellers, who make too short a stay, to be able to report any thing exactly of their own knowledge.",en,663,-24.251009,4.6008
LTR-027,"The Turks are too proud to converse familiarly with merchants, who can only pick up some confused informations, which are generally false; and can give no better account of the ways here, than a French refugee, lodging in a garret in Greek-street, could write of the court of England.",en,664,-25.8069,3.3252468
LTR-027,"The journey we have made from Belgrade hither, cannot possibly be passed by any out of a public character.",en,665,-11.320731,-34.49664
LTR-027,"The desert woods of Servia, are the common refuge of thieves, who rob fifty in a company, so that we had need of all our guards to secure us; and the villages are so poor, that only force could extort from them necessary provisions.",en,666,-54.978565,4.7755995
LTR-027,"Indeed the janizaries had no mercy on their poverty, killing all the poultry and sheep they could find, without asking to whom they belonged; while the wretched owners durst not put in their claim, for fear of being beaten.",en,667,-46.959812,14.625766
LTR-027,"Lambs just fallen, geese and turkies (sic) big with egg, all massacred without distinction!",en,668,-61.44279,4.959452
LTR-027,I fancied I heard the complaints of Melibeus for the hope of his flock.,en,669,6.3792005,-42.160233
LTR-027,"When the bassas travel, 'tis yet worse.",en,670,-48.545734,16.736685
LTR-027,"These oppressors are not content with eating all that is to be eaten belonging to the peasants; after they have crammed themselves and their numerous retinue, they have the impudence to exact what they call _teeth-money_, a contribution for the use of their teeth, worn with doing them the honour of devouring their meat.",en,671,-47.719456,15.960275
LTR-027,"This is literally and exactly true, however extravagant it may seem; and such is the natural corruption of a military government, their religion not allowing of this barbarity, any more than ours does.",en,672,-17.310558,0.79088455
LTR-027,"I HAD the advantage of lodging three weeks at Belgrade, with a principal effendi, that is to say a scholar.",en,673,-0.38836488,51.72902
LTR-027,"This set of men are equally capable of preferments in the law or the church, these two sciences being cast into one, and a lawyer and a priest being the same word in the Turkish language.",en,674,-30.067883,1.3148452
LTR-027,They are the only men really considerable in the empire; all the profitable employments and church revenues are in their hands.,en,675,-41.011887,8.435962
LTR-027,"The grand signior, though general heir to his people, never presumes to touch their lands or money, which go, in an uninterrupted succession, to their children.",en,676,-41.53672,19.092005
LTR-027,"'Tis true, they lose this privilege, by accepting a place at court, or the title of Bassa; but there are few examples of such fools among them.",en,677,-28.34179,13.062445
LTR-027,"You may easily judge of the power of these men, who have engrossed all the learning, and almost all the wealth of the empire.",en,678,-16.201319,-1.6525046
LTR-027,"'Tis they that are the real authors, though the soldiers are the actors of revolutions.",en,679,-55.52645,-45.06618
LTR-027,"They deposed the late sultan Mustapha; and their power is so well known, that 'tis the emperor's interest to flatter them.",en,680,-37.24266,55.776436
LTR-027,THIS is a long digression.,en,681,12.608731,-62.879208
LTR-027,"I was going to tell you, that an intimate daily conversation with the effendi Achmet-beg, gave me an opportunity of knowing their religion and morals in a more particular manner than perhaps any Christian ever did.",en,682,-0.22732024,-9.414203
LTR-027,"I explained to him the difference between the religion of England and Rome; and he Was pleased to hear there were Christians that did not worship images, or adore the Virgin Mary.",en,683,-18.55738,-19.041662
LTR-027,"The ridicule of transubstantiation appeared very strong to him.--Upon comparing our creeds together, I am convinced that if our friend Dr ---- had free liberty of preaching here, it would be very easy to persuade the generality to Christianity, whose notions are very little different from his.",en,684,-0.91080594,-7.6379023
LTR-027,Mr Whiston would make a very good apostle here.,en,685,27.195015,-16.756027
LTR-027,"I don't doubt but his zeal will be much fired, if you communicate this account to him; but tell him, he must first have the gift of tongues, before he can possibly be of any use.--Mahometism (sic) is divided into as many sects as Christianity; and the first institution as much neglected and obscured by interpretations.",en,686,0.24073745,-6.864884
LTR-027,"I cannot here forbear reflecting on the natural inclination of mankind, to make mysteries and novelties.--The Zeidi, Kudi, Jabari, &c. put me in mind of the Catholics, Lutherans, and Calvinists, and are equally zealous against one another.",en,687,-5.8866568,-1.229289
LTR-027,"But the most prevailing opinion, if you search into the secret of the effendis, is, plain deism.",en,688,-25.357353,-9.979935
LTR-027,"This is indeed kept from the people, who are amused with a thousand different notions, according to the different interest of their preachers.--There are very few amongst them (Achmet-beg denied there were any) so absurd, as to set up for wit, by declaring they believe no God at all.",en,689,-21.794651,5.3066006
LTR-027,"And Sir Paul Rycaut is mistaken (as he commonly is) in calling the sect _muterin_, (i. e. _the secret with us_) atheists, they being deists, whose impiety consists in making a jest of their prophet.",en,690,-24.94769,7.2873545
LTR-027,"Achmet-beg did not own to me that he was of this opinion; but made no scruple of deviating from some part of Mahomet's law, by drinking wine with the same freedom we did.",en,691,20.730495,50.363403
LTR-027,When I asked him how he came to allow himself that liberty?,en,692,35.037586,5.3566403
LTR-027,"He made answer, that all the creatures of God are good, and designed for the use of man; however, that the prohibition of wine was a very wise maxim, and meant for the common people, being the source of all disorders amongst them; but, that the prophet never designed to confine those that knew how to use it with moderation; nevertheless, he said, that scandal ought to be avoided, and that he never drank it in public.",en,693,-14.694629,16.070318
LTR-027,"This is the general way of thinking amongst them, and very few forbear drinking wine that are able to afford it.",en,694,-46.363937,-44.355766
LTR-027,"He assured me, that if I understood Arabic, I should be very well pleased with reading the alcoran, which is so far from the nonsense we charge it with, that it is the purest morality, delivered in the very best language.",en,695,7.511838,-14.488456
LTR-027,"I have since heard impartial Christians speak of it in the same manner; and I don't doubt but that all our translations are from copies got from the Greek priests, who would not fail to falsify it with the extremity of malice.",en,696,-9.514197,-32.509514
LTR-027,"No body of men ever were more ignorant, or more corrupt; yet they differ so little from the Romish church, that, I confess, nothing gives me a greater abhorrence of the cruelty of your clergy, than the barbarous persecution of them, whenever they have been their masters, for no other reason than their not acknowledging the pope.",en,697,-20.560816,6.29892
LTR-027,"The dissenting in that one article, has got them the titles of heretics and schismatics; and, what is worse, the same treatment.",en,698,-34.867905,1.5410725
LTR-027,"I found at Philippopolis, a sect of Christians that call themselves Paulines.",en,699,-10.265501,-40.93113
LTR-027,"They shew an old church, where, they say, St Paul preached; and he is their favourite saint, after the same manner that St Peter is at Rome; neither do they forget to give him the same preference over the rest of the apostles.",en,700,-10.844684,-41.929043
LTR-027,"BUT of all the religions I have seen, that of the Arnounts seems to me the most particular; they are natives of Arnountlich, the ancient Macedonia, and still retain the courage and hardiness, though they have lost the name of Macedonians, being the best militia in the Turkish empire, and the only check upon the janizaries.",en,701,-14.96253,-20.3614
LTR-027,"They are foot soldiers; we had a guard of them, relieved in every considerable town we passed; they are all cloathed and armed at their own expence, dressed in clean white coarse cloth, carrying guns of a prodigious length, which they run with upon their shoulders, as if they did not feel the weight of them, the leader singing a sort of rude tune, not unpleasant, and the rest making up the chorus.",en,702,-74.612465,3.3635907
LTR-027,"These people living between Christians and Mahometans, and not being skilled in controversy, declare, that they are utterly unable to judge which religion is best; but, to be certain of not entirely rejecting the truth, they very prudently follow both.",en,703,-21.201857,8.796535
LTR-027,"They go to the mosques on Fridays, and to the church on Sunday, saying, for their excuse, that at the day of judgment they are sure of protection from the true prophet; but which that is, they are not able to determine in this world.",en,704,-22.694271,9.520016
LTR-027,"I believe there is no other race of mankind, who have so modest an opinion of their own capacity.",en,705,-13.388245,-3.8126278
LTR-027,"THESE are the remarks I have made, on the diversity of religions I have seen.",en,706,-14.87317,-18.519268
LTR-027,I don't ask your pardon for the liberty I have taken in speaking of the Roman.,en,707,34.56432,2.7076073
LTR-027,"I know you equally condemn the quakery (sic) of all churches, as much as you revere the sacred truths, in which we both agree.",en,708,4.5395637,1.3717682
LTR-027,YOU will expect I should say something to you of the antiquities of this country; but there are few remains of ancient Greece.,en,709,12.532807,-34.244797
LTR-027,"We passed near the piece of an arch, which is commonly called Trajan's Gate, from a supposition, that he made it to shut up the passage over the mountains, between Sophia and Philippopolis.",en,710,-68.26213,40.66088
LTR-027,"But I rather believe it the remains of some triumphal arch, (tho' I could not see any inscription;) for if that passage had been shut up, there are many others that would serve for the march of an army; and, notwithstanding the story of Baldwin earl of Flanders being overthrown in these straits, after he won Constantinople, I don't fancy the Germans would find themselves stopped by them at this day.",en,711,-7.067508,-34.843616
LTR-027,"'Tis true, the road is now made (with great industry) as commodious as possible, for the march of the Turkish army; there is not one ditch or puddle between this place and Belgrade, that has not a large strong bridge of planks built over it; but the precipices are not so terrible as I had heard them represented.",en,712,-56.404305,23.818453
LTR-027,"At these mountains we lay at the little village Kiskoi, wholly inhabited by Christians, as all the peasants of Bulgaria are.",en,713,-57.01097,33.332424
LTR-027,"Their houses are nothing but little huts, raised of dirt baked in the sun; and they leave them and fly into the mountains, some months before the march of the Turkish army, who would else entirely ruin them, by driving away their whole flocks.",en,714,-57.33247,3.058233
LTR-027,"This precaution Secures them in a sort of plenty; for such vast tracts of land lying in common, they have the liberty of sowing what they please, and are generally very industrious husbandmen.",en,715,-46.470703,9.047663
LTR-027,I drank here several sorts of delicious wine.,en,716,-38.591164,-31.014488
LTR-027,"The women dress themselves in a great variety of coloured glass beads, and are not ugly, but of a tawny complexion.",en,717,-67.06244,-26.310247
LTR-027,"I have now told you all that is worth telling you, and perhaps more, relating to my journey.",en,718,15.669364,-16.566813
LTR-027,"When I am at Constantinople, I'll try to pick up some curiosities, and then you shall hear again from                                 Your's, &c.",en,719,15.913356,-25.332006
LTR-028,"AS I never can forget the smallest of your ladyship's commands, my first business here has been to enquire after the stuffs you ordered me to look for, without being able to find what you would like.",en,720,15.348549,-8.249442
LTR-028,"The difference of the dress here and at London is so great, the same sort of things are not proper for _caftans_ and _manteaus_.",en,721,-30.44565,-7.2162213
LTR-028,"However, I will not give over my search, but renew it again at Constantinople, though I have reason to believe there is nothing finer than what is to be found here, as this place is at present the residence of the court.",en,722,13.916814,-25.336245
LTR-028,"The grand signior's eldest daughter was married some few days before I came hither; and, upon that occasion, the Turkish ladies display all their magnificence.",en,723,-16.112936,52.86452
LTR-028,The bride was conducted to her husband's house in very great splendor (sic).,en,724,-23.361895,48.827538
LTR-028,"She is widow of the late vizier, who was killed at Peterwaradin, though that ought rather to be called a contract than a marriage, since she never has lived with him; however, the greatest part of his wealth is hers.",en,725,-28.446796,38.474304
LTR-028,"He had the permission of visiting her in the seraglio; and, being one of the handsomest men in the empire, had very much engaged her affections.--When she saw this second husband, who is at least fifty, she could not forbear bursting into tears.",en,726,-29.270668,40.37175
LTR-028,"He is indeed a man of merit, and the declared favourite of the sultan, (which they call _ mosayp_) but that is not enough to make him pleasing in the eyes of a girl of thirteen.",en,727,-31.940086,39.765175
LTR-028,"THE government here is entirely in the hands of the army, the grand signior, with all his absolute power, is as much a slave as any of his subjects, and trembles at a janizary's frown.",en,728,-40.571587,47.159748
LTR-028,"Here is, indeed, a much greater appearance of subjection than amongst us; a minister of state is not spoke to, but upon the knee: should a reflection on his conduct be dropt (sic) in a coffee-house (for they have spies every where) the house would be raz'd (sic) to the ground, and perhaps the whole company put to the torture.",en,729,-24.089727,16.518068
LTR-028,"No _huzzaing mobs, senseless pamphlets, and tavern disputes about politics_; A consequential ill that freedom draws; A bad effect,--but from a noble cause.",en,730,-22.282501,1.0896752
LTR-028,None of our harmless calling names!,en,731,17.193699,-50.58492
LTR-028,"but when a minister here displeases the people, in three hours time he is dragged even from his master's arms.",en,732,-37.31134,46.592064
LTR-028,"They cut off hands, head, and feet, and throw them before the palace gate, with all the respect in the world; while the sultan (to whom they all profess an unlimited adoration) sits trembling in his apartment, and dare neither defend nor revenge his favourite.",en,733,-35.85722,47.906372
LTR-028,"This is the blessed condition of the most absolute monarch upon earth, who o---- no l---- but his _will_.",en,734,-39.880905,44.313442
LTR-028,[Editor's note: Two words are unreadable due to damage to the book which may have occurred at the time of printing.,en,735,19.26907,-10.183243
LTR-028,"It seems probable that the sentence should end "".. who owns no limit but his _will_."".]",en,736,29.478441,37.660763
LTR-028,"I CANNOT help wishing, in the loyality (sic) of my heart, that the parliament would send hither a ship-load of young passive obedient men, that they might see arbitrary government in its clearest, and strongest light, where 'tis hard to judge, whether the prince, people, or ministers, are most miserable.",en,737,-11.283276,13.190401
LTR-028,"I could make many reflections on this subject; but I know, madam, your own good sense has already furnished you with better than I am capable of.",en,738,15.204082,9.093603
LTR-028,I WENT yesterday along with the French ambassadress to see the grand signior in his passage to the mosque.,en,739,-12.188623,50.64116
LTR-028,"He was preceded by a numerous guard of janizaries, with vast white feathers on their heads, as also by the _spahis_ and _bostangees_, (these are foot and horse guards) and the royal gardeners, which are a very considerable body of men, dressed in different habits of fine lively colours, so that at a distance, they appeared like a parterre of tulips.",en,740,-75.20095,-2.2668471
LTR-028,"After them the aga of the janizaries, in a robe of purple velvet, lined with silver tissue, his horse led by two slaves richly dressed.",en,741,-82.207306,-9.0647135
LTR-028,"Next him the _kyzlier-aga_ (your ladyship knows, this is the chief guardian of the seraglio ladies) in a deep yellow cloth (which suited very well to his black face) lined with sables.",en,742,-83.47723,-9.900139
LTR-028,"Last came his sublimity himself, arrayed in green, lined with the fur of a black Moscovite fox, which is supposed worth a thousand pounds sterling, and mounted on a fine horse, with furniture embroidered with jewels.",en,743,-80.938965,-9.362413
LTR-028,"Six more horses richly caparisoned were led after him; and two of his principal courtiers bore, one his gold, and the other his silver coffee-pot, on a staff; another carried a silver stool on his head for him to sit on.---It would be too tedious to tell your ladyship the various dresses and turbants (sic) by which their rank is distinguished; but they were all extremely rich and gay, to the number of some thousands; so that perhaps there cannot be seen a more beautiful procession.",en,744,-80.943985,-4.89702
LTR-028,"The sultan appeared to us a handsome man of about forty, with something, however, severe in his countenance, and his eyes very ---- ---- ---- [Editor's note: as above a few words are illegible but seem to be 'sultry and black'.]",en,745,-35.614994,39.672203
LTR-028,"He happened to stop under the window where he stood, and (I suppose being told who we were) looked upon us very attentively, so that we had full leisure to consider him.",en,746,-3.4507973,47.31624
LTR-028,"The French ambassadress agreed with me as to his good mien; I see that lady very often; she is young, and her conversation would be a great relief to me, if I could persuade her to live without those forms and ceremonies that make life so formal and tiresome.",en,747,-8.552452,27.437756
LTR-028,"But she is so delighted with her guards, her four and twenty footmen, gentlemen, ushers, &c. that she would rather die than make me a visit without them; not to reckon a coachful of attending damsels ycleap'd (sic) maids of honour.",en,748,-14.398598,27.553688
LTR-028,"What vexes me is, that as long as she will visit me with a troublesome equipage, I am obliged to do the same: however, our mutual interest makes us much together.",en,749,7.4322357,19.464783
LTR-028,"I went with her the other day all round the town, in an open gilt chariot, with our joint train of attendants, preceded by our guards, who might have summoned the people to see what they had never seen, nor ever perhaps would see again, two young Christian ambassadresses at the same time.",en,750,-9.326268,47.13473
LTR-028,"Your ladyship may easily imagine, we drew a vast crowd of spectators, but all silent as death.",en,751,6.879938,-45.908638
LTR-028,"If any of them had taken the liberties of our mobs upon any strange sight, our janizaries had made no scruple of falling on them with their scimitars, without danger for so doing, being above law.",en,752,-29.786089,8.940745
LTR-028,"These people however (I mean the janizaries) have some good qualities; they are very zealous and faithful where they serve, and look upon it as their business to fight for you on all occasions.",en,753,-47.048775,-48.050426
LTR-028,"Of this I had a very pleasant instance in a village on this side Philippopolis, where we were met by our domestic guards.",en,754,-16.220667,63.76462
LTR-028,"I happened to bespeak pigeons for supper, upon which one of my janizaries went immediately to the cadi (the chief civil officer of the town) and ordered him to send in some dozens.",en,755,5.9506197,59.76241
LTR-028,"The poor man answered, that he had already sent about, but could get none.",en,756,17.60031,59.436684
LTR-028,"My janizary, in the height of his zeal for my service, immediately locked him up prisoner in his room, telling him he deserved death for his impudence, in offering to excuse his not obeying my command; but, out of respect to me, he would not punish him but by my order.",en,757,1.3414475,32.970222
LTR-028,"Accordingly he came very gravely to me, to ask what should be done to him; adding, by way of compliment, that if I pleased he would bring me his head.--This may give you some idea of the unlimited power of these fellows, who are all sworn brothers, and bound to revenge the injuries done to one another, whether at Cairo, Aleppo, or any part of the world.",en,758,-0.07035298,35.044426
LTR-028,"This inviolable league makes them so powerful, that the greatest man at court never speaks to them but in a flattering tone; and in Asia, any man that is rich is forced to enrol himself a janizary, to secure his estate.--But I have already said enough; and I dare swear, dear madam, that, by this time, 'tis a very comfortable reflection to you, that there is no possibility of your receiving such a tedious letter but once in six months; 'tis that consideration has given me the assurance of entertaining you so long, and will, I hope, plead the excuse of, dear madam,  Your's, &c.",en,759,-7.7181554,16.693909
LTR-029,"I WISH to God, dear sister, that you were as regular in letting me know what passes on your side of the globe, as I am careful in endeavouring to amuse you by the account of all I see here, that I think worth your notice.",en,760,12.675667,-1.1463379
LTR-029,"You content yourself with telling me over and over, that the town is very dull: it may, possibly, be dull to you, when every day does not present you with something new; but for me that am in arrears, at least two months news, all that seems very stale with you, would be very fresh and sweet here.",en,761,8.727374,-3.3480806
LTR-029,"Pray let me into more particulars, and I will try to awaken your gratitude, by giving you a full and true relation of the novelties of this place, none of which would surprise you more than a sight of my person, as I am now in my Turkish habit, though I believe you would be of my opinion, that 'tis admirably becoming.--I intend to send you my picture; in the mean time accept of it here.",en,762,10.999482,-1.1727633
LTR-029,"THE first part of my dress is a pair of drawers, very full that reach to my shoes, and conceal the legs more modestly than your petticoats.",en,763,-82.350235,-28.040466
LTR-029,"They are of a thin rose-coloured damask, brocaded with silver flowers.",en,764,-79.3927,-23.304733
LTR-029,"My shoes are of white kid leather, embroidered with gold.",en,765,-80.65,-23.898851
LTR-029,"Over this hangs my smock, of a fine white silk gauze, edged with embroidery.",en,766,-80.52716,-24.318707
LTR-029,"This smock has wide sleeves hanging half way down the arm, and is closed at the neck with a diamond button; but the shape and colour of the bosom is very well to be distinguished through it.--The _antery_ is a waistcoat, made close to the shape, of white and gold damask, with very long sleeves falling back, and fringed with deep gold fringe, and should have diamond or pearl buttons.",en,767,-81.73343,-15.387583
LTR-029,"My _caftan_, of the same stuff with my drawers, is a robe exactly fitted to my shape, and reaching to my feet, with very long strait falling sleeves.",en,768,-82.062256,-27.112898
LTR-029,"Over this is my girdle, of about four fingers broad, which, all that can afford it, have entirely of diamonds or other precious stones; those who will not be at that expence, have it of exquisite embroidery on sattin (sic); but it must be fastened before with a clasp of diamonds.--The _curdee_ is a loose robe they throw off, or put on, according to the weather, being of a rich brocade (mine is green and gold) either lined with ermine or sables; the sleeves reach very little below the shoulders.",en,769,-79.6375,-5.053032
LTR-029,"The head dress is composed of a cap, called _talpock_, which is, in winter, of fine velvet embroidered with pearls or diamonds, and in summer, of a light shining silver stuff.",en,770,-72.85991,-22.97266
LTR-029,"This is fixed on one side of the head, hanging a little way down with a gold tassel, and bound on, either with a circle of diamonds (as I have seen several) or a rich embroidered handkerchief.",en,771,-78.25009,-17.53812
LTR-029,"On the other side of the head, the hair is laid flat; and here the ladies are at liberty to shew their fancies; some putting flowers, others a plume of heron's feathers, and, in short, what they please; but the most general fashion is a large _bouquet_ of jewels, made like natural flowers; that is, the buds, of pearl; the roses, of different coloured rubies: the jessamines, of diamonds; the jonquils, of topazes, &c. so well set and enamelled, 'tis hard to imagine any thing of that kind so beautiful.",en,772,-73.88219,1.4886744
LTR-029,"The hair hangs at its full length behind, divided into tresses braided with pearl or ribbon, which is always in great quantity.",en,773,-75.75635,-20.058464
LTR-029,I never saw in my life so many fine heads of hair.,en,774,-14.195614,-8.731189
LTR-029,"In one lady's, I have counted a hundred and ten of the tresses, all natural; but it must be owned, that every kind of beauty is more common here than with us.",en,775,-22.120815,-29.320953
LTR-029,'Tis surprising to see a young woman that is not very handsome.,en,776,-22.699524,-10.553563
LTR-029,"They have naturally the most beautiful complexion in the world, and generally large black eyes.",en,777,-63.887444,-32.08635
LTR-029,"I can assure you with great truth, that the court of England (though I believe it the fairest in Christendom) does not contain so many beauties as are under our protection here.",en,778,-23.040697,-16.492958
LTR-029,"They generally shape their eye-brows, and both Greeks and Turks have the custom of putting round their eyes a black tincture, that, at a distance, or by candle-light, adds very much to the blackness of them.",en,779,-66.753174,-32.14134
LTR-029,"I fancy many of our ladies would be overjoyed to know this secret, but 'tis too visible by day.",en,780,-22.276066,-12.646991
LTR-029,"They dye their nails a rose colour; but, I own, I cannot enough accustom myself to this fashion, to find any beauty in it.",en,781,-46.979916,-40.07651
LTR-029,"AS to their morality or good conduct, I can say, like Harlequin, that 'tis just as 'tis with you; and the Turkish ladies don't commit one sin the less for not being Christians.",en,782,-5.983549,-8.482044
LTR-029,"Now, that I am a little acquainted with their ways, I cannot forbear admiring, either the exemplary discretion, or extreme stupidity of all the writers that have given accounts of them.",en,783,-2.7525795,-6.115977
LTR-029,"'Tis very easy to see, they have in reality more liberty than we have.",en,784,-34.50835,-33.5674
LTR-029,"No woman, of what rank soever, is permitted to go into the streets without two _murlins_, one that covers her face all but her eyes, and another, that hides the whole dress of her head, and hangs half way down her back.",en,785,-71.1529,4.525054
LTR-029,"Their shapes are also wholely (sic) concealed, by a thing they call a _serigee_, which no woman of any sort appears without; this has strait sleeves, that reach to their fingers-ends, and it laps all round them, not unlike a riding-hood.",en,786,-72.277885,3.4944315
LTR-029,"In winter, 'tis of cloth; and in summer, of plain stuff or silk.",en,787,-72.3917,-21.979372
LTR-029,"You may guess then, how effectually this disguises them, so that there is no distinguishing the great lady from her slave.",en,788,-29.047264,24.765997
LTR-029,"'Tis impossible for the most jealous husband to know his wife, when he meets her; and no man dare touch or follow a woman in the street.",en,789,-30.315489,24.880009
LTR-029,"THIS perpetual masquerade gives them entire liberty of following their inclinations, without danger of discovery.",en,790,-37.47964,14.01633
LTR-029,"The most usual method of intrigue, is, to send an appointment to the lover to meet the lady at a Jew's shop, which are as notoriously convenient as our Indian-houses; and yet, even those who don't make use of them, do not scruple to go to buy pennyworths, and tumble over rich goods, which are chiefly to be found amongst that sort of people.",en,791,-24.376827,18.852982
LTR-029,"The great ladies seldom let their gallants know who they are; and 'tis so difficult to find it out, that they can very seldom guess at her name, whom they have corresponded with for above half a year together.",en,792,-29.651627,23.525663
LTR-029,"You may easily imagine the number of faithful wives very small in a country where they have nothing to fear from a lover's indiscretion, since we see so many have the courage to expose themselves to that in this world, and all the threatened punishment of the next, which is never preached to the Turkish damsels.",en,793,-22.272095,11.933015
LTR-029,"Neither have they much to apprehend from the resentment of their husbands; those ladies that are rich, having all their money in their own hands.",en,794,-32.656994,17.02116
LTR-029,"Upon the whole, I look upon the Turkish women, as the only free people in the empire; the very divan pays respect to them; and the grand signior himself, when a bassa is executed, never violates the privileges of the _haram_, (or womens apartment) which remains unsearched and entire to the widow.",en,795,-36.540806,24.933424
LTR-029,"They are queens of their slaves, whom the husband has no permission so much as to look upon, except it be an old woman or two that his lady chuses.",en,796,-34.941666,23.638641
LTR-029,"'Tis true, their law permits them four wives; but there is no instance of a man of quality that makes use of this liberty, or of a woman of rank that would suffer it.",en,797,-31.17202,13.61666
LTR-029,"When a husband happens to be inconstant, (as those things will happen) he keeps his mistress in a house apart, and visits her as privately as he can, just as it is with you.",en,798,-32.344177,28.602919
LTR-029,"Amongst all the great men here, I only know the _testerdar_, (i.e.",en,799,35.025833,18.382475
LTR-029,"a treasurer) that keeps a number of she slaves, for his own use, (that is, on his own side of the house; for a slave once given to serve a lady, is entirely at her disposal) and he is spoke of as a libertine, or what we should call a rake, and his wife won't see him, though she continues to live in his house.",en,800,-37.768887,25.813345
LTR-029,"Thus you see, dear sister, the manners of mankind do not differ so Widely, as our voyage-writers would make us believe.",en,801,-11.32534,-0.74061126
LTR-029,"Perhaps, it would be more entertaining to add a few surprising customs of my own invention; but nothing seems to me so agreeable as truth, and I believe nothing so acceptable to you.",en,802,8.875532,-1.3411437
LTR-029,"I conclude therefore with repeating the great truth of my being, Dear sister, &c.",en,803,36.322308,15.712731
LTR-030,"I DARE say you expect, at least, something very new in this letter, after I have gone a journey, not undertaken by any Christian for some hundred years.",en,804,11.934209,-6.8380303
LTR-030,"The most remarkable accident that happened to me, was my being very near overturned into the Hebrus; and, if I had much regard for the glories that one's name enjoys after death, I should certainly be sorry for having missed the romantic conclusion of swimming down the same river in which the musical head of Orpheus repeated verses so many ages since: ""_Caput a cervice revulsum, ""Gurgite cum medio, portans Oeagrius Hebrus, ""Volveret, Eurydicen vox ipsa, et frigida lingua, ""Ah!",en,805,3.8293655,14.799853
LTR-030,miseram Eurydicen!,en,806,47.92447,-4.8636866
LTR-030,"anima fugiente vocabat, ""Eurydicen toto referebant flumine ripae_"" Who knows but some of your bright wits might have found it a subject affording many poetical turns, and have told the world, in an heroic elegy, that, _As equal were our souls, so equal were our fates?_ I despair of ever hearing so many fine things said of me, as so extraordinary a death would have given occasion for.",en,807,2.7719102,14.067594
LTR-030,"I AM at this present moment writing in a house situated on the banks of the Hebrus, which runs under my chamber window.",en,808,-19.776342,61.69611
LTR-030,"My garden is full of all cypress trees, upon the branches of which several couple of true turtles are saying soft things to one another from morning till night.",en,809,-55.937386,-6.9117055
LTR-030,"How naturally do _boughs_ and _vows_ come into my mind, at this minute?",en,810,43.425358,-6.427122
LTR-030,"and must not you confess, to my praise, that 'tis more than an ordinary discretion that can resist the wicked suggestions of poetry, in a place where truth, for once, furnishes all the ideas of pastoral.",en,811,1.6453285,1.4949512
LTR-030,"The summer is already far advanced in this part of the world; and, for some miles round Adrianople, the whole ground is laid out in gardens, and the banks of the rivers are set with rows of fruit-trees, under which all the most considerable Turks divert themselves every evening, not with walking, that is not one of their pleasures; but a set party of them chuse out a green spot, where the shade is very thick, and, there they spread a carpet, on which they sit drinking their coffee, and are generally attended by some slave with a fine voice, or that plays on some instrument.",en,812,-55.6306,16.616518
LTR-030,"Every twenty paces you may see one of these little companies listening to the dashing of the river; and this taste is so universal, that the very gardeners are not without it.",en,813,-59.880913,8.059543
LTR-030,"I have often seen them and their children sitting on the banks of the river, and playing on a rural instrument, perfectly answering the description of the ancient _fistula_, being composed of unequal reeds, with a simple, but agreeable softness in the sound.",en,814,-73.44395,13.622839
LTR-030,"MR ADDISON might here make the experiment he speaks of in his travels; there not being one instrument Of music among the Greek or Roman statues, that is not to be found in the hands of the people of this country.",en,815,-2.996624,-51.892
LTR-030,"The young lads generally divert themselves with making garlands for their favourite lambs, which I have often seen painted and adorned with flowers, lying at their feet, while they sung or played.",en,816,-73.00841,12.325703
LTR-030,"It is not that they ever read romances, but these are the ancient amusements here, and as natural to them as cudgel-playing and foot-ball to our British swains; the softness and warmth of the climate forbidding all rough exercises, which were never so much as heard of amongst them, and naturally inspiring a laziness and aversion to labour, which the great plenty indulges.",en,817,-26.469143,-0.23085357
LTR-030,These gardeners are the only happy race of country people in Turkey.,en,818,-46.74569,6.0583277
LTR-030,"They furnish all the city with fruits and herbs, and seem to live very easily.",en,819,-47.312378,5.400715
LTR-030,"They are most of them Greeks, and have little houses in the midst of their gardens, where their wives and daughters take a liberty, not permitted in the town, I mean, to go unveiled.",en,820,-50.082462,11.467646
LTR-030,"These wenches are very neat and handsome, and pass their time at their looms, under the shade of the trees.",en,821,-63.407036,-29.178816
LTR-030,"I No longer look upon Theocritus as a romantic writer; he has only given a plain image of the way of life amongst the peasants of his country; who, before oppression had reduced them to want, were, I suppose, all employed as the better sort of them are now.",en,822,19.706924,-34.93352
LTR-030,"I don't doubt, had he been born a Briton, but his _Idyliums_  had been filled with descriptions of threshing and churning, both which are unknown here, the corn being all trode (sic) out by oxen; and butter (I speak it with sorrow) unheard of.",en,823,-20.222767,-36.822365
LTR-030,"I READ over your Homer here, with an infinite pleasure, and find several little passages explained, that I did not before entirely comprehend the beauty of; many of the customs, and much Of the dress then in fashion, being yet retained.",en,824,9.01857,-10.222665
LTR-030,"I don't wonder to find more remains here, of an age so distant, than is to be found in any other country, the Turks not taking that pains to introduce their own manners, as has been generally practised by other nations, that imagine themselves more polite.",en,825,-28.074633,-11.008191
LTR-030,"It would be too tedious to you, to point out all the passages that relate to present customs.",en,826,19.037104,-27.128633
LTR-030,"But, I can assure you, that the princesses and great ladies pass their time at their looms, embroidering veils and robes, surrounded by their maids, which are always very numerous, in the same manner as we find Andromache and Helen described.",en,827,-39.737633,15.809191
LTR-030,"The description of the belt of Menelaus, exactly resembles those that are now worn by the great men, fastened before with broad golden clasps, and embroidered round with rich work.",en,828,-87.22668,-15.764959
LTR-030,"The snowy veil that Helen throws over her face, is still fashionable; and I never see half a dozen of old bashaws (as I do very often) with their reverend beards, sitting basking in the sun, but I recollect good king Priam and his counsellors.",en,829,-66.66004,-42.92943
LTR-030,Their manner of dancing is certainly the same that Diana is _sung_  (sic) to have danced on the banks of Eurotas.,en,830,-46.652973,-56.373505
LTR-030,"The great lady still leads the dance, and is followed by a troop of young girls, who imitate her steps, and, if she sings, make up the chorus.",en,831,-82.566086,13.021975
LTR-030,"The tunes are extremely gay and lively, yet with something in them wonderfully soft.",en,832,-38.578243,-35.80123
LTR-030,"The steps are varied according to the pleasure of her that leads the dance, but always in exact time, and infinitely more agreeable than any of our dances, at least in my opinion.",en,833,-37.302986,-35.56472
LTR-030,"I sometimes make one in the train, but am not skilful enough to lead; these are the Grecian dances, the Turkish being very different.",en,834,-15.727122,-25.719252
LTR-030,"I SHOULD have told you, in the first place, that the Eastern manners give a great light into many scripture-passages, that appear odd to us, their phrases being commonly what we should call scripture-language.",en,835,5.610904,-15.868019
LTR-030,"The vulgar Turk is very different from what is spoke at court, or amongst the people of figure; who always mix so much Arabic and Persian in their discourse, that it may very well be called another language.",en,836,-28.042156,2.2190251
LTR-030,"And 'tis as ridiculous to make use of the expressions commonly used, in speaking to a great man or lady, as it would be to speak broad Yorkshire, or Somersetshire, in the drawing room.",en,837,-27.730951,2.0752387
LTR-030,"Besides this distinction, they have what they call the _sublime_, that is, a style proper for poetry, and which is the exact scripture style.",en,838,-42.527157,-61.425716
LTR-030,"I believe you will be pleased to see a genuine example of this; and I am very glad I have it in my power to satisfy your curiosity, by sending you a faithful copy of the verses that Ibrahim Bassa, the reigning favourite, has made for the young princess, his contracted wife, whom he is not yet permitted to visit without witnesses, though she is gone home to his house.",en,839,7.2157764,36.826168
LTR-030,"He is a man of wit and learning; and whether or no he is capable of writing good verse, you may be sure, that, on such an occasion, he would not want the assistance of the best poets in the empire.",en,840,-23.735783,43.623966
LTR-030,"Thus the verses may be looked upon as a sample of their finest poetry; and I don't doubt you'll be of my mind, that it is most wonderfully resembling _The song of Solomon_, which was also addressed to a royal bride.",en,841,-16.99192,11.521
LTR-030,"TURKISH VERSES addressed to the _Sultana_, eldest daughter of SULTAN ACHMET III.",en,842,-48.87418,58.120575
LTR-030,STANZA I. Ver.,en,843,46.780804,-51.573833
LTR-030,1.,en,844,55.1082,-46.46257
LTR-030,_THE nightingale now wanders in the vines: Her passion is to seek roses._ 2.,en,845,-12.6396,-64.27312
LTR-030,_I went down to admire the beauty of the vines: The sweetness of your charms has ravished my soul._ 3.,en,846,37.553192,-8.9771385
LTR-030,"_Your eyes are black and lovely, But wild and disdainful as those of a stag._ STANZA II.",en,847,-5.153168,-62.300343
LTR-030,1.,en,848,55.341434,-46.50265
LTR-030,"_The wished possession is delayed from day to day; The cruel Sultan ACHMET will not permit me To see those cheeks, more vermilion than roses._ 2.",en,849,-9.754003,-65.96595
LTR-030,_I dare not snatch one of your kisses; The sweetness of your charms has ravished my soul._ 3.,en,850,37.862587,-9.623629
LTR-030,"_Your eyes are black and lovely, But wild and disdainful as those of a stag._ STANZA III 1.",en,851,-5.1357923,-62.315365
LTR-030,_The wretched_ IBRAHIM _sighs in these verses: One dart from your eyes has pierc'd thro' my  heart._ 2.,en,852,39.01785,-10.01201
LTR-030,_Ah!,en,853,49.108555,2.939237
LTR-030,when will the hour of possession arrive?,en,854,41.96258,8.72032
LTR-030,Must I yet wait a long time?,en,855,39.166687,7.0802774
LTR-030,The sweetness of your charms has ravished my soul._ 3.,en,856,38.325512,-8.314721
LTR-030,_Ah!_ SULTANA!,en,857,49.47343,1.6648619
LTR-030,_stag-ey'd--an angel amongst angels!,en,858,50.447853,-3.0905597
LTR-030,"I desire,--and, my desire remains unsatisfied.--Can you take delight to prey upon my heart?_ STANZA IV 1.",en,859,37.673008,-12.825435
LTR-030,_My cries pierce the heavens!,en,860,44.10894,-3.2637033
LTR-030,My eyes are without sleep!,en,861,44.131622,0.21445715
LTR-030,"Turn to me,_ SULTANA--_let me gaze on thy beauty._ 2.",en,862,31.49475,21.663141
LTR-030,_Adieu--I go down to the grave.,en,863,40.612328,26.989521
LTR-030,If you call me--I return.,en,864,36.86819,28.229446
LTR-030,"My heart is--hot as sulphur;--sigh, and it will flame._ 3.",en,865,40.177944,-5.867184
LTR-030,_Crown of my life!,en,866,47.34112,-1.6921155
LTR-030,fair light of my eyes!,en,867,45.01721,-0.33557305
LTR-030,My_ SULTANA!,en,868,49.57857,0.70361954
LTR-030,_my princess!,en,869,48.5764,-0.15509588
LTR-030,I rub my face against the earth; I am drown'd in scalding tears-- I rave!,en,870,41.135616,-3.0018423
LTR-030,Have you no compassion?,en,871,40.088856,3.569464
LTR-030,"Will you not turn to look upon me?_ I have taken abundance of pains to get these verses in a literal translation; and if you were acquainted with my interpreters, I might spare myself the trouble of assuring you, that they have received no poetical touches from their hands.",en,872,4.99063,-12.152807
LTR-030,In my opinion (allowing for the inevitable faults of a prose translation into a language so very different) there is a good deal of beauty in them.,en,873,3.366839,-12.619967
LTR-030,"The epithet of _stag-ey'd_ (though the sound is not very agreeable in English) pleases me extremely; and I think it a very lively image of the fire and indifference in his mistress's eyes.--Monsieur Boileau has very justly observed, that we are never to judge of the elevation of an expression in an ancient author, by the sound it carries with us; since it may be extremely fine with them, when, at the same time, it appears low or uncouth to us.",en,874,-9.975635,11.384073
LTR-030,"You are so well acquainted with Homer, you cannot but have observed the same thing, and you must have the same indulgence for all Oriental poetry.",en,875,20.916386,-28.290268
LTR-030,"The repetitions at the end of the two first stanzas are meant for a sort of chorus, and are agreeable to the ancient manner of writing.",en,876,-48.01667,-60.644978
LTR-030,"The music of the verses apparently changes in the third stanza, where the burden is altered; and I think he very artfully, seems more passionate at the conclusion, as 'tis natural for people to warm themselves by their own discourse, especially on a subject in which one is deeply concerned; 'tis certainly far more touching than our modern custom of concluding a song of passion with a turn which is inconsistent with it.",en,877,0.6278639,-16.128466
LTR-030,"The first verse is a description of the season of the year; all the country now being full of nightingales, whole amours with roses, is an Arabian fable, as well known here as any part of Ovid amongst us, and is much the same as if an English poem should begin, by saying,--""_Now Philomela sings_.""",en,878,-11.637115,-59.221306
LTR-030,"Or what if I turned the whole into the style of English poetry, to see how it would look?",en,879,-3.600808,-10.201664
LTR-030,STANZA I.,en,880,47.14784,-51.31814
LTR-030,"""NOW Philomel renews her tender strain, ""Indulging all the night her pleasing pain; ""I sought in groves to hear the wanton sing, ""There saw a face more beauteous than the spring.",en,881,28.289984,25.209564
LTR-030,"""Your large stag-eyes, where thousand glories play, ""As bright, as lively, but as wild as they.",en,882,-5.396736,-61.78233
LTR-030,STANZA II.,en,883,48.026443,-50.970375
LTR-030,"""In vain I'm promis'd such a heav'nly prize, ""Ah!",en,884,46.64242,5.348607
LTR-030,cruel SULTAN!,en,885,50.759068,-0.2185641
LTR-030,who delay'st my joys!,en,886,45.478138,-1.7061243
LTR-030,"""While piercing charms transfix my am'rous heart, ""I dare not snatch one kiss to ease the smart.",en,887,37.564987,-10.338883
LTR-030,"""Those eyes!",en,888,46.446156,2.0389643
LTR-030,"like, &c. STANZA III.",en,889,46.64192,-47.855373
LTR-030,"""Your wretched lover in these lines complains; ""From those dear beauties rise his killing pains.",en,890,40.004692,-10.04946
LTR-030,"""When will the hour of wish'd-for bliss arrive?",en,891,42.0808,8.877708
LTR-030,"""Must I wait longer?--Can I wait and live?",en,892,39.04548,7.1444154
LTR-030,"""Ah!",en,893,47.98843,3.5635693
LTR-030,bright Sultana!,en,894,50.844513,0.016147938
LTR-030,maid divinely fair!,en,895,50.52154,-1.1995873
LTR-030,"""Can you, unpitying, see the pains I bear?",en,896,37.543846,2.618497
LTR-030,STANZA IV.,en,897,47.733692,-52.451786
LTR-030,"""The heavens relenting, hear my piercing cries, ""I loathe the light, and sleep forsakes my eyes; ""Turn thee, Sultana, ere thy lover dies: ""Sinking to earth, I fight the last adieu, ""Call me, my goddess, and my life renew.",en,898,28.198732,24.415867
LTR-030,"""My queen!",en,899,48.025246,0.097166605
LTR-030,my angel!,en,900,48.93779,-0.66975206
LTR-030,my fond heart's desire!,en,901,45.608715,-1.3261963
LTR-030,"""I rave--my bosom burns with heav'nly fire!",en,902,41.480316,-4.4394593
LTR-030,"""Pity that passion, which thy charms inspire.""",en,903,40.103916,-9.966434
LTR-030,"I have taken the liberty, in the second verse, of following what I suppose the true sense of the author, though not literally expressed.",en,904,8.192732,-9.64204
LTR-030,"By his saying, _He went down to admire the beauty of the vines, and her charms ravished his soul_, I understand a poetical fiction, of having first seen her in a garden, where he was admiring the beauty of the spring.",en,905,36.127235,-8.493799
LTR-030,"But I could not forbear retaining the comparison of her eyes with those of a stag, though perhaps the novelty of it may give it a burlesque sound in our language.",en,906,-4.788082,-11.1200905
LTR-030,"I cannot determine upon the whole, how well I have succeeded in the translation, neither do I think our English proper to express such violence of passion, which is very seldom felt amongst us.",en,907,-0.066793635,-4.674373
LTR-030,We want also those compound words which are very frequent and strong in the Turkish language.,en,908,-12.545623,-23.75275
LTR-030,"YOU see I am pretty far gone in Oriental learning; and, to say truth, I study very hard.",en,909,9.446292,-14.34416
LTR-030,"I wish my studies may give me an occasion of entertaining your curiosity, which will be the utmost advantage hoped for from them, by,                                        Your's, &c.",en,910,25.099077,12.879078
LTR-031,"IN my opinion, dear S. I ought rather to quarrel with you, for not answering my Nimeguen letter of August, till December, than to excuse my not writing again till now.",en,911,20.157442,-0.8344924
LTR-031,"I am sure there is on my side a very good excuse for silence, having gone such tiresome land-journies (sic), though I don't find the conclusion of them so  bad as you seem to imagine.",en,912,9.755291,9.329532
LTR-031,"I am very easy here, and not in the solitude you fancy me.",en,913,33.862377,-18.042307
LTR-031,"The great number of Greeks, French, English, and Italians that are under our protection, make their court to me from morning till night; and, I'll assure you, are, many of them, very fine ladies; for there is no possibility for a Christian to live easily under this government, but by the protection of an ambassador--and the richer they are, the greater is their danger.",en,914,-30.102789,6.0864425
LTR-031,"THOSE dreadful stories you have heard  of the _plague_, have very little foundation in truth.",en,915,5.9623632,-24.123499
LTR-031,"I own, I have much ado to reconcile myself to the sound of a word, which has always given me such terrible ideas; though I am convinced there is little more in it, than in a fever.",en,916,8.684543,9.7165165
LTR-031,"As a proof of this, let me tell you that we passed through two or three towns most violently infected.",en,917,11.118133,58.702374
LTR-031,"In the very next house where we lay, (in one of those places) two persons died of it.",en,918,10.310136,58.082344
LTR-031,"Luckily for me I was so well deceived, that I knew nothing of the matter; and I was made believe, that our second cook had only a great cold.",en,919,2.017144,46.11946
LTR-031,"However, we left our doctor to take care of him, and yesterday they both arrived here in good health; and I am now let into the secret, that he has had the _plague_.",en,920,3.5634937,47.243725
LTR-031,"There are many that escape it, neither is the air ever infected.",en,921,1.0187163,-50.3116
LTR-031,"I am persuaded, that it would be as easy a matter to root it out here, as out of Italy and France; but it does so little mischief, they are not very solicitous about it, and are content to suffer this distemper, instead of our variety, which they are utterly unacquainted with.",en,922,1.4089543,-2.5445898
LTR-031,"_A propos_ of distempers, I am going to tell you a thing that will make you wish yourself here.",en,923,26.579596,-19.8517
LTR-031,"The small-pox, so fatal, and so general amongst us, is here entirely harmless, by the invention of _ingrafting_, which is the term they give it.",en,924,3.3868794,72.53708
LTR-031,"There is a set of old women, who make it their business to perform the operation, every autumn, in the month of September, when the great heat is abated.",en,925,-52.808395,19.952162
LTR-031,"People send to one another to know if any of their family has a mind to have the small-pox: they make parties for this purpose, and when they are met (commonly fifteen or sixteen together) the old woman comes with a nutshell full of the matter of the best sort of small-pox, and asks what vein you please to have opened.",en,926,-46.12446,24.366238
LTR-031,"She immediately rips open that you offer to her, with a large needle, (which gives you no more pain than a common scratch) and puts into the vein as much matter as can ly upon the head of her needle, and after that, binds up the little wound with a hollow bit of shell; and in this manner opens four or five veins.",en,927,-77.39343,4.598393
LTR-031,"The Grecians have commonly the superstition of opening one in the middle of the forehead, one in each arm, and one on the breast, to mark the sign of the cross; but this has a very ill effect, all these wounds leaving little scars, and is not done by those that are not superstitious, who chuse to have them in the legs, or that part of the arm that is concealed.",en,928,-58.072033,14.50902
LTR-031,"The children or young patients play together all the rest of the day, and are in perfect health to the eighth.",en,929,-51.11261,27.947947
LTR-031,"Then the fever begins to seize them, and they keep their beds two days, very seldom three.",en,930,-49.801018,29.791199
LTR-031,"They have very rarely above twenty or thirty in their faces, which never mark; and in eight days time they are as well as before their illness.",en,931,-50.29319,28.61284
LTR-031,"Where they are wounded, there remain running sores during the distemper, which I don't doubt is a great relief to it.",en,932,-25.607885,-61.875504
LTR-031,"Every year thousands undergo this operation; and the French ambassador says pleasantly, that they take the small-pox here by way of diversion, as they take the waters in other countries.",en,933,-75.837654,38.85267
LTR-031,"There is no example of any one that has died in it; and you may believe I am well satisfied of the safety of this experiment, since I intend to try it on my dear little son.",en,934,16.526907,-41.180943
LTR-031,"I am patriot enough to take pains to bring this useful invention into fashion in England; and I should not fail to write to some of our doctors very particularly about it, if I knew any one of them that I thought had virtue enough to destroy such a considerable branch of their revenue, for the good of mankind.",en,935,1.757333,9.655525
LTR-031,"But that distemper is too beneficial to them, not to expose to all their resentment the hardy wight (sic) that should undertake to put an end to it.",en,936,-13.568713,25.51621
LTR-031,"Perhaps, if I live to return, I may, however, have courage to war with them.",en,937,26.693302,-13.730516
LTR-031,"Upon this occasion, admire the heroism in the heart of Your friend, &c. &c.",en,938,37.18265,14.257466
LTR-032,"I CAN now tell dear Mrs T----, that I am safely arrived at the end of my very long journey.",en,939,27.60267,3.9094582
LTR-032,I will not tire you with the account of the many fatigues I have suffered.,en,940,34.520947,-0.12448897
LTR-032,"You would rather be informed of the strange things that are to be seen here; and a letter out of Turkey, that has nothing extraordinary in it, would be as great a disappointment, as my visitors will receive at London, if I return thither without any rarities to shew them.--What shall I tell you of?--You never saw camels in your life; and perhaps the description of them will appear new to you; I can assure you the first sight of them was so to me; and though I have seen hundreds of pictures of those animals, I never saw any that was resembling enough, to give a true idea of them.",en,941,11.180419,-1.8148206
LTR-032,"I am going to make a bold observation, and possibly a false one, because nobody has ever made it before me; but I do take them to be of the stag kind; their legs, bodies, and necks, are exactly shaped like them, and their colour very near the same.",en,942,-31.248936,-36.641815
LTR-032,"'Tis true they are much larger, being a great deal higher than a horse; and so swift, that, after the defeat of Peterwaradin, they far outran the swiftest horses, and brought the first news of the loss of the battle to Belgrade.",en,943,-4.626998,67.104195
LTR-032,"They are never thoroughly tamed; the drivers take care to tie them one to another, with strong ropes, fifty in a string, led by an ass, on which the driver rides.",en,944,-69.805305,-26.49145
LTR-032,I have seen three hundred in one caravan.,en,945,-15.197566,-15.491763
LTR-032,"They carry the third part more than any horse; but 'tis a particular art to load them, because of the bunch on their backs.",en,946,-74.614006,-35.44635
LTR-032,"They seem to be very ugly creatures, their heads being ill-formed and disproportioned (sic) to their bodies.",en,947,-66.85217,-35.62256
LTR-032,"They carry all the burdens; and the beasts destined to the plough, are buffaloes, an animal you are also unacquainted with.",en,948,-74.0675,-37.206944
LTR-032,"They are larger and more clumsy than an ox; they have short thick black horns close to their heads, Which grow turning backwards.",en,949,-70.19912,-33.248367
LTR-032,They say this horn looks very beautiful when 'tis well polished.,en,950,-62.40152,-36.82772
LTR-032,"They are all black, with very short hair on their hides, and have extremely little white eyes, that make them look like devils.",en,951,-69.09183,-31.989252
LTR-032,"The country people dye their tails, and the hair of their forehead, red, by way of ornament.",en,952,-80.10929,-32.885605
LTR-032,"Horses are not put here to any laborious work, nor are they at all fit for it.",en,953,-31.822754,-32.67781
LTR-032,"They are beautiful and full of spirit, but generally little, and not strong, as the breed of colder countries; very gentle, however, with all their vivacity, and also swift and surefooted.",en,954,-51.806892,-32.21998
LTR-032,"I have a little white favourite, that I would not part with on any terms; he prances under me with so much fire, you would think that I had a great deal of courage to dare to mount him; yet I'll assure you, I never rid a horse so much at my command in my life.",en,955,6.8322186,14.303062
LTR-032,"My side-saddle is the first that was ever seen in this part of the world, and is gazed at with as much wonder as the ship of Columbus in the first discovery of America.",en,956,-0.5841249,-24.9002
LTR-032,"Here are some little birds, held in a sort of religious reverence, and, for that reason, multiply prodigiously: turtles, on the account of their innocence; and storks, because they are supposed to make every winter the pilgrimage to Mecca.",en,957,-41.556713,-54.440723
LTR-032,"To say truth, they are the happiest subjects under the Turkish government, and are so sensible of their privileges, that they walk the streets without fear, and generally build in the low parts of houses.",en,958,-43.957138,10.877822
LTR-032,"Happy are those whose houses are so distinguished, as the vulgar Turks are perfectly persuaded that they will not be, that year, attacked either by fire or pestilence.",en,959,-45.49566,12.007074
LTR-032,I have the happiness of one of their sacred nests under my chamber-window.,en,960,-27.848722,-36.581715
LTR-032,"NOW I am talking of my chamber, I remember the description of the houses here will be as new to you, as any of the birds or beasts.",en,961,12.914694,-39.186893
LTR-032,"I suppose you have read, in most of our accounts of Turkey, that their houses are the most miserable pieces of building in the world.",en,962,-21.38974,-24.738995
LTR-032,"I can speak very learnedly on that subject, having been in so many of them; and, I assure you, 'tis no such thing.",en,963,18.304087,-18.185122
LTR-032,We are now lodged in a palace belonging to the grand signior.,en,964,-49.536636,37.271355
LTR-032,"I really think the manner of building here very agreeable, and proper for the country.",en,965,-36.357075,-22.519026
LTR-032,"'Tis true, they are not at all solicitous to beautify the outsides of their houses, and they are generally built of wood; which, I own, is the cause of many inconveniencies; but this is not to be charged on the ill taste of the people, but on the oppression of the government.",en,966,-19.731514,3.3314803
LTR-032,"Every house, at the death of its master, is at the grand signior's disposal; and therefore, no man cares to make a great expence, which he is not sure his family will be the better for.",en,967,-43.19783,18.64571
LTR-032,"All their design is to build a house commodious, and that will last their lives; and they are very indifferent if it falls down the year after.",en,968,-45.22054,18.061005
LTR-032,"Every house, great and small, is divided into two distinct parts, which only join together by a narrow passage.",en,969,-59.130966,4.411206
LTR-032,"The first house has a large court before it, and open galleries all round it, which is to me a thing very agreeable.",en,970,-62.91397,-8.757792
LTR-032,"This gallery leads to all the chambers, which are commonly large, and with two rows of windows, the first being of painted glass; they seldom build above two stories, each of which has galleries.",en,971,-65.00791,-5.5551133
LTR-032,"The stairs are broad, and not often above thirty steps.",en,972,-59.70697,-0.84970975
LTR-032,"This is the house belonging to the lord, and the adjoining one is called the _haram_, that is, the ladies apartment, (for the name of _seraglio_ is peculiar to the grand signior;) it has also a gallery running round it towards the garden, to which all the windows are turned, and the same number of chambers as the other, but more gay and splendid, both in painting and furniture.",en,973,-62.545288,-1.2199701
LTR-032,"The second row of windows is very low, with grates like those of convents; the rooms are all spread with Persian carpets, and raised at one end of them (my chambers are raised at both ends) about two feet.",en,974,-70.82082,-5.868819
LTR-032,"This is the sofa, which is laid with a richer sort of carpet, and all round it a sort of couch, raised half a foot, covered with rich silk, according to the fancy or magnificence of the owner.",en,975,-71.15523,-5.1229634
LTR-032,"Mine is of scarlet cloth, with a gold fringe; round about this are placed, standing against the wall, two rows of cushions, the first very large, and the next, little ones; and here the Turks display their greatest magnificence.",en,976,-72.202614,-7.0934606
LTR-032,"They are generally brocade, or embroidery of gold wire upon white sattin.--Nothing can look more gay and splendid.",en,977,-70.15023,-23.226389
LTR-032,"These seats are also so convenient and easy, that I believe I shall never endure chairs as long as I live.--The rooms are low, which I think no fault, and the ceiling is always of wood, generally inlaid or painted with flowers.",en,978,-37.268402,-28.345469
LTR-032,"They open in many places, with folding doors, and serve for cabinets, I think, more conveniently than ours.",en,979,-34.965103,-27.887386
LTR-032,"Between the windows are little arches to set pots of perfume, or baskets of flowers.",en,980,-61.790257,-13.309061
LTR-032,"But what pleases me best, is the fashion of having marble fountains in the lower part of the room, which throw up several spouts of water, giving, at the same time, an agreeable coolness, and a pleasant dashing sound, falling from one basin to another.",en,981,-67.54376,-0.83891565
LTR-032,Some of these are very magnificent.,en,982,-56.154057,-34.984726
LTR-032,"Each house has a bagnio, which consists generally in two or three little rooms, leaded on the top, paved with marble, with basins, cocks of water, and all conveniencies for either hot or cold baths.",en,983,-67.44452,-4.2997656
LTR-032,"YOU will perhaps be surprised at an account so different from what you have been entertained with by the common voyage-writers, who are very fond of speaking of what they don't know.",en,984,6.22442,-18.97967
LTR-032,"It must be under a very particular character, or on some extraordinary occasion, that a Christian is admitted into the house of a man of quality; and their _harams_ are always forbidden ground.",en,985,-39.539803,12.891614
LTR-032,"Thus they can only speak of the outside, which makes no great appearance; and the womens apartments are always built backward, removed from sight, and have no other prospect than the gardens, which are inclosed with very high walls.",en,986,-53.79486,7.4103823
LTR-032,"There are none of our parterres in them; but they are planted with high trees, which give an agreeable shade, and, to my fancy, a pleasing view.",en,987,-58.26781,-9.896201
LTR-032,"In the midst of the garden is the _chiosk_, that is, a large room, commonly beautified with a fine fountain in the midst of it.",en,988,-62.05763,-11.185687
LTR-032,"It is raised nine or ten steps, and inclosed with gilded lattices, round which, vines, jessamines, and honey-suckles, make a sort of green wall.",en,989,-61.70299,-7.0294027
LTR-032,"Large trees are planted round this place, which is the scene of their greatest pleasures, and where the ladies spend most of their hours, employed by their music or embroidery.--In the public gardens, there are public _chiosks_ where people go, that are not so well accommodated at home, and drink their coffee, sherbet, &c.--Neither are they ignorant of a more durable manner of building: their mosques are all of free-stone, and the public _hanns_, or inns, extremely magnificent, many of them taking up a large square, built round with shops under stone arches, where poor artificers are lodged _gratis_.",en,990,-55.44363,16.518671
LTR-032,"They have always a mosque joining to them, and the body of the _hann_ is a most noble hall, capable of holding three or four hundred persons, the court extremely spacious, and cloisters round it, that give it the air of our colleges.",en,991,-61.70809,0.89030516
LTR-032,"I own, I think it a more reasonable piece of charity than the founding of convents.--I think I have now told you a great deal for once.",en,992,-2.2070136,-3.1793902
LTR-032,"If you don't like my choice of subjects, tell me what you would have me write Upon; there is nobody more desirous to entertain you, than, dear Mrs T----, Your's, &c. &c.",en,993,20.288786,11.482082
LTR-033,"I WROTE to you, dear sister, and to all my other English correspondents, by the last ship, and only Heaven can tell, when I shall have another opportunity of sending to you; but I cannot forbear to write again, though perhaps my letter may ly upon my hands this two months.",en,994,15.271766,-2.6333551
LTR-033,"To confess the truth, my head is so full of my entertainment yesterday, that 'tis absolutely necessary, for my own repose, to give it some vent.",en,995,12.651374,13.937138
LTR-033,"Without farther preface, I will then begin my story.",en,996,34.52314,-3.5122201
LTR-033,"I WAS invited to dine with the grand vizier's lady, and it was with a great deal of pleasure I prepared myself for an entertainment, which was never before given to any Christian.",en,997,-4.8460946,37.258793
LTR-033,"I thought I should very little satisfy her curiosity, (which I did not doubt was a considerable motive to the invitation) by going in a dress she was used to see, and therefore dressed myself in the court habit of Vienna, which is much more magnificent than ours.",en,998,-2.7508907,16.514687
LTR-033,"However, I chose to go _incognito_, to avoid any disputes about ceremony, and went in a Turkish coach, only attended by my woman, that held up my train, and the Greek lady, who was my interpretess.",en,999,5.472691,40.531918
LTR-033,"I was met at the court door by her black eunuch, who helped me out of the coach with great respect, and conducted me through several rooms, where her she-slaves, finely dressed, were ranged on each side.",en,1000,-6.8678136,45.70677
LTR-033,"In the innermost, I found the lady sitting on her sofa, in a sable vest.",en,1001,-90.840675,2.3481424
LTR-033,"She advanced to meet me, and presented me half a dozen of her friends, with great civility.",en,1002,-5.7927938,39.715714
LTR-033,"She seemed a very good woman, near fifty years old.",en,1003,-37.460327,37.273487
LTR-033,"I was surprised to observe so little magnificence in her house, the furniture being all very moderate; and, except the habits and number of her slaves, nothing about her appeared expensive.",en,1004,-31.264048,-16.217638
LTR-033,"She guessed at my thoughts, and told me she was no longer of an age to spend either her time or money in superfluities; that her whole expence was in charity, and her whole employment praying to God.",en,1005,-22.739586,30.735367
LTR-033,There was no affectation in this speech; both she and her husband are entirely given up to devotion.,en,1006,-21.885477,18.54816
LTR-033,"He never looks upon any other woman; and, what is much more extraordinary, touches no bribes, notwithstanding the example of all his predecessors.",en,1007,-33.654755,25.304657
LTR-033,"He is so scrupulous on this point, he would not accept Mr W----'s present, till he had been assured over and over, that it was a settled perquisite Of his place, at the entrance of every ambassador.",en,1008,16.587122,48.445522
LTR-033,"She entertained me with all kind of civility, till dinner came in, which was served, one dish at a time, to a vast number, all finely dressed after their manner, which I don't think so bad as you have perhaps heard it represented.",en,1009,-2.1585429,37.71483
LTR-033,"I am a very good judge of their eating, having lived three weeks in the house of an _effendi_ at Belgrade, who gave us very magnificent dinners, dressed by his own cooks.",en,1010,-1.4493194,51.205048
LTR-033,"The first week they pleased me extremely; but, I own, I then began to grow weary of their table, and desired our own cook might add a dish or two after our manner.",en,1011,1.8574917,43.962284
LTR-033,"But I attribute this to custom, and am very much inclined to believe, that an Indian, who had never tasted of either, would prefer their cookery to ours.",en,1012,-5.2319036,3.0166483
LTR-033,"Their sauces are very high, all the roast very much done.",en,1013,-58.380043,-31.347277
LTR-033,They use a great deal of very rich spice.,en,1014,-59.218624,-31.618113
LTR-033,"The soup is served for the last dish; and they have, at least, as great a variety of ragouts as we have.",en,1015,-35.12661,-30.88137
LTR-033,"I was very sorry I could not eat of as many as the good lady would have had me, who was very earnest in serving me of every thing.",en,1016,-2.6254866,36.238544
LTR-033,"The treat concluded with coffee and perfumes, which is a high mark of respect; two slaves kneeling _censed_ my hair, clothes, and handkerchief.",en,1017,-85.827095,1.0541062
LTR-033,"After this ceremony, she commanded her slaves to play and dance, which they did with their guitars in their hands, and she excused to me their want of skill, saying she took no care to accomplish them in that art.",en,1018,-81.59961,16.547781
LTR-033,"I RETURNED her thanks, and, soon after, took my leave.",en,1019,25.936365,31.384367
LTR-033,"I was conducted back in the same manner I entered, and would have gone straight to my own house; but the Greek lady with me, earnestly solicited me to visit the _kahya's_ lady, saying, he was the second officer in the empire, and ought indeed to be looked upon as the first, the grand vizier having only the name, while he exercised the authority.",en,1020,2.5625558,40.88318
LTR-033,"I had found so little diversion in the vizier's _haram_, that I had no mind to go into another.",en,1021,5.399463,21.899282
LTR-033,"But her importunity prevailed with me, and I am extremely glad I was so complaisant.",en,1022,-2.3005226,35.321465
LTR-033,"All things here were with quite another air than at the grand vizier's; and the very house confessed the difference between an old devotee, and a young beauty.",en,1023,-35.21405,-24.736698
LTR-033,It was nicely clean and magnificent.,en,1024,-40.117348,-19.842918
LTR-033,"I was met at the door by two black eunuchs, who led me through a long gallery, between two ranks of beautiful young girls, with their hair finely plaited, almost hanging to their feet, all dressed in fine light damasks, brocaded with silver.",en,1025,-78.55569,-7.7002745
LTR-033,I was sorry that decency did not permit me to stop to consider them nearer.,en,1026,21.513489,25.429745
LTR-033,"But that thought was lost upon my entrance into a large room, or rather pavilion, built round with gilded sashes, which were most of them thrown up, and the trees planted near them gave an agreeable shade, which hindered the sun from being troublesome.",en,1027,-61.710564,-4.850611
LTR-033,"The jessamines and honey-suckles that twisted round their trunks, shed a soft perfume, increased by a white marble fountain playing sweet water in the lower part of the room, which fell into three or four basins, with a pleasing sound.",en,1028,-66.92349,-2.5852816
LTR-033,"The roof was painted with all sorts of flowers, falling out of gilded baskets, that seemed tumbling down.",en,1029,-61.195168,-16.91401
LTR-033,"On a sofa, raised three steps, and covered with fine Persian carpets, sat the _kahya_'s lady, leaning on cushions of white sattin, embroidered; and at her feet sat two young girls about twelve years old, lovely as angels, dressed perfectly rich, and almost covered with jewels.",en,1030,-76.91969,-8.271093
LTR-033,"But they were hardly seen near the fair _Fatima_, (for that is her name) so much her beauty effaced every thing I have seen, nay, all that has been called lovely either in England or Germany.",en,1031,-17.793135,-12.444468
LTR-033,"I must own, that I never saw any thing so gloriously beautiful, nor can I recollect a face that would have been taken notice of near hers.",en,1032,-17.673883,-13.723127
LTR-033,"She stood up to receive me, saluting me after their fashion, putting her hand to her heart with a sweetness full of majesty, that no court breeding could ever give.",en,1033,-4.457555,34.549824
LTR-033,"She ordered cushions to be given me, and took care to place me in the corner, which is the place of honour.",en,1034,-1.9370217,43.90774
LTR-033,"I confess, though the Greek lady had before given me a great opinion of her beauty, I was so struck with admiration, that I could not, for some time, speak to her, being wholly taken up in gazing.",en,1035,0.7412704,24.251335
LTR-033,That surprising harmony of features!,en,1036,14.9356985,-52.63136
LTR-033,that charming result of the whole!,en,1037,14.789687,-52.650715
LTR-033,that exact proportion of body!,en,1038,15.236914,-53.63022
LTR-033,that lovely bloom of complexion unsullied by art!,en,1039,14.908655,-51.2259
LTR-033,"the unutterable enchantment of her smile!--But her eyes!--large and black, with all the soft languishment of the blue!",en,1040,-3.803748,-60.66313
LTR-033,every turn of her face discovering some new grace.,en,1041,14.130245,-46.86203
LTR-033,"AFTER my first surprise was over, I endeavoured, by nicely examining her face, to find out some imperfection, without any fruit of my search, but my being clearly convinced of the error of that vulgar notion, that a face exactly proportioned, and perfectly beautiful, would not be agreeable; nature having done for her, with more success, what Appelles is said to have essayed, by a collection of the most exact features, to form a perfect face.",en,1042,4.612203,12.183922
LTR-033,"Add to all this, a behaviour so full of grace and sweetness, such easy motions, with an air so majestic, yet free from stiffness or affectation, that I am persuaded, could she be suddenly transported upon the most polite throne of Europe, no body would think her other than born and bred to be a queen, though educated in a country we call barbarous.",en,1043,-14.171074,11.67817
LTR-033,"To say all in a word, our most celebrated English beauties would vanish near her.",en,1044,-21.080322,-14.910127
LTR-033,"SHE was dressed in a _caftan_ of gold brocade, flowered with silver, very well fitted to her shape, and shewing to admiration the beauty of her bosom, only shaded by the thin gauze of her shift.",en,1045,-81.97809,-13.39725
LTR-033,"Her drawers were pale pink, her waistcoat green and silver, her slippers white sattin, finely embroidered: her lovely arms adorned with bracelets of diamonds, and her broad girdle set round with diamonds; upon her head a rich Turkish handkerchief of pink and silver, her own fine black hair hanging a great length, in various tresses, and on one side of her head some bodkins of jewels.",en,1046,-81.17161,-13.778757
LTR-033,I am afraid you will accuse me of extravagance in this description.,en,1047,30.954792,-4.399593
LTR-033,"I think I have read somewhere, that women always speak in rapture when they speak of beauty, and I cannot imagine why they should not be allowed to do so.",en,1048,-12.853223,1.4300089
LTR-033,I rather think it a virtue to be able to admire without any mixture of desire or envy.,en,1049,-3.6205719,-1.2798395
LTR-033,"The gravest writers have spoken with great warmth, of some celebrated pictures and statues.",en,1050,-45.445118,-36.46105
LTR-033,"The workmanship of Heaven, certainly excels all our weak imitations, and, I think, has a much better claim to our praise.",en,1051,-35.739403,-34.39408
LTR-033,"For my part, I am not ashamed to own, I took more pleasure in looking on the beauteous Fatima, than the finest piece of sculpture could have given me.",en,1052,-7.8945146,-14.835735
LTR-033,"She told me, the two girls at her feet were her daughters, though she appeared too young to be their mother.",en,1053,-11.583657,24.198425
LTR-033,"Her fair maids were ranged below the sofa, to the number of twenty, and put me in mind of the pictures of the ancient nymphs.",en,1054,-92.65479,11.842999
LTR-033,I did not think all nature could have furnished such a scene of beauty.,en,1055,-4.7200146,-27.692806
LTR-033,She made them a sign to play and dance.,en,1056,-82.09645,15.63614
LTR-033,"Four of them immediately began to play some soft airs on instruments, between a lute and a guitar, which they accompanied with their voices, while the others danced by turns.",en,1057,-80.82928,11.321184
LTR-033,This dance was very different from what I had seen before.,en,1058,-2.8580852,-19.644327
LTR-033,"Nothing could be more artful, or more proper to raise _certain ideas_.",en,1059,-11.601799,-29.599394
LTR-033,The tunes so soft!--the motions so languishing!--accompanied with pauses and dying eyes!,en,1060,-3.5966558,-60.294277
LTR-033,"half-falling back, and then recovering themselves in so artful a manner, that I am very positive, the coldest and most rigid pride upon earth, could not have looked upon them without thinking of _something not to be spoke of_.--I suppose you may have read that the Turks have no music, but what is shocking to the ears; but this account is from those who never heard any but what is played in the streets, and is just as reasonable, as if a foreigner should take his ideas of English music, from the _bladder_ and _string_, or the _marrow-bones_ and _cleavers_.",en,1061,-8.323522,13.405839
LTR-033,"I can assure you that the music is extremely pathetic; 'tis true, I am inclined to prefer the Italian, but perhaps I am partial.",en,1062,1.9711473,-14.543057
LTR-033,"I am acquainted with a Greek lady who sings better than Mrs Robinson, and is very well skilled in both, who gives the preference to the Turkish.",en,1063,-15.403988,9.652198
LTR-033,'Tis certain they have very fine natural voices; these were very agreeable.,en,1064,-12.231309,-22.73365
LTR-033,"When the dance was over, four fair slaves came into the room, with silver censers in their hands, and perfumed the air with amber, aloes-wood, and other scents.",en,1065,-83.954834,6.7487955
LTR-033,"After this, they served me coffee upon their knees, in the finest japan china, with _soucoups_ of silver, gilt.",en,1066,-89.32123,-0.016629994
LTR-033,"The lovely Fatima entertained me, all this while, in the most polite agreeable manner, calling me often _uzelle sultanam_, or the beautiful sultana; and desiring my friendship with the best grace in the world, lamenting that she could not entertain me in my own language.",en,1067,-7.600465,32.06263
LTR-033,"WHEN I took my leave, two maids brought in a fine silver basket of embroidered handkerchiefs; she begged I would wear the richest for her sake, and gave the others to my woman and interpretess.--I retired through the same ceremonies as before, and could not help thinking, I had been some time in Mahomet's paradise; so much was I charmed with what I had seen.",en,1068,-81.06952,-4.663425
LTR-033,I know not how the relation of it appears to you.,en,1069,-6.5478573,-4.4029965
LTR-033,"I wish it may give you part of my pleasure; for I would have my dear sister share in all the diversions of,   Yours,&c.",en,1070,26.281645,13.760321
LTR-034,"I AM going to leave Adrianople, and I would not do it without giving you some account of all that is curious in it, which I have taken a great deal of pains to see.",en,1071,15.306438,-10.797346
LTR-034,"I will not trouble you with wise dissertations, whether or no this is the same city that was anciently called Orestesit or Oreste, which you know better than I do.",en,1072,8.7183275,-31.792421
LTR-034,"It is now called from the emperor Adrian, and was the first European seat of the Turkish empire, and has been the favourite residence of many sultans.",en,1073,-49.75362,47.6676
LTR-034,"Mahomet the fourth, and Mustapha, the brother of the reigning emperor, were so fond of it, that they wholly abandoned Constantinople; which humour so far exasperated the janizaries, that it was a considerable motive to the rebellions that deposed them.",en,1074,-37.303787,57.23205
LTR-034,Yet this man seems to love to keep his court here.,en,1075,-32.833805,32.26701
LTR-034,I can give you no reason for this partiality.,en,1076,35.85485,0.6908286
LTR-034,"'Tis true, the situation is fine, and the country all round very beautiful; but the air is extremely bad, and the seraglio itself is not free from the ill effect of it.",en,1077,-33.465805,-22.978504
LTR-034,"The town is said to be eight miles in compass, I suppose they reckon in the gardens.",en,1078,-62.567722,10.132991
LTR-034,"There are some good houses in it, I mean large ones; for the architecture of their palaces never makes any great shew.",en,1079,-48.0215,-23.23625
LTR-034,"It is now very full of people; but they are most of them such as follow the court, or camp; and when they are removed, I am told, 'tis no populous city.",en,1080,-48.419586,2.2005374
LTR-034,"The river Maritza (anciently the Hebrus) on which it is situated, is dried up every summer, which contributes very much to make it unwholesome.",en,1081,-70.362724,31.611454
LTR-034,It is now a very pleasant stream.,en,1082,-65.7171,18.758232
LTR-034,There are two noble bridges built over it.,en,1083,-71.07951,-8.476918
LTR-034,"I had the curiosity to go to see the exchange in my Turkish dress, which is disguise sufficient.",en,1084,-1.3783005,17.714512
LTR-034,"Yet I own, I was not very easy when I saw it crowded with janizaries; but they dare not be rude to a woman, and made way for me with as much respect as if I had been in my own figure.",en,1085,0.2597005,17.55689
LTR-034,"It is half a mile in length, the roof arched, and kept extremely neat.",en,1086,-56.705753,-20.512123
LTR-034,"It holds three hundred and sixty-five shops, furnished with all sorts of rich goods, exposed to sale in the same manner as at the new exchange in London.",en,1087,-47.37706,-9.080544
LTR-034,"But the pavement is kept much neater; and the shops are all so clean, they seem just new painted.--Idle people of all sorts walk here for their diversion, or amuse themselves with drinking coffee, or sherbet, which is cried about as oranges and sweet-meats are in our play-houses.",en,1088,-48.006687,-0.5735294
LTR-034,I observed most of the rich tradesmen were Jews.,en,1089,-14.424517,-16.211977
LTR-034,That people are in incredible power in this country.,en,1090,-14.502295,-3.8801057
LTR-034,"They have many privileges above all the natural Turks themselves, and have formed a very considerable commonwealth here, being judged by their own laws.",en,1091,-43.69001,5.9229774
LTR-034,"They have drawn the whole trade of the empire into their hands, partly by the firm union amongst themselves, and partly by the idle temper and want of industry in the Turks.",en,1092,-43.181873,8.146444
LTR-034,"Every bassa has his Jew, who is his _homme d'affaires_; he is let into all his secrets, and does all his business.",en,1093,-39.184795,28.28443
LTR-034,"No bargain is made, no bribe received, no merchandise disposed of, but what passes through their hands.",en,1094,-37.870792,-44.326077
LTR-034,"They are the physicians, the stewards, and the interpreters of all the great men.",en,1095,-58.60866,-43.924126
LTR-034,You may judge how advantageous this is to a people who never fail to make use of the smallest advantages.,en,1096,-17.21398,-3.7500565
LTR-034,"They have found the secret of making themselves so necessary, that they are certain of the protection of the court, whatever ministry is in power.",en,1097,-31.090984,53.873726
LTR-034,"Even the English, French, and Italian merchants, who are sensible of their artifices, are, however, forced to trust their affairs to their negotiation, nothing of trade being managed without them, and the meanest amongst them being too important to be disobliged, since the whole body take care of his interests, with as much vigour as they would those of the most considerable of their members.",en,1098,-38.97049,9.611437
LTR-034,"They are many of them vastly rich, but take care to make little public shew of it, though they live in their houses in the utmost luxury and magnificence.",en,1099,-43.62639,13.561932
LTR-034,"This copious subject has drawn me from my description of the exchange, founded by Ali Bassa, whose name it bears.",en,1100,-21.68515,15.984389
LTR-034,"Near it is the _sherski_, a street of a mile in length, full of shops of all kind of fine merchandise, but excessive dear, nothing being made here.",en,1101,-50.864704,-9.476448
LTR-034,"It is covered on the top with boards, to keep out the rain, that merchants may meet conveniently in all weathers.",en,1102,-65.80115,11.472703
LTR-034,"The _besiten_ near it, is another exchange, built upon pillars, where all sorts of horse-furniture is sold: glittering every where with gold, rich embroidery, and jewels, it makes a very agreeable shew.",en,1103,-51.7447,-9.271043
LTR-034,"From this place I went, in my Turkish coach, to the camp, which is to move in a few days to the frontiers.",en,1104,8.43925,41.26214
LTR-034,"The sultan is already gone to his tents, and all his court; the appearance of them is, indeed, very magnificent.",en,1105,-76.20918,23.46325
LTR-034,"Those of the great men are rather like palaces than tents, taking up a great compass of ground, and being divided into a vast number of apartments.",en,1106,-57.93055,0.8256134
LTR-034,"They are all of green, and the _bassas of three tails_, have those ensigns of their power placed in very conspicuous manner before their tents, which are adorned on the top with gilded balls, more or less, according to their different ranks.",en,1107,-75.05153,-4.4910164
LTR-034,"The ladies go in coaches to see the camp, as eagerly, as ours did to that of Hyde-park; but 'tis very easy to observe, that the soldiers do not begin the campaign with any great cheerfulness.",en,1108,-38.135372,-49.565628
LTR-034,"The war is a general grievance upon the people, but particularly hard upon the tradesmen, now that the grand signior is resolved to lead his army in person.",en,1109,-39.315212,49.168243
LTR-034,"Every company of them is obliged, upon this occasion, to make a present according to their ability.",en,1110,-80.9944,29.216219
LTR-034,"I TOOK the pains of rising at six in the morning to see the ceremony which did not, however, begin till eight.",en,1111,-15.649749,41.59076
LTR-034,"The grand signior was at the seraglio window, to see the procession, which passed through the principal streets.",en,1112,-25.725222,51.882015
LTR-034,"It was preceded by an _effendi_, mounted on a camel, richly furnished, reading aloud the alcoran, finely bound, laid upon a cushion.",en,1113,-82.9268,-0.8864976
LTR-034,"He was surrounded by a parcel of boys, in white, singing some verses of it, followed by a man dressed in green boughs, representing a clean husbandman sowing seed.",en,1114,-82.3225,0.57586783
LTR-034,"After him several reapers, With garlands of ears of corn, as Ceres is pictured, with scythes in their hands, seeming to mow.",en,1115,-82.77677,1.0860808
LTR-034,"Then a little machine drawn by oxen, in which was a wind-mill, and boys employed in grinding corn, followed by another machine, drawn by buffaloes, carrying an oven, and two more boys, one employed in kneading the bread, and another in drawing it out of the oven.",en,1116,-81.0765,4.0722384
LTR-034,"These boys threw little cakes on both sides amongst the crowd, and were followed by the whole company of bakers, marching on foot, two by two, in their best clothes, with cakes, loaves, pasties, and pies of all sorts on their heads, and after them two buffoons, or jack-puddings, with their faces and clothes smeared with meal, who diverted the mob with their antic gestures.",en,1117,-80.414345,3.1865385
LTR-034,"In the same manner followed all the companies of trade in the empire; the nobler sort, such as jewellers, mercers, &c. finely mounted, and many of the pageants that represent their trades, perfectly magnificent; amongst which, that of the furriers made one of the best figures, being a very large machine, set round with the skins of ermines, foxes, &c. so well stuffed, that the animals seemed to be alive, and followed by music and dancers.",en,1118,-74.168495,-0.79794866
LTR-034,"I believe they were, upon the whole, twenty thousand men, all ready to follow his highness, if he commanded them.",en,1119,-7.9000206,64.28297
LTR-034,"The rear was closed by the volunteers, who came to beg the honour of dying in his service.",en,1120,-30.16281,65.369606
LTR-034,"This part of the shew seemed to me so barbarous, that I removed from the window upon the first appearance of it.",en,1121,-4.682727,-23.645325
LTR-034,They were all naked to the middle.,en,1122,-59.184067,-36.515526
LTR-034,"Some had their arms pierced through with arrows, left sticking in them.",en,1123,-92.52481,-12.940945
LTR-034,"Others had them sticking in their heads, the blood trickling down their faces.",en,1124,-91.99178,-13.187173
LTR-034,"Some slashed their arms with sharp knives, making the blood spring out upon those that stood there; and this is looked upon as an expression of their zeal for glory.",en,1125,-93.40449,-12.163147
LTR-034,"I am told that some make use of it to advance their love; and, when they are near the window where their mistress stands, (all the women in town being veiled to see this spectacle) they stick another arrow for her sake, who gives some sign of approbation and encouragement to this gallantry.",en,1126,-19.684916,22.66112
LTR-034,"The whole shew lasted for near eight hours, to my great sorrow, who was heartily tired, though I was in the house of the widow of the captain bassa (admiral) who refreshed me with coffee, sweetmeats, sherbet, &c. with all possible civility.",en,1127,4.825485,44.03864
LTR-034,"I WENT two days after, to see, the mosque of sultan Selim I. which is a building very well worth the curiosity of a traveller.",en,1128,-16.9536,44.29831
LTR-034,"I was, dressed in my Turkish habit, and admitted without scruple; though I believe they guessed who I was, by the extreme officiousness of the door-keeper, to shew me every part of it.",en,1129,1.2344503,19.167418
LTR-034,"It is situated very advantageously in the midst of the city, and in the highest part of it, making a very noble show.",en,1130,-39.335876,-23.385723
LTR-034,"The first court has four gates, and the innermost three.",en,1131,-66.290886,-10.272576
LTR-034,"They are both of them surrounded with cloisters, with marble pillars of the Ionic order, finely polished, and of very lively colours; the whole pavement is of white marble, and the roof of the cloisters divided into several cupolas or domes, headed with gilt balls on the top.",en,1132,-66.42502,-11.633809
LTR-034,"In the midst of each court, are fine fountains of white marble; and, before the great gate of the mosque, a portico, with green marble pillars, which has five gates, the body of the mosque being one prodigious dome.",en,1133,-66.909325,-9.082894
LTR-034,"I understand so little of architecture, I dare not pretend to speak of the proportions.",en,1134,1.2076755,-32.283283
LTR-034,"It seemed to me very regular, this I am sure of, it is vastly high, and I thought it the noblest building I ever saw.",en,1135,-24.578547,-24.288614
LTR-034,"It has two rows of marble galleries on pillars, with marble balusters; the pavement is also marble, covered with Persian carpets.",en,1136,-68.52448,-10.047665
LTR-034,"In my opinion, it is a great addition to its beauty, that it is not divided into pews, and incumbered with forms and benches like our churches; nor the pillars (which are most of them red and white marble) disfigured by the little tawdry images and pictures, that give Roman-catholic churches the air of toy-shops.",en,1137,-47.154816,-15.985836
LTR-034,"The walls seemed to be inlaid with such very lively colours, in small flowers, that I could not imagine what stones had been made use of.",en,1138,-58.585,-16.932747
LTR-034,"But going nearer, I saw they were crusted with japan china, which has a very beautiful effect.",en,1139,-57.853653,-18.277279
LTR-034,"In the midst hung a vast lamp of silver, gilt; besides which, I do verily believe, there were at least two thousand of a lesser size.",en,1140,-73.41703,-10.178359
LTR-034,"This must look very glorious, when they are all lighted; but being at night, no women are suffered to enter.",en,1141,-41.011986,-41.968235
LTR-034,"Under the large lamp is a great pulpit of carved wood, gilt; and just by, a fountain to wash, which, you know, is an essential part of their devotion.",en,1142,-64.08516,-11.3115015
LTR-034,"In one corner is a little gallery, inclosed with gilded lattices, for the grand-signior.",en,1143,-69.6315,-15.066864
LTR-034,"At the upper end, a large niche, very like an altar, raised two steps, covered with gold brocade, and standing before it, two silver gilt candlesticks, the height of a man, and in them white wax candles, as thick as a man's waist.",en,1144,-72.80587,-9.383309
LTR-034,"The outside of the mosque is adorned with towers, vastly high, gilt on the top, from whence the _imaums_ (sic) call the people to prayers.",en,1145,-68.12298,-14.054223
LTR-034,"I had the curiosity to go up one of them, which is contrived so artfully, as to give surprise to all that see it.",en,1146,-8.992925,-20.521425
LTR-034,"There is but one door, which leads to three different stair-cases, going to the three different stories of the tower, in such a manner, that three priests may ascend, rounding, without ever meeting each other; a contrivance very much admired.",en,1147,-64.84346,-2.1218302
LTR-034,"Behind the mosque, is an exchange full of shops, where poor artificers are lodged _gratis_.",en,1148,-50.064713,-7.1700406
LTR-034,I saw several dervises (sic) at their prayers here.,en,1149,-16.058157,-17.729748
LTR-034,"They are dressed in a plain piece of woolen, with their arms bare, and a woolen cap on their heads, like a high crowned hat without brims.",en,1150,-75.91459,-26.227934
LTR-034,"I went to see some other mosques, built much after the same manner, but not comparable in point of magnificence to this I have described, which is infinitely beyond any church in Germany or England; I won't talk of other countries I have not seen.",en,1151,-21.697979,-20.001234
LTR-034,The seraglio does not seem a very magnificent palace.,en,1152,-44.497585,-20.965221
LTR-034,"But the gardens are very large, plentifully supplied with water, and full of trees; which is all I know of them, having never been in them.",en,1153,-54.784473,-8.296479
LTR-034,"I TELL you nothing of the order of Mr W----'s entry, and his audience.",en,1154,17.283073,-14.160974
LTR-034,"These things are always the same, and have been so often described, I won't trouble you with the repetition.",en,1155,20.39363,-19.567324
LTR-034,"The young prince, about eleven years old, sits near his father, when he gives audience: he is a handsome boy; but, probably, will not immediately succeed the sultan, there being two sons of sultan Mustapha (his eldest brother) remaining; the eldest about twenty years old, on whom the hopes of the people are fixed.",en,1156,-33.47497,41.02509
LTR-034,This reign has been bloody and avaricious.,en,1157,-40.250904,-20.43122
LTR-034,"I am apt to believe, they are very impatient to see the end of it.",en,1158,22.448915,24.507944
LTR-034,"I am, Sir, yours, &c. &c. P. S. I will write to you again from Constantinople.",en,1159,40.039204,14.33299
LTR-035,"I HAVE had the advantage of very fine weather, all my journey; and as the summer is now in its beauty, I enjoyed the pleasure of fine prospects; and the meadows being full of all sorts of garden flowers, and sweet herbs, my berlin perfumed the air as it pressed them.",en,1160,-31.097261,-22.86064
LTR-035,"The grand signior furnished us with thirty covered waggons for our baggage, and five coaches of the country for my women.",en,1161,1.7858183,64.01642
LTR-035,We found the road full of the great spahis and their equipages coming out of Asia to the war.,en,1162,-63.811356,49.28401
LTR-035,They always travel with tents; but I chose to ly in houses all the way.,en,1163,-34.41883,30.562004
LTR-035,"I will not trouble you with the names of the villages we passed, in which there was nothing remarkable, but at Ciorlei, where there was a _conac_, or little seraglio, built for the use of the grand signior, when he goes this road.",en,1164,5.8746104,-32.789337
LTR-035,I had the curiosity to view all the apartments destined for the ladies of his court.,en,1165,-8.900043,-17.65076
LTR-035,"They were in the midst of a thick grove of trees, made fresh by fountains; but I was most surprised to see the walls almost covered with little distiches of Turkish verse, wrote with pencils.",en,1166,-59.36045,-13.654404
LTR-035,"I made my interpreter explain them to me, and I found several of them very well turned; though I easily believed him, that they had lost much of their beauty in the translation.",en,1167,4.8328547,-13.827456
LTR-035,"One was literally thus in English: _We come into this world; we lodge, and we depart; He never goes, that's lodged within my heart._ THE rest of our journey was through fine painted meadows, by the side of the sea of Marmora, the ancient Propontis.",en,1168,21.067682,45.773098
LTR-035,"We lay the next night at Selivrea, anciently a noble town.",en,1169,-60.970245,37.317665
LTR-035,"It is now a good sea-port, and neatly built enough, and has a bridge of thirty-two arches.",en,1170,-65.02573,19.136532
LTR-035,Here is a famous ancient Greek church.,en,1171,-41.351295,-29.28033
LTR-035,"I had given one of my coaches to a Greek lady, who desired the conveniency of travelling with me; she designed to pay her devotions, and I was glad of the opportunity of going with her.",en,1172,-0.08819542,40.71836
LTR-035,"I found it an ill-built edifice, set out with the same sort of ornaments, but less rich, as the Roman-catholic churches.",en,1173,-44.002113,-19.01411
LTR-035,"They shewed me a saint's body, where I threw a piece of money; and a picture of the virgin Mary, drawn by the hand of St Luke, very little to the credit of his painting; but, however, the finest Madona (sic) of Italy, is not more famous for her miracles.",en,1174,-28.0389,-40.5235
LTR-035,"The Greeks have a monstrous taste in their pictures, which, for more finery, are always drawn upon a gold ground.",en,1175,-53.50902,-29.2215
LTR-035,"You may imagine what a good air this has; but they have no notion, either of shade or proportion.",en,1176,-15.901793,-31.650148
LTR-035,"They have a bishop here, who officiated in his purple robe, and sent me a candle almost as big as myself for a present, when I was at my lodging.",en,1177,-24.745972,-48.383076
LTR-035,"We lay that night at a town called Bujuk Cekmege, or Great Bridge; and the night following, at Kujuk Cekmege, or Little Bridge; in a very pleasant lodging, formerly a monastery of dervises; having before it a large court, encompassed with marble cloisters, with a good fountain in the middle.",en,1178,-59.14147,37.0718
LTR-035,"The prospect from this place, and the gardens round it, is the most agreeable I have seen; and shews, that monks of all religions know how to chuse their retirements.",en,1179,-22.826097,-22.763964
LTR-035,"'Tis now belonging to a _hogia_ or schoolmaster, who teaches boys here.",en,1180,-6.914148,-71.08815
LTR-035,"I asked him to shew me his own apartment, and was surprised to see him point to a tall cypress tree in the garden, on the top of which was a place for a bed for himself, and a little lower, one for his wife and two children, who slept there every night.",en,1181,-18.335192,40.21954
LTR-035,"I was so much diverted with the fancy, I resolved to examine his nest nearer; but after going up fifty steps, I found I had still fifty to go up, and then I must climb from branch to branch, with some hazard of my neck.",en,1182,14.28152,26.694212
LTR-035,I thought it therefore the best way to come down again.,en,1183,21.896713,28.106342
LTR-035,"WE arrived the next day at Constantinople; but I can yet tell you very little of it, all my time having been taken up with receiving visits, which are, at least, a very good entertainment to the eyes, the young women being all beauties, and their beauty highly improved by the high taste of their dress.",en,1184,4.155983,26.695461
LTR-035,"Our palace is in Pera, which is no more a suburb of Constantinople, than Westminster is a suburb to London.",en,1185,-24.888828,-33.650932
LTR-035,All the ambassadors are lodged very near each other.,en,1186,-61.538937,-46.53637
LTR-035,"One part of our house shews us the port, the city, and the seraglio, and the distant hills of Asia; perhaps, all together, the most beautiful prospect in the world.",en,1187,-59.882084,24.428036
LTR-035,"A CERTAIN French author says, Constantinople is twice as big as Paris.",en,1188,-2.9528513,-41.412987
LTR-035,"Mr W----y is unwilling to own 'tis bigger than London, though I confess it appears to me to be so; but I don't believe it is so populous.",en,1189,-3.4968667,-42.028206
LTR-035,The burying fields about it are certainly much larger than the whole city.,en,1190,-33.839336,-15.018402
LTR-035,'Tis surprising what a vast deal of land is lost this way in Turkey.,en,1191,-33.18749,-14.650246
LTR-035,"Sometimes I have seen burying places of several miles, belonging to very inconsiderable villages, which were formerly great towns, and retain no other mark of their ancient grandeur, than this dismal one.",en,1192,-42.3659,-4.555369
LTR-035,On no occasion do they ever remove a stone that serves for a monument.,en,1193,-52.380005,-27.200415
LTR-035,"Some of them are costly enough, being of very fine marble.",en,1194,-55.793217,-34.3257
LTR-035,"They set up a pillar, with a carved turbant on the top of it, to the memory of a man; and as the turbants, by their different shapes, shew the quality or profession, 'tis in a manner putting up the arms of the deceased; besides, the pillar commonly bears an inscription in gold letters.",en,1195,-77.95404,-2.6153703
LTR-035,"The ladies have a simple pillar without other ornament, except those that die unmarried, who have a rose on the top of their monument.",en,1196,-77.049324,0.88001597
LTR-035,"The sepulchres of particular families are railed in, and planted round with trees.",en,1197,-58.777405,-3.3466244
LTR-035,"Those of the sultans, and some great men, have lamps constantly burning in them.",en,1198,-58.404556,-40.83525
LTR-035,"WHEN I spoke of their religion, I forgot to mention two particularities, one of which I have read of, but it seemed so odd to me, I could not believe it; yet 'tis certainly true; that when a man has divorced his wife, in the most solemn manner, he can take her again, upon no other terms, than permitting another man to pass a night with her; and there are some examples of those who have submitted to this law, rather than not have back their beloved.",en,1199,-8.014055,18.58964
LTR-035,The other point of doctrine is very extraordinary.,en,1200,-35.839336,20.585287
LTR-035,Any woman that dies unmarried is looked upon to die in a state of reprobation.,en,1201,-35.394234,21.090261
LTR-035,"To confirm this belief, they reason, that the end of the creation of woman is to increase and multiply; and that she is only properly employed in the works of her calling, when she is bringing forth children, or taking care of them, which are all the virtues that God expects from her.",en,1202,-25.117352,27.7476
LTR-035,"And indeed, their way of life, which shuts them out of all public commerce, does not permit them any other.",en,1203,-32.78985,12.299865
LTR-035,"Our vulgar notion, that they don't own women to have any souls, is a mistake.",en,1204,-14.877428,22.37832
LTR-035,"'Tis true, they say, they are not of so elevated a kind, and therefore must not hope to be admitted into the paradise appointed for the men, who are to be entertained by celestial beauties.",en,1205,-16.611479,7.378077
LTR-035,"But there is a place of happiness destined for souls of the inferior order, where all good women are to be in eternal bliss.",en,1206,-23.786898,67.5598
LTR-035,"Many of them are very superstitious, and will not remain widows ten days, for fear of dying in the reprobate state of an useless creature.",en,1207,-37.192574,18.871294
LTR-035,"But those that like their liberty, and are not slaves to their religion, content themselves with marrying when they are afraid of dying.",en,1208,-36.915607,18.412998
LTR-035,"This is a piece of theology, very different from that which teaches nothing to be more acceptable to God than a vow of perpetual virginity: which divinity is most rational, I leave you to determine.",en,1209,-18.078491,9.615367
LTR-035,I HAVE already made some progress in a collection of Greek medals.,en,1210,-33.13244,-45.365314
LTR-035,"Here are several professed antiquaries, who are ready to serve any body that desires them.",en,1211,-48.963776,-44.879906
LTR-035,"But you cannot imagine how they stare in my face, when I enquire about them, as if no body was permitted to seek after medals, till they were grown a piece of antiquity themselves.",en,1212,-0.19066176,-28.69234
LTR-035,"I have got some very valuable ones of the Macedonian kings, particularly one of Perseus, so lively, I fancy I can see all his ill qualities in his face.",en,1213,-48.513367,-37.02096
LTR-035,"I have a prophyry (sic) head finely cut, of the true Greek sculpture; but who it represents, is to be guessed at by the learned when I return.",en,1214,-30.719524,-45.4424
LTR-035,For you are not to suppose these antiquaries (who are all Greeks) know any thing.,en,1215,1.59531,-29.22113
LTR-035,"Their trade is only to sell; they have correspondents at Aleppo, Grand Cairo, in Arabia and Palestine, who send them all they can find, and very often great heaps, that are only fit to melt into pans and kettles.",en,1216,-38.59448,7.250616
LTR-035,"They get the best price they can for them, without knowing those that are valuable from those that are not.",en,1217,-32.4984,0.07470862
LTR-035,"Those that pretend to skill, generally find out the image of some saint in the medals of the Greek cities.",en,1218,-32.9846,-41.974953
LTR-035,"One of them, shewing me the figure of a Pallas, with a victory in her hand on a reverse, assured me, it was the Virgin, holding a crucifix.",en,1219,-29.788721,-41.866726
LTR-035,"The same man offered me the head of a Socrates, on a sardonyx; and, to enhance the value, gave him the title of saint Augustine.",en,1220,-29.567038,-42.391895
LTR-035,"I have bespoke a mummy, which I hope will come safe to my hands, notwithstanding the misfortune that befel (sic) a very fine one, designed for the king of Sweden.",en,1221,4.799621,-9.441826
LTR-035,"He gave a great price for it, and the Turks took it into their heads, that he must have some considerable project depending upon it.",en,1222,-29.557552,60.489956
LTR-035,"They fancied it the body of, God knows who; and that the state of their empire mystically depended on the conversation of it.",en,1223,-29.892494,54.97343
LTR-035,"Some old prophecies were remembered upon this occasion, and the mummy committed prisoner to the Seven Towers, where it has remained under close confinement ever since, I dare not try my interest in so considerable a point, as the release of it; but I hope mine will pass without examination.",en,1224,-11.481275,21.018024
LTR-035,I can  tell you nothing more at present of this famous city.,en,1225,10.020702,-28.312357
LTR-035,"When I have looked a little about me, you shall hear from me again.",en,1226,30.359781,10.534812
LTR-035,"I am, Sir,   Your's, &c. &c.",en,1227,40.058064,16.319427
LTR-036,"I HOPE, before this time, you have received two or three of my letters.",en,1228,25.742592,-0.93839383
LTR-036,"I had yours but yesterday, though dated the third of February, in which you suppose me to be dead and buried.",en,1229,33.99565,42.262047
LTR-036,"I have already let you know, that I am still alive; but to say truth, I look upon my present circumstances to be exactly the same with those of departed spirits.",en,1230,14.68047,16.341463
LTR-036,"The heats of Constantinople have driven me to this place, which perfectly answers the description of the Elysian fields.",en,1231,-2.484573,-36.649185
LTR-036,"I am in the middle of a wood, consisting chiefly of fruit-trees, watered by a vast number of fountains, famous for the excellency of their water, and divided into many shady walks, upon short grass, that seems to me artificial, but, I am assured, is the pure work of nature--within view of the Black sea, from whence we perpetually enjoy the refreshment of cool breezes, that make us insensible of the heat of the summer.",en,1232,-58.249718,-7.947502
LTR-036,"The village is only inhabited by the richest amongst the Christians, who meet every night at a fountain, forty paces from my house, to sing and dance.",en,1233,-56.803436,11.886423
LTR-036,"The beauty and dress of the women exactly resemble the ideas of the ancient nymphs, as they are given us by the representations of the poets and painters.",en,1234,-42.243114,-37.048298
LTR-036,"But what persuades me more fully of my decease, is the situation of my own mind, the profound ignorance I am in, of what passes among the living (which only comes to me by chance) and the great calmness with which I receive it.",en,1235,15.373975,18.380116
LTR-036,"Yet I have still a hankering after my friends and acquaintances left in the world, according to the authority of that admirable author, _That spirits departed are wondrous kind To friends and relations left behind: Which nobody can deny_.",en,1236,24.893543,19.084368
LTR-036,"Of which solemn truth, I am a _dead_ instance.",en,1237,35.389343,18.14358
LTR-036,"I think Virgil is of the same opinion, that in human souls there will still be some remains of human passions: --_Curae non ipsae in morte relinquunt_.",en,1238,30.494303,34.257275
LTR-036,"And 'tis very necessary, to make a perfect elysium (sic), that there should be a river Lethe, which I am not so happy as to find.",en,1239,-6.9180517,-49.952255
LTR-036,"To say truth, I am sometimes very weary of the singing, and dancing, and sunshine, and wish for the smoke and impertinencies in which you toil; though I endeavour to persuade myself, that I live in a more agreeable variety than you do; and that Monday, setting of partridges; Tuesday, reading English; Wednesday, studying in the Turkish language, (in which, by the way, I am already very learned;) Thursday, classical authors; Friday, spent in writing; Saturday, at my needle; and Sunday, admitting of visits, and hearing of music, is a better way of disposing of the week; than, Monday, at the drawing room; Tuesday, lady Mohun's; Wednesday, at the opera; Thursday, the play; Friday, Mrs Chetwynd's, &c. a perpetual round of hearing the same scandal, and seeing the same follies acted over and over, which here affect me no more than they do other dead people.",en,1240,-8.8766575,14.702378
LTR-036,"I can now hear of displeasing things with pity, and without indignation.",en,1241,-3.1158638,-0.5472087
LTR-036,"The reflection on the great gulph (sic) between you and me, cools all news that come hither.",en,1242,17.382896,-9.680317
LTR-036,"I can neither be sensibly touched with joy or grief, when I consider, that possibly the cause of either is removed, before the letter comes to my hands.",en,1243,18.463554,-9.538589
LTR-036,"But (as I said before) this indolence does not extend to my few friendships; I am still warmly sensible of yours and Mr Congreve's, and desire to live in your remembrance, though dead to all the world beside.",en,1244,14.651507,11.953123
LTR-036,"I am, &c. &c.",en,1245,42.12915,16.831326
LTR-037,"I HEARTILY beg your ladyship's pardon; but I really could not forbear laughing heartily at your letter, and the commissions you are pleased to honour me with.",en,1246,21.95395,3.7046182
LTR-037,"You desire me to buy you a Greek slave, who is to be mistress of a thousand good qualities.",en,1247,11.604014,-36.36961
LTR-037,"The Greeks are subjects, and not slaves.",en,1248,-35.624706,-2.127197
LTR-037,"Those who are to be bought in that manner, are either such as are taken in war, or stolen by the Tartars from Russia, Circassia, or Georgia, and are such miserable, awkward, poor wretches, you would not think any of them worthy to be your house-maids.",en,1249,-36.360424,8.81359
LTR-037,"'Tis true, that many thousands were taken in the Morea; but they have been, most of them, redeemed by the charitable contributions of the Christians, or ransomed by their own relations at Venice.",en,1250,-34.09203,-58.103127
LTR-037,"The fine slaves that wait upon the great ladies, or serve the pleasures of the great men, are all bought at the age of eight or nine years old, and educated with great care, to accomplish them in singing, dancing, embroidery, &c.  They are commonly Circassians, and their patron never sells them, except it is as a punishment for some very great fault.",en,1251,-48.933563,19.730349
LTR-037,"If ever they grow weary of them, they either present them to a friend, or give them their freedom.",en,1252,-49.120197,24.722166
LTR-037,"Those that are exposed to sale at the markets, are always either guilty of some crime, or so entirely worthless, that they are of no use at all.",en,1253,-33.232655,4.6866827
LTR-037,"I am afraid you will doubt the truth of this account, which, I own, is very different from our common notions in England; but it is no less truth for all that.--Your whole letter is full of mistakes, from one end to the other.",en,1254,4.675711,-4.9839525
LTR-037,"I see you have taken your ideas of Turkey, from that worthy author Dumont, who has wrote with equal ignorance and confidence.",en,1255,11.383193,-19.068895
LTR-037,"'Tis a particular pleasure to me here, to read the voyages to the Levant, which are generally so far removed from truth, and so full of absurdities, I am very well diverted with them.",en,1256,10.23507,-13.310767
LTR-037,"They never fail giving you an account of the women, whom, 'tis certain, they never saw, and talking very wisely of the genius of the men, into whose company they are never admitted; and very often describe mosques, which they dare not even peep into.",en,1257,-25.886631,19.210073
LTR-037,"The Turks are very proud, and will not converse with a stranger they are not assured is considerable in his own country.",en,1258,-41.021065,10.996876
LTR-037,"I speak of the men of distinction; for, as to the ordinary fellows, you may imagine what ideas their conversation can give of the general genius of the people.",en,1259,3.620653,-24.43118
LTR-037,"AS to the balm of Mecca, I will certainly send you some; but it is not so easily got as you suppose it, and I cannot, in conscience, advise you to make use of it.",en,1260,22.294806,-13.892879
LTR-037,I know not how it comes to have such universal applause.,en,1261,-7.112731,-4.1788654
LTR-037,"All the ladies of my acquaintance at London and Vienna, have begged me to send pots of it to them.",en,1262,0.302361,27.089216
LTR-037,"I have had a present of a small quantity (which, I'll assure you, is very valuable) of the best sort, and with great joy applied it to my face, expecting some wonderful effect to my advantage.",en,1263,4.2353106,-8.982914
LTR-037,"The next morning, the change indeed was wonderful; my face was swelled to a very extraordinary size, and all over as red as my lady H----'s.",en,1264,-20.018839,14.261294
LTR-037,"It remained in this lamentable state three days, during which, you may be sure, I passed my time very ill.",en,1265,8.604945,32.573154
LTR-037,"I believed it would never be otherways (sic); and to add to my mortification, Mr W----y reproached my indiscretion, without ceasing.",en,1266,22.072569,19.089869
LTR-037,"However, my face is since _in statu quo_; nay, I am told by the ladies here, that it is much mended by the operation, which, I confess, I cannot perceive in my looking-glass.",en,1267,1.3383628,21.928225
LTR-037,"Indeed, if one was to form an opinion of this balm from their faces, one should think very well of it.",en,1268,0.6148048,-55.12287
LTR-037,"They all make use of it, and have the loveliest bloom in the world.",en,1269,-62.16438,-31.332275
LTR-037,"For my part, I never intend to endure the pain of it again; let my complexion take its natural course, and decay in its own due time.",en,1270,17.015154,20.968822
LTR-037,"I have very little esteem for medicines of this nature, but do as you please, madam; only remember, before you use it, that your face will not be such as you will care to shew in the drawing-room for some days after.",en,1271,5.4779677,-50.046223
LTR-037,"If one was to believe the women in this country, there is a surer way of making one's self beloved, than by becoming handsome; though, you know that's our method.",en,1272,-16.980331,4.399452
LTR-037,"But they pretend to the knowledge of secrets, that, by way of inchantment (sic), give them the entire empire over whom they please.",en,1273,-29.480284,54.046635
LTR-037,"For me, who am not very apt to believe in wonders, I cannot find faith for this.",en,1274,11.337079,20.976126
LTR-037,"I disputed the point last night with a lady, who really talks very sensibly on any other subject; but she was downright angry with me, in that she did not perceive, she had persuaded me of the truth of forty stories she told me of this kind; and, at last, mentioned several ridiculous marriages, that there could be no other reason assigned for.",en,1275,-2.7795134,24.281212
LTR-037,"I assured her, that, in England, where we were entirely ignorant of all magic, where the climate is not half so warm, nor the women half so handsome, we were not without our ridiculous marriages; and that we did not look upon it as any thing supernatural, when a man played the fool, for the sake of a woman.",en,1276,-15.265651,6.3008423
LTR-037,But my arguments could not convince her against (as she said) her certain knowledge.,en,1277,15.298245,37.382526
LTR-037,"To this she added, that she scrupled making use of _charms_ herself; but that she could do it whenever she pleased; and, staring me in the face, said, (with a very learned air) that no enchantments would have their effects upon me; and that there were some people exempt from their power, but very few.",en,1278,-1.185722,22.726227
LTR-037,You may imagine how I laughed at this discourse; but all the women are of the same opinion.,en,1279,28.66151,-26.549545
LTR-037,They don't pretend to any commerce with the devil; but only that there are certain compositions adapted to inspire love.,en,1280,-19.450306,11.98907
LTR-037,"If one could send over a ship-load of them, I fancy it would be a very quick way of raising an estate.",en,1281,3.964724,-53.962177
LTR-037,What would not some ladies of our acquaintance give for such merchandize?,en,1282,-16.608574,20.82608
LTR-037,"Adieu, my dear lady ----.",en,1283,36.126495,22.184902
LTR-037,I cannot conclude my letter with a subject that affords more delightful scenes to the imagination.,en,1284,31.156773,-0.5864377
LTR-037,"I leave you to figure to yourself the extreme court that  will be made to me, at my return, if my travels should furnish me with such a useful piece of learning.",en,1285,25.224081,-14.3770075
LTR-037,"I am, dear madam, yours, &c. &c.",en,1286,39.033447,16.338484
LTR-038,"I AM infinitely obliged to you, dear Mrs T---- for your entertaining letter.",en,1287,27.586845,2.246623
LTR-038,"You are the  only one of my correspondents that have judged right enough, to think I would gladly be informed of the news amongst you.",en,1288,20.53165,7.6649947
LTR-038,"All the rest of them tell me, (almost in the same words) that they suppose I know every thing.",en,1289,-0.75257057,2.0875943
LTR-038,"Why they are pleased to suppose in this manner, I can guess no reason, except they are persuaded, that the breed of Mahomet's pigeon still subsists in this country, and that I receive supernatural intelligence.",en,1290,-1.4952929,1.5995876
LTR-038,I wish I could return your goodness with some diverting accounts from hence.,en,1291,25.787558,14.194767
LTR-038,"But I know not what part of the scenes here would gratify your curiosity, or whether you have any curiosity at all for things so far distant.",en,1292,16.093922,6.6622
LTR-038,"To say the truth, I am at this present writing, not very much turned for the recollection of what is diverting, my head being wholly filled with the preparations necessary for the increase of my family, which I expect every day.",en,1293,13.317595,14.039789
LTR-038,You may easily guess at my uneasy situation.,en,1294,31.986105,4.0247717
LTR-038,"But I am, however, comforted in some degree, by the glory that accrues to me from it, and a reflection on the contempt I should otherwise fall under.",en,1295,17.5282,18.300108
LTR-038,"You won't know what to make of this speech; but, in this country, 'tis more despicable to be married and not fruitful, than 'tis with us to be fruitful before marriage.",en,1296,-15.083448,3.640111
LTR-038,"They have a notion, that whenever a woman leaves off bringing forth children, 'tis because she is too old for that business, whatever her face says to the contrary.",en,1297,-27.212862,27.262732
LTR-038,"This opinion makes the ladies here so ready to make proofs of their youth, (which is as necessary, in order to be a _received beauty_, as it is to shew the proofs of nobility, to be admitted _knights of Malta_) that they do not content themselves with using the natural means, but fly to all sorts of quackeries, to avoid the scandal of being past childbearing, and often kill themselves by them.",en,1298,-26.973034,21.94522
LTR-038,"Without any exaggeration, all the women of my acquaintance have twelve or thirteen children; and the old ones boast of having had five and twenty, or thirty a-piece, and are respected according to the number they have produced.--When they are with child, 'tis their common expression to say, _They hope God will be so merciful as to send them two this time;_ and when I have asked them sometimes, How they expected to provide for such a flock as they desire?",en,1299,-44.357357,23.543913
LTR-038,"They answered, That the plague will certainly kill half of them; which, indeed, generally happens, without much concern to the parents, who are satisfied with the vanity of having brought forth so plentifully.",en,1300,-24.392443,25.032127
LTR-038,The French ambassadress is forced to comply with this fashion as well as myself.,en,1301,-9.263904,50.85465
LTR-038,"She has not been here much above a year, and has lain in once, and is big again.",en,1302,-36.652073,35.216892
LTR-038,"What is most wonderful, is, the exemption they seem to enjoy from the curse entailed on the sex.",en,1303,-26.712345,11.347315
LTR-038,"They see all company on the day of their delivery, and, at the fortnight's end, return visits, set out in their jewels and new clothes.",en,1304,-46.56758,28.154144
LTR-038,I wish I may find the influence of the climate in this particular.,en,1305,14.715369,20.973196
LTR-038,"But I fear I shall continue an English woman in that affair, as well as I do in my dread of fire and plague, which are two things very little feared here.",en,1306,13.966687,20.85345
LTR-038,"Most families have had their houses burnt down once or twice, occasioned by their extraordinary way of warming themselves, which is neither by chimnies (sic) nor stoves, but by a certain machine called a _tendour_, the height of two feet, in the form of a table, covered with a fine carpet or embroidery.",en,1307,-53.593483,13.072607
LTR-038,"This is made only of wood, and they put into it a small quantity of hot ashes, and sit with their legs under the carpet.",en,1308,-70.70083,-17.808302
LTR-038,"At this table they work, read and very often, sleep; and, if they chance to dream, kick down the _tendour_, and the hot ashes commonly set the house on fire.",en,1309,-70.15304,9.968389
LTR-038,"There were five hundred houses burnt in this manner about a fortnight ago, and I have seen several of the owners since, who seem not at all moved at so common a misfortune.",en,1310,-52.2692,14.401995
LTR-038,"They put their goods into a _bark_, and see their houses burn with great philosophy, their persons being very seldom endangered, having no stairs to descend.",en,1311,-50.69976,14.052385
LTR-038,"BUT, having entertained you with things I don't like, 'tis but just I should tell you something that pleases me.",en,1312,20.146906,9.557116
LTR-038,The climate is delightful in the extremest degree.,en,1313,-30.581512,-21.196808
LTR-038,"I am  now sitting, this present fourth of January, with the windows open, enjoying the warm shine of the sun, while you are freezing over a sad sea-coal fire; and my chamber is set out with carnations, roses, and jonquils, fresh from my garden.",en,1314,16.593487,52.63566
LTR-038,"I am also charmed with many points of the Turkish law, to our shame be it spoken, better designed, and better executed than ours; particularly, the punishment of convicted liars (triumphant criminals in our country, God knows).",en,1315,-14.812879,-23.11423
LTR-038,"They are burnt in the forehead with a hot iron, when they are proved the authors of any notorious falsehoods.",en,1316,-51.675514,-43.459328
LTR-038,How many white foreheads should we see disfigured!,en,1317,10.782221,-50.1211
LTR-038,"How many fine gentlemen would be forced to wear their wigs as low as their eye-brows, were this law in practice with us!",en,1318,9.953183,-50.12461
LTR-038,"I should go on to tell you many other parts of justice, but I must send for my midwife.",en,1319,22.155527,-24.647303
LTR-039,"I HAVE not written to you, dear sister, these many months--a great piece of self-denial.",en,1320,25.838188,1.6001176
LTR-039,"But I know not where to direct, or what part of the world you are in.",en,1321,4.658818,-0.9755655
LTR-039,"I have received no letter from you since that short note of April last, in which you tell me, that you are on the point of leaving England, and promise me a direction for the place you stay in; but I have, in vain, expected it till now; and now I only learn from the gazette, that you are returned, which induces me to venture this letter to your house at London.",en,1322,18.26061,-4.6437435
LTR-039,"I had rather ten of my letters should be lost, than you imagine I don't write; and I think it is hard fortune, if one in ten don't reach you.",en,1323,21.427574,0.37662116
LTR-039,"However, I am resolved to keep the copies, as testimonies of my inclination, to give you, to the utmost of my power, all the diverting part of my travels, while you are exempt from all the fatigues and inconveniences.",en,1324,16.491695,14.057029
LTR-039,"IN the first place, then, I wish you joy of your niece; for I was brought to bed of a daughter [Footnote: The present Countess of Bute] five weeks ago.",en,1325,6.612842,-65.44426
LTR-039,"I don't mention this as one of my diverting adventures; though I must own, that it is not half so mortifying here as in England; there being as much difference, as there is between a little cold in the head, which sometimes happens here, and the consumption cough, so common in London.",en,1326,1.2307776,-3.9625359
LTR-039,"No body keeps their house a month for lying in; and I am not so fond of any of our customs, as to retain them when they are not necessary.",en,1327,-35.274803,29.448595
LTR-039,"I returned my visits at three weeks end; and, about four days ago, crossed the sea, which divides this place from Constantinople, to make a new one, where I had the good fortune to pick up many curiosities.",en,1328,5.7428327,29.191547
LTR-039,"I went to see the sultana: Hafiten, favourite of the late emperor Mustapha, who, you know, (or perhaps you don't know) was deposed by his brother, the reigning sultan, and died a few weeks after, being poisoned, as it was generally believed.",en,1329,-28.690807,45.235046
LTR-039,"This lady was, immediately after his death, saluted with an absolute order to leave the seraglio, and chuse herself a husband among the great men at the Porte.",en,1330,-31.89704,50.247738
LTR-039,"I suppose you may imagine her overjoyed at this proposal.--Quite the contrary.--These women, who are called, and esteem themselves queens, look upon this liberty as the greatest disgrace and affront that can happen to them.",en,1331,-24.880419,13.126811
LTR-039,"She threw herself at the sultan's feet, and begged him to poniard (sic) her, rather than use his brother's widow with that contempt.",en,1332,-29.122028,47.823257
LTR-039,"She represented to him, in agonies of sorrow, that she was privileged from this misfortune, by having brought five princes into the Ottoman family; but all the boys being dead, and only one girl surviving, this excuse was not received, and she was compelled to make her choice.",en,1333,-26.391382,41.53262
LTR-039,"She chose Bekir Effendi, then secretary of state, and above four score years old, to convince the world, that she firmly intended to keep the vow she had made, of never suffering a second husband to approach her bed; and since she must honour some subject so far, as to be called his wife, she would chuse him as a mark of her gratitude, since it was he that had presented her, at the age of ten years, to, her last lord.",en,1334,-29.041128,35.79391
LTR-039,"But she never permitted him to pay her one visit; though it is now fifteen years she has been in his house, where she passes her time in uninterrupted mourning, with a constancy very little known in Christendom, especially in a widow of one and twenty, for she is now but thirty-six.",en,1335,-32.368023,35.11224
LTR-039,"She has no black eunuchs for her guard, her husband being obliged to respect her as a queen, and not to inquire at all into what is done in her apartment.",en,1336,-34.695347,27.79941
LTR-039,"I WAS led into a large room, with a sofa the whole length of it, adorned with white marble pillars like a _ruelle_, covered with pale blue figured velvet, on a silver ground, with cushions of the same, where I was desired to repose, till the sultana appeared, who had contrived this manner of reception, to avoid rising up at my entrance, though she made me an inclination of her head, when I rose up to her.",en,1337,-75.56116,-9.841643
LTR-039,"I was very glad to observe a lady that had been distinguished by the favour of an emperor, to whom beauties were, every day, presented from all parts of the world.",en,1338,-10.269547,-14.163135
LTR-039,"But she did not seem to me, to have ever been half so beautiful as the fair Fatima I saw at Adrianople; though she had the remains of a fine face, more decayed by sorrow than time.",en,1339,-18.202293,-10.388861
LTR-039,"But her dress was something so surprisingly rich, that I cannot forbear describing it to you.",en,1340,11.011728,-42.93832
LTR-039,"She wore a vest called _dualma_, which differs from a _caftan_ by longer sleeves, and folding over at the bottom.",en,1341,-83.4493,-15.663594
LTR-039,"It was of purple cloth, strait to her shape, and thick set, on each side, down to her feet, and round the sleeves, with pearls of the best water, of the same size as their buttons commonly are.",en,1342,-80.09091,-12.749029
LTR-039,"You must not suppose, that I mean as large as those of my Lord ----, but about the bigness of a pea; and to these buttons large loops of diamonds, in the form of those gold loops, so common on birth-day coats.",en,1343,-85.13686,-17.530684
LTR-039,"This habit was tied, at the waist, with two large tassels of smaller pearls, and round the arms embroidered with large diamonds.",en,1344,-83.11085,-18.881376
LTR-039,"Her shift was fastened at the bottom with a great diamond, shaped like a lozenge; her girdle as broad as the broadest English ribband, entirely covered with diamonds.",en,1345,-79.760605,-14.371962
LTR-039,"Round her neck she wore three chains, which reached to her knees; one of large pearl, at the bottom of which hung a fine coloured emerald, as big as a turkey-egg; another, consisting of two hundred emeralds, close joined together, of the most lively green, perfectly matched, every one as large as a half-crown piece, and as thick as three crown pieces, and another of small emeralds, perfectly round.",en,1346,-78.82751,-12.874635
LTR-039,But her ear-rings eclipsed all the rest.,en,1347,-57.87421,-36.831978
LTR-039,"They were two diamonds, shaped exactly like pears, as large as a big hazle-nut (sic).",en,1348,-84.4793,-20.817846
LTR-039,"Round her _talpoche_ she had four strings of pearl--the whitest and most perfect in the world, at least enough to make four necklaces, every one as large as the duchess of Marlborough's, and of the same shape, fastened with two roses, consisting of a large ruby for the middle stone, and round them twenty drops of clean diamonds to each.",en,1349,-77.62476,-12.268447
LTR-039,"Besides this, her head-dress was covered with bodkins of emeralds and diamonds.",en,1350,-80.13435,-20.239826
LTR-039,"She wore large diamond bracelets, and had five rings on her fingers (except Mr Pitt's) the largest I ever saw in my life.",en,1351,-87.23726,-19.683132
LTR-039,"'Tis for jewellers to compute the value of these things; but, according to the common estimation of jewels, in our part of the world, her whole dress must be worth a hundred thousand pounds sterling.",en,1352,-22.208172,-29.993721
LTR-039,"This I am sure of, that no European queen has half the quantity; and the empress's jewels, though very fine would look very mean near her's.",en,1353,-24.047127,-14.418295
LTR-039,"She gave me a dinner of fifty dishes of meat, which (after their fashion) were placed on the table but one at a time, and was extremely tedious.",en,1354,-1.6612347,38.19485
LTR-039,But the magnificence of her table answered very well to that of her dress.,en,1355,10.592535,-43.559185
LTR-039,"The knives were of gold, and the hafts set with diamonds.",en,1356,-81.28078,-21.713015
LTR-039,"But the piece of luxury which grieved my eyes, was the table-cloth and napkins, which were all tiffany, embroidered with silk and gold, in the finest manner, in natural flowers.",en,1357,-66.4614,-21.293419
LTR-039,"It was with the utmost regret that I made use of these costly napkins, which were as finely wrought as the finest handkerchiefs that ever came out of this country.",en,1358,-31.883585,-18.696627
LTR-039,"You may be sure, that they were entirely spoiled before dinner was over.",en,1359,-27.455292,29.584572
LTR-039,The sherbet (which is the liquor they drink at meals) was served in china bowls; but the covers and salvers massy gold.,en,1360,-88.72156,-1.9429159
LTR-039,"After dinner, water was brought in gold basons, and towels of the same kind with the napkins, which I very unwillingly wiped my hands upon, and coffee was served in china, with gold _soucoups_ [Footnote: Saucers.]",en,1361,-87.54155,0.015033999
LTR-039,"THE sultana seemed in a very good humour, and talked to me with the utmost civility.",en,1362,-9.041028,34.75926
LTR-039,"I did not omit this opportunity of learning all that I possibly could of the seraglio, which is so entirely unknown amongst us.",en,1363,1.8606681,-20.625647
LTR-039,"She assured me, that the story of the sultan's _throwing a handkerchief_, is altogether fabulous; and the manner, upon that occasion, no other than this: He sends the _kyslir aga_, to signify to the lady the honour he intends her.",en,1364,-22.940613,35.71531
LTR-039,"She is immediately complimented upon it, by the others, and led to the bath, where she is perfumed and dressed in the most magnificent and becoming manner.",en,1365,-77.53221,17.264599
LTR-039,"The emperor precedes his visit by a royal present, and then comes into her apartment: neither is there any such thing as her creeping in at the bed's foot.",en,1366,-26.802704,49.36376
LTR-039,"She said, that the first he made choice of was always after the first in rank, and not the mother of the eldest son, as other writers would make us believe.",en,1367,-23.521645,33.751892
LTR-039,"Sometimes the sultan diverts himself in the company of all his ladies, who stand in a circle round him.",en,1368,-76.52749,21.478033
LTR-039,"And she confessed, they were ready to die with envy and jealousy of the _happy she_ that he distinguished by any appearance of preference.",en,1369,9.949533,35.83083
LTR-039,"But this seemed to me neither better nor worse than the circles in most courts, where the glance of the monarch is watched, and every smile is waited for with impatience, and envied by those who cannot obtain it.",en,1370,-10.480569,8.817236
LTR-039,"SHE never mentioned the sultan without tears in her eyes, yet she seemed very fond of the discourse.",en,1371,-5.9396605,27.733166
LTR-039,"""My past happiness, _said she_, ""appears a dream to me.",en,1372,27.831066,20.047688
LTR-039,"Yet I cannot forget, that I was beloved by ""the greatest and most lovely of mankind.",en,1373,27.235546,19.638374
LTR-039,"I was chosen from all the ""rest, to make all his campaigns with him; and I would not survive ""him, if I was not passionately fond of the princess my daughter.",en,1374,-5.720815,30.269108
LTR-039,"""Yet all my tenderness for her was hardly enough to make me preserve ""my life.",en,1375,15.185684,35.38535
LTR-039,"When I left him, I passed a whole twelvemonth without ""seeing the light.",en,1376,19.814293,41.346855
LTR-039,"Time has softened my despair; yet I now pass some ""days every week in tears, devoted to the memory of my sultan.""",en,1377,36.38729,-21.635303
LTR-039,There was no affectation in these words.,en,1378,-21.384953,18.385202
LTR-039,"It was easy to see she was in a deep melancholy, though her good humour made her willing to divert me.",en,1379,-2.1309586,33.706467
LTR-039,"SHE asked me to walk in her garden, and one of her slaves immediately brought her a _pellice_ of rich brocade lined with sables.",en,1380,-9.315918,44.423195
LTR-039,"I waited on her into the garden, which had nothing in it remarkable but the fountains; and from thence she shewed me all her apartments.",en,1381,-9.226477,43.64839
LTR-039,"In her bed-chamber, her toilet was displayed, consisting of two looking-glasses, the frames covered With pearls, and her night _talpoche_ set with bodkins of jewels, and near it three vests of fine sables, every one of which is, at least, worth a thousand dollars, (two hundred pounds English money.)",en,1382,-78.30082,-10.478357
LTR-039,"I don't doubt but these rich habits were purposely placed in sight, though they seemed negligently thrown on the sofa.",en,1383,-17.312225,-35.645264
LTR-039,"When I took my leave of her, I was complimented with perfumes, as at the grand vizier's, and presented with a very fine embroidered handkerchief.",en,1384,-9.8988085,41.374844
LTR-039,"Her slaves were to the number of thirty, besides ten little ones, the eldest not above seven years old.",en,1385,-41.832336,35.373016
LTR-039,"These were the most beautiful girls I ever saw, all richly dressed; and I observed that the sultana took a great deal of pleasure in these lovely children, which is a vast expence; for there is not a handsome girl of that age to be bought under a hundred pounds sterling.",en,1386,-21.0,-7.4670043
LTR-039,"They wore little garlands of flowers, and their own hair, braided, which was all their head-dress; but their habits were all of gold stuffs.",en,1387,-76.25589,-22.601023
LTR-039,"These served her coffee kneeling; brought water when she washed, &c.--'Tis a great part of the work of the older slaves to take care of these young girls, to learn them to embroider, and to serve them as carefully as if they were children of the family.",en,1388,-48.956303,21.21998
LTR-039,"Now, do you imagine I have entertained you, all this while, with a relation that has, at least, received many embellishments from my hand?",en,1389,14.356926,7.1263394
LTR-039,"This, you will say, is but too like the Arabian tales.--These embroidered napkins!",en,1390,-10.451282,-59.012634
LTR-039,"and a jewel as large as a turkey's egg!--You forget, dear sister, those very tales were written by an author of this country, and (excepting the enchantments) are a real representation of the manners here.",en,1391,4.2706075,4.526069
LTR-039,"We travellers are in very hard circumstances: If we say nothing but what has been said before us, _we are dull, and we have  observed nothing_.",en,1392,5.7662115,-21.47785
LTR-039,"If we tell any thing new, we are laughed at as _fabulous and romantic_, not allowing either for the difference of ranks, which affords difference of company, or more curiosity, or the change of customs, that happen every twenty years in every country.",en,1393,29.96677,45.031322
LTR-039,"But the truth is, people judge of travellers, exactly with the same candour, good nature, and impartiality, they judge of their neighbours upon all occasions.",en,1394,-47.025406,-48.51734
LTR-039,"For my part, if I live to return amongst you, I am so well acquainted with the morals of all my dear friends and acquaintances, that I am resolved to tell them nothing at all, to avoid the imputation (which their charity would certainly incline them to) of my telling too much.",en,1395,10.08213,11.698447
LTR-039,"But I depend upon your knowing me enough, to believe whatever I seriously assert for truth; though I give you leave to be surprised at an account so new to you.",en,1396,17.96847,8.089314
LTR-039,"But what would you say if I told you, that I have been in a haram, where the winter apartment was wainscoted (sic) with inlaid work of mother of pearl, ivory of different colours, and olive wood, exactly like the little boxes you have seen brought Out of this country; and in whose rooms designed for summer, the walls are all crusted with japan china, the roofs gilt, and the floors spread with the finest Persian carpets?",en,1397,-66.340485,-18.843706
LTR-039,"Yet there is nothing more true; such is the palace of my lovely friend, the fair Fatima, whom I was acquainted with at Adrianople.",en,1398,-18.437874,-10.803637
LTR-039,"I went to visit her yesterday; and, if possible, she appeared to me handsomer than before.",en,1399,-12.389344,46.40999
LTR-039,"She met me at the door of her chamber, and, giving me her hand With the best grace in the world; You Christian ladies (said she, with a smile that made her as beautiful as an angel) have the reputation of inconstancy, and I did not expect, whatever goodness you expressed for me at Adrianople, that I should ever see you again.",en,1400,-3.997607,21.851261
LTR-039,"But I am now convinced that I have really the happiness of pleasing you; and, if you knew how I speak of you amongst our ladies, you would be assured, that you do me justice in making me your friend.",en,1401,17.390238,10.103017
LTR-039,"She placed me in the corner of the sofa, and I spent the afternoon in her conversation, with the greatest pleasure in the world.--The sultana Hafiten is, what one Would naturally expect to find a Turkish lady, willing to oblige, but not knowing how to go about it; and 'tis easy to see, in her manner, that she has lived excluded from the world.",en,1402,-18.14021,31.248163
LTR-039,"But Fatima has all the politeness and good breeding of a court, with an air that inspires, at once, respect and tenderness; and now, that I understand her language, I find her wit as agreeable as her beauty.",en,1403,-13.293736,32.41885
LTR-039,"She is very carious after the manners of other countries, and has not the partiality for her own, so common in little minds.",en,1404,-27.101912,-3.58772
LTR-039,"A Greek that I carried with me, who had never seen her before, (nor could have been admitted now, if she had not been in my train,) shewed that surprise at her beauty and manners, which is unavoidable at the first sight, and said to me in Italian,--_This is no Turkish lady, she is certainly some Christian_.--Fatima guessed she spoke of her, and asked what she said.",en,1405,-5.1396337,19.963701
LTR-039,"I would not have told her, thinking she would have been no better pleased with the compliment, than one of our court beauties to be told she had the air of a Turk; but the Greek lady told it to her; and she smiled, saying, _It is not the first time I have heard so: my mother was a Poloneze, taken at the siege of Caminiec; and my father used to rally me, saying, He believed his Christian wife had found some gallant; for that I had not the air of a Turkish girl_.--I assured her, that if all the Turkish ladies were like her, it was absolute necessary to confine them from public view, for the repose of mankind; and proceeded to tell her, what a noise such a face as hers would make in London or Paris.",en,1406,-6.091653,18.451607
LTR-039,"_I can't believe you_, replied she agreeably; _if beauty was so much valued in your country, as you say, they would never have suffered you to leave it_.--Perhaps, dear sister, you laugh at my vanity in repeating this compliment; but I only do it, as I think it very well turned, and give it you as an instance of the spirit of her conversation.",en,1407,5.6306868,6.038454
LTR-039,"Her house was magnificently furnished, and very well fancied; her winter rooms being furnished with figured velvet, on gold grounds, and those for summer, with fine Indian quilting embroidered with gold.",en,1408,-73.78836,-21.497362
LTR-039,The houses of the great Turkish ladies are kept clean with as much nicety as those in Holland.,en,1409,-34.017696,-11.3513
LTR-039,"This was situated in a high part of the town; and from the window of her summer apartment, we had the prospect of the sea, the islands, and the Asian mountains.--My letter is insensibly grown so long, I am ashamed of it.",en,1410,-59.74979,25.099401
LTR-039,This is a very bad symptom.,en,1411,-55.549454,-36.2467
LTR-039,'Tis well if I don't degenerate into a downright story-teller.,en,1412,32.696922,-2.05947
LTR-039,"It may be, our proverb, that _knowledge is no burden_, may be true, as to one's self but knowing too much, is very apt to make us troublesome to other people.",en,1413,29.784826,38.577324
LTR-039,"I am, &c, &c.",en,1414,41.680832,16.448458
LTR-040,"I AM extremely pleased, my dear lady, that you have, at length, found a commission for me, that I can answer, without disappointing your expectations; though I must tell you, that it is not so easy as perhaps you think it; and that if my curiosity had not been more diligent than any other stranger's has ever yet been, I must have answered you with an excuse, as, I was forced to do, when you desired me to buy you a Greek slave.",en,1415,12.77833,1.0489479
LTR-040,"I have got for you, as you desire, a Turkish love-letter, which I have put into a little box, and ordered the captain of the Smyrniote to deliver it to you with this letter.",en,1416,29.983845,-14.12475
LTR-040,"The translation of it is literally as follows: The first piece you should pull out of the purse, is a little pearl, which is in Turkish called _Ingi_, and must be understood in this manner: Ingi,              Sensin Uzellerin gingi _Pearl_,          _Fairest of the young_.",en,1417,30.77209,-14.587566
LTR-040,"Caremfil,          Caremfilsen cararen yok _Clove_,           Conge gulsum timarin yok Benseny chok than severim Senin benden, haberin yok.",en,1418,37.779213,-16.637278
LTR-040,"_You are as slender as the clove!_ _You are an unblown rose!_ _I have long loved you, and you have not known it!_ Pul,               Derdime derman bul _Jonquil_,        _Have pity on my passion!_ Kihat,             Birlerum sahat sahat _Paper_,          _I faint every hour!_ Ermus,             Ver bixe bir umut _Pear_,           _Give me some hope._ Jabun,             Derdinden oldum zabun _Soap_,           _I am sick with love._ Chemur,            Ben oliyim size umur _Coal_,           _May I die, and all my years be yours!_ GUl                Ben aglarum sen gul _A rose_,         _May you be pleased, and your sorrows mine!_ Hasir,             Oliim sana yazir _A straw_,        _Suffer me to be your slave._ Jo ho,             Ustune bulunmaz pahu _Cloth_,          _Your price is not to be found._ Tartsin,           Sen ghel ben chekeim senin hargin _Cinnamon_,       _But my fortune is yours._ Giro,              Esking-ilen oldum ghira _A match_,        _I burn, I burn!",en,1419,33.323563,-14.373487
LTR-040,"my flame consumes me!_ Sirma,             Uzunu benden a yirma _Goldthread_,     _Don't turn away your face._ Satch,             Bazmazum tatch _Hair_,           _Crown of my head!_ Uzum               Benim iki Guzum _Grape_,          _My eyes!_ Til,               Ulugorum tez ghel _Gold wire_,      _I die--come quickly._ And, by way of postscript: Beber,             Bize bir dogm haber _Pepper_,         _Send me an answer._ You see this letter is all in verse, and I can assure you, there is as much fancy shewn in the choice of them, as in the most studied expressions of our letters; there being, I believe, a million of verses designed for this use.",en,1420,33.309586,-14.365074
LTR-040,"There is no colour, no flower, no weed, no fruit, herb, pebble, or feather, that has not a verse belonging to it; and you may quarrel, reproach, or send letters of passion, friendship, or civility, or even Of news, without ever inking your fingers.",en,1421,-12.104546,-27.35536
LTR-040,"I FANCY you are now wondering at my profound learning; but, alas!",en,1422,25.430056,5.0630937
LTR-040,"dear madam, I am almost fallen into the misfortune so common to the ambitious; while they are employed on distant insignificant conquests abroad, a rebellion starts up at home;--I am in great danger of losing my English.",en,1423,7.086579,4.6656284
LTR-040,"I find 'tis not half so easy to me to write in it, as it was a twelvemonth ago.",en,1424,21.579525,-0.8156819
LTR-040,"I am forced to study for expressions, and must leave off all other languages, and try to learn my mother tongue.--Human understanding is as much limited as human power, or human strength.",en,1425,-14.490052,-0.9433084
LTR-040,"The memory can retain but a certain number of images; and 'tis as impossible for one human creature to be perfect master of ten different languages, as to have, in perfect subjection, ten different kingdoms, or to fight against ten men at a time; I am afraid I shall at last know none as I should do.",en,1426,-24.835361,-2.13199
LTR-040,"I live in a place, that very well represents the tower of Babel: in Pera they speak Turkish, Greek, Hebrew, Armenian, Arabic, Persian, Russian, Sclavonian, Walachian, German, Dutch, French, English, Italian, Hungarian; and, what is worse, there are ten of these languages spoken in my own family.",en,1427,-27.963585,5.0205975
LTR-040,"My grooms are Arabs; my footmen French, English, and Germans; my nurse an Armenian; my house-maids Russians; half a dozen other servants, Greeks; my steward an Italian; my janizaries Turks; so that I live in the perpetual hearing of this medley of sounds, which produces a very extraordinary effect upon the people that are born here; for they learn all these languages at the same time, and without knowing any of them well enough to write or read in it.",en,1428,-29.32526,5.386376
LTR-040,"There are very few men, women, or even children here, that have not the same compass of words in five or six of them.",en,1429,-29.447258,-1.6320033
LTR-040,"I know, myself, several infants of three or four years old, that speak Italian, French, Greek, Turkish, and Russian, which last they learn of their nurses, who are generally of that country.",en,1430,-29.804615,4.221687
LTR-040,"This seems almost incredible to you, and is, in my mind, one of the most curious things in this country, and takes off very much from the merit of our ladies, who set up for such extraordinary geniuses, upon the credit of some superficial knowledge of French and Italian.",en,1431,3.466252,-2.7607114
LTR-040,"AS I prefer English to all the rest, I am extremely mortified at the daily decay of it in my head, where I'll assure you (with grief of heart) it is reduced to such a small number of words, I cannot recollect any tolerable phrase to conclude my letter with, and am forced to tell your ladyship very bluntly, that I am, Your's, &C. &c.",en,1432,9.157652,5.6922436
LTR-041,AT length I have heard from my dear Lady B---- for the first time.,en,1433,28.310888,2.8242047
LTR-041,"I am persuaded you have had the goodness to write before, but I have had the ill fortune to lose your letters.",en,1434,22.579283,1.7468779
LTR-041,"Since my last, I have staid (sic) quietly at Constantinople, a city that I ought in conscience to give your ladyship a right notion of, since I know you can have none but what is partial and mistaken from the writings of travellers.",en,1435,15.945105,-6.0904484
LTR-041,"'Tis certain, there are many people that pass years here in Pera, without having ever seen it, and yet they all pretend to describe it.",en,1436,3.1437168,-46.541767
LTR-041,"Pera, Tophana, and Galata, wholly inhabited by French Christians (and which, together, make the appearance of a very fine town,) are divided from it by the sea, which is not above half so broad as the broadest part of the Thames; but the Christian men are loth to hazard the adventures they sometimes meet with amongst the _levents_ or seamen, (worse monsters than our watermen) and the women must cover their faces to go there, which they have a perfect aversion to do.",en,1437,-55.15526,21.051083
LTR-041,"'Tis true, they wear veils in Pera, but they are such as only serve to shew their beauty to more advantage, and would not be permitted in Constantinople.",en,1438,-29.078585,11.09533
LTR-041,These reasons deter almost every creature from seeing it; and the French ambassadress will return to France (I believe) without ever having been there.,en,1439,-9.188259,24.870893
LTR-041,"You'll wonder, madam, to hear me add, that I have been there very often.",en,1440,24.600515,3.6951387
LTR-041,"The _asmack_, or Turkish veil, is become not only very easy, but agreeable to me; and, if it was not, I would be content to endure some inconveniency, to gratify a passion that is become so powerful with me, as curiosity.",en,1441,2.0057087,16.796654
LTR-041,"And, indeed, the pleasure of going in a barge to Chelsea, is not comparable to that of rowing upon the canal of the sea here, where, for twenty miles together, down the Bosphorus, the most beautiful variety of prospects present themselves.",en,1442,-16.498114,-48.514267
LTR-041,"The Asian side is covered with fruit-trees, villages, and the most delightful landskips (sic) in nature; on the European, stands Constantinople, situated on seven hills.--The unequal heights make it seem as large again as it is, (though one of the largest cities in the world) shewing an agreeable mixture of gardens, pine and cypress-trees, palaces, mosques, and public buildings, raised one above another, with as much beauty and appearance of symmetry, as your ladyship ever saw in a cabinet, adorned by the most skilful hands, where jars shew themselves above jars, mixed with canisters, babies and candlesticks.",en,1443,-57.45295,18.268396
LTR-041,This is a very odd comparison; but it gives me an exact idea of the thing.,en,1444,-2.8856764,-25.33823
LTR-041,I have taken care to see as much of the seraglio as is to be seen.,en,1445,1.1913728,-23.075502
LTR-041,"It is on a point of land running into the sea; a palace of prodigious extent, but very irregular.",en,1446,-48.912388,-20.31694
LTR-041,"The gardens take in a large compass of ground, full of high cypress-trees, which is all I know of them.",en,1447,-55.00075,-7.7536054
LTR-041,"The buildings are all of white stone, leaded on the top, with gilded turrets and spires, which look very magnificent; and, indeed, I believe there is no Christian-king's palace half so large.",en,1448,-65.805626,-12.58679
LTR-041,"There are six large courts in it, all built round, and set with trees, having galleries of stone; one of these for the guard, another for the slaves, another for the officers of the kitchen, another for the stables, the fifth for the divan, and the sixth for the apartment destined for audiences.",en,1449,-65.21202,3.147955
LTR-041,"On the ladies side, there are, at least, as many more, with distinct courts belonging to their eunuchs and attendants, their kitchens, &c. THE next remarkable structure is that of St Sophia which is very difficult to see.",en,1450,-44.685402,-15.871731
LTR-041,"I was forced to send three times to the _caimairam_, (the governor of the town) and he assembled the chief _effendis_, or heads of the law, and enquired of the _mufti_, whether it was lawful to permit it.",en,1451,6.914072,62.08473
LTR-041,"They passed some days in this important debate; but I insisting on my request, permission was granted.",en,1452,6.8594933,33.889877
LTR-041,"I can't be informed why the Turks are more delicate on the subject of this mosque, than on any of the others, where what Christian pleases may enter without scruple.",en,1453,-17.753296,-23.341677
LTR-041,"I fancy they imagine, that, having been once consecrated, people, on pretence of curiosity, might profane it with prayers, particularly to those saints, who are still very visible in Mosaic work, and no other way defaced but by the decays of time; for it is absolutely false, though so universally asserted, that the Turks defaced all the images that they found in the city.",en,1454,-24.87129,9.809522
LTR-041,"The dome of St Sophia is said to be one hundred and thirteen feet diameter, built upon arches, sustained by vast pillars of marble, the pavement and stair-case marble.",en,1455,-66.57156,-7.117416
LTR-041,"There are two rows of galleries, supported with pillars of party-coloured (sic) marble, and the whole roof Mosaic work, part of which decays very fast, and drops down.",en,1456,-68.55274,-10.962594
LTR-041,"They presented me a handful of it; its composition seems to me a sort of glass, or that paste with which they make counterfeit jewels.",en,1457,-51.76613,-57.361206
LTR-041,"They shew here the tomb of the emperor Constantine, for which they have a great veneration.",en,1458,-23.33202,-42.044926
LTR-041,"THIS is a dull, imperfect description, of this celebrated building; but I understand architecture so little, that I am afraid of talking nonsense, in endeavouring to speak of it particularly.",en,1459,1.3761905,-32.696777
LTR-041,"Perhaps I am in the wrong, but some Turkish mosques please me better.",en,1460,-16.16949,-25.035055
LTR-041,"That of sultan Solyman is an exact square, with four fine towers in the angles, in the midst is a noble cupola, supported with beautiful marble pillars; two lesser at the ends, supported in the same manner; the pavement and gallery round the mosque, of marble; under the great cupola is a fountain, adorned with such fine coloured pillars, that I can hardly think them natural marble; on one side is the pulpit, of white marble, and on the other, the little gallery for the grand signior.",en,1461,-67.944435,-8.114846
LTR-041,"A fine stair-case leads to it, and it is built up with gilded lattices.",en,1462,-68.5495,-16.31445
LTR-041,"At the upper end is a sort of altar, where the name of God is written; and before it stand two candlesticks, as high as a man, with wax candles as thick as three flambeaux.",en,1463,-73.16192,-8.7904005
LTR-041,"The pavement is spread with fine carpets, and the mosque illuminated with a vast number of lamps.",en,1464,-67.588234,-16.089758
LTR-041,"The court leading to it is very spacious, with galleries of marble, of green columns, covered with twenty-eight leaded cupolas on two sides, and a fine fountain of basins in the midst of it.",en,1465,-65.35927,-8.798045
LTR-041,THIS description may serve for all the mosques in Constantinople.,en,1466,-3.8115444,-38.414642
LTR-041,"The model is exactly the same, and they only differ in largeness and richness of materials.",en,1467,-77.37694,-30.36239
LTR-041,"That of the sultana Valida is the largest of all, built entirely of marble, the most prodigious, and, I think, the most beautiful structure I ever saw, be it spoken to the honour of our sex, for it was founded by the mother of Mahomet IV.",en,1468,-51.764572,-20.821129
LTR-041,"Between friends, Paul's church would make a pitiful figure near it, as any of our squares would do near the _atlerdan_, or place of horses, (_at_ signifying a horse in Turkish).",en,1469,-25.920624,6.321009
LTR-041,"This was the _hippodrome_, in the reign of the Greek emperors.",en,1470,-43.68638,-8.012627
LTR-041,"In the midst of it is a brazen column, of three serpents twisted together, with their mouths gaping.",en,1471,-72.04357,-12.442427
LTR-041,"'Tis impossible to learn why so odd a pillar was erected; the Greeks can tell nothing but fabulous legends, when they are asked the meaning of it, and there is no sign of its having ever had any inscription.",en,1472,-5.222906,-31.756042
LTR-041,"At the upper end is an obelisk of porphyry, probably brought from Egypt, the hieroglyphics all very entire, which I look upon as mere ancient puns.",en,1473,-30.837223,-47.268024
LTR-041,"It is placed on four little brazen pillars, upon a pedestal of square free stone, full of figures in bas-relief on two sides; one square representing a battle, another an assembly.",en,1474,-70.3954,-9.889278
LTR-041,"The others have inscriptions in Greek and Latin; the last I took in my pocket-book, and it is as follows: _Difficilis quondam, dominis parere serenis Jussus, et extinctis palman portare tyrannis Omnia Theodosio cedunt, sobolique perenni_.",en,1475,-38.137623,-2.714413
LTR-041,Your lord will interpret these lines.,en,1476,26.762339,-36.175255
LTR-041,Don't fancy they are a love-letter to him.,en,1477,28.896276,-3.0632749
LTR-041,"ALL the figures have their heads on; and I cannot forbear reflecting again on the impudence of authors, who all say they have not; but I dare swear the greatest part of them never saw them; but took the report from the Greeks, who resist, with incredible fortitude, the conviction of their own eyes, whenever they have invented lies to the dishonour of their enemies.",en,1478,-4.7749343,6.2413435
LTR-041,"Were you to believe them, there is nothing worth seeing in Constantinople, but Sancta Sophia, though there are several large, and, in my opinion, more beautiful mosques in that city.",en,1479,-8.109359,-39.654312
LTR-041,"That of sultan Achmet has this particularity, that its gates are of brass.",en,1480,-63.834515,-16.31114
LTR-041,"In all these mosques there are little chapels, where are the tombs of the founders and their families, with wax candles burning before them.",en,1481,-63.88593,-15.146707
LTR-041,"THE Exchanges are all noble buildings, full of fine alleys, the greatest part supported with pillars, and kept wonderfully neat.",en,1482,-54.815346,-15.555638
LTR-041,"Every trade has its distinct alley, where the merchandize is disposed in the same order as in the New Exchange at London.",en,1483,-47.116734,-8.299326
LTR-041,"The _besisten_, or jeweller's quarter, shews so much riches, such a vast quantity of diamonds, and all kinds of precious stones, that they dazzle the sight.",en,1484,-52.047947,-14.483854
LTR-041,"The embroiderer's is also very glittering, and people walk here as much for diversion as business.",en,1485,-51.34261,-14.429234
LTR-041,"The markets are most of them handsome squares, and admirably well provided, perhaps better than in any other part of the world.",en,1486,-38.93724,-16.92639
LTR-041,"I KNOW, you'll expect I should say something particular of the slaves; and you will imagine me half a Turk, when I don't speak of it with the same horror other Christians have done before me.",en,1487,11.03548,-33.45502
LTR-041,"But I cannot forbear applauding the humanity of the Turks to these creatures; they are never ill used, and their slavery is, in my opinion, no worse than servitude all over the world.",en,1488,-9.622958,-8.407846
LTR-041,"'Tis true, they have no wages; but they give them yearly clothes to a higher value than our salaries to our ordinary servants.",en,1489,-37.537838,-43.584362
LTR-041,"But you'll object, that men buy women _with an eye to evil_.",en,1490,-7.6302633,0.8425431
LTR-041,"In my opinion, they are bought and sold as publicly, and as infamously, in all our Christian great cities.",en,1491,-31.491129,-51.70692
LTR-041,"I MUST add to the description of Constantinople, that the _historical_ pillar is no more.",en,1492,12.087928,-30.092834
LTR-041,It dropped down about two years before I came to this part of the world.,en,1493,17.49145,40.243835
LTR-041,"I have seen no other footsteps of antiquity, except the aqueducts, which are so vast, that I am apt to believe they are yet more ancient than the Greek empire.",en,1494,-13.60383,-36.653675
LTR-041,"The Turks indeed have clapped in some stones with Turkish inscriptions, to give their natives the honour of so great a work; but the deceit is easily discovered.--The other public buildings are the hanns and monasteries; the first are very large and numerous; the second few in number, and not at all magnificent.",en,1495,-50.569912,-27.12179
LTR-041,"I had the curiosity to visit one of them, and to observe the devotions of the dervises, which are as whimsical as any at Rome.",en,1496,-9.825189,-19.703518
LTR-041,"These fellows have permission to marry, but are confined to an odd habit, which is only a piece of coarse white cloth, wrapped about them, with their legs and arms naked.",en,1497,-77.38985,-27.643082
LTR-041,"Their order has few other rules, except that of performing their fantastic rites, every Tuesday and Friday, which is done in this manner: They meet together in a large hall, where they all stand with their eyes fixed on the ground, and their arms across, while the _imaum_ or preacher reads part of the alcoran from a pulpit placed in the midst; and when he has done, eight or ten of them make a melancholy concert with their pipes, which are no unmusical instruments.",en,1498,-54.413322,16.90374
LTR-041,"Then he reads again, and makes a short exposition on what he has read; after which they sing and play, 'till their superior (the only one of them dressed in green) rises and begins a sort of solemn dance.",en,1499,-79.8012,14.004422
LTR-041,"They all stand about him in a regular figure; and while some play, the others tie their robe (which is very wide) fast round their waist, and begin to turn round with an amazing swiftness, and yet with great regard to the music, moving slower or faster as the tune is played.",en,1500,-76.21728,8.222986
LTR-041,"This lasts above an hour, without any of them shewing the least appearance of giddiness, which is not to be wondered at, when it is considered they are all used to it from their infancy; most of them being devoted to this way of life from their birth.",en,1501,-36.792152,11.551658
LTR-041,"There turned amongst them some little dervises, of six or seven years old, who seemed no more disordered by that exercise than the others.",en,1502,-30.327051,-60.808434
LTR-041,"At the end of the ceremony, they shout out, _There is no other god, but God, and Mahomet his prophet;_ after which, they kiss the superior's hand, and retire.",en,1503,-52.590706,25.324562
LTR-041,The whole is performed with the most solemn gravity.,en,1504,-60.532833,-24.869993
LTR-041,"Nothing can be more austere than the form of these people; they never raise their eyes, and seem devoted to contemplation.",en,1505,-17.514746,-14.92632
LTR-041,"And as ridiculous as this is in description, there is something touching in the air of submission and mortification they assume.--This letter is of a horrible length; but you may burn it when you have read enough, &c. &c.",en,1506,31.211622,-11.117538
LTR-042,"I AM now preparing to leave Constantinople and perhaps you will accuse me of hypocrisy, when I tell you 'tis with regret, but as I am used to the air, and have learnt the language, I am easy here; and as much as I love travelling, I tremble at the inconveniencies attending so great a journey, with a numerous family, and a little infant hanging at the breast.",en,1507,8.360107,3.9289706
LTR-042,"However, I endeavour, upon this occasion, to do, as I have hitherto done in all the odd turns of my life; turn them, if I can, to my diversion.",en,1508,16.70957,15.87972
LTR-042,"In order to this, I ramble every day, wrapped up in my _serigee_ and _asmack_, about Constantinople, and amuse myself with seeing all that is curious in it.",en,1509,11.191568,-25.01555
LTR-042,I know you will expect that this declaration should be followed with some account of what I have seen.,en,1510,29.530546,-6.72406
LTR-042,But I am in no humour to copy what has been writ so often over.,en,1511,14.212181,-14.047807
LTR-042,"To what purpose should I tell you, that Constantinople is the ancient Byzantium?",en,1512,11.029553,-29.55078
LTR-042,"that 'tis at present the conquest of a race of people, supposed Scythians?",en,1513,-6.016036,-40.797646
LTR-042,that there are five or six thousand mosques in it?,en,1514,-19.440176,-5.2703233
LTR-042,that Sancta Sophia was founded by Justinian?,en,1515,-6.3730373,-40.403885
LTR-042,"&c.  I'll assure you, 'tis not for want of learning, that I forbear writing all these bright things.",en,1516,22.403973,10.427049
LTR-042,"I could also, with very little trouble, turn over Knolles and Sir Paul Rycaut, to give you a list of Turkish emperors; but I will not tell you what you may find in every author that has writ of this country.",en,1517,16.362175,-31.070265
LTR-042,"I am more inclined, out of a true female spirit of contradiction, to tell you the falsehood of a great part of what you find in authors; as, for instance, in the admirable Mr Hill, who so gravely asserts, that he saw, in Sancta Sophia, a sweating pillar, very balsamic for disordered heads.",en,1518,1.8086871,2.950119
LTR-042,"There is not the least tradition of any such matter; and I suppose it was revealed to him in vision, during his wonderful stay in the Egyptian catacombs; for I am sure he never heard of any such miracle here.",en,1519,1.3839548,-7.2825584
LTR-042,"'Tis also very pleasant to observe how tenderly he and all his brethren voyage-writers lament the miserable confinement of the Turkish ladies, who are perhaps more free than any ladies in the universe, and are the only women in the world that lead a life of uninterrupted pleasure, exempt from cares; their whole time being spent in visiting, bathing, or the agreeable amusement of spending money, and inventing new fashions.",en,1520,-22.748621,13.780787
LTR-042,"A husband would be thought mad, that exacted any degree of economy from his wife, whose expences are no way limited but by her own fancy.",en,1521,-32.05161,26.615692
LTR-042,"'Tis his business to get money, and hers to spend it: and this noble prerogative extends itself to the very meanest of the sex.",en,1522,-33.765915,15.467377
LTR-042,Here is a fellow that carries embroidered handkerchiefs upon his back to sell.,en,1523,-82.91516,-6.927809
LTR-042,"And as miserable a figure as you may suppose such a mean dealer, yet, I'll assure you, his wife scorns to wear any thing less than cloth of gold; has her ermine furs, and a very handsome set of jewels for her head.",en,1524,-81.71017,-6.503754
LTR-042,"'Tis true, they have no places but the bagnios, and these can only be seen by their own sex; however, that is a diversion they take great pleasure in.",en,1525,-30.384214,11.990919
LTR-042,"I WAS, three days ago, at one of the finest in the town, and had the opportunity of seeing a Turkish bride received there, and all the ceremony used on that occasion, which made me recollect the epithalamium of Helen, by Theocritus; and it seems to me, that the same customs have continued ever since.",en,1526,-2.0649948,27.304106
LTR-042,"All the she-friends, relations and acquaintance of the two families, newly allied, meet at the bagnio; several others go, out Of curiosity, and I believe there were that day two hundred women.",en,1527,-43.18813,32.610073
LTR-042,"Those that were, or had been married, placed themselves round the rooms, on the marble sofas; but the virgins very hastily threw off their clothes, and appeared without other ornament or covering, than their own long hair braided with pearl or ribbon.",en,1528,-74.37623,5.749303
LTR-042,"Two of them met the bride at the door, conducted by her mother and another grave relation.",en,1529,-22.662931,50.78828
LTR-042,"She was a beautiful maid of about seventeen, very richly dressed, and shining with jewels, but was presently reduced to the state of nature.",en,1530,-61.04211,12.626364
LTR-042,"Two others filled silver gilt pots with perfume, and began the procession, the rest following in pairs, to the number of thirty.",en,1531,-84.862625,4.516544
LTR-042,"The leaders sung an epithalamium, answered by the others in chorus, and the two last led the fair bride, her eyes fixed on the ground, with a charming affectation of modesty.",en,1532,-83.89101,10.968907
LTR-042,In this order they marched round the three largest rooms of the bagnio.,en,1533,-69.51978,7.4005027
LTR-042,"'Tis not easy to represent to you the beauty of this sight, most of them being well proportioned and white skinned; all of them perfectly smooth and polished by the frequent use of bathing.",en,1534,-62.258823,-27.61519
LTR-042,"After having made their tour, the bride was again led to every matron round the rooms, who saluted her with a compliment and a present, some of jewels, others of pieces of stuff, handkerchiefs or little gallantries of that nature, which she thanked them for, by kissing their hands.",en,1535,-75.30252,16.82186
LTR-042,"I was very well pleased with having seen this ceremony; and you may believe me, the Turkish ladies have, at least, as much wit and civility, nay liberty, as among us.",en,1536,-5.435707,-7.0366693
LTR-042,"'Tis true, the same customs that give them so many opportunities of gratifying their evil inclinations (if they have any), also put it very fully in the power of their husbands to revenge themselves, if they are discovered; and I do not doubt, but they suffer sometimes for their indiscretions in a very severe manner.",en,1537,-23.362783,21.044691
LTR-042,"About two months ago, there was found at day break, not very far from my house, the bleeding body of a young woman, naked, only wrapped in a course sheet, with two wounds of a knife, one in her side, and another in her breast.",en,1538,-35.747223,33.304695
LTR-042,"She was not quite cold, and was so surprisingly beautiful, that there were very few men in Pera, that did not go to look upon her; but it was not possible for any body to know her, no woman's face being known.",en,1539,-19.996815,-12.288562
LTR-042,"She was supposed to have been brought, in the dead of the night, from the Constantinople side, and laid there.",en,1540,-17.063211,-57.438095
LTR-042,"Very little inquiry was made about the murderer, and the corpse was privately buried without noise.",en,1541,-17.33351,-58.05615
LTR-042,"Murder is never pursued by the king's officers, as with us.",en,1542,-16.916685,28.69649
LTR-042,'Tis the business of the next relations to revenge the dead person; and if they like better to compound the matter for money (as they generally do) there is no more said of it.,en,1543,-26.729334,24.212017
LTR-042,"One would imagine this defect in their government should make such tragedies very frequent, yet they are extremely rare; which is enough to prove the people are not naturally cruel.",en,1544,-16.74078,1.8228121
LTR-042,"Neither do I think, in many other particulars, they deserve the barbarous character we give them.",en,1545,-8.213598,-7.0985584
LTR-042,"I am well acquainted with a Christian woman of quality, who made it her choice to live with a Turkish husband, and is a very agreeable sensible lady.",en,1546,-10.245915,29.318785
LTR-042,"Her story is so extraordinary, I cannot forbear relating it; but I promise you, it shall be in as few words as I can possibly express it.",en,1547,21.163683,-17.629799
LTR-042,"SHE is a Spaniard, and was at Naples with her family, When that kingdom was part of the Spanish dominion.",en,1548,-47.34234,45.589005
LTR-042,"Coming from thence in a felucca, accompanied by her brother, they were attacked by the Turkish admiral, boarded and taken.--And now how shall I modestly tell you the rest of her adventure?",en,1549,-51.88251,61.352055
LTR-042,"The same accident happened to her, that happened to the fair Lucretia so many years before her.",en,1550,-20.223425,37.318325
LTR-042,"But she was too good a Christian to kill herself, as that heathenish Roman did.",en,1551,-20.24298,37.842686
LTR-042,"The admiral was so much charmed with the beauty and long-suffering of the fair captive, that, as his first compliment, he gave immediate liberty to her brother and attendants, who made haste to Spain, and, in a few months, sent the sum of four thousand pounds sterling, as a ransom for his sister.",en,1552,-25.034906,57.2912
LTR-042,"The Turk took the money, which he presented to her, and told her she was at liberty.",en,1553,-27.96237,60.3709
LTR-042,But the lady very discreetly weighed the different treatment she was likely to find in her native country.,en,1554,-22.796019,38.993855
LTR-042,"Her relations (as the kindest thing they could do for her in her present circumstances) would certainly confine her to a nunnery for the rest of her days.--Her infidel lover was very handsome, very tender, very fond of her, and lavished at her feet all the Turkish magnificence.",en,1555,-16.776419,32.43488
LTR-042,"She answered him very resolutely, that her liberty was not so precious to her as her honour; that he could no way restore that, but by marrying her; and she therefore desired him to accept the ransom as her portion, and give her the satisfaction of knowing, that no man could boast of her favours, without being her husband.",en,1556,-27.370092,33.51277
LTR-042,"The admiral was transported at this kind offer, and sent back the money to her relations, saying, he was too happy in her possession.",en,1557,-26.816872,57.90298
LTR-042,"He married her, and never took any other wife, and (as she says herself) she never had reason to repent the choice she made.",en,1558,-30.427258,31.444466
LTR-042,"He left her, some years after, one of the richest widows in Constantinople.",en,1559,-32.450905,47.632458
LTR-042,"But there is no remaining honourably a single woman, and that consideration has obliged her to marry the present captain bassa (i.e.",en,1560,-31.651787,46.90452
LTR-042,"admiral) his successor.--I am afraid that you will think my friend fell in love with her ravisher; but I am willing to take her word for it, that she acted wholly on principles of honour, though I think she might be reasonably touched at his generosity, which is often found amongst the Turks of rank.",en,1561,-4.3916864,17.68572
LTR-042,"'TIS a degree of generosity to tell the truth, and 'tis very rare that any Turk will assert a solemn falsehood.",en,1562,-8.125093,-54.032463
LTR-042,"I don't speak of the lowest sort; for as there is a great deal of ignorance, there is very little virtue amongst them; and false witnesses are much cheaper than in Christendom; those wretches not being punished (even when they are publicly detected) with the rigour they ought to be.",en,1563,-21.653898,6.2969284
LTR-042,"NOW I am speaking of their law, I don't know whether I have ever mentioned to you one custom peculiar to their country, I mean _adoption_, very common amongst the Turks, and yet more amongst the Greeks and Armenians.",en,1564,-13.576601,-24.89084
LTR-042,"Not having it in their power to give their estates to a friend or distant relation; to avoid its falling into the grand signior's treasury, when they are not likely to have any children of their own, they chuse some pretty child of either sex, amongst the meanest people, and carry the child and its parents before the cadi, and there declare they receive it for their heir.",en,1565,-40.141285,20.499727
LTR-042,"The parents, at the same time, renounce all future claim to it; a writing is drawn and witnessed, and a child thus adopted, cannot be disinherited.",en,1566,-37.624386,30.881699
LTR-042,"Yet I have seen some common beggars, that have refused to part with their children in this manner, to some of the richest among the Greeks; (so powerful is the instinctive affection that is natural to parents!)",en,1567,-12.408765,4.7282643
LTR-042,"though the adopting fathers are generally very tender to these _children of their souls_, as they call them.",en,1568,-12.75908,3.961208
LTR-042,I own this custom pleases me much better than our absurd one of following our name.,en,1569,-3.1003418,-17.93174
LTR-042,"Methinks, 'tis much more reasonable to make happy and rich an infant whom I educate after my own manner, _brought up_ (in the Turkish phrase) _upon my knees_, and who has learned to look upon me with a filial respect, than to give an estate to a creature, without other merit or relation to me, than that of a few letters.",en,1570,-13.056638,14.52131
LTR-042,"Yet this is an absurdity we see frequently practised.--Now I have mentioned the Armenians, perhaps it will be agreeable to tell you something of that nation, with which I am sure you are utterly unacquainted.",en,1571,8.123411,-23.554182
LTR-042,"I will not trouble you with the geographical account of the situation of their country, which you may see in the maps; or a relation of their ancient greatness, which you may read in the Roman history.",en,1572,13.634596,-32.414135
LTR-042,"They are now subject to the Turks; and, being very industrious in trade, and increasing and multiplying, are dispersed in great numbers through all the Turkish dominions.",en,1573,-44.00136,7.9000793
LTR-042,"They were, as they say, converted to the Christian religion by St Gregory, and are perhaps the devoutest (sic), Christians in the whole world.",en,1574,-19.683182,-16.727552
LTR-042,"The chief precepts of their priests enjoin the strict keeping of their lents, which are, at least seven months in every year, and are not to be dispensed with on the most emergent necessity; no occasion whatever can excuse them, if they touch any thing more than mere herbs or roots (without oil) and plain dry bread.",en,1575,-51.464817,18.180826
LTR-042,"That is their constant diet.--Mr W----y has one of his interpreters of this nation, and the poor fellow was brought so low, by the severity of his fasts, that his life was despaired of.",en,1576,-11.909585,67.04122
LTR-042,"Yet neither his master's commands, nor the doctor's entreaties (who declared nothing else could save his life) were powerful enough to prevail with him to take two or three spoonfuls of broth.",en,1577,-13.039104,67.81221
LTR-042,"Excepting this, which may rather be called a custom than an article of faith, I see very little in their religion different from ours.",en,1578,-3.4456534,-16.179007
LTR-042,"'Tis true, they seem to incline very much to Mr Whiston's doctrine; neither do I think the Greek church very distant from it, since 'tis certain, the holy Spirit's proceeding _only_ from the Father, is making a plain subordination in the Son.--But the Armenians have no notion of transubstantiation, whatever account Sir Paul Rycaut gives of them, (which account, I am apt to believe, was designed to compliment our Court in 1679;) and they have a great horror for those amongst them, that change to the Roman religion.",en,1579,-19.293854,6.3752704
LTR-042,"What is most extraordinary in their customs, is their matrimony; a ceremony, I believe, unparallell'd (sic) all over the world.",en,1580,-24.860882,-12.01387
LTR-042,"They are always promised very young; but the espoused never see one another, till three days after their marriage.",en,1581,-48.751457,30.50327
LTR-042,"The bride is carried to church, with a cap on her head, in the fashion of a large trencher, and over it a red silken veil, which covers her all over to her feet.",en,1582,-85.093864,-12.286295
LTR-042,"The priest asks the bridegroom, Whether he is contented to marry that woman, _be she deaf, be she blind?_  These are the literal words: to which having answered, _yes_, she is led home to his house, accompanied with all the friends and relations on both sides, singing and dancing, and is placed on a cushion in the corner of the sofa; but her veil is never lifted up, not even by her husband.",en,1583,-29.178719,33.566856
LTR-042,"There is something so odd and monstrous in these ways, that I could not believe them, till I had inquired of several Armenians myself, who all assured me of the truth of them, particularly one young fellow, who wept when he spoke of it, being promised by his mother to a girl that he must marry in this manner, though he protested to me, he had rather die than submit to this slavery, having already figured his bride to himself with all the deformities of nature.--I fancy I see you bless yourself at this terrible relation.",en,1584,-7.9247293,18.71119
LTR-042,"I cannot conclude my letter with a more surprising story; yet 'tis as seriously true, as that I am,                                Dear sister, yours, &c. &c.",en,1585,35.655174,15.798255
LTR-043,"I AM extremely pleased with hearing from you, and my vanity (the darling frailty of mankind) not a little flattered by the uncommon questions you ask me, though I am utterly incapable of answering them.",en,1586,21.509283,4.3166738
LTR-043,"And, indeed, were I as good a mathematician as Euclid himself, it requires an age's stay to make just observations on the air and vapours.",en,1587,19.474194,-31.23396
LTR-043,"I have not been yet a full year here, and am on the point of removing.",en,1588,18.943607,39.121513
LTR-043,Such is my rambling destiny.,en,1589,44.147438,-11.366316
LTR-043,"This will surprise you, and can surprise no body so much as myself.",en,1590,6.0534782,-3.1443548
LTR-043,"Perhaps you will accuse me of laziness, or dulness (sic), or both together, that can leave this place, without giving you some account of the Turkish court.",en,1591,13.962772,-28.571972
LTR-043,"I can only tell you, that if you please to read Sir Paul Rycaut, you will there find a full and true account of the vizier's, the _beglerbys_, the civil and spiritual government, the officers of the seraglio, &c. things that 'tis very easy to procure lists of, and therefore may be depended on; though other stories, God knows--I say no more--every body is at liberty to write their own remarks; the manners of people may change; or some of them escape the observation of travellers; but 'tis not the same of the government; and, for that reason, since I can tell you nothing new, I will tell you nothing of it.",en,1592,-8.155702,9.429424
LTR-043,"In the same silence shall be passed over the arsenal and seven towers; and for mosques, I have already described one of the noblest to you very particularly.",en,1593,1.7207239,-38.105305
LTR-043,"But I cannot forbear taking notice to you of a mistake of Gemelli, (though I honour him in a much higher degree than any other voyage-writer:) he says that there are no remains of Calcedon; this is certainly a mistake: I was there, yesterday, and went cross the canal in my galley, the sea being very narrow between that city and Constantinople.",en,1594,0.73405755,-38.076023
LTR-043,"'Tis still a large town, and has several mosques in it.",en,1595,-41.77022,-26.848288
LTR-043,"The Christians still call it Calcedonia, and the Turks give it a name I forgot, but which is only a corruption of the same word.",en,1596,-35.539097,0.12475525
LTR-043,"I suppose this is an error of his guide, which his short stay hindered him from rectifying, for I have, in other matters, a very just esteem for his veracity.",en,1597,5.2648373,8.324163
LTR-043,"Nothing can be pleasanter than the canal; and the Turks are so well acquainted with its beauties, that all their pleasure-seats are built on its banks, where they have, at the same time, the most beautiful prospects in Europe and Asia; there are near one another some hundreds of magnificent palaces.",en,1598,-57.803013,20.965816
LTR-043,"Human grandeur being here yet more unstable than any where else, 'tis common for the heirs of a great three-tailed bassa, not to be rich enough to keep in repair the house he built; thus, in a few years, they all fall to ruin.",en,1599,-43.30071,16.490782
LTR-043,"I was yesterday to see that of the late grand Vizier, who was killed at Peterwaradin.",en,1600,-25.866434,45.94045
LTR-043,"It was built to receive his royal bride, daughter of the present sultan; but he did not live to see her there.",en,1601,-26.704277,45.686085
LTR-043,"I have a great mind to describe it to you; but I check that inclination, knowing very well, that I cannot give you, with my best description, such an idea of it as I ought.",en,1602,21.356718,-11.772263
LTR-043,"It is situated on one of the most delightful parts of the canal, with a fine wood on the side of a hill behind it.",en,1603,-68.06919,22.401524
LTR-043,"The extent of it is prodigious; the guardian assured me, there are eight hundred rooms in it; I will not, however, answer for that number, since I did not count them; but 'tis certain the number is very large, and the whole adorned with a profusion of marble, gilding, and the most exquisite painting of fruit and flowers.",en,1604,-52.61735,-11.9027
LTR-043,"The windows are all sashed with the finest crystalline glass brought from England; and here is all the expensive magnificence that you can suppose in a palace founded by a vain luxurious young man, with the wealth of a vast empire at his command.",en,1605,-42.32274,-15.417949
LTR-043,But no part of it pleased me better than the apartments destined for the bagnios.,en,1606,-11.24851,-50.13655
LTR-043,"There are two built exactly in the same manner, answering to one another; the baths, fountains, and pavements, all of white marble, the roofs gilt, and the walls covered with Japan china.",en,1607,-66.7843,-11.711031
LTR-043,"Adjoining to them are two rooms, the uppermost of which is divided into a sofa, and in the four corners are falls of water from the very roof, from shell to shell, of white marble, to the lower end of the room, where it falls into a large basin, surrounded with pipes, that throw up the water as high as the roof.",en,1608,-68.899254,-3.775705
LTR-043,"The walls are in the nature of lattices; and, on the outside of them, there are vines and woodbines planted, that form a sort of green tapestry, and give an agreeable obscurity to those delightful chambers.",en,1609,-60.02387,-6.3895297
LTR-043,"I should go on and let you into some of the other apartments (all worthy your curiosity); but 'tis yet harder to describe a Turkish palace than any other, being built entirely irregular.",en,1610,-19.336319,-25.175644
LTR-043,"There is nothing that can be properly called front or wings; and though such a confusion is, I think, pleasing to the sight, yet it would be very unintelligible in a letter.",en,1611,-15.862297,-32.67386
LTR-043,"I shall only add, that the chamber destined for the sultan, when he visits his daughter, is wainscotted with mother of pearl, fastened with emeralds like nails.",en,1612,-65.21746,-17.784327
LTR-043,"There are others of mother of pearl and olive wood inlaid, and several of Japan china.",en,1613,-63.95226,-19.183306
LTR-043,"The galleries, which are numerous, and very large, are adorned with jars of flowers, and porcelain dishes of fruit of all sorts, so well done in plaster, and coloured in so lively a manner, that it has an enchanting effect.",en,1614,-57.859184,-16.365831
LTR-043,"The garden is suitable to the house, where arbours, fountains, and walks, are thrown together in an agreeable confusion.",en,1615,-56.018948,-10.759872
LTR-043,"There is no ornament wanting, except that of statues.",en,1616,-28.590303,-16.721756
LTR-043,"Thus, you see, Sir, these people are not so unpolished as we represent them.",en,1617,-11.443043,-0.78671306
LTR-043,"'Tis true, their magnificence is of a very different taste from ours, and perhaps of a better.",en,1618,-35.271687,-33.394276
LTR-043,"I am almost of opinion, they have a right notion of life.",en,1619,27.241587,-30.660837
LTR-043,"They consume it in music, gardens, wine, and delicate eating, while we are tormenting our brains with some scheme of politics, or studying some science to which we can never attain; or, if we do, cannot persuade other people to set that value upon it we do ourselves.",en,1620,-22.433887,2.8223758
LTR-043,"'Tis certain, what we feel and see is properly (if any thing is properly) our own; but the good of fame, the folly of praise, are hardly purchased, and, when obtained, a poor recompence (sic) for loss of time and health.",en,1621,-19.156368,16.804422
LTR-043,We die or grow old before we can reap the fruit of our labours.,en,1622,47.007862,38.5759
LTR-043,"Considering what short-liv'd, weak animals men are, is there any study so beneficial as the study of present pleasure?",en,1623,15.986739,-21.343979
LTR-043,"I dare not pursue this theme; perhaps I have already said too much, but I depend upon the true knowledge you have of my heart.",en,1624,14.788856,9.095089
LTR-043,I don't expect from you the insipid railleries I should suffer from another in answer to this letter.,en,1625,30.953714,-3.8587115
LTR-043,"You know how to divide the idea of pleasure from that of vice, and they are only mingled in the heads of fools.--But I allow you to laugh at me for the sensual declaration in saying, that I had rather be a rich _effendi_, with all his ignorance, than Sir Isaac Newton with all his knowledge.",en,1626,-3.051276,3.0542018
LTR-043,"I am, Sir, &c. &c.",en,1627,40.79879,16.430796
LTR-044,"I LEFT Constantinople the sixth of the last month, and this is the first post from whence I could send a letter, though I have often wished for the opportunity, that I might impart some of the pleasure I found in this voyage, through the most agreeable part of the world, where every scene presents me some poetical idea, _Warm'd with poetic transport I survey Th' immortal islands, and the well known sea.",en,1628,15.9978285,-5.3073707
LTR-044,"For here so oft the muse her harp has strung, That not a mountain rears its head unsung_.",en,1629,-35.32824,-40.047462
LTR-044,"I BEG your pardon for this sally, and will, if I can, continue the rest of my account in plain prose.",en,1630,32.314205,-7.972923
LTR-044,"The second day after we set sail, we passed Gallipolis, a fair city, situated in the bay of Chersonesus, and much respected by the Turks, being the first town they took in Europe.",en,1631,-62.603046,38.3343
LTR-044,"At five the next morning, we anchored in the Hellespont, between the castles of Sestos and Abydos, now called the Dardanelli.",en,1632,-64.29205,37.73518
LTR-044,"These are now two little ancient castles, but of no strength, being commanded by a rising ground behind them, which, I confess, I should never have taken notice of, if I had not heard it observed by our captain and officers, my imagination being wholly employed by the tragic story, that you are well acquainted with: _The swimming lover, and the nightly bride, How HERO lov'd, and how LEANDER died_.",en,1633,-4.1570063,11.735847
LTR-044,Verse again!--I am certainly infected by the poetical air I have passed through.,en,1634,7.422446,-11.874694
LTR-044,"That of Abydos is undoubtedly very amorous, since that soft passion betrayed the castle into the hands of the Turks who besieged it in the reign of Orchanes.",en,1635,-37.721592,42.207336
LTR-044,"The governor's daughter, imagining to have seen her future husband in a dream, (though I don't find she had either slept upon bride-cake, or kept St Agnes's fast) fancied she saw the dear figure in the form of one of her besiegers; and, being willing to obey her destiny, tossed a note to him over the wall, with the offer of her person, and the delivery of the castle.",en,1636,-26.169085,38.216385
LTR-044,"He shewed it to his general, who consented to try the sincerity of her intentions, and withdrew his army, ordering the young man to return with a select body of men at midnight.",en,1637,-30.281406,58.151466
LTR-044,"She admitted him at the appointed hour; he destroyed the garrison, took the father prisoner, and made her his wife.",en,1638,-34.04564,51.074127
LTR-044,"This town is in Asia, first founded by the Milesians.",en,1639,-54.906235,46.851604
LTR-044,"Sestos is in Europe, and was once the principal city of Chersonesus.",en,1640,-54.471367,46.609753
LTR-044,"Since I have seen this strait, I find nothing improbable in the adventure of Leander, or very wonderful in the bridge of boats of Xerxes.",en,1641,-14.111865,-46.083134
LTR-044,"'Tis so narrow, 'tis not surprising a young lover should attempt to swim, or an ambitious king try to pass his army over it.",en,1642,-33.969658,44.550358
LTR-044,"But then, 'tis so subject to storms, 'tis no wonder the lover perished, and the bridge was broken.",en,1643,-12.390023,63.557262
LTR-044,"From hence we had a full view of mount Ida; _Where Juno once caress'd her am'rous Jove, And the world's master lay subdu'd by love_.",en,1644,-60.76321,29.28488
LTR-044,"Not many leagues sail from hence, I saw the point of land where poor old Hecuba was buried, and about a league from that place is Cape Janizary, the famous promontory of Sigaeum, where we anchored.",en,1645,-44.25834,-4.728166
LTR-044,"My curiosity supplied me with strength to climb to the top of it, to see the place where Achilles was buried, and where Alexander ran naked round his tomb, in honour of him, which, no doubt, was a great comfort to his ghost.",en,1646,-20.770994,44.91078
LTR-044,"I saw there the ruins of a very large city, and found a stone, on which Mr W----y plainly distinguished the words of _Sigaen Polin_.",en,1647,-40.59792,-0.89129686
LTR-044,"We ordered this on board the ship; but were shewed others much more curious by a Greek priest, tho' a very ignorant fellow, that could give no tolerable account of any thing.",en,1648,-40.0631,-0.3764725
LTR-044,"On each side the door of this little church ly two large stones, about ten feet long each, five in breadth, and three in thickness.",en,1649,-68.58096,-6.16725
LTR-044,"That on the right is a very fine white marble, the side of it beautifully carved in bas-relief; it represents a woman, who seems to be designed for some deity, sitting on a chair with a footstool, and before her another woman, weeping, and presenting to her a young child that she has in her arms, followed by a procession of women with children in the same manner.",en,1650,-74.84447,-7.409841
LTR-044,This is certainly part of a very ancient tomb; but I dare not pretend to give the true explanation of it.,en,1651,1.340381,-34.623726
LTR-044,"On the stone, on the left side, is a very fair inscription; but the Greek is too ancient for Mr W----y's interpretation.",en,1652,-53.938766,-41.102272
LTR-044,"I am very sorry not to have the original in my possession, which might have been purchased of the poor inhabitants for a small sum of money.",en,1653,-31.180754,-18.2182
LTR-044,"But our captain assured us, that without having machines made on purpose, 'twas impossible to bear it to the sea-side; and, when it was there, his long-boat would not be large enough to hold it.",en,1654,3.8740916,55.607365
LTR-044,"THE ruins of this great city are now inhabited by poor Greek peasants, who wear the Sciote habit, the women being in short petticoats, fastened by straps round their shoulders, and large smock sleeves of white linen, with neat shoes and stockings, and on their heads a large piece of muslin, which falls in large folds on their shoulders.--One of my countrymen, Mr Sands, (whose book I doubt not you have read, as one of the best of its kind) speaking of these ruins, supposes them to have been the foundation of a city begun by Constantine, before his building Byzantium; but I see no good reason for that imagination, and am apt to believe them much more ancient.",en,1655,-13.699499,19.061619
LTR-044,"WE saw very plainly from this promontory, the river Simois rolling from mount Ida, and running through a very spacious valley.",en,1656,-65.987915,30.505884
LTR-044,"It is now a considerable river, and is called Simores, it is joined in the vale by the Scamander, which appeared a small stream half choaked (sic) with mud, but is perhaps large in the winter.",en,1657,-67.673355,29.952719
LTR-044,"This was Xanthus amongst the gods, as Homer tells us; and 'tis by that heavenly name, the nymph Oenone invokes it, in her epistle to Paris.",en,1658,-25.874895,-53.535004
LTR-044,"The Trojan virgins used to offer their first favours to it, by the name of Scamander, till the adventure, which Monsieur de la Fontaine has told so agreeably, abolish'd that heathenish ceremony.",en,1659,-33.061615,62.61521
LTR-044,"When the stream is mingled with the Simois, they run together to the sea.",en,1660,24.016459,61.16002
LTR-044,"ALL that is now left of Troy is the ground on which it stood; for, I am firmly persuaded, whatever pieces of antiquity may be found round it, are much more modern, and I think Strabo says the same thing.",en,1661,-11.50172,-37.589745
LTR-044,"However, there is some pleasure in seeing the valley where I imagined the famous duel of Menelaus and Paris had been fought, and where the greatest city in the world was situated.",en,1662,-15.63974,-43.94538
LTR-044,"'Tis certainly the noblest situation that can be found for the head of a great empire, much to be preferred to that of Constantinople, the harbour here being always convenient for ships from all parts of the world, and that of Constantinople inaccessible almost six months in the year, while the north-wind reigns.",en,1663,-34.264046,9.612206
LTR-044,"NORTH of the promontory of Sigaeum we saw that of Rhaeteum, famed for the sepulchre of Ajax.",en,1664,-18.030443,-42.26526
LTR-044,"While I viewed these celebrated fields and rivers, I admired the exact geography of Homer, whom I had in my hand.",en,1665,-17.238735,-42.81279
LTR-044,"Almost every epithet he gives to a mountain or plain, is still just for it; and I spent several hours here in as agreeable cogitations, as ever Don Quixote had on mount Montesinos.",en,1666,-5.8559933,-44.6378
LTR-044,"We sailed next night to the shore, where 'tis vulgarly reported Troy stood; and I took the pains of rising at two in the morning to view cooly those ruins which are commonly shewed to strangers, and which the Turks call _Eski Stamboul, i.e._ Old Constantinople.",en,1667,-61.94111,39.272015
LTR-044,"For that reason, as well as some others, I conjecture them to be the remains of that city begun by Constantine.",en,1668,-6.29361,-37.75628
LTR-044,"I hired an ass (the only voiture to be had there) that I might go some miles into the country, and take a tour round the ancient walls, which are of a vast extent.",en,1669,-40.99638,-3.66573
LTR-044,"We found the remains of a castle on a hill, and of another in a valley, several broken pillars and two pedestals, from which I took these Latin inscriptions: DIVI.",en,1670,-40.60222,-3.111899
LTR-044,AUG. COL.,en,1671,30.98469,-64.684166
LTR-044,ET.,en,1672,44.91005,-35.836056
LTR-044,COL. IUL.,en,1673,32.005116,-64.02002
LTR-044,PHILIPPENSIS EORUNDEM ET PRINCIP.,en,1674,49.422913,-62.740334
LTR-044,AM COL. IUL.,en,1675,32.1026,-63.7829
LTR-044,PARIANAE.,en,1676,46.048218,-60.191605
LTR-044,TRIBUN.,en,1677,43.725872,-59.20784
LTR-044,MILIT.,en,1678,39.67963,-58.906265
LTR-044,COH.,en,1679,33.779453,-67.51311
LTR-044,XXXII.,en,1680,57.15512,-53.02439
LTR-044,VOLUNTAR.,en,1681,39.317932,-55.34528
LTR-044,TRIB.,en,1682,43.165726,-59.739983
LTR-044,MILIT.,en,1683,39.67963,-58.906265
LTR-044,LEG.,en,1684,36.41803,-64.29768
LTR-044,XIII.,en,1685,54.36766,-53.418106
LTR-044,GEM.,en,1686,38.646385,-66.37334
LTR-044,PRAEFECTO EQUIT.,en,1687,45.303898,-65.53481
LTR-044,ALAE.,en,1688,38.420757,-62.66436
LTR-044,I. SCUBULORUM VIC.,en,1689,44.848186,-51.59476
LTR-044,VIII.,en,1690,51.58267,-53.085533
LTR-044,DIVI.,en,1691,36.404716,-58.326473
LTR-044,IULI.,en,1692,36.697754,-60.759163
LTR-044,FLAMINI C. ANTONIO.,en,1693,40.87356,-51.291218
LTR-044,M. F. VOLT.,en,1694,40.687874,-52.342915
LTR-044,RUFO.,en,1695,42.0727,-65.309616
LTR-044,FLAMIN.,en,1696,44.340378,-62.222183
LTR-044,DIV.,en,1697,36.31878,-57.474762
LTR-044,AUG. COL. CL.,en,1698,30.649885,-64.95877
LTR-044,APRENS.,en,1699,42.194656,-62.382397
LTR-044,ET.,en,1700,44.91005,-35.836056
LTR-044,COL. IUL.,en,1701,32.005116,-64.02002
LTR-044,PHILIPPENSIS EORUNDEM ET PRINCIP.,en,1702,49.422913,-62.740334
LTR-044,ITEM COL.  IUL.,en,1703,31.842968,-63.47687
LTR-044,PARIANAE TRIB.,en,1704,46.63687,-59.17268
LTR-044,MILIT.,en,1705,39.67963,-58.906265
LTR-044,COH.,en,1706,33.779453,-67.51311
LTR-044,XXXII.,en,1707,57.156208,-53.024406
LTR-044,VOLUNTARIOR.,en,1708,39.49239,-55.46983
LTR-044,TRIB.,en,1709,43.165726,-59.739983
LTR-044,MILIT.,en,1710,39.28702,-59.33024
LTR-044,XIII.,en,1711,54.36766,-53.418106
LTR-044,GEM.,en,1712,38.64474,-66.37354
LTR-044,PRAEF.,en,1713,43.159065,-63.878105
LTR-044,EQUIT.,en,1714,40.912834,-61.846806
LTR-044,ALAE.,en,1715,38.420757,-62.66436
LTR-044,I. SCUBULORUM VIC.,en,1716,44.848186,-51.59476
LTR-044,VII.,en,1717,51.62782,-54.101635
LTR-044,"I do not doubt but the remains of a temple near this place, are the ruins of one dedicated to Augustus; and I know not why Mr Sands calls it a Christian temple, since the Romans certainly built hereabouts.",en,1718,-8.697507,-37.06062
LTR-044,"Here are many tombs of fine marble, and vast pieces of granate (sic), which are daily lessened by the prodigious balls that the Turks make, from them, for their cannon.",en,1719,-51.57614,-25.156904
LTR-044,"We passed that evening the isle of Tenedos, once under the patronage of Apollo, as he gave it in, himself, in the particulars of his estate, when he courted Daphne.",en,1720,-64.96046,41.048702
LTR-044,"It is but ten miles in circuit, but, in those days, very rich and well-peopled, still famous for its excellent wine.",en,1721,-60.37586,12.017898
LTR-044,"I say nothing of Tenes, from whom it was called; but naming Mytilene, where we passed next, I cannot forbear mentioning Lesbos, where Sappho sung, and Pittacus reigned, famous for the birth of Alcaeus, Theophrastus and Arion, those masters in poetry, philosophy, and music.",en,1722,-8.877819,-46.65875
LTR-044,This was one of the last islands that remained in the Christian dominion after the conquest of Constantinople by the Turks.,en,1723,-51.96924,49.68272
LTR-044,"But need I talk to you of Catucuseno, &c. princes that you are as well acquainted with as I am.",en,1724,15.799307,-33.38973
LTR-044,"'Twas with regret I saw us sail from this island into the Egean (sic) sea, now the Archipelago, leaving Scio (the ancient Chios) on the left, which is the richest and most populous of these islands, fruitful in cotton, corn and silk, planted with groves of orange and lemon trees, and the Arvisian mountain, still celebrated for the nectar that Virgil mentions.",en,1725,-68.90553,35.53133
LTR-044,Here is the best manufacture of silks in all Turkey.,en,1726,-55.058464,-24.543491
LTR-044,"The town is well built, the women famous for their beauty, and shew their faces as in Christendom.",en,1727,-55.124626,-23.642464
LTR-044,"There are many rich families; though they confine their magnificence to the inside of their houses, to avoid the jealousy of the Turks, who have, a bassa here: however, they enjoy a reasonable liberty, and indulge the genius of their country: _And eat, and sing, and dance away their time, Fresh as their groves, and happy as their clime_.",en,1728,-44.483776,14.273988
LTR-044,"Their chains hang lightly on them, tho' 'tis not long since they were imposed, not being under the Turk till 1566.",en,1729,-46.62606,63.108566
LTR-044,"But perhaps 'tis as easy to obey the grand signior as the state of Genoa, to whom they were sold by the Greek emperor.",en,1730,-26.942,-6.0169168
LTR-044,"But I forget myself in these historical touches, which are very impertinent when I write to you.",en,1731,14.477339,-13.547798
LTR-044,"Passing the strait between the islands of Andros and Achaia, now Libadia, we saw the promontory of Lunium, now called Cape Colonna, where are yet standing the vast pillars of a temple of Minerva.",en,1732,-66.51132,36.56608
LTR-044,"This venerable sight made me think, with double regret, on a beautiful temple of Theseus, which, I am assured, was almost entire at Athens, till the last campaign in the Morea, that the Turks filled it with powder, and it was accidentally blown up.",en,1733,-15.79622,-39.762604
LTR-044,"You may believe I had a great mind to land on the fam'd Peloponnesus, tho' it were only to look on the rivers of Asopus, Peneus, Inachus and Eurotas, the fields of Arcadia, and other scenes of ancient mythology.",en,1734,-11.126552,-45.80121
LTR-044,"But instead of demigods and heroes, I was credibly informed, 'tis now over-run by robbers, and that I should run a great risque (sic) of falling into their hands, by undertaking such a journey through a desert country, for which, however, I have so much respect, that I have much ado to hinder myself from troubling you with its whole history, from the foundation of Nycana and Corinth, to the last campaign there; but I check the inclination, as I did that of landing.",en,1735,-3.9901347,11.416167
LTR-044,"We sailed quietly by Cape Angelo, once Malea, where I saw no remains of the famous temple of Apollo.",en,1736,-66.42765,38.996822
LTR-044,"We came that evening in sight of Candia: it is very mountainous; we easily distinguished that of Ida.--We have Virgil's authority, that here were a hundred cities-- _--Centum urbes habitant magnas--_ The chief of them--the scene of monstrous passions.--Metellus first conquered this birth-place of his Jupiter; it fell afterwards into the hands of ---- I am running on to the very siege of Candia; and I am so angry with myself, that I will pass by all the other islands with this general reflection, that 'tis impossible to imagine any thing more agreeable than this journey would have been two or three thousand years since, when, after drinking a dish of tea with Sappho, I might have gone, the same evening, to visit the temple of Homer in Chios, and passed this voyage in taking plans of magnificent temples, delineating the miracles of statuaries, and conversing with the most polite and most gay of mankind.",en,1737,-9.536911,21.854704
LTR-044,Alas!,en,1738,48.928673,3.7703035
LTR-044,"art is extinct here; the wonders of nature alone remain; and it was with vast pleasure I observed those of mount Etna, whose flame appears very bright in the night many leagues off at sea, and fills the head with a thousand conjectures.",en,1739,-16.653011,-38.836708
LTR-044,"However, I honour philosophy too much, to imagine it could turn that of Empedocles; and Lucian shall never make me believe such a scandal of a man, of whom, Lucretius says, _--Vix humana videtur stirpe creatus--_ WE passed Trinacria without hearing any of the syrens that Homer describes; and, being thrown on neither Scylla nor Charybdis, came safe to Malta, first called Melita, from the abundance of honey.",en,1740,-8.322816,7.255863
LTR-044,It is a whole rock covered with very little earth.,en,1741,-70.25657,18.79637
LTR-044,The grand master lives here in the state of a sovereign prince; but his strength at sea now is very small.,en,1742,-43.872505,45.38181
LTR-044,"The fortifications are reckoned the best in the world, all cut in the solid rock with infinite expence and labour.--Off this island we were tossed by a severe storm, and were very glad, after eight days, to be able to put into Porta Farine on the African shore, where our ship now rides.",en,1743,-60.0282,32.348564
LTR-044,At Tunis we were met by the English consul who resides here.,en,1744,-8.533199,54.904305
LTR-044,"I readily accepted of the offer of his house there for some days, being very curious to see this part of the world, and particularly the ruins of Carthage.",en,1745,-12.731975,42.925888
LTR-044,"I set out in his chaise at nine at night, the moon being at full.",en,1746,11.386164,43.953407
LTR-044,"I saw the prospect of the country almost as well as I could have done by day-light; and the heat of the sun is now so intolerable, 'tis impossible to travel at any other time.",en,1747,-1.4077971,-11.684699
LTR-044,"The soil is, for the most part, sandy, but every where fruitful of date, olive, and fig-trees, which grow without art, yet afford the most delicious fruit in the world.",en,1748,-55.962135,-3.1086268
LTR-044,"There vineyards and melon-fields are inclos'd by hedges of that plant we call Indian-fig, which is an admirable fence, no wild beast being able to pass it.",en,1749,-55.617085,-1.326986
LTR-044,"It grows a great height, very thick, and the spikes or thorns are as long and sharp as bodkins; it bears a fruit much eaten by the peasants, and which has no ill taste.",en,1750,-53.249268,-6.2686334
LTR-044,"IT being now the season of the Turkish _ramadan_, or Lent, and all here professing, at least the Mahometan religion, they fast till the going down of the sun, and spend the night in feasting.",en,1751,-45.868263,3.1942713
LTR-044,"We saw under the trees, companies of the country people, eating, singing, and dancing, to their wild music.",en,1752,-75.1523,12.24539
LTR-044,"They are not quite black, but all mulattoes, and the most frightful creatures that can  appear in a human figure.",en,1753,-18.942574,-29.159588
LTR-044,"They are almost naked, only wearing a piece of coarse serge wrapped about them.--But the women have their arms, to their very shoulders, and their necks and faces, adorned with flowers, stars, and various sorts of figures impressed by gunpowder; a considerable addition to their natural deformity; which is, however, esteemed very ornamental amongst them; and I believe they suffer a good deal of pain by it.",en,1754,-73.674545,2.8717902
LTR-044,"ABOUT six miles from Tunis, we saw the remains of that noble aqueduct, which carried the water to Carthage, over several high mountains, the length of forty miles.",en,1755,-61.55501,21.684496
LTR-044,There are still many arches entire.,en,1756,-66.02661,-47.656082
LTR-044,"We spent two hours viewing it with great attention, and Mr W----y assured me that of Rome is very much inferior to it.",en,1757,-0.9008838,48.03502
LTR-044,"The stones are of a prodigious size, and yet all polished, and so exactly fitted to each other, very little cement has been made use of to join them.",en,1758,-57.824238,-25.754286
LTR-044,"Yet they may probably stand a thousand years longer, if art is not made use of to pull them down.",en,1759,-42.547073,-50.43418
LTR-044,"Soon after day-break I arrived at Tunis, a town fairly built of very white stone, but quite without gardens, which, they say, were all destroyed when the Turks first took it, none having been planted since.",en,1760,-57.156128,6.561951
LTR-044,"The dry land gives a very disagreeable prospect to the eye; and the want of shade contributing to the natural heat of the climate, renders it so excessive, that I have much ado to support it.",en,1761,-30.85039,-29.146902
LTR-044,"'Tis true, here is, every noon, the refreshment of the sea-breeze, without which it would be impossible to live; but no fresh water but what is preserved in the cisterns of the rains that fall in the month of September.",en,1762,-30.263178,-27.36194
LTR-044,"The women of the town go veiled from head to foot under a black crape, and being mixed with a breed of renegadoes, are said to be many of them fair and handsome.",en,1763,-72.3311,-26.537504
LTR-044,"This city was besieged in 1270, by Lewis (sic) king of France, who died under the walls of it, of a pestilential fever.",en,1764,-50.182106,54.946136
LTR-044,"After his death, Philip, his son, and our prince Edward, son of Henry III.",en,1765,-42.28476,52.668526
LTR-044,raised the siege on honourable terms.,en,1766,16.856646,66.40151
LTR-044,"It remained under its natural African kings, till betrayed into the hands of Barbarossa, admiral of Solyman the Magnificent.",en,1767,-45.921738,52.916332
LTR-044,"The emperor Charles V. expelled Barbarossa, but it was recovered by the Turk, under the conduct of Sinan Bassa, in the reign of Selim II.",en,1768,-46.579666,56.43606
LTR-044,"From that time till now, it has remained tributary to the grand signior, governed by a _bey_, who suffers the name of subject to the Turk, but has renounced the subjection, being absolute, and very seldom paying any tribute.",en,1769,-43.10123,48.15303
LTR-044,"The great city of Bagdat (sic) is, at this time, in the same circumstances, and the grand signior connives at the loss of these dominions, for fear of losing even the titles of them.",en,1770,-37.499146,51.717926
LTR-044,"I WENT very early yesterday morning (after one night's repose) to see the ruins of Carthage.--I was, however, half broiled in the sun, and overjoyed to be led into one of the subterranean apartments, which they called, _The stables of the elephants_, but which I cannot believe were ever designed for that use.",en,1771,-13.48902,43.68607
LTR-044,"I found in them many broken pieces of columns of fine marble, and some of porphyry.",en,1772,-54.46932,-33.564007
LTR-044,"I cannot think any body would take the insignificant pains of carrying them thither, and I cannot imagine such fine pillars were designed for the use of stables.",en,1773,-21.036263,-32.615395
LTR-044,"I am apt to believe they Were summer apartments under their palaces, which the heat of the climate rendered necessary.",en,1774,-25.697624,-29.938595
LTR-044,They are now used as granaries by the country people.,en,1775,-27.375296,-0.7260647
LTR-044,"While I sat here, from the town of _Tents_ not far off, many of the women flocked in to see me, and we were equally entertained with viewing one another.",en,1776,4.0166116,28.207703
LTR-044,"Their posture in sitting, the colour of their skin, their lank black hair falling on each side their faces, their features, and the shape of their limbs, differ so little from their country-people the baboons, 'tis hard to fancy them a distinct race; I could not help thinking there had been some ancient alliances between them.",en,1777,-32.94261,-36.345604
LTR-044,"WHEN I was a little refreshed by rest, and some milk and exquisite fruit they brought me, I went up the little hill where once stood the castle of Byrsa, and from thence I had a distinct view of the situation of the famous city of Carthage, which stood on an isthmus, the sea coming on each side of it.",en,1778,-43.35494,-1.7539002
LTR-044,"'Tis now a marshy ground on one side, where there are salt ponds.",en,1779,-69.47083,19.468077
LTR-044,Strabo calls Carthage forty miles in circumference.,en,1780,-62.034782,20.314259
LTR-044,"There are now no remains of it, but what I have described; and the history of it is too well known to want my abridgement of it.",en,1781,21.928822,-16.871157
LTR-044,"You see, Sir, that I think you esteem obedience better than compliments.",en,1782,-2.9072027,-2.7385468
LTR-044,"I have answered your letter by giving you the accounts you desired, and have reserved my thanks to the conclusion.",en,1783,23.24228,5.5126915
LTR-044,"I intend to leave this place to-morrow, and continue my journey through Italy and France.",en,1784,19.076574,32.94911
LTR-044,"In one of those places I hope to tell you, by word of mouth, that I am,   Your humble servant, &c. &c.",en,1785,35.96249,13.334672
LTR-045,"I BEG your pardon, my dear sister, that I did not write to you from Tunis, the only opportunity I have had since I left Constantinople.",en,1786,16.844843,-3.6488175
LTR-045,"But the heat there was so excessive, and the light so bad for the sight, I was half blind by writing one letter to the Abbot ----, and durst not go to write many others I had designed; nor indeed could I have entertained you very well out of that barbarous country.",en,1787,16.225864,-3.749296
LTR-045,"I am now surrounded with subjects of pleasure, and so much charmed with the beauties of Italy, that I should think it a kind of ingratitude not to offer a little praise in return for the diversion I have had here.--I am in the house of Mrs D'Avenant at St Pierre d'Arena, and should be very unjust not to allow her a share of that praise I speak of, since her good humour and good company have very much contributed to render this place agreeable to me.",en,1788,-5.498896,15.132748
LTR-045,"GENOA is situated in a very fine bay; and being built on a rising hill, extermixed (sic) with gardens, and beautified with the most excellent architecture, gives a very fine prospect off at sea; though it lost much of its beauty in my eyes, having been accustomed to that of Constantinople.",en,1789,-58.841923,18.467884
LTR-045,"The Genoese were once masters of several islands in the Archipelago, and all that part of Constantinople which is now called Galata.",en,1790,-53.894234,49.80748
LTR-045,"Their betraying the Christian cause, by facilitating the taking of Constantinople by the Turk, deserved what has since happened to them, even the loss of all their conquests on that side to those infidels.",en,1791,-36.34806,60.23132
LTR-045,"They are at present far from rich, and are despised by the French, since their doge was forced by the late king to go in person to Paris, to ask pardon for such a trifle as the arms of France over the house of the envoy, being spattered with dung in the night.",en,1792,-34.39858,54.443047
LTR-045,"This, I suppose, was done by some of the Spanish faction, which still makes up the majority here, though they dare not openly declare it.",en,1793,-0.13209367,-45.30286
LTR-045,"The ladies affect the French habit, and are more genteel than those they imitate.",en,1794,-34.13616,-8.232747
LTR-045,I do not doubt but the custom of Cizisbei's has very much improved their airs.,en,1795,8.317039,-39.923115
LTR-045,I know not whether you ever heard of those animals.,en,1796,8.059465,-37.287777
LTR-045,"Upon my word, nothing but my own eyes could have convinced me there were any such upon earth.",en,1797,0.2786415,-12.612663
LTR-045,"The fashion began here, and is now received all over Italy, where the husbands are not such terrible creatures as we represent them.",en,1798,-29.309238,-5.136197
LTR-045,"There are none among them such brutes, as to pretend to find fault with a custom so well established, and so politically founded, since I am assured, that it was an expedient, first found out by the senate, to put an end to those family hatreds, which tore their state to pieces, and to find employment for those young men who were forced to cut one another's throats, _pour passer le temps_: and it has succeeded so well, that since the institution of Cizisbei, there has been nothing but peace and good humour amongst them.",en,1799,-11.90015,17.408619
LTR-045,"These are gentlemen who devote themselves to the service of a particular lady (I mean a married one) for the virgins are all invisible, and confined to convents: They are obliged to wait on her to all public places, such as the plays, operas, and assemblies, (which are called here _Conversations_) where they wait behind her chair, take care of her fan and gloves, if she plays, have the privilege of whispers, &c.--When she goes out, they serve her instead of lacquies (sic), gravely trotting by her chair.",en,1800,-27.33755,21.740269
LTR-045,"'Tis their business to prepare for her a present against any day of public appearance, not forgetting that of her own name [Footnote: That is, the day of the saint after whom she is called.",en,1801,-43.828625,29.454092
LTR-045,"]; in short, they are to spend all their time and money in her service, who rewards them accordingly (for opportunity they want none) but the husband is not to have the impudence to suppose this any other than pure Platonic friendship.",en,1802,-25.821795,31.264782
LTR-045,"'Tis true, they endeavour to give her a Cizisbei of their own chusing; but when the lady happens not to be of the same taste, as that often happens, she never fails to bring it about to have one of her own fancy.",en,1803,-23.287333,22.690245
LTR-045,"In former times, one beauty used to have eight or ten of these humble admirers; but those days of plenty and humility are no more.",en,1804,-44.955296,21.334694
LTR-045,"Men grow more scarce and saucy, and every lady is forced to content herself with one at a time.",en,1805,-36.44315,-7.7110963
LTR-045,"You may see in this place the _glorious liberty_ of a republic, or more properly, an aristocracy, the common people being here as arrant slaves as the French; but the old nobles pay little respect to the doge, who is but two years in his office, and whose wife, at that very time, assumes no rank above another noble lady.",en,1806,-25.477423,15.237855
LTR-045,"'Tis true, the family of Andrea Doria (that great man, who restored them that liberty they enjoy) have some particular privileges.",en,1807,-46.81444,-52.437786
LTR-045,"When the senate found it necessary to put a stop to the luxury of dress, forbidding the wearing of jewels and brocades, they left them at liberty to make what expence they pleased.",en,1808,-42.31693,21.660076
LTR-045,"I look with great pleasure on the statue of that hero, which is in the court belonging to the house of duke Doria.",en,1809,-25.68891,-38.362225
LTR-045,"This puts me in mind of their palaces, which I can never describe as I ought.--Is it not enough, that I say, they are, most of them, the design of Palladio?",en,1810,-1.2677697,-33.592472
LTR-045,"The street called Strada Nova, is perhaps the most beautiful line of building in the world.",en,1811,-47.117863,-12.112313
LTR-045,"I must particularly mention the vast palaces of Durazzo, those of the two Balbi, joined together by a magnificent colonade (sic), that of the Imperiale at this village of St Pierre d'Arena, and another of the Doria.",en,1812,-45.40158,-13.838768
LTR-045,"The perfection of architecture, and the utmost profusion of rich furniture are to be seen here, disposed with the most elegant taste, and lavish magnificence.",en,1813,-36.360264,-17.76345
LTR-045,"But I am charmed with nothing so much as the collection of pictures by the pencils of Raphael, Paulo Veronese, Titian, Caracci, Michael Angelo, Guido, and Corregio, which two I mention last as my particular favourites.",en,1814,-12.267883,-49.79097
LTR-045,"I own, I can find no pleasure in objects of horror; and, in my opinion, the more naturally a crucifix is represented, the more disagreeable it is.",en,1815,-6.363265,-15.910895
LTR-045,"These, my beloved painters, shew nature, and shew it in the most charming light.",en,1816,-64.07892,-29.90135
LTR-045,"I was particularly pleased with a Lucretia in the house of Balbi; the expressive beauty of that face and bosom, gives all the passion of pity and adoration, that could be raised in the soul, by the finest artist on that subject.",en,1817,-5.7583385,-12.421173
LTR-045,"A Cleopatra of the same hand, deserves to be mentioned; and I should say more of her if Lucretia had not first engaged my eyes.--Here are also some inestimable ancient bustos (sic).--The church of St Lawrence is built of black and white marble, where is kept that famous plate of a single emerald, which is not now permitted to be handled, since a plot, which, they say, was discovered, to throw it on the pavement and break it; a childish piece of malice, which they ascribe to the king of Sicily, to be revenged for their refusing to sell it to him.",en,1818,-13.50873,19.71651
LTR-045,"The church of the annunciation is finely lined with marble; the pillars are of red and white marble; that of St Ambrose has been very much adorned by the Jesuits; but I confess, all the churches appeared so mean to me, after that of Sancta Sophia, I can hardly do them the honour of writing down their names.",en,1819,-45.938267,-17.82903
LTR-045,"But I hope you will own, I have made good use of my time, in seeing so much, since 'tis not many days that we have been out of the quarantine, from which no body is exempted coming from the Levant.",en,1820,10.387478,27.19442
LTR-045,"Ours, indeed, was very much shortened, and very agreeably passed in Mrs D'Avenant's company, in the village of St Pierre d'Arena, about a mile from Genoa, in a house built by Palladio, so well designed, and so nobly proportioned, 'twas a pleasure to walk in it.",en,1821,-54.854416,29.857695
LTR-045,"We were visited here only by a few English, in the company of a noble Genoese; commissioned to see we did not touch one another.--I shall stay here some days longer, and could almost wish it were for all my life; but mine, I fear, is not destined to so much tranquillity.",en,1822,8.619721,29.281769
LTR-045,"I am, &c. &c.",en,1823,42.12915,16.831326
LTR-046,"I CAME in two days from Genoa, through fine roads, to this place.",en,1824,15.870701,40.52563
LTR-046,"I have already seen what is shewed to strangers in the town, which, indeed, is not worth a very particular description; and I have not respect enough for the holy handkerchief, to speak long of it.",en,1825,3.7306502,-21.851107
LTR-046,"The churches are handsome, and so is the king's palace; but I have lately seen such perfection of architecture, I did not give much of my attention to these pieces.",en,1826,-46.54768,-23.200647
LTR-046,"The town itself is fairly built, situated in a fine plain on the banks of the Po.",en,1827,-64.80112,23.527431
LTR-046,"At a little distance from it, we saw the palaces of La Venerie, and La Valentin, both very agreeable retreats.",en,1828,-48.83012,-18.068445
LTR-046,"We were lodged in the Piazza Royale, which is one of the noblest squares I ever saw, with a fine portico of white stone quite round it.",en,1829,-61.00527,-3.1192775
LTR-046,"We were immediately visited by the Chevalier ----, whom you knew in England; who, with great civility, begged to introduce us at Court, which is now kept at Rivoli, about a league from Turin.",en,1830,-11.178637,55.80293
LTR-046,"I went thither yesterday, and had the honour of waiting on the queen, being presented to her by her first lady of honour.",en,1831,-15.92616,49.443676
LTR-046,"I found her majesty in a magnificent apartment, with a train of handsome ladies, all dressed in gowns, amongst which it was easy to distinguish the fair princess of Carignan.",en,1832,-54.94024,27.640062
LTR-046,"The queen entertained me with a world of sweetness and affability, and seemed mistress of a great share of good sense.",en,1833,-9.287145,35.317932
LTR-046,"She did not forget to put me in mind of her English blood; and added, that she always felt in herself a particular inclination to love the English.",en,1834,-6.421749,25.334187
LTR-046,"I returned her civility, by giving her the title of majesty, as often as I could, which, perhaps, she will not have the comfort of hearing many months longer.--The king has a great deal of vivacity in his eyes; and the young prince of Piedmont is a very handsome young man; but the great devotion which this Court is, at present, fallen into, does not permit any of those entertainments proper for his age.",en,1835,-30.784544,41.615524
LTR-046,"Processions and masses are all the magnificence in fashion here; and gallantry is so criminal, that the poor Count of ----, who was our acquaintance at London, is very seriously disgraced, for some small overtures he presumed to make to a maid of honour.",en,1836,-13.114028,53.90439
LTR-046,"I intend to set out tomorrow, and to pass those dreadful Alps, so much talked of.--If I come to the bottom, you shall hear of me.--I am, &c. &c.",en,1837,20.168064,35.21155
LTR-047,"I RECEIVED, at my arrival here, both your obliging letters, and also letters from many of my other friends, designed to Constantinople, and sent me from Marseilles hither; our merchant there, knowing we were upon our return.",en,1838,23.33646,-3.275516
LTR-047,I am surprised to hear my sister has left England.,en,1839,25.948196,-7.0107946
LTR-047,"I suppose what I wrote to her from Turin will be lost, and where to direct I know not, having no account of her affairs from her own hand.",en,1840,19.880383,-4.663531
LTR-047,"For my own part, I am confined to my chamber, having kept my bed till yesterday, ever since the 17th, that I came to this town, where I have had so terrible a fever, I believed, for some time, that all my journeys were ended here; and I do not at all wonder, that such fatigues as I have passed, should have such an effect.",en,1841,10.39576,31.463385
LTR-047,"The first day's journey from Turin to Novalesse, is through a very fine country, beautifully planted, and enriched by art and nature.",en,1842,-61.477913,17.839478
LTR-047,"The next day we began to ascend mount Cenis, being carried in little seats of twisted osiers, fixed upon poles, upon mens shoulders; our chaises taken to pieces, and laid upon mules.",en,1843,-74.524055,33.362877
LTR-047,"THE prodigious prospect of mountains covered with eternal snow, of clouds hanging far below our feet, and of vast cascades tumbling down the rocks with a confused roaring, would have been entertaining to me, if I had suffered less from the extreme cold that reigns here.",en,1844,-28.662817,-30.187603
LTR-047,"But the misty rains which fall perpetually, penetrated even the thick fur I was wrapped in; and I was half dead with cold, before we got to the foot of the mountain, which was not till two hours after dark.",en,1845,8.903251,50.67811
LTR-047,"This hill has a spacious plain on the top of it, and a fine lake there; but the descent is so steep and slippery, 'tis surprising to see these chairmen go so steadily as they do.",en,1846,-63.70052,14.481521
LTR-047,"Yet I was not half so much afraid of breaking my neck, as I was of falling sick; and the event has shewed, that I placed my fears right.",en,1847,15.2144575,23.922823
LTR-047,"THE other mountains are now all passable for a chaise, and very fruitful in vines and pastures: Amongst them is a breed of the finest goats in the world.",en,1848,-53.805355,-3.8338592
LTR-047,"Acquebellet is the last, and soon after we entered Pont Beauvoisin, the frontier town of France, whose bridge parts this kingdom, and the dominions of Savoy.",en,1849,-55.493744,39.57286
LTR-047,"The same night we arrived late at this town, where I have had nothing to do, but to take care of my health.",en,1850,12.586925,38.123283
LTR-047,"I think myself already out of any danger; and am determined, that the sore throat, which still remains, shall not confine me long.",en,1851,15.998248,23.226915
LTR-047,"I am impatient to see the curiosities of this famous city, and more impatient to continue my journey to Paris, from whence I hope to write you a more diverting letter than 'tis possible for me to do now, with a mind weakened by sickness, a head muddled with spleen, from a sorry inn, and a chamber crammed with mortifying objects of apothecaries vials and bottles.--I am, &c. &c.",en,1852,14.082,-6.2430773
LTR-048,"I RECEIVED yours here, and should thank you for the pleasure you seem to enjoy from my return; but I can hardly forbear being angry at you for rejoicing at what displeases me so much.",en,1853,17.504145,4.5486946
LTR-048,You will think this but an odd compliment on my side.,en,1854,29.549896,-4.511351
LTR-048,"I'll assure you, 'tis not from insensibility of the joy of seeing my friends; but when I consider, that I must, at the same time, see and hear a thousand disagreeable impertinents; that I must receive and pay visits, make courtesies and assist at tea-tables, where I shall be half killed with questions: and, on the other part, that I am a creature that cannot serve any body, but with insignificant good wishes; and that my presence is not a necessary good to any one member of my native country, I think I might much better have staid where ease and quiet made up the happiness of my indolent life.--I should certainly be melancholy, if I pursued this theme one line farther.",en,1855,-7.8006773,14.863207
LTR-048,"I will rather fill the remainder of this paper with the inscriptions on the tables of brass, that are placed on each side of the town-house.",en,1856,25.979025,-23.484884
LTR-048,I. T A B L E. Maererum.,en,1857,44.745975,-49.83711
LTR-048,nostr : : : : : sii : : : : : Equidem.,en,1858,44.79521,-21.19035
LTR-048,primam.,en,1859,98.48514,-8.005925
LTR-048,omnium.,en,1860,58.906708,-19.624702
LTR-048,illum.,en,1861,61.146908,24.10934
LTR-048,cogitationem.,en,1862,102.44234,-0.7526144
LTR-048,hominum.,en,1863,80.96429,17.531994
LTR-048,quam.,en,1864,72.78939,-40.258945
LTR-048,maxime.,en,1865,63.210857,-8.514118
LTR-048,primam.,en,1866,98.48514,-8.005925
LTR-048,occursuram.,en,1867,96.20222,-8.363887
LTR-048,mihi.,en,1868,57.606438,33.119762
LTR-048,provideo.,en,1869,94.21446,-17.269567
LTR-048,deprecor.,en,1870,84.29358,-6.3798065
LTR-048,ne.,en,1871,52.344315,47.89397
LTR-048,quasi.,en,1872,77.06735,-42.284817
LTR-048,novam.,en,1873,66.36025,39.544678
LTR-048,istam.,en,1874,62.98951,27.340471
LTR-048,rem.,en,1875,88.135605,-23.239363
LTR-048,introduci.,en,1876,99.13645,-5.160614
LTR-048,exhorreseatis.,en,1877,88.65761,-7.4650755
LTR-048,sed.,en,1878,51.642048,-16.922602
LTR-048,illa.,en,1879,64.199394,22.98621
LTR-048,po.,en,1880,61.637802,-32.933903
LTR-048,tius.,en,1881,75.60503,-5.3786354
LTR-048,cogitetis.,en,1882,102.07009,-0.73370326
LTR-048,quam.,en,1883,71.29682,-40.27254
LTR-048,multa.,en,1884,64.48953,-10.398303
LTR-048,in.,en,1885,51.891396,-32.131527
LTR-048,hac.,en,1886,62.985825,19.324001
LTR-048,civitate.,en,1887,89.64519,22.69169
LTR-048,novata.,en,1888,67.16317,39.888798
LTR-048,sint.,en,1889,72.34455,25.459524
LTR-048,et.,en,1890,45.017094,-33.090244
LTR-048,quidem.,en,1891,54.69974,-12.212091
LTR-048,statim.,en,1892,75.444954,-29.114809
LTR-048,ab.,en,1893,55.311348,-36.307487
LTR-048,origine.,en,1894,69.53487,10.553649
LTR-048,urbis.,en,1895,88.517975,21.813276
LTR-048,nostrae.,en,1896,53.516342,36.625885
LTR-048,in.,en,1897,53.57576,-32.61344
LTR-048,quod.,en,1898,64.45346,-40.380455
LTR-048,formas.,en,1899,68.830414,-3.4838421
LTR-048,statusque.,en,1900,81.968636,29.957315
LTR-048,res.,en,1901,53.159885,-10.775822
LTR-048,p. nostra.,en,1902,52.18923,34.225464
LTR-048,diducta.,en,1903,86.10486,-15.318119
LTR-048,sit.,en,1904,75.26076,25.699158
LTR-048,Quondam.,en,1905,73.10112,-46.892235
LTR-048,reges.,en,1906,85.82323,26.793764
LTR-048,hanc.,en,1907,60.558006,18.056831
LTR-048,tenuere.,en,1908,88.60511,-10.608823
LTR-048,urbem.,en,1909,88.490845,21.902151
LTR-048,ne.,en,1910,51.74032,48.05063
LTR-048,tamen.,en,1911,53.319317,-16.326452
LTR-048,domesticis.,en,1912,72.52199,14.367137
LTR-048,successoribus.,en,1913,91.10685,-14.846902
LTR-048,eam.,en,1914,59.757008,23.562109
LTR-048,tradere.,en,1915,81.61823,-13.509235
LTR-048,contigit.,en,1916,95.229324,-9.227661
LTR-048,supervenere.,en,1917,87.059586,-10.800646
LTR-048,alieni.,en,1918,71.8213,-12.5613165
LTR-048,et.,en,1919,45.920197,-33.18458
LTR-048,quidam.,en,1920,62.289604,-44.627506
LTR-048,externi.,en,1921,71.6112,-13.569584
LTR-048,ut.,en,1922,70.94303,-17.251198
LTR-048,Numa.,en,1923,56.91612,44.034237
LTR-048,Romulo.,en,1924,57.421112,0.99675
LTR-048,successerit.,en,1925,92.002335,-6.544386
LTR-048,ex.,en,1926,49.64601,-37.730118
LTR-048,Sabinis.,en,1927,54.87236,13.708509
LTR-048,veniens.,en,1928,102.56713,-5.5631437
LTR-048,vicinus.,en,1929,75.85548,16.074942
LTR-048,quidem.,en,1930,55.014565,-12.998259
LTR-048,sed.,en,1931,51.713997,-18.014265
LTR-048,tunc.,en,1932,73.06095,-32.256474
LTR-048,externus.,en,1933,71.6925,-13.563412
LTR-048,ut.,en,1934,70.944244,-17.940948
LTR-048,Anco.,en,1935,52.758057,5.8828483
LTR-048,Marcio.,en,1936,56.141277,4.1323676
LTR-048,"Priseus, Tarquinius.",en,1937,55.628757,8.554002
LTR-048,propter.,en,1938,73.229256,-24.201092
LTR-048,temeratum.,en,1939,83.83389,-3.4086995
LTR-048,sanguinem.,en,1940,82.244446,13.837148
LTR-048,quod.,en,1941,64.28863,-40.576134
LTR-048,patre.,en,1942,74.70323,11.019182
LTR-048,de.,en,1943,58.17926,-35.273354
LTR-048,marato.,en,1944,70.83347,-1.329084
LTR-048,Corinthio.,en,1945,58.785076,5.9120016
LTR-048,natus.,en,1946,97.54784,5.823313
LTR-048,eret.,en,1947,74.007965,1.5353408
LTR-048,et.,en,1948,45.626324,-32.47053
LTR-048,Tarquiniensi.,en,1949,56.702328,8.114938
LTR-048,matre.,en,1950,73.15834,10.064019
LTR-048,generosa.,en,1951,80.26248,6.286427
LTR-048,sed.,en,1952,52.063606,-17.207645
LTR-048,inopi.,en,1953,79.81638,3.2081244
LTR-048,ut.,en,1954,70.89895,-18.616917
LTR-048,quae.,en,1955,65.001755,-42.13464
LTR-048,tali.,en,1956,74.64944,-6.729225
LTR-048,marito.,en,1957,78.26519,15.773525
LTR-048,necesse.,en,1958,67.56167,-20.391897
LTR-048,habuerit.,en,1959,73.64394,30.02254
LTR-048,succumbere.,en,1960,87.17032,-8.712211
LTR-048,cum.,en,1961,77.648605,-37.074574
LTR-048,domi.,en,1962,71.4241,14.346423
LTR-048,repelleretur.,en,1963,87.57669,-17.911104
LTR-048,a. gerendis.,en,1964,93.5717,-22.70502
LTR-048,honoribus.,en,1965,91.15604,8.66563
LTR-048,postquam.,en,1966,70.703224,-31.032635
LTR-048,Romam.,en,1967,59.505653,2.2518322
LTR-048,migravit.,en,1968,77.578255,-14.440488
LTR-048,regnum.,en,1969,87.11247,27.719294
LTR-048,adeptus.,en,1970,94.661064,-6.6213493
LTR-048,est.,en,1971,68.38101,26.58562
LTR-048,huie.,en,1972,79.28248,-5.875137
LTR-048,quoque.,en,1973,59.07255,-14.416459
LTR-048,et.,en,1974,46.497772,-32.76309
LTR-048,filio.,en,1975,79.6079,11.633813
LTR-048,nepotive.,en,1976,81.73062,0.61992496
LTR-048,ejus.,en,1977,59.926197,25.506199
LTR-048,nam.,en,1978,54.785027,35.61035
LTR-048,et.,en,1979,45.920197,-33.18458
LTR-048,hoc.,en,1980,61.636948,18.238014
LTR-048,inter.,en,1981,54.792942,-27.84209
LTR-048,auctores.,en,1982,100.8387,8.438889
LTR-048,discrepat.,en,1983,83.41808,-15.915293
LTR-048,incretus.,en,1984,96.78009,-5.2106733
LTR-048,Servius.,en,1985,79.054504,22.136047
LTR-048,Tullius.,en,1986,35.224415,-53.460712
LTR-048,si.,en,1987,52.92734,24.184649
LTR-048,nostros.,en,1988,53.924713,36.67258
LTR-048,sequimur.,en,1989,91.02763,-14.170461
LTR-048,captiva.,en,1990,98.17776,-12.694328
LTR-048,natus.,en,1991,97.54784,5.823313
LTR-048,ocresia.,en,1992,75.272026,-11.442053
LTR-048,si.,en,1993,53.048683,24.274748
LTR-048,tuscos.,en,1994,75.09617,-4.095818
LTR-048,coeli.,en,1995,88.449326,13.002994
LTR-048,quondam.,en,1996,73.17741,-29.243095
LTR-048,vivennae.,en,1997,74.03706,6.145969
LTR-048,sodalis.,en,1998,98.11851,12.199891
LTR-048,fidelissimus.,en,1999,66.19321,-1.2942512
LTR-048,omnisque.,en,2000,58.86837,-20.23751
LTR-048,ejus.,en,2001,59.744648,25.866528
LTR-048,casus.,en,2002,77.64702,-24.49109
LTR-048,comes.,en,2003,101.83181,-5.774983
LTR-048,postquam.,en,2004,70.70322,-31.032635
LTR-048,varia.,en,2005,80.2746,-16.014387
LTR-048,fortuna.,en,2006,85.81166,7.163398
LTR-048,exactus.,en,2007,54.686848,-8.615598
LTR-048,cum.,en,2008,78.567566,-36.60179
LTR-048,omnibus.,en,2009,58.44728,-19.428251
LTR-048,reliquis.,en,2010,76.24642,-17.41762
LTR-048,coeliani.,en,2011,88.46338,13.04282
LTR-048,exercitus.,en,2012,84.70103,21.098562
LTR-048,Etruria.,en,2013,64.92826,9.219495
LTR-048,excessit.,en,2014,68.40135,-13.869208
LTR-048,montem.,en,2015,68.25946,-6.8892274
LTR-048,Coelium.,en,2016,30.091795,-52.048607
LTR-048,occupavit.,en,2017,93.83639,-8.024913
LTR-048,et.,en,2018,44.765514,-32.77084
LTR-048,a. duce.,en,2019,71.21283,-21.278133
LTR-048,suo.,en,2020,59.237106,26.822678
LTR-048,Coelio.,en,2021,30.079819,-52.024338
LTR-048,ita.,en,2022,64.87567,14.675009
LTR-048,appellitatus.,en,2023,104.434006,-14.80957
LTR-048,mutatoque.,en,2024,79.20938,-15.138459
LTR-048,nomine.,en,2025,61.532265,41.144516
LTR-048,nam.,en,2026,54.785027,35.61035
LTR-048,tusce.,en,2027,75.22664,-4.3698635
LTR-048,mastarna.,en,2028,72.58558,-3.0508738
LTR-048,ei.,en,2029,53.369625,47.706284
LTR-048,nomen.,en,2030,60.891144,40.880627
LTR-048,erat.,en,2031,70.37719,32.416164
LTR-048,ita.,en,2032,64.874466,14.675075
LTR-048,appellatus.,en,2033,104.2177,-14.794971
LTR-048,est.,en,2034,68.992905,26.451267
LTR-048,ut.,en,2035,70.60375,-17.363619
LTR-048,dixi.,en,2036,64.30293,-21.890364
LTR-048,et.,en,2037,44.959095,-32.030376
LTR-048,regnum.,en,2038,87.11236,27.71915
LTR-048,summa.,en,2039,81.94383,-29.44649
LTR-048,cum.,en,2040,78.335365,-38.0056
LTR-048,reip.,en,2041,86.25397,-21.943542
LTR-048,utilitate.,en,2042,88.18785,5.302787
LTR-048,obtinuit.,en,2043,93.30437,-6.408497
LTR-048,diende.,en,2044,90.111824,-26.592503
LTR-048,postquam.,en,2045,70.703224,-31.032635
LTR-048,Tarquini.,en,2046,56.337543,7.946827
LTR-048,Superbi.,en,2047,62.15735,-2.7855108
LTR-048,mores.,en,2048,70.57778,-4.478235
LTR-048,invisi.,en,2049,96.84297,-3.3586805
LTR-048,civitati.,en,2050,90.65234,22.217194
LTR-048,nostrae.,en,2051,53.516342,36.625885
LTR-048,esse.,en,2052,70.998344,29.338217
LTR-048,coeperunt.,en,2053,92.29676,-9.697686
LTR-048,qua.,en,2054,66.07389,-33.89382
LTR-048,ipsius.,en,2055,61.06173,26.743551
LTR-048,qua.,en,2056,66.19512,-33.413555
LTR-048,filiorum ejus nempe.,en,2057,79.68935,12.389304
LTR-048,pertaesum.,en,2058,94.88338,-9.703214
LTR-048,est.,en,2059,67.63721,25.890444
LTR-048,mentes.,en,2060,80.92007,1.7472785
LTR-048,regni.,en,2061,87.24482,26.988865
LTR-048,et.,en,2062,44.76365,-32.37054
LTR-048,ad.,en,2063,99.64708,-23.432463
LTR-048,consules.,en,2064,97.83877,21.270817
LTR-048,annuos.,en,2065,60.693336,-26.541405
LTR-048,magistratus.,en,2066,101.35208,13.796236
LTR-048,administratio.,en,2067,90.4176,30.434551
LTR-048,reip.,en,2068,86.253235,-21.943121
LTR-048,translata.,en,2069,79.043976,-12.852729
LTR-048,est.,en,2070,68.08064,25.730724
LTR-048,Quid.,en,2071,67.27251,-47.52181
LTR-048,nunc.,en,2072,76.90516,-29.985006
LTR-048,commemorem.,en,2073,83.03592,-34.246906
LTR-048,"dictaturae, hoc.",en,2074,87.82321,32.039635
LTR-048,ipso.,en,2075,62.42709,27.503338
LTR-048,consulari.,en,2076,97.85743,22.0006
LTR-048,imperium.,en,2077,89.11998,29.026972
LTR-048,valentius.,en,2078,67.316536,-0.301453
LTR-048,repertum.,en,2079,96.3179,-6.805006
LTR-048,apud.,en,2080,55.965042,-32.491787
LTR-048,majores.,en,2081,65.31745,-5.850553
LTR-048,nostros quo.,en,2082,52.50165,36.89349
LTR-048,in.,en,2083,52.821594,-32.252007
LTR-048,asperioribus.,en,2084,82.65385,-1.7317532
LTR-048,bellis.,en,2085,73.87763,-0.92460316
LTR-048,aut.,en,2086,50.911304,-25.503466
LTR-048,in.,en,2087,52.222225,-32.95408
LTR-048,civili.,en,2088,88.965324,19.170055
LTR-048,motu.,en,2089,71.472115,-6.3615174
LTR-048,difficiliori.,en,2090,81.781334,-3.2516336
LTR-048,uterentur.,en,2091,73.13825,-14.291215
LTR-048,aut.,en,2092,50.911304,-25.503466
LTR-048,in.,en,2093,52.09062,-31.723022
LTR-048,auxilium.,en,2094,51.598713,-23.395166
LTR-048,plebis.,en,2095,85.7054,16.646229
LTR-048,creatos.,en,2096,100.4244,4.823862
LTR-048,tribunos.,en,2097,89.22471,0.8140437
LTR-048,plebei.,en,2098,85.35517,16.098648
LTR-048,quid.,en,2099,65.81977,-45.516605
LTR-048,a. consulibus.,en,2100,98.594696,21.026213
LTR-048,ad.,en,2101,100.34953,-23.380161
LTR-048,decemviros.,en,2102,65.55146,-28.127615
LTR-048,translatum.,en,2103,79.02081,-12.827249
LTR-048,imperium.,en,2104,89.42896,28.870806
LTR-048,solutoque postea decemvirali.,en,2105,67.47222,-29.181337
LTR-048,regno.,en,2106,86.72363,27.064423
LTR-048,ad.,en,2107,100.27105,-22.755415
LTR-048,consules.,en,2108,97.83877,21.270817
LTR-048,rursus.,en,2109,88.36256,-19.161743
LTR-048,reditum.,en,2110,88.62422,-17.919874
LTR-048,quid.,en,2111,65.83665,-46.00352
LTR-048,im : : : : v ris.,en,2112,45.98,-22.0418
LTR-048,distributum.,en,2113,84.12924,-14.891519
LTR-048,"consulare, imperium.",en,2114,97.261986,23.158401
LTR-048,tribunosque.,en,2115,89.418434,0.8111954
LTR-048,militum.,en,2116,84.90195,20.787312
LTR-048,consulari.,en,2117,97.85743,22.0006
LTR-048,imperio.,en,2118,88.83087,28.02507
LTR-048,appellatus.,en,2119,104.21916,-14.79432
LTR-048,qui.,en,2120,68.50447,-42.09001
LTR-048,seni.,en,2121,52.030933,27.351564
LTR-048,et octoni.,en,2122,42.03303,-31.316017
LTR-048,crearentur.,en,2123,100.83666,4.2210402
LTR-048,quid.,en,2124,66.35219,-46.318897
LTR-048,communicatos.,en,2125,96.824455,-15.284105
LTR-048,postremo.,en,2126,70.37242,-29.908453
LTR-048,cum.,en,2127,77.648605,-37.074574
LTR-048,plebe.,en,2128,85.31417,16.520666
LTR-048,honores.,en,2129,91.110504,8.354112
LTR-048,non.,en,2130,51.956806,47.05534
LTR-048,imperi.,en,2131,89.09945,26.902788
LTR-048,solum.,en,2132,61.172363,-16.842657
LTR-048,sed.,en,2133,51.29991,-17.564026
LTR-048,sacerdotorum.,en,2134,97.673004,15.724752
LTR-048,quoque.,en,2135,59.072502,-14.416762
LTR-048,jamsi.,en,2136,87.691055,-30.399208
LTR-048,narrem.,en,2137,78.8937,-1.8675258
LTR-048,bella.,en,2138,77.74362,5.7113023
LTR-048,a. quibus.,en,2139,62.491444,-38.347668
LTR-048,coeperint.,en,2140,92.58764,-10.638814
LTR-048,majores.,en,2141,65.31592,-5.8512588
LTR-048,nostri.,en,2142,54.044884,37.29326
LTR-048,et.,en,2143,45.210407,-31.790157
LTR-048,quo.,en,2144,68.384926,-40.29372
LTR-048,processerimus.,en,2145,82.49514,-10.773376
LTR-048,vereor.,en,2146,74.29998,1.7322807
LTR-048,ne.,en,2147,52.760513,48.332794
LTR-048,nimio.,en,2148,59.73102,36.564518
LTR-048,insolentior.,en,2149,82.853584,-0.05799638
LTR-048,esse.,en,2150,70.693665,28.911596
LTR-048,videar.,en,2151,93.35536,-0.6157988
LTR-048,et.,en,2152,46.346992,-32.414295
LTR-048,quaesisse.,en,2153,104.8599,-10.226112
LTR-048,jactationem.,en,2154,87.29269,-13.486822
LTR-048,gloriae.,en,2155,89.697624,8.419534
LTR-048,prolati.,en,2156,80.85764,-8.939267
LTR-048,imperi.,en,2157,89.099754,26.903414
LTR-048,ultra.,en,2158,66.42945,-13.923633
LTR-048,oceanum.,en,2159,59.02015,13.159059
LTR-048,sed.,en,2160,51.303707,-17.371876
LTR-048,illo.,en,2161,61.476604,23.187849
LTR-048,C. Porius.,en,2162,44.75148,-44.16364
LTR-048,revertar.,en,2163,87.28569,-18.712137
LTR-048,civitatem.,en,2164,88.951324,22.136312
LTR-048,II.,en,2165,50.558067,-49.003353
LTR-048,T A B L E. : : : : : : : : : : : : : : : sane : : : : : : : : : : : : : : : : : : : : nova : : : divus : aug : : : no : lus.,en,2166,43.593998,-22.16573
LTR-048,et.,en,2167,46.299976,-32.117344
LTR-048,patruus.,en,2168,75.64247,9.420163
LTR-048,Ti.,en,2169,50.5494,26.129007
LTR-048,Caesar.,en,2170,79.380226,24.732895
LTR-048,omnem.,en,2171,58.33084,-20.168907
LTR-048,florem.,en,2172,76.38847,-1.7019024
LTR-048,ubique.,en,2173,59.10287,-21.175392
LTR-048,coloniarum.,en,2174,93.4512,21.021984
LTR-048,ac.,en,2175,45.063633,-29.37645
LTR-048,municipiorum.,en,2176,90.29858,21.03513
LTR-048,bonorum.,en,2177,77.86076,4.00709
LTR-048,scilicet.,en,2178,56.575245,-9.183448
LTR-048,virorum.,en,2179,80.52258,16.975424
LTR-048,et.,en,2180,45.387062,-32.555893
LTR-048,locupletium.,en,2181,89.83038,-2.2844079
LTR-048,in.,en,2182,52.833244,-32.53113
LTR-048,hac.,en,2183,62.985825,19.324001
LTR-048,curia.,en,2184,82.69943,7.47732
LTR-048,esse.,en,2185,70.75953,29.463718
LTR-048,voluit.,en,2186,107.10828,-8.156784
LTR-048,quid.,en,2187,66.840454,-46.03828
LTR-048,ergo.,en,2188,64.5715,12.979887
LTR-048,non.,en,2189,51.956806,47.05534
LTR-048,italicus.,en,2190,67.66872,7.736843
LTR-048,senator.,en,2191,101.46882,17.555048
LTR-048,"provinciali, potior.",en,2192,93.3554,25.217955
LTR-048,est.,en,2193,68.958115,26.811295
LTR-048,jam.,en,2194,87.296295,-28.95886
LTR-048,vobis.,en,2195,52.512733,28.188755
LTR-048,cum.,en,2196,77.424675,-37.90106
LTR-048,hanc.,en,2197,60.659824,18.219917
LTR-048,partem.,en,2198,58.908806,-41.24556
LTR-048,censurae.,en,2199,88.0886,-4.969005
LTR-048,meae.,en,2200,59.30616,34.49451
LTR-048,approbare.,en,2201,89.79683,-5.152343
LTR-048,coepero.,en,2202,92.4345,-10.179541
LTR-048,quid.,en,2203,66.258125,-46.334404
LTR-048,de.,en,2204,58.178947,-35.27509
LTR-048,ca.,en,2205,76.9392,-42.089985
LTR-048,re.,en,2206,88.5348,-21.059425
LTR-048,sentiam.,en,2207,100.43045,-1.5113741
LTR-048,rebus.,en,2208,79.203316,-22.64687
LTR-048,ostendam.,en,2209,100.19951,-10.086684
LTR-048,sed.,en,2210,51.713997,-18.014265
LTR-048,ne.,en,2211,52.059895,48.502094
LTR-048,provinciales.,en,2212,92.5157,25.534319
LTR-048,quidem.,en,2213,55.57483,-12.763353
LTR-048,si.,en,2214,53.01348,24.321106
LTR-048,modo.,en,2215,58.98823,-6.6229997
LTR-048,ornare.,en,2216,92.99009,2.5760186
LTR-048,curiam.,en,2217,82.12089,-5.3660483
LTR-048,poterint.,en,2218,76.50212,33.258297
LTR-048,rejiciendos.,en,2219,90.911224,-19.522453
LTR-048,puto.,en,2220,78.48512,-8.108053
LTR-048,Ornatissima.,en,2221,63.069878,-0.5469809
LTR-048,ecce.,en,2222,67.093636,17.882797
LTR-048,colonia.,en,2223,94.37174,21.01365
LTR-048,valentissimaque.,en,2224,67.11565,-0.41464534
LTR-048,Riennensium.,en,2225,60.89305,7.091087
LTR-048,quam.,en,2226,72.29214,-39.515022
LTR-048,longo.,en,2227,65.58625,-17.571226
LTR-048,jam.,en,2228,87.296295,-28.95886
LTR-048,tempore.,en,2229,74.542595,-32.765953
LTR-048,senatores.,en,2230,100.70956,18.125463
LTR-048,huic.,en,2231,60.316208,19.189577
LTR-048,curiae.,en,2232,82.732796,7.465761
LTR-048,consert.,en,2233,89.47195,-12.757014
LTR-048,ex.,en,2234,49.517803,-37.938263
LTR-048,qua.,en,2235,65.9668,-33.24981
LTR-048,colonia.,en,2236,94.27038,20.576834
LTR-048,inter.,en,2237,55.08566,-28.027664
LTR-048,paucos.,en,2238,84.670105,12.281858
LTR-048,equestris.,en,2239,73.15637,3.7008924
LTR-048,ordinis.,en,2240,92.74692,15.118696
LTR-048,ornamentum.,en,2241,93.0188,4.3180795
LTR-048,L. restinum.,en,2242,41.46691,-44.595028
LTR-048,familiarissime.,en,2243,73.51488,17.624086
LTR-048,diligo.,en,2244,79.58768,-5.1078205
LTR-048,et.,en,2245,45.78254,-31.843609
LTR-048,hodieque.,en,2246,56.369774,18.570322
LTR-048,in.,en,2247,53.42068,-32.875557
LTR-048,rebus.,en,2248,79.20233,-22.647154
LTR-048,meis.,en,2249,58.633873,33.800262
LTR-048,detineo.,en,2250,80.65103,9.367612
LTR-048,cujus.,en,2251,67.61609,-41.739067
LTR-048,liberi.,en,2252,73.0334,-9.194302
LTR-048,fruantur.,en,2253,88.86921,3.5579395
LTR-048,quaeso.,en,2254,105.235855,-10.607973
LTR-048,primo.,en,2255,67.83233,-24.336708
LTR-048,sacerdotiorum.,en,2256,97.67272,15.714247
LTR-048,gradu.,en,2257,88.33128,23.01545
LTR-048,post.,en,2258,97.45012,-27.244703
LTR-048,modo.,en,2259,58.98679,-6.6229615
LTR-048,cum.,en,2260,77.648605,-37.074574
LTR-048,annis.,en,2261,61.125954,-27.29505
LTR-048,promoturi.,en,2262,84.4592,-9.937983
LTR-048,dignitatis.,en,2263,91.4672,9.511272
LTR-048,suae.,en,2264,58.526012,26.329905
LTR-048,incrementa.,en,2265,85.49873,-12.148641
LTR-048,ut.,en,2266,71.509094,-18.465778
LTR-048,dirum.,en,2267,81.2021,-6.62769
LTR-048,nomen.,en,2268,61.111015,40.468056
LTR-048,latronis.,en,2269,70.93267,0.9763875
LTR-048,taceam.,en,2270,73.87873,21.627739
LTR-048,et.,en,2271,45.78254,-31.843609
LTR-048,odi.,en,2272,73.79184,-16.77296
LTR-048,illud.,en,2273,61.525257,22.573156
LTR-048,palestricum.,en,2274,65.76333,3.6517189
LTR-048,prodiguum.,en,2275,83.39246,-11.5692625
LTR-048,quod.,en,2276,64.9625,-40.114246
LTR-048,ante.,en,2277,68.41803,-25.110552
LTR-048,in.,en,2278,52.747757,-33.249565
LTR-048,domum.,en,2279,71.232376,14.463419
LTR-048,consulatum.,en,2280,97.99951,22.086988
LTR-048,intulit.,en,2281,96.35878,-3.9079075
LTR-048,quam.,en,2282,72.78939,-40.258945
LTR-048,colonia.,en,2283,94.37174,21.01365
LTR-048,sua.,en,2284,55.905872,26.95932
LTR-048,solidum.,en,2285,82.29489,4.79298
LTR-048,civitatis.,en,2286,89.54588,22.286951
LTR-048,Romanae.,en,2287,59.87251,2.252339
LTR-048,beneficium.,en,2288,88.54591,4.0292764
LTR-048,consecuta.,en,2289,89.50284,-12.648032
LTR-048,est.,en,2290,68.50663,25.818419
LTR-048,idem.,en,2291,43.414734,25.588781
LTR-048,de fratre.,en,2292,77.32901,11.71809
LTR-048,ejus.,en,2293,59.932503,25.507883
LTR-048,possum.,en,2294,76.13088,34.790237
LTR-048,dicere.,en,2295,64.24647,-21.4539
LTR-048,miserabili.,en,2296,84.161674,-1.9447787
LTR-048,quidem.,en,2297,54.45914,-12.711128
LTR-048,indignissimoque.,en,2298,82.81065,-0.4706354
LTR-048,hoc.,en,2299,61.497234,17.542042
LTR-048,casu.,en,2300,77.1162,-25.402838
LTR-048,ut.,en,2301,70.58297,-18.513123
LTR-048,vobis.,en,2302,51.704594,28.526611
LTR-048,utilis.,en,2303,87.69302,5.002695
LTR-048,senator.,en,2304,101.46882,17.555048
LTR-048,esse.,en,2305,70.47858,29.233803
LTR-048,non.,en,2306,52.664875,46.44215
LTR-048,possit.,en,2307,76.31947,33.76777
LTR-048,Tempus.,en,2308,76.17197,-33.17545
LTR-048,est.,en,2309,68.79491,26.072836
LTR-048,jam.,en,2310,87.296295,-28.95886
LTR-048,Ti.,en,2311,50.5494,26.129007
LTR-048,Caesar.,en,2312,79.380226,24.732895
LTR-048,Germanice.,en,2313,61.377975,3.571302
LTR-048,detegere.,en,2314,86.347244,-5.05564
LTR-048,te.,en,2315,52.581944,26.148727
LTR-048,patribus.,en,2316,74.11147,12.376782
LTR-048,conscriptis.,en,2317,97.11223,-10.690187
LTR-048,quo.,en,2318,68.38651,-40.293644
LTR-048,tendat.,en,2319,76.84611,-6.2916384
LTR-048,oratio.,en,2320,101.14695,-16.160425
LTR-048,tua.,en,2321,72.15062,8.00724
LTR-048,jam.,en,2322,87.296295,-28.95886
LTR-048,enim.,en,2323,71.30532,-23.733019
LTR-048,ad.,en,2324,99.7583,-22.491941
LTR-048,extremos.,en,2325,68.87308,-11.379619
LTR-048,sines.,en,2326,78.76911,10.558911
LTR-048,Galliae.,en,2327,32.16654,-55.173756
LTR-048,Narbonensis.,en,2328,60.449368,9.331516
LTR-048,venisti.,en,2329,101.61627,-5.8898764
LTR-048,Tot.,en,2330,56.524094,-20.46164
LTR-048,ecce.,en,2331,67.093605,17.88257
LTR-048,insignes.,en,2332,92.88134,7.192594
LTR-048,juvenes.,en,2333,83.008255,10.299949
LTR-048,quot.,en,2334,72.89326,-44.056038
LTR-048,intueor.,en,2335,98.13746,-3.1021736
LTR-048,non.,en,2336,51.956806,47.05534
LTR-048,magis.,en,2337,61.71646,-10.88082
LTR-048,sunt.,en,2338,67.290596,30.496346
LTR-048,poenitenci.,en,2339,86.659225,-2.525023
LTR-048,senatorib.,en,2340,100.96644,17.411097
LTR-048,quam.,en,2341,71.487465,-39.704174
LTR-048,poenitet.,en,2342,86.63765,-2.4697616
LTR-048,Persicum.,en,2343,64.05182,5.48394
LTR-048,nobilissimum.,en,2344,65.31707,-1.4017199
LTR-048,virum.,en,2345,79.765915,16.747995
LTR-048,amicum.,en,2346,76.19419,17.8105
LTR-048,meum.,en,2347,58.87968,33.143574
LTR-048,inter.,en,2348,54.836533,-28.078009
LTR-048,imagines.,en,2349,103.25581,0.6583132
LTR-048,majorum.,en,2350,64.956024,-6.686548
LTR-048,suorum.,en,2351,76.09988,0.65527135
LTR-048,Allorogici.,en,2352,56.58371,-1.7815341
LTR-048,nomen.,en,2353,61.111015,40.468056
LTR-048,legere.,en,2354,94.35424,-1.6324866
LTR-048,quod.,en,2355,65.24185,-40.18344
LTR-048,si.,en,2356,52.92734,24.184649
LTR-048,hae.,en,2357,63.4563,20.15871
LTR-048,ita.,en,2358,64.87567,14.675009
LTR-048,esse.,en,2359,71.03972,29.071627
LTR-048,consenti.,en,2360,90.29981,-5.091399
LTR-048,is.,en,2361,67.622215,28.139944
LTR-048,quid.,en,2362,66.00202,-45.365566
LTR-048,ultra.,en,2363,66.11384,-13.44382
LTR-048,desideratis.,en,2364,107.34383,-8.548038
LTR-048,quam.,en,2365,71.9775,-39.326904
LTR-048,ut.,en,2366,71.21273,-18.516645
LTR-048,vobis.,en,2367,52.433685,28.88682
LTR-048,digito.,en,2368,95.765175,1.7655369
LTR-048,demonstrem.,en,2369,107.50173,-0.11841076
LTR-048,solum.,en,2370,61.17237,-16.84258
LTR-048,ipsum.,en,2371,62.241394,27.69597
LTR-048,ultra.,en,2372,65.87677,-13.990129
LTR-048,sines.,en,2373,78.76911,10.558911
LTR-048,provinciae.,en,2374,92.34361,25.782398
LTR-048,Narbonensis jam.,en,2375,60.521164,9.630216
LTR-048,vobis.,en,2376,51.704594,28.526611
LTR-048,senatores.,en,2377,100.70893,18.12613
LTR-048,mittere.,en,2378,70.04923,-9.169936
LTR-048,quando.,en,2379,74.16212,-34.95355
LTR-048,ex.,en,2380,49.517803,-37.938263
LTR-048,Lugduno.,en,2381,35.41482,-49.016052
LTR-048,habere.,en,2382,73.57145,30.024366
LTR-048,nos.,en,2383,55.366932,40.154133
LTR-048,nostri.,en,2384,53.990974,37.32817
LTR-048,ordinis.,en,2385,92.74692,15.118696
LTR-048,viros.,en,2386,80.42046,16.911655
LTR-048,non.,en,2387,52.94436,47.03867
LTR-048,poenitet.,en,2388,86.63618,-2.4690454
LTR-048,timide.,en,2389,81.03469,-1.4193888
LTR-048,quidim.,en,2390,67.47825,-45.251144
LTR-048,p. c. egressus.,en,2391,46.9069,-41.680523
LTR-048,adsuetos.,en,2392,97.49996,-19.131763
LTR-048,familiaresque.,en,2393,73.47207,15.444266
LTR-048,vobis.,en,2394,52.433685,28.88682
LTR-048,"provinciarum, terminos.",en,2395,93.18714,26.372925
LTR-048,sum.,en,2396,82.706436,-30.074087
LTR-048,sed.,en,2397,51.713997,-18.014265
LTR-048,destricte jam comatae.,en,2398,85.74112,-7.0890145
LTR-048,Galliae.,en,2399,32.166744,-55.17315
LTR-048,causa.,en,2400,74.35071,-24.200623
LTR-048,agenda.,en,2401,101.53245,-19.390776
LTR-048,est.,en,2402,67.37718,26.216341
LTR-048,in.,en,2403,51.858044,-32.501713
LTR-048,qua.,en,2404,65.55244,-33.52353
LTR-048,si.,en,2405,52.70791,24.140862
LTR-048,quis.,en,2406,69.207054,-43.376625
LTR-048,hoc.,en,2407,61.73695,17.921413
LTR-048,intuetur.,en,2408,97.070076,-4.3615966
LTR-048,quod.,en,2409,64.508804,-41.158787
LTR-048,bello.,en,2410,76.90627,5.783506
LTR-048,per.,en,2411,62.152016,-32.898
LTR-048,decem.,en,2412,65.239716,-28.215822
LTR-048,annos.,en,2413,61.495655,-26.758179
LTR-048,exercuerunt.,en,2414,89.93876,-8.066315
LTR-048,divom.,en,2415,78.54317,-4.041813
LTR-048,julium.,en,2416,34.304073,-60.40252
LTR-048,idem opponat.,en,2417,69.57091,20.73458
LTR-048,centum.,en,2418,63.87213,-27.677982
LTR-048,annorum.,en,2419,61.561123,-27.159641
LTR-048,immobilem.,en,2420,82.83439,2.5943356
LTR-048,fidem.,en,2421,86.75038,9.87762
LTR-048,obsequiumque.,en,2422,91.35174,4.3793564
LTR-048,multis.,en,2423,64.8837,-10.093082
LTR-048,tripidis.,en,2424,78.45408,-10.220669
LTR-048,rebus.,en,2425,79.20603,-22.643469
LTR-048,nostris plusquam.,en,2426,52.631084,38.123642
LTR-048,expertum.,en,2427,104.97131,6.6763687
LTR-048,illi.,en,2428,63.08289,24.273151
LTR-048,patri.,en,2429,74.319695,11.62952
LTR-048,meo.,en,2430,59.247604,33.762627
LTR-048,Druso.,en,2431,35.22912,-46.2962
LTR-048,Germaniam.,en,2432,62.058384,3.2893412
LTR-048,subigenti.,en,2433,92.45836,-13.468168
LTR-048,tutam.,en,2434,82.208626,-27.100863
LTR-048,quiete.,en,2435,84.88791,1.8325866
LTR-048,sua secaramque.,en,2436,58.28306,28.104147
LTR-048,a tergo pacem.,en,2437,76.66452,-8.776045
LTR-048,praestiterunt.,en,2438,90.33556,-8.365404
LTR-048,et.,en,2439,45.216644,-33.322914
LTR-048,quidem.,en,2440,54.50219,-12.503683
LTR-048,cum.,en,2441,77.648605,-37.074574
LTR-048,ad.,en,2442,99.97778,-22.541603
LTR-048,census.,en,2443,96.03206,-0.23177381
LTR-048,novo.,en,2444,66.18378,39.47607
LTR-048,tum.,en,2445,74.91,-20.717459
LTR-048,opere.,en,2446,80.67159,-19.412514
LTR-048,et.,en,2447,45.920197,-33.18458
LTR-048,in.,en,2448,53.528828,-32.03431
LTR-048,adsueto.,en,2449,97.680984,-19.36674
LTR-048,Galliis.,en,2450,31.57262,-54.836258
LTR-048,ad.,en,2451,99.64708,-23.432463
LTR-048,bellum.,en,2452,84.36888,22.823915
LTR-048,avocatus.,en,2453,102.2293,12.361354
LTR-048,esset.,en,2454,71.2089,31.792002
LTR-048,quod.,en,2455,64.31597,-40.949696
LTR-048,opus.,en,2456,80.256096,-19.921103
LTR-048,quam.,en,2457,71.59875,-40.955833
LTR-048,arduum.,en,2458,70.417336,-27.138773
LTR-048,sit.,en,2459,75.26076,25.699158
LTR-048,nobis.,en,2460,53.945457,35.577267
LTR-048,nunc.,en,2461,76.904945,-29.984877
LTR-048,cum.,en,2462,78.4888,-37.37286
LTR-048,maxime.,en,2463,63.210857,-8.514118
LTR-048,quamvis.,en,2464,54.099144,-16.370495
LTR-048,nihil.,en,2465,50.58799,44.913036
LTR-048,ultra.,en,2466,65.87677,-13.990129
LTR-048,quam.,en,2467,71.96267,-40.350334
LTR-048,ut.,en,2468,70.32924,-18.24962
LTR-048,publice.,en,2469,88.42894,17.244436
LTR-048,notae.,en,2470,98.176575,0.89015806
LTR-048,sint.,en,2471,72.344185,25.46025
LTR-048,facultates.,en,2472,94.07773,11.020145
LTR-048,nostrae.,en,2473,53.51422,36.625874
LTR-048,exquiratur.,en,2474,103.19063,-10.366276
LTR-048,nimis.,en,2475,63.244205,-13.009489
LTR-048,magne.,en,2476,66.124,-6.962621
LTR-048,experimento.,en,2477,106.688416,4.4650583
LTR-048,cognoscimus.,en,2478,98.79527,-0.10063999
LTR-048,"I WAS also shewed without the gate of St Justinus, some remains of a Roman aqueduct; and behind the monastery of St Mary, there are the ruins of the imperial palace, where the emperor Claudius was born, and where Severus lived.",en,2479,-43.534542,-12.659292
LTR-048,"The great cathedral of St John is a good Gothic building, and its clock much admired by the Germans.",en,2480,-42.94741,-22.9511
LTR-048,"In one of the most conspicuous parts of the town, is the late king's statue set up, trampling upon mankind.",en,2481,-45.105293,-27.9184
LTR-048,"I cannot forbear saying one word here, of the French statues (for I never intend to mention any more of them) with their gilded full-bottomed wigs.",en,2482,6.7512403,-27.354494
LTR-048,"If their king had intended to express, in one image, _ignorance, ill taste_, and _vanity_, his sculptors could have made no other figure, so proper for that purpose, as this statue, which represents the odd mixture of an old beau, who had a mind to be a hero, with a bushel of curled hair on his head, and a gilt truncheon in his hand.--The French have been so voluminous on the history of this town, I need say nothing of it.",en,2483,-13.853414,18.546516
LTR-048,"The houses are tolerably well built, and the Belle Cour well planted, from whence is seen the celebrated joining of the Soane and Rhone.",en,2484,-54.29467,-13.513361
LTR-048,"_""Ubi Rhodanus ingens amne praerapido fluit ""Ararque dubitans quo suos fluctus agat.",en,2485,-15.353692,-65.2246
LTR-048,"""_ I have had time to see every thing with great leisure, having been confined several days to this town by a swelling in my throat, the remains of a fever, occasioned by a cold I got in the damps of the Alps.",en,2486,6.7629905,26.436808
LTR-048,"The doctors here threaten me with all sorts of distempers, if I dare to leave them; but I, that know the obstinacy of it, think it just as possible to continue my way to Paris, with it, as to go about the streets of Lyons; and am determined to pursue my journey to-morrow, in spite of doctors, apothecaries, and sore throats.",en,2487,14.729086,29.340612
LTR-048,"WHEN you see Lady R----, tell her I have received her letter, and will answer it from Paris, believing that the place that she would most willingly hear of.",en,2488,31.664064,6.7374625
LTR-048,"I am, &c. &c:",en,2489,43.041367,16.601244
LTR-049,"I CANNOT give my dear Lady R---- a better proof of the pleasure I have in writing to her, than chusing to do it in this seat of various amusements, where I am _accableed_ with visits, and those so full of vivacity and compliments, that 'tis full employment enough to hearken, whether one answers or not.",en,2490,11.285684,5.076017
LTR-049,"The French ambassadress at Constantinople has a very considerable and numerous family here, who all come to see me, and are never weary of making inquiries.",en,2491,-7.1327786,52.335533
LTR-049,"The air of Paris has already had a good effect on me; for I was never in better health, though I have been extremely ill all the road from Lyons to this place.",en,2492,12.302191,29.74418
LTR-049,You may judge how agreeable the journey has been to me; which did not want that addition to make me dislike it.,en,2493,21.563011,17.312157
LTR-049,"I think nothing so terrible as objects of misery, except one had the God-like attribute of being capable to redress them; and all the country villages of France shew nothing else.",en,2494,-26.192072,-14.171208
LTR-049,"While the post horses are changed, the whole town comes out to beg, with such miserable starved faces, and thin tattered cloths, they need no other eloquence, to persuade one of the wretchedness of their condition.",en,2495,-77.38696,10.767338
LTR-049,"This is all the French magnificence, till you come to Fountainbleau, when you are shewed one thousand five hundred rooms in the king's hunting palace.",en,2496,-46.901463,-20.545967
LTR-049,"The apartments of the royal family are very large, and richly gilt; but I saw nothing in the architecture or painting worth remembering.",en,2497,-46.83476,-21.919405
LTR-049,"The long gallery, built by Henry IV.",en,2498,-52.07964,-47.94543
LTR-049,has prospects of all the king's houses.,en,2499,-8.43705,-17.843136
LTR-049,"Its walls are designed after the taste of those times, but appear now very mean.",en,2500,-46.234158,-25.267359
LTR-049,"The park is, indeed, finely wooded and watered, the trees well grown and planted, and in the fish-ponds are kept tame carp, said to be, some of them, eighty years of age.",en,2501,-56.815193,-8.96617
LTR-049,"The late king passed some months every year at this seat; and all the rocks round it, by the pious sentences inscribed on them, shew the devotion in fashion at his court, which I believe died with him; at least, I see no exterior marks of it at Paris, where all peoples thoughts seem to be on present diversion.",en,2502,-45.62556,0.013652816
LTR-049,THE fair of St Lawrence is now in season.,en,2503,-22.691755,-52.122723
LTR-049,"You may be sure I have been carried thither, and think it much better disposed than ours of Bartholomew.",en,2504,-1.3423359,-14.8136635
LTR-049,"The shops being all set in rows so regularly and well lighted, they made up a very agreeable spectacle.",en,2505,-50.116585,-12.360595
LTR-049,"But I was not at all satisfied with the _grossierte_ of their harlequin, no more than with their music at the opera, which was abominably grating, after being used to that of Italy.",en,2506,-1.7292614,5.421784
LTR-049,"Their house is a booth, compared to that of the Hay-market, and the play-house not so neat as that of Lincoln's-Inn-fields; but then it must be owned, to their praise, their tragedians are much beyond any of ours.",en,2507,-27.246468,-33.546814
LTR-049,I should hardly allow Mrs O----d a better place than to be confidante to La ----.,en,2508,30.089882,-18.903063
LTR-049,"I have seen the tragedy of Bajazet so well represented, that I think our best actors can be only said to  speak, but these to feel; and 'tis certainly infinitely more moving to see a man appear unhappy, than to hear him say that he is so, with a jolly face, and a stupid smirk in his countenance.--_A propos_ of countenances, I must tell you something of the French ladies; I have seen all the beauties, and such--(I can't help making use of the coarse word) nauseous creatures!",en,2509,-8.390008,12.303203
LTR-049,so fantastically absurd in their dress!,en,2510,15.978585,-51.38883
LTR-049,so monstrously unnatural in their paints!,en,2511,15.991956,-51.308422
LTR-049,"their hair cut short, and curled round their faces, and so loaded with powder, that it makes it look like white wool!",en,2512,-71.63379,-29.115446
LTR-049,"and on their cheeks to their chins, unmercifully laid on a shining red japan, that glistens in a most flaming manner, so that they seem to have no resemblance to human faces.",en,2513,-71.760574,2.377483
LTR-049,"I am apt to believe, that they took the first hint of their dress from a fair sheep newly ruddled.",en,2514,-24.95289,-30.976982
LTR-049,"'Tis with pleasure I recollect my dear pretty country-women: and if I was writing to any body else, I should say, that these grotesque daubers give me still a higher esteem of the natural charms of dear Lady R----'s auburne (sic) hair, and the lively colours of her unsullied complexion.",en,2515,3.7411451,4.986186
LTR-049,"I am, &c. &c. _P.",en,2516,42.120346,15.8401985
LTR-049,"S._ I have met the Abbe here, who desires me to make his compliments to you.",en,2517,24.226974,42.572716
LTR-050,"YOU see I'm just to my word, in writing to you from Paris, where I was very much surprised to meet my sister; I need not add, very much pleased.",en,2518,19.098133,-2.6269133
LTR-050,"She as little expected to see me as I her (having not received my late letters); and this meeting would shine under the hand of de Seuderie; but I shall not imitate his style so far, as to tell you how often we embraced, how she inquired, by what odd chance I returned from Constantinople?",en,2519,-2.4030445,20.251509
LTR-050,"And I answered her by asking, what adventure brought her to Paris?",en,2520,35.02024,5.751095
LTR-050,"To shorten the story, all questions, and answers, and exclamations, and compliments being over, we agreed upon running about together, and have seen Versailles, Trianon, Marli, and St Cloud.",en,2521,-13.079356,-53.931927
LTR-050,"We had an order for the water to play for our diversion, and I was followed thither by all the English at Paris.",en,2522,0.7244854,59.308258
LTR-050,"I own, Versailles appeared to me rather vast than beautiful; and after having seen the exact proportions of the Italian buildings, I thought the irregularity of it shocking.",en,2523,-22.453148,-26.784023
LTR-050,"THE king's cabinet of antiques and medals, is, indeed, very richly furnished.",en,2524,-51.73429,-18.39846
LTR-050,"Amongst that collection, none pleased so well, as the apotheosis of Germanicus, on a large agate, which is one of the most delicate pieces of the kind that I remember to have seen.",en,2525,-20.40593,-43.79573
LTR-050,I observed some ancient statues of great value.,en,2526,-45.642395,-33.105545
LTR-050,"But the nauseous flattery, and tawdry pencil of Le Brun, are equally disgusting in the gallery.",en,2527,-46.99932,-34.303337
LTR-050,"I will not pretend to describe to you the great apartment, the vast variety of fountains, the theatre, the grove of Esop's (sic) fables, &c. all which you may read very amply particularized in some of the French authors, that have been paid for these descriptions.",en,2528,4.129241,-35.33352
LTR-050,"Trianon, in its littleness, pleased me better than Versailles; Marli, better than either of them; and St Cloud best of all; having the advantage of the Seine running at the bottom of the gardens, the great cascade, &c.  You may find information in the aforesaid books, if you have any curiosity to know the exact number of the statues, and how many feet they cast up the water.",en,2529,-14.466282,-52.705456
LTR-050,"WE saw the king's pictures in the magnificent house of the duke D'Antin, who has the care of preserving them till his majesty is of age.",en,2530,-47.950405,36.09707
LTR-050,There are not many but of the best hands.,en,2531,-52.542496,-34.811287
LTR-050,"I looked, with great pleasure on the arch-angel of Raphael, where the sentiments of superior beings are as well expressed as in Milton.",en,2532,-13.7571535,-41.999947
LTR-050,"You won't forgive me, if I say nothing of the Thuilleries (sic), much finer than our Mall; and the Cour, more agreeable than our Hyde-park, the high trees giving shade in the hottest season.",en,2533,-29.24854,-32.807835
LTR-050,"At the Louvre, I had the opportunity of seeing the king, accompanied by the Duke regent.",en,2534,-20.329788,48.790844
LTR-050,"He is tall, and well shaped but has not the air of holding the crown so many years as his grandfather.",en,2535,-51.415188,-30.596638
LTR-050,"And now I am speaking of the Court, I must say, I saw nothing in France that delighted me so much, as to see an Englishman (at least a Briton) absolute at Paris, I mean Mr Law, who treats their dukes and peers extremely _de haut en bas_, and is treated by them with the utmost submission and respect.--Poor souls!--This reflection on their abject slavery, puts me in mind of the _place des victoires_; but I will not take up your time, and my own, with such descriptions, which are too numerous.",en,2536,-8.291159,12.043933
LTR-050,"IN general, I think Paris has the advantage of London, in the neat pavement of the streets, and the regular lighting of them at nights, in the proportion of the streets, the houses being all built of stone, and most of those belonging to people of quality being beautified by gardens.",en,2537,-48.756187,-4.2632356
LTR-050,"But we certainly may boast of a town very near twice as large; and when I have said that, I know nothing else we surpass it in.",en,2538,-0.9659307,-40.904324
LTR-050,"I shall not continue here long; if you have any thing to command me during my short stay, write soon, and I shall take pleasure in obeying you.",en,2539,20.811499,-7.7938166
LTR-050,"I am, &c. &c.",en,2540,41.766846,17.05658
LTR-051,"I AM willing to take your word for it, that I shall really oblige you, by letting you know, as soon as possible, my safe passage over the water.",en,2541,27.539843,6.5343633
LTR-051,"I arrived this morning at Dover, after being tossed a whole night in the packet-boat, in so violent a manner, that the master, considering the weakness of his vessel, thought it proper to remove the mail, and give us notice of the danger.",en,2542,4.1463547,51.770504
LTR-051,"We called a little fishing boat, which could hardly make up to us; while all the people on board us were crying to Heaven.",en,2543,1.5532986,55.737713
LTR-051,"'Tis hard to imagine one's self in a scene of greater horror than on such an occasion: and yet, shall I own it to you?",en,2544,-5.8918705,-17.166977
LTR-051,"though I was not at all willingly to be drowned, I could not forbear being entertained at the double distress of a fellow-passenger.",en,2545,5.024465,38.951077
LTR-051,"She was an English lady that I had met at Calais, who desired me to let her go over with me in my cabin.",en,2546,0.27556384,41.323105
LTR-051,"She had bought a fine point-head, which she was contriving to conceal from the custom-house officers.",en,2547,-35.337715,66.84439
LTR-051,"When the wind grew high, and our little vessel cracked, she fell very heartily to her prayers, and thought wholly of her soul.",en,2548,-12.041292,40.001114
LTR-051,"When it seemed to abate, she returned to the worldly care of her head-dress, and addressed herself to me--_""Dear madam, will you take care of this point?",en,2549,33.08178,24.692064
LTR-051,"if it should be ""lost!--Ah, Lord, we shall all be lost!--Lord have mercy on my ""soul!--Pray, madam, take care of this head-dress.",en,2550,32.570465,26.761024
LTR-051,"""_  This easy transition from her soul to her head-dress, and the alternate agonies that both gave her, made it hard to determine which she thought of greatest value.",en,2551,-18.841694,26.956917
LTR-051,"But, however, the scene was not so diverting, but I was glad to get rid of it, and be thrown into the little boat, though with some hazard of breaking my neck.",en,2552,13.528648,24.100496
LTR-051,It brought me safe hither; and I cannot help looking with partial eyes on my native land.,en,2553,0.19030176,-12.631631
LTR-051,"That partiality was certainly given us by nature, to prevent rambling, the effect of an ambitious thirst after knowledge, which we are not formed to enjoy.",en,2554,-15.363691,13.748465
LTR-051,"All we get by it, is a fruitless desire of mixing the different pleasures and conveniencies which are given to the different parts of the world, and cannot meet in any one of them.",en,2555,-3.9758618,-55.489685
LTR-051,"After having read all that is to be found in the languages I am mistress of, and having decayed my sight by midnight studies, I envy the easy peace of mind of a ruddy milk-maid, who, undisturbed by doubt, hears the sermon, with humility, every Sunday, not having confounded the sentiments of natural duty in her head by the vain-inquiries of the schools, who may be more learned, yet, after all, must remain as ignorant.",en,2556,-9.624281,15.321518
LTR-051,"And, after having seen part of Asia and Africa, and almost made the tour of Europe, I think the honest English squire more happy, who verily believes the Greek wines less delicious than March beer; that the African fruits have not so fine a flavour as golden pippins; that the Beca figuas of Italy are not so well tasted as a rump of beef; and that, in short, there is no perfect enjoyment of this life out of Old England.",en,2557,-13.891933,8.212468
LTR-051,"I pray God I may think so for the rest of my life; and, since I must be contented with our scanty allowance of day-light, that I may forget the enlivening sun of Constantinople.",en,2558,26.280775,23.627697
LTR-051,"I am, &c. &c.",en,2559,42.12915,16.831326
LTR-052,"I Have this minute received a letter of yours, sent me from Paris.",en,2560,25.28491,-3.0186763
LTR-052,"I believe and hope I shall very soon see both you and Mr Congreve; but as I am here in an inn, where we stay to regulate our march to London, bag and baggage, I shall employ some of my leisure time, in answering that part of yours, that seems to require an answer.",en,2561,18.043245,-6.9298024
LTR-052,"I MUST applaud your good nature, in supposing, that your pastoral lovers (vulgarly called hay-makers) would have lived in everlasting joy and harmony, if the lightning had not interrupted their scheme of happiness.",en,2562,21.481995,-42.321033
LTR-052,"I see no reason to imagine, that John Hughes and Sarah Drew, were either wiser or more virtuous than their neighbours.",en,2563,21.779203,-43.25991
LTR-052,"That a well-set man of twenty-five should have a fancy to marry a brown woman of eighteen, is nothing marvellous; and I cannot help thinking, that had they married, their lives would have passed in the common track with their fellow parishioners.",en,2564,-29.780052,29.316265
LTR-052,"His endeavouring to shield her from a storm, was a natural action, and what he would have certainly done for his horse, if he had been in the same situation.",en,2565,-20.908411,33.136864
LTR-052,"Neither am I of opinion, that their sudden death was a reward of their mutual virtue.",en,2566,-7.951524,-6.47662
LTR-052,"You know the Jews were reproved for thinking a village destroyed by fire, more wicked than those that had escaped the thunder.",en,2567,-18.708109,-53.465252
LTR-052,Time and chance happen to all men.,en,2568,44.76091,-7.8998575
LTR-052,"Since you desire me to try my skill in an epitaph, I think the following lines perhaps more just, tho' not so poetical as yours.",en,2569,16.595623,2.5125391
LTR-052,"_Here lies John Hughes and Sarah Drew; Perhaps you'll say, What's that to you?",en,2570,22.114124,-44.10771
LTR-052,"Believe me, friend, much may be said On that poor couple that are dead.",en,2571,35.08045,36.925003
LTR-052,On Sunday next they should have married; But see how oddly things are carried!,en,2572,-30.122873,70.81808
LTR-052,"On Thursday last it rain'd and lighten'd, These tender lovers sadly frighten'd, Shelter'd beneath the cocking hay, In hopes to pass the time away, But the_ BOLD THUNDER _found them out, (Commission'd for that end no doubt) And seizing on their trembling breath, Consign'd them to the shades of death.",en,2573,-62.254776,55.43425
LTR-052,Who knows if 'twas not kindly done?,en,2574,6.1374154,16.61385
LTR-052,"For had they seen the next year's fun, A beaten wife and cockold swain Had jointly curs'd the marriage chain: Now they are happy in their doom_, FOR POPE HAS WROTE UPON THEIR TOMB.",en,2575,-28.207043,30.653124
LTR-052,"I CONFESS, these sentiments are not altogether so heroic as yours; but I hope you will forgive them in favour of the two last lines.",en,2576,19.524336,0.99547267
LTR-052,"You see how much I esteem the honour you have done them; though I am not very impatient to have the same, and had rather continue to be your stupid _living_ humble servant, than be _celebrated_ by all the pens in Europe.",en,2577,0.6552301,7.6413336
LTR-052,"I WOULD write to Mr C----; but suppose you will read this to him, if he inquires after me.",en,2578,31.9973,8.134993
LTR-001,"Vous apprendrez avec plaisir, sans doute, ma chere Sœur, que j'ai passé la mer sans accident, quoique nous ayons essuyé une tempête.",fr,2579,26.69438,6.72673
LTR-001,"Le Capitaine du Yacht nous fit partir dans un tems calme, croyant qu'il étoit facile de faire le trajet à la faveur de la marée ; mais deux jours étoient à peine écoulés qu'il s'éleva un vent si violent, qu'aucun matelot ne pouvoit se tenir debout ; & nous fumes cruellement agités toute la nuit du Dimanche au Lundi.",fr,2580,3.3015606,53.93392
LTR-001,Je n'ai jamais vu un homme plus effrayé que le Capitaine.,fr,2581,-12.054272,-7.2403765
LTR-001,"Pour moi, je n'ai eu ni crainte, ni maladie de mer.",fr,2582,11.687814,22.358734
LTR-001,"J'avouerai cependant que j'avois fort envie de me voir encore une fois sur la terre ferme, & que je n'eus pas la patience d'attendre l'arrivée du Yacht à Rotterdam : je me fis transporter dans la grande chaloupe à Helvoetfluys, où nous primes des voitures pour le Briel.",fr,2583,11.328559,25.093107
LTR-001,"Je fus enchantée de la propreté de cette petite Ville ; mais celle de Rotterdam me ravit : toutes les rues y sont pavées de grandes pierres ; on voit devant les por- tes, même des Artisans, des siéges de marbre de diverses couleurs : le pavé est toujours si bien nettoyé, que je parcourus hier presque toute la Ville, incognito, & en pantoufles, sans attraper la moindre crotte.",fr,2584,-48.10738,-2.486786
LTR-001,"Enfin, les rues de Hollande sont plus propres que nos chambres à coucher.",fr,2585,-34.710503,-12.393575
LTR-001,"Les rues de Rotterdam sont toujours si remplies de monde, qu'il me semble que c'est une foire continuelle.",fr,2586,-46.52148,-2.5907733
LTR-001,Il est vrai qu'on ne trouve point de Ville plus avantageusement située pour le commerce.,fr,2587,-9.436375,-29.536041
LTR-001,Il y a sept grands canaux par lesquels les vaisseaux marchands montent jusques devant les portes des maisons.,fr,2588,-64.70765,0.39566794
LTR-001,Les boutiques & les magasins sont d'une magnificence & d'une propreté étonnantes.,fr,2589,-34.83724,-19.222672
LTR-001,"On y voit une quantité incroyable de très-belles marchandises, qui sont toutes d'un prix si inférieur à celui qu'elles coûtent en Angle- terre, que, malgré moi, je me persuade en être fort éloignée.",fr,2590,-34.109856,-17.87791
LTR-001,"On ne voit pas plus de mendians à Rotterdam que de crottes : les yeux n'y sont point choqués, comme à Londres, par le dégoûtant spectacle d'une quantité d'estropiés; on n'y est point fatigué par les importunités de paresseux & de paresseuses, qui vivent par goût dans la saleté & dans l'oisiveté.",fr,2591,-23.489428,0.3346519
LTR-001,"Les plus petites Marchandes, les servantes même y sont plus propres que la plûpart de nos Dames.",fr,2592,-35.663616,-10.303502
LTR-001,Les femmes ne font asservies à aucune mode ; chacune se met à son goût ; ce qui cause dans les ajustemens une variété assez agréable.,fr,2593,-36.054283,-7.3887973
LTR-001,"Je ne me plains point, comme vous voyez, ma chere Soeur ; &, si je n'essuie pas plus de désagrément que je n'ai fait jusqu'ici, je ne me repentirai point d'avoir formé le projet de voyager ; je m'en féliciterai, au contraire, toutes les fois que je trouverai occasion de vous amuser par quelque récit agréable.",fr,2594,14.109271,-0.83181125
LTR-001,"Mais on est intéressé en Hollande, & j'ai assez pris le style de Rotterdam, pour vous demander en échange toutes les nouvelles de Londres.",fr,2595,13.074846,-21.742928
LTR-001,Vous voyez que je fais déjà bien faire un marché.,fr,2596,35.732063,9.105078
LTR-001,"Je suis votre affectionnée Sœur, &c.",fr,2597,38.713932,18.762682
LTR-002,"JE me hâte de vous apprendre, ma chere Dame, que je n'ai point encore essuyé les fatigues insupportables dont vous m'aviez menacée.",fr,2598,26.500378,4.3551044
LTR-002,"Je suis, au contraire, très-satisfaite de mon voyage.",fr,2599,24.727953,27.29457
LTR-002,"Nous faisons de si petites journées, qu'il me semble plutôt être en partie de plaisir qu'en route.",fr,2600,14.9373865,-19.1305
LTR-002,Rien n'est plus agréable que de voyager en Hollande ; ce Pays ressemble à un grand jardin.,fr,2601,-29.553226,-23.01441
LTR-002,"Tous les chemins y sont bien pavés, & bordés, des deux côtés, d'arbres qui les couvrent de leur ombre ; on y voit aussi de grands canaux, où les bateaux se croisent sans cesse.",fr,2602,-58.03457,-5.920072
LTR-002,"De vingt pas en vingt pas on découvre quelque Village ; & de quatre heures en quatre heures, quelque grande Ville.",fr,2603,-59.731163,8.92026
LTR-002,Je suis actuellement dans un des plus beaux Villages du Monde.,fr,2604,-28.716581,-20.358227
LTR-002,"On y voit plusieurs quarrés ou places environnées de beaux édifices, & plantées de grands arbres touffus, qui y font un très-bel effet.",fr,2605,-59.74364,-9.687169
LTR-002,"Le Voor-Hout est à la Haye, ce que le Hide-Parck & le Mail sont à Londres; les personnes de qualité vont y prendre l'air à pied & dans leurs voitures ; il y a des boutiques où l'on trouve divers rafraîchissemens.",fr,2606,-46.577927,-5.5878325
LTR-002,J'ai vû plusieurs jardins magnifiques ; mais je ne vous en ferai pas la description ; je craindrois de vous ennuyer.,fr,2607,6.8707194,-35.093395
LTR-002,"Ma Lettre vous paroît, sans doute, déjà trop longue : je ne l'acheverai cependant pas sans vous faire excuse de ne vous avoir point envoyé la dentelle que vous m'aviez demandée : elle est en vérité plus chere ici qu'à Londres ; mais les marchandises des Indes y font à très-bon marché : si vous en voulez, je m'acquitterai de votre commission avec beaucoup de plaisir & d'exactitude.",fr,2608,15.2187,0.86923045
LTR-002,"Je suis, ma chere .... , &c.",fr,2609,39.88679,18.883184
LTR-003,"JE suis bien fâchée, ma chere S.",fr,2610,38.677353,20.8649
LTR-003,"C. que l'inquiétude de vos parens sur votre santé, & votre soumission à leurs volontés, nous privent, moi, de la satisfaction d'être avec vous, & vous, de celle de faire un voyage agréable.",fr,2611,23.308142,21.502798
LTR-003,"Lorsque je rencontre quelqu'un de ces objets qui charment la vue, je suis saisie de tristesse, parce que vous êtes privée du plaisir de le contempler avec moi.",fr,2612,8.417012,-7.5350733
LTR-003,"Si vous étiez à Nimegue, vous attendriez à chaque instant des visites de vos parens qui sont à Nottingham ; ces deux Villes se ressemblent parfaitement.",fr,2613,-21.307283,-61.830147
LTR-003,Il n'y a de différence qu'entre les noms de Meuse & de Trent : le coup d'oeil est le même.,fr,2614,-27.567978,-57.185493
LTR-003,"Les maisons, comme celles de Nottingham, sont bâties les unes sur les autres, entre-mêlées de jardins & d'arbres.",fr,2615,-54.375607,-10.685928
LTR-003,"La Tour de Jules-César est située comme le Château de Nottingham : j'ai monté dessus, & j'ai cru voir la plaine du Trent & Adboulton, lieu qui nous sont si connus.",fr,2616,-42.353203,-10.448102
LTR-003,Il y a cependant de la différence entre les fortifications : tous les Connoisseurs vantent beaucoup celles de Nimegue.,fr,2617,-34.03001,-54.546467
LTR-003,"Pour moi, qui ne m'y connois point, je vous dirai seulement que la promenade qui est sur les remparts est assez agréable.",fr,2618,4.1356754,-30.161163
LTR-003,"On y trouve une Tour, nommée à juste titre le Belveder ; c'est un des plus beaux points de vue du monde : on y prend du thé, du caffé, &c.",fr,2619,-32.635426,-21.150276
LTR-003,Les promenades publiques n'ont d'autre agrément que l'ombrage épais qui y regne.,fr,2620,-58.003223,-22.671764
LTR-003,"J'oubliois de vous parler du pont, qui est une chose surprenante.",fr,2621,4.195963,-27.625858
LTR-003,"Il est assez spacieux pour contenir trois ou quatre cents personnes, outre des chevaux & des voitures : pour y monter il en coûte deux sols d'Angleterre.",fr,2622,-61.642567,1.9945872
LTR-003,"Ce pont part, & porte les passans de l'autre côté de la riviere ; mais si lentement, qu'à peine s'apperçoit-on que l'on est transporté.",fr,2623,-64.46832,15.930274
LTR-003,"J'allai hier à l'Eglise des François, & examinai leur rit avec curiosité.",fr,2624,-14.61638,46.93927
LTR-003,"Le Ministre commença d'abord par frapper sur un chapeau à grands bords ; ce qui lui donnoit tout-à-fait l'air de cet homme de la foire de Saint Barthelemi : il continua avec des gestes qui annonçoient l'antiquité ; enfin, prêcha à peu près de la même maniere que l'autre débitoit ses drogues aux marionnettes.",fr,2625,-87.26601,15.864549
LTR-003,"Au reste, on l'écoutoit avec beaucoup d'attention, & quelqu'un de son troupeau m'assura qu'il passoit pour un homme de mérite.",fr,2626,-11.576137,27.115671
LTR-003,"J'i- magine que vous êtes aussi fatiguée de mon récit, que je le fus de son Sermon : mais M. votre Frere excusera une digression en faveur de l'Eglise Anglicane.",fr,2627,17.567467,1.1077206
LTR-003,"Vous sçavez qu'il y a autant de mérite à parler peu respectueusement des Calvinistes, qu'à parler honorablement de l'Eglise.",fr,2628,-4.1357985,-3.7564442
LTR-003,"Adieu, ma chere S.",fr,2629,37.84937,21.807184
LTR-003,"C. souvenez-vous toujours de moi, & soyez persuadée que je ne vous oublierai jamais.",fr,2630,30.716564,17.5766
LTR-004,"SI vous pouviez, Milady, vous former une idée des fatigues que j'ai essuyées depuis deux jours, vous me tiendriez compte, j'en suis persuadée, du courage que j'ai de vous écrire, & vous le prendriez comme une preuve convaincante de la parfaite considération que j'ai pour vous.",fr,2631,12.985375,4.2847447
LTR-004,"Nous avons pris des chevaux de louage, parce qu'il n'y a point de Poste de Nimegue à Cologne, & nous nous sommes arrêtés à Remberg, pour nous reposer ; mais nous y avons été fort mal logés.",fr,2632,11.267274,49.012817
LTR-004,"Ce n'est, cependant, rien en comparaison de ce que je souffris hier.",fr,2633,13.629242,-14.609294
LTR-004,"Nous nous flattions d'ar- river à Cologne ; mais nos chevaux ne purent passer Stamel, qui en est à trois lieues.",fr,2634,11.206102,48.17843
LTR-004,"On nous mit dans une chambre, ou plutôt dans une étable : je ne jugeai pas à propos de me coucher, quoique j'eusse mon lit avec moi, parce que le vent nous assiégeoit de tous côtés.",fr,2635,9.741836,46.310097
LTR-004,"Nous avons quitté ce lieu désagréable dès le point du jour, & nous sommes arrivés, ce matin, sur les six heures, à Cologne : je me suis mise au lit sur le champ, & j'ai dormi trois heures ; ce qui m'a entierement délassée.",fr,2636,12.034756,46.702732
LTR-004,"Mon premier soin a été d'aller voir les curiosités de la Ville, c'est-à-dire les Eglises ; car il n'y a pas d'autre bâtiment qui mérite attention.",fr,2637,-20.326654,-22.330215
LTR-004,Cette Ville est très-grande ; mais les édifices ont tous un air de vétusté.,fr,2638,-42.86887,-25.281397
LTR-004,L'Eglise des Jésuites est la plus propre.,fr,2639,-41.76627,-18.226126
LTR-004,Un jeune & beau Jésuite a eu la complaisance de me la montrer.,fr,2640,-6.4554996,48.242798
LTR-004,"Comme il ne me connoissoit pas, il a pris la liberté de me faire des complimens, d'un ton aisé, même un peu railleur ; ce qui m'a beaucoup divertie.",fr,2641,-2.4503653,33.45615
LTR-004,"Je fus frappée de la magnificence des Autels, de la richesse des statues, qui sont toutes d'argent massif, & de celle des châsses.",fr,2642,-23.668102,-37.12846
LTR-004,"Je n'ai, cependant, pu m'empêcher de murmurer intérieurement de la profusion des perles, des diamans, des rubis qui font atttachés aux ornemens de ces Reliques.",fr,2643,-22.954632,-36.605858
LTR-004,"J'ai même été assez méchante, je l'avoue, pour convoiter le collier de perles de sainte Ursule.",fr,2644,-22.761564,-39.457275
LTR-004,"Au reste, étoit-ce bien une méchanceté ?",fr,2645,40.132164,4.885564
LTR-004,Une statue n'est point mon prochain.,fr,2646,41.988773,1.1293938
LTR-004,"Pendant que j'y étois, j'ai souhaité que la statue même de cette fille fût convertie en vaisselle de toilette.",fr,2647,-24.405148,-39.25003
LTR-004,Je voudrois bien aussi convertir en argent un grand saint Christophe que j'y ai vu.,fr,2648,-25.524767,-42.2382
LTR-004,Voilà mes pieuses réflexions.,fr,2649,44.138443,-11.355862
LTR-004,"J'ai cependant été bien satisfaite de voir entassés, à l'honneur de notre Nation, les crânes des onze mille Vierges.",fr,2650,-9.550332,-10.978861
LTR-004,"Il y a encore quelques centaines d'autres Reliques d'une aussi grande conséquence; mais je crois que vous me dispenserez d'imiter les Voyageurs, qui ne manqueroient pas de vous en envoyer une liste.",fr,2651,18.911816,-15.79369
LTR-004,"Adieu ; je vais souper, & boire à votre santé avec d'excellent vin de Lorraine, qui est celui qu'on appelle Bourgogne à Londres.",fr,2652,17.240412,32.62627
LTR-005,"LA fatigue que j'ai essuyée pendant cinq jours de poste, ne m'empêchera pas d'exécuter l'ordre flatteur que m'a donné ma chere Comtesse de lui rendre compte de mes voyages.",fr,2653,11.299999,8.194751
LTR-005,"J'ai traversé une grande partie de l'Allemagne, & j'ai vu tout ce qui mérite de l'attention à Cologne, à Francfort, à Wurts-bourg, enfin, à Nuremberg.",fr,2654,-24.472305,-20.737444
LTR-005,Il est impossible de ne pas sentir la différence qu'il y a entre les Villes libres & celles qui ne le sont pas.,fr,2655,-26.975712,-13.107424
LTR-005,"Dans les premieres on voit regner l'abondance que produit le commerce ; les rues sont belles, remplies de monde vétu d'une maniere niere simple, mais honnête ; les boutiques sont garnies de marchandi- ses ; le tiers-état, en général, a l'air propre & content.",fr,2656,-49.439404,-10.713459
LTR-005,"Les habitans des autres Villes, au contraire, affectent un luxe au travers duquel on voit percer l'indigence.",fr,2657,-41.65648,-32.385372
LTR-005,"Les gens de qualité font mal-propres, & tous habillés d'une maniere ridicule : les rues sont très-étroites, sales, mal entretenues, & très-peu habitées ; plus de la moitié du peuple demande l'aumône.",fr,2658,-50.402294,3.6713257
LTR-005,"Une Ville libre enfin me présente à l'idée la femme d'un Citoyen de Hollande proprement, mais simplement mise ; une qui ne l'est pas, m'y présente, au contraire, une Fille de joie, dont la tête est extrêmement bien parée, le visage couvert de fard ; mais le reste de son habillement est sale & en mauvais ordre : misérable mélange de vice & de pauvreté.",fr,2659,-15.142692,18.564676
LTR-005,I.,fr,2660,50.405018,-49.016773
LTR-005,Partie.,fr,2661,58.665115,-41.482193
LTR-005,"A Nuremberg, il y a des Loix somptuaires qui préviennent l'excès, ruineux à tant de personnes dans les autres Villes.",fr,2662,-41.62811,-32.39163
LTR-005,"Les rangs y sont désignés par l'habillement ; ce qui fait, aux yeux d'un étranger, un effet plus agréable que nos modes.",fr,2663,-33.134125,-8.475568
LTR-005,"J'avoue franchement que je souhaiterois, de tout mon cœur, que ces Loix fussent établies dans beaucoup d'autres endroits.",fr,2664,-0.6883349,-1.6992035
LTR-005,"Lorsque l'on voit que, dans la plupart des Villes, un habit riche fait le mérite, donne de la considération, on est forcé de convenir, qu'il faut avoir un bon sens plus qu'ordinaire, pour résister à la tentation de plaire & d'être admiré.",fr,2665,-17.187847,16.6888
LTR-005,"Les jeunes gens ne cedent que trop à cette tentation, quoiqu'ils se mettent souvent par-là dans le cas de manquer d'argent, ce qui les expose à mille bassesses, & les conduit même jusqu'au crime.",fr,2666,-33.21375,6.6493897
LTR-005,"Combien de personnes nées avec les meilleures inclinations, ont fini par commettre les plus horribles attentats, pour avoir contracté, par de folles dépenses, des dettes qu'il leur étoit impossible d'acquitter !",fr,2667,-32.69942,7.199179
LTR-005,"Elles ne se seroient jamais trouvées dans ce cas, si la multitude ne respectoit point les habits, & si le prix en étoit fixé par la Loi.",fr,2668,-31.691637,8.126243
LTR-005,Ces réflexions en font naître d'autres trop tristes : il faut vous en distraire par le spectacle des Reliques dont j'ai été régalée dans toutes les Eglises Romaines.,fr,2669,2.8837144,-41.89018
LTR-005,Les Luthériens ne sont pas tout-à-fait exempts de ces dévotions.,fr,2670,-29.188614,-14.197471
LTR-005,"J'ai vu, dans la principale Eglise de cette Ville, un morceau de la Croix garni de pierreries, & la pointe de la lance, qu'on m'a dit être celle dont le côté du Sauveur fut percé.",fr,2671,-23.43704,-45.311584
LTR-005,"Mais je m'amusai singulierement dans une petite Eglise de Catholiques Romains, qui est tolérée ici.",fr,2672,-17.462744,-21.172443
LTR-005,"Comme ceux de cette Religion ne sont pas riches à Nuremberg, ils ne peuvent mettre des ornemens de prix à leurs statues : on en voit une du Sauveur au-dessus de leur Autel, à laquelle ils ont, par vénération, mis un habit, & une perruque bien poudrée.",fr,2673,-63.899075,-23.558315
LTR-005,"Cela vous surprend, & vous croyez que je viens de vous raconter une fable ; mais je vous proteste que je n'ai point encore fait usage du privilége des Voyageurs, & vous pouvez me croire à ce sujet avec autant de confiance, que quand je vous assure que je suis, &c.",fr,2674,7.7313547,-0.62338483
LTR-006,JE n'ai reçu votre Lettre que la veille de mon départ de Londres.,fr,2675,25.737434,-5.354168
LTR-006,"Je vous remercie de vos bons souhaits : je leur attribue tant de vertu, que je croirois volontiers leur devoir, en partie, le bonheur que j'ai d'être si avancée dans mon voyage, sans avoir essuyé aucun accident.",fr,2676,20.043842,18.299728
LTR-006,"Ce n'en est pas un d'avoir été arrêtée quelques jours dans cette Ville, par un rhume, puisqu'il m'a procuré l'occasion de voir tout ce qu'il y a de plus curieux, & d'y lier connoissance avec plusieurs Dames qui ont eu la politesse de me rendre visite, principalement Milady ***, femme de l'En- voyé de Hanovre.",fr,2677,2.361456,25.711224
LTR-006,"Elle m'a menée à toutes les assemblées, & m'a traitée magnifiquement à son Hôtel, qui est un des plus beaux de la Ville.",fr,2678,-7.6966763,41.1892
LTR-006,Toute la Noblesse de Ratisbonne est composée d'Envoyés de différens Etats.,fr,2679,-60.689632,-49.71888
LTR-006,"Ils sont en très-grand nombre, & passeroient leur tems agréablement, s'ils étoient moins délicats sur le cérémonial : mais, au lieu de chercher à s'amuser réciproquement, ils ne s'occupent que de querelles, qu'ils semblent même vouloir éterniser, en les laissant comme un héritage à leurs successeurs ; de maniere qu'un Envoyé à Ratisbonne, en essuie au moins une demi-douzaine, comme si c'étoit un casuel ordinaire à sa fonction.",fr,2680,-30.514208,19.215849
LTR-006,"Les femmes ne manquent jamais de fomenter ces importantes disputes, qui divisent la Ville en presqu'autant de partis qu'il y a de familles : elles aiment mieux avoir la mortification d'être seules dans leurs assemblées de nuit, que d'abandonner la moindre de leurs prétentions.",fr,2681,-32.22591,20.552021
LTR-006,"Je ne suis ici que depuis une semaine ; cependant chacune de ces Dames m'a raconté tous les griefs, & tous les sujets de plainte qu'elle croit avoir contre ses voisins & voisines.",fr,2682,4.096696,23.963156
LTR-006,Je m'apperçois qu'on a le projet de me faire déclarer pour quelque parti ; mais la prudence m'ordonne la neutralité.,fr,2683,6.523719,11.885935
LTR-006,"Je ne pourrois, cependant, la garder longtems si je restois dans cette Ville, parce que, lorsqu'on fréquente les personnes d'un parti, l'on est insulté par celles de l'autre.",fr,2684,6.719203,19.05118
LTR-006,"Ces disputes roulent sur le rang, sur la préféance, enfin sur le titre d'Excellence, auquel tout le monde prétend, & qu'on a la méchanceté de ne vouloir accorder à personne.",fr,2685,-34.924717,2.5994282
LTR-006,"Je leur ai con- seillé, pour le bien public, de le donner à tout le monde, afin que chacun l'obtienne de tout le monde: mais on m'a écoutée avec indignation, comme quelqu'un qui proposoit une paix deshonorante.",fr,2686,2.117102,11.894626
LTR-006,"Je m'apperçois que ces querelles font un amusement pour les habitans de Ratisbonne, & je me blâme moi-même d'avoir voulu les en priver.",fr,2687,3.5244858,20.602402
LTR-006,"Mon inclination pacifique commence déjà à me faire regarder de mauvais œil : chacun se dit à l'oreille que je suis bien fiere d'avoir, jusqu'à présent, fait honnêteté à tout le monde, & qu'il faut que je n'aye trouvé personne digne de prendre querelle avec moi.",fr,2688,8.034448,12.167618
LTR-006,"Je changerois de conduite, si je n'avois dessein, de continuer mon voyage dans peu de jours.",fr,2689,23.03963,33.57394
LTR-006,"J'ai visité les Eglises de cette Ville, & l'on m'a permis de toucher les Reliques; complaisance qu'on n'avoit pas eue dans les autres Villes où j'ai passé.",fr,2690,-19.930754,-21.76873
LTR-006,"En les voyant de si près, j'ai eu occasion de faire une remarque que j'aurois, sans doute, pu faire par-tout ailleurs ; c'est que les diamans, les émeraudes, les rubis, &c. qui servent à les orner, sont, pour la plûpart, des pierres fausses, quoi-qu'on assure qu'une grande partie des croix, des statues, qui sont garnies de ces pierreries, ayent été données par des Empereurs & d'autres grands Princes.",fr,2691,-22.13187,-35.260887
LTR-006,"Je ne doute pas qu'elles ne fussent d'abord des pierres fines ; mais les bons Peres ont, sans doute, jugé à propos de les employer à d'autres usages, ne doutant pas que des morceaux de verre ne fissent autant d'effet aux yeux du peuple.",fr,2692,-19.25505,-34.308693
LTR-006,On m'a fait voir la griffe d'un Griffon enchâssée dans de l'or : elle est d'une grosseur prodigieuse.,fr,2693,-27.855768,-44.689606
LTR-006,"J'ai demandé au Révérend Pere, qui me la montroit, si le Griffon étoit un Saint.",fr,2694,-27.548845,-43.94944
LTR-006,Cette question lui a presque fait perdre sa gravité; il m'a cependant répondu qu'on ne gardoit cette griffe que par curiosité.,fr,2695,7.4210944,-60.025314
LTR-006,J'ai été scandalisée de voir une grande statue d'argent qui représente la Trinité.,fr,2696,-25.445015,-40.213646
LTR-006,"Le Pere Eternel est sous la figure d'un vieillard décrépit; il a une barbe qui lui descend jusqu'aux genoux, & une triple couronne sur la tête.",fr,2697,-86.32063,-12.229532
LTR-006,"Il tient dans ses bras le Fils attaché à la croix, & le Saint-Esprit, qui est en forme de colombe, voltige sur sa tête.",fr,2698,-86.566696,-12.306279
LTR-006,"Milady *** me propose d'aller à l'assemblée; ce qui est cause que je vous dis sans préambule, que je suis toujours Votre, &c.",fr,2699,23.152447,37.76638
LTR-007,"JE suis enfin arrivée à Vienne : quoique nous ayons essuyé beaucoup de fatigues mon cher enfant & moi,nous nous portons très-bien.",fr,2700,13.178144,31.833069
LTR-007,"A Ratisbonne nous nous sommes embarqués sur le Danube,dans de petits vaisseaux qu'on appelle, avec raison, des maisons de bois : on y trouve autant de commodités que dans un Palais ; poëles, cuisines, &c.",fr,2701,-56.44873,18.449867
LTR-007,"Ils ont douze rames, & vont avec tant de rapidité,que la vue est frappée d'une variété continuelle de perspectives.",fr,2702,-59.633514,-20.628622
LTR-007,"Rien n'est plus agréable que cette route : d'heure en heure on apperçoit une Ville bien peuplée, & ornée de Palais magnifiques : on découvre des solitudes, dont la description sembleroit romanesque : enfin les bords du fleuve sont agréablement diversifiés par des bois, des ro- chers, & des coteaux couverts de vignes, des champs remplis de bled; par de grandes Villes, & des ruines d'anciens Châteaux.",fr,2703,-57.436558,-5.2839837
LTR-007,J'ai vu Passau & Lintz.,fr,2704,-51.34083,44.326496
LTR-007,"Cette derniere Ville est fameuse pour avoir été la retraite de la Cour Impériale, lorsque Vienne fut assiégée.",fr,2705,-50.553318,43.842197
LTR-007,"Quoiqu'elle soit aujourd'hui honorée de la résidence de l'Empereur, elle n'a pas rempli mon attente ; je l'ai trouvée bien plus petite que je ne le pensois : ses rues sont si étroites, qu'il est impossible de voir les beaux frontispices des Palais.",fr,2706,-12.069809,9.5570345
LTR-007,"Ils sont presque tous bâtis de belles pierres blanches, & prodigieusement élevés.",fr,2707,-58.716003,-29.261827
LTR-007,"Comme Lintz ne peut contenir tous ceux qui veulent y demeurer, on a entassé Ville sur Ville; la plûpart des maisons ont cinq étages, & beaucoup en ont six.",fr,2708,-52.839,2.2427545
LTR-007,"Il est aisé de comprendre que les rues étant si étroites, les chambres font fort obscures; &, ce qui me paroit encore plus insup- portable, c'est qu'il ny a point de maison qui ne contienne cinq ou six familles.",fr,2709,-51.60537,1.2362828
LTR-007,"Les appartemens des plus grandes Dames, même des Ministres d'Etat, ne sont séparés de ceux des Tailleurs & des Cordonniers que par des cloisons ; personne n'occupe plus de deux étages dans une maison : les maîtres logent au premier, & les domestiques habitent celui de dessus.",fr,2710,-38.663864,23.994692
LTR-007,Les Propriétaires n'occupent de leurs maisons que ce qui leur est absolument nécessaire ; ils louent le reste ; ainsi les escaliers sont aussi communs & aussi sales que les rues.,fr,2711,-54.908104,8.954974
LTR-007,"Je conviens que les appartemens sont magnifiques : ce sont ordinairement des enfilades de huit ou dix grandes pièces toutes parquetées : les portes & les fenêtres sont ornées de sculpture & de dorure ; les ameublemens sont si riches, qu'on en voit peu de semblables, même chez les Princes Souverains des autres pays.",fr,2712,-56.637882,-13.39062
LTR-007,"Ils con- sistent en tapisseries de haute-lisse ; en très-grandes glaces, dont les cadres sont d'argent ; on y voit des tables en vernis du Japon.",fr,2713,-63.34987,-19.975306
LTR-007,"Les lits, les chaises, les canapés & les rideaux des fenêtres sont de damas ou de velours de Gênes, enrichis de galons ou de broderie en or.",fr,2714,-68.5001,-19.684711
LTR-007,"Il y a, en outre, de grands vases en vernis de la Chine, de très-beaux tableaux, & de grands lustres de crystal de roche.",fr,2715,-63.15914,-19.75084
LTR-007,"J'ai eu l'honneur de dîner chez plusieurs personnes de la premiere qualité, & je puis dire, avec vérité, que le bon goût & la magnificence de leur table répond à celle de leurs ameublemens.",fr,2716,-27.273197,-8.430325
LTR-007,"J'ai vû, plus d'une fois, servir cinquante plats, tous d'argent, & remplis d'excellents mets ; le dessert, qui répondoit au reste du repas, étoit sur la plus belle porcelaine de la Chine.",fr,2717,-67.02418,-23.160904
LTR-007,Il y a toujours dans leurs repas une variété surpre- nante de vins exquis.,fr,2718,-38.319237,-31.88988
LTR-007,"C'est un usage de mettre sur l'assiette des convives une liste de ceux qu'on doit servir, & j'en ai compté plusieurs fois jusqu'à dix-huit sortes des plus excellens.",fr,2719,-79.23774,-40.047337
LTR-007,"J'allai hier à la maison de campagne du Comte de Schoonbourn, Vice-Chancelier, où j'étois invitée à dîner.",fr,2720,-17.640657,47.76162
LTR-007,"Je n'ai jamais rien vu de si beau que le fauxbourg de Vienne : il est fort grand, & ses maisons sont presque toutes des Palais magnifiques.",fr,2721,-45.146473,-21.652704
LTR-007,"Vienne seroit une Ville & des plus grandes & des mieux bâties de l'Europe, si l'Empereur vouloit qu'on en abattît les portes, & qu'on y joignît le fauxbourg.",fr,2722,-52.486313,38.317104
LTR-007,"Pour revenir à la maison de campagne du Comte de Schoonbourn, elle est extrêmement belle.",fr,2723,-18.127071,47.391434
LTR-007,"Les ameublemens sont de brocart d'un si beau goût, & si brillant, que l'oeil en est satisfait.",fr,2724,-38.507713,-19.430017
LTR-007,"Il y a une galerie pavée de pierres très-rares ; & dont les murs sont tout couverts de nacre de perle ; la dorure & la sculpture sont répandues avec profusion dans toute la maison : on y voit quantité de belles peintures & de magnifique porcelaine ; des statues d'albâtre & d'yvoire : la vue & l'odorat sont réjouis par de grands orangers & limoniers, qui sont plantés dans des pots dorés.",fr,2725,-57.871952,-14.950992
LTR-007,Le dîner fut splendide & très-bien ordonné ; la bonne humeur du Comte en fit le principal agrément.,fr,2726,-37.56848,-14.138475
LTR-007,"Je n'ai pas encore été à la Cour ; j'attends ma robe, sans laquelle je ne peux être admise à l'audience de l'Impératrice.",fr,2727,-3.1841865,14.519563
LTR-007,Je suis bien impatiente de voir une Beauté qui a fait l'admiration de tant de Nations différentes.,fr,2728,-10.076839,-13.090417
LTR-007,"Lorsque j'aurai eu cet honneur, je vous marquerai sincerement ce que j'en pense.",fr,2729,29.196598,13.382377
LTR-007,C'est toujours un nouveau plaisir pour moi d'ouvrir mon coeur à ma chere Sœur.,fr,2730,28.476843,14.160277
LTR-008,"VOus rirez, peut-être, de voir que je vous remercie sérieusement de l'intérêt que vous dites prendre à ce qui me regarde.",fr,2731,24.022398,7.2659826
LTR-008,"Je pourrois croire que votre Lettre n'est qu'une plaisanterie, & peut-être ne me tromperois-je pas : mais je ne pense point, comme le commun des hommes, que l'éloignement diminue l'amitié ; je suis, au contraire, persuadée qu'il augmente celle que vous avez pour moi.",fr,2732,14.600618,5.489531
LTR-008,"Quoique j'affecte l'esprit-fort, je conviendrai cependant que j'ai, comme les autres femmes, une grande disposition à croire aux miracles.",fr,2733,10.130466,18.076014
LTR-008,"Ne pensez pas, au reste, que je sois infectée de l'air qu'on respire dans ces Pays Papistes.",fr,2734,6.7406244,-11.250219
LTR-008,Mais je me suis écartée des maximes de l'Eglise Anglicane ; j'allai Dimanche à l'Opéra que l'on donna dans le Jardin de la Favorite.,fr,2735,-1.7051882,6.5750375
LTR-008,"Au reste, j'en fus si contente, que je ne puis me repentir de l'avoir vû.",fr,2736,24.15103,27.618809
LTR-008,Je crois qu'il n'y a rien de plus beau dans ce genre;& l'on n'eut pas beaucoup de peine à me persuader que les décorations & les habits ont coûté à l'Empereur trois mille livres sterling.,fr,2737,-25.682648,-15.99559
LTR-008,"Le Théâtre étoit dressé sur un très-grand Canal : au commencement du second Acte, il se divisa en deux parties, & découvrit l'eau sur laquelle on apperçut à l'instant deux flottes composées de petits vaisseaux dorés qui arrivoient de divers endroits : ils représenterent un combat naval.",fr,2738,-68.47698,2.5018938
LTR-008,Il seroit difficile d'imaginer la beauté de cette scène : je la regar- dai avec toute l'attention dont j'étois capable.,fr,2739,-6.224891,-28.835155
LTR-008,Tout le reste étoit très-beau dans son genre.,fr,2740,-57.789352,-35.917507
LTR-008,Le sujet de l'Opéra étoit l'Enchantement d'Alcine.,fr,2741,-54.23568,-51.99431
LTR-008,"On y change souvent de décorations, ce qui demande une prodigieuse quantité de machines : tout fut exécuté avec beaucoup d'art.",fr,2742,-56.224922,-17.080854
LTR-008,"Le Théâtre est si vaste, que l'œil peut à peine le parcourir; on y compte jusqu'à cent huit habits, tous de la derniere magnificence.",fr,2743,-50.35742,-16.178646
LTR-008,"Comme il n'y a point de Salle capable de contenir les décorations & les machines qui y sont nécessaires, on est obligé de le construire en plein air, & les Dames sont exposées aux injures du tems, parce qu'il n'y a qu'un seul Pavillon, destiné pour la Famille Impériale.",fr,2744,-40.530724,24.55826
LTR-008,"La premiere fois que cet Opéra fut représenté, il survint une pluie qui obligea les Spectateurs de s'enfuir ; & je pensai être étouffée dans la foule.",fr,2745,-6.4783635,-23.845549
LTR-008,"Durant les Opéra sont beaux à Vienne, autant les Comédies y font ridicules.",fr,2746,-50.998085,-38.57918
LTR-008,Il n'y a qu'un Théâtre où l'on en représente: j'ai eu la curiosité d'en voir une.,fr,2747,-8.281827,-22.004143
LTR-008,"C'étoit Amphitrion, ce qui m'a fait plaisir, parce que ce sujet ayant été déjà traité par un Poëte Latin, un François & un Anglois, j'étois curieux de voir comment un Autrichien s'en étoit tiré.",fr,2748,-5.927021,-20.065668
LTR-008,"Quoique j'entendisse assez la langue pour comprendre presque toute la Pièce, j'y allai avec une Dame qui eut la bonté de me la rendre mot pour mot.",fr,2749,-3.5055194,29.365507
LTR-008,"L'usage est de prendre une Loge de quatre Places pour soi & pour sa compagnie, & le prix en est fixé à un ducat.",fr,2750,-23.359194,-69.22352
LTR-008,"Le lieu du Spectacle étoit bas & obscur; mais je fus bien dédommagée par la Comédie; je n'ai, en vérité, jamais tant ri.",fr,2751,-7.4355326,-24.34901
LTR-008,"Jupiter ouvre la Scène; il fait l'amour à Alcmene, par le trou d'un nuage: la Pièce finit par la naif- sance d'Hercule.",fr,2752,-55.365242,-53.40097
LTR-008,"L'usage que Jupiter fait de sa métamorphose est très-plaisant : lorsqu'il paroît sous la figure d'Amphitrion, on croit qu'il va voler à Alcmene avec les transports que M. Dryden lui prête ; point du tout, il escroque un habit galonné au Tailleur d'Amphitrion, un sac d'argent à un Banquier, un diamant à un Juif, & commande un grand souper chez un Traiteur.",fr,2753,-39.63775,40.324165
LTR-008,"Enfin, la Pièce roule sur les importunités qu'Amphitrion essuie de la part de ces créanciers, Sosie est traité de la même maniere par Mercure.",fr,2754,-40.844585,38.85207
LTR-008,"Tout cela me fit beaucoup rire ; mais je ne pardonnai point au Poëte d'avoir lardé sa Pièce d'expressions indécentes, & de mots si grossiers, que le bas peuple de Londres auroit peine à les souffrir dans la bouche d'un Bateleur.",fr,2755,-0.31535462,4.605987
LTR-008,"Ajoûtez à cela, que les deux Sofies mirent exactement culotte bas, devant des Loges remplies de Gens de la premiere qualité, qui furent satisfaits du j u de ces deux impertinens Acteurs, & m'affûrerent que cette Pièce étoit célèbre.",fr,2756,-87.52183,10.80974
LTR-008,"Je finis ma Lettre par cette relation, qui n'est pas indigne de l'attention de M. Collier.",fr,2757,31.646938,1.4533843
LTR-008,"Je ne vous ennuierai point par de longs complimens d'adieu ; je les crois, en général, aussi fatigans que les révérences que l'on fait en sortant d'un appartement, lorsque la visite n'a déja été que trop longue.",fr,2758,17.464933,-12.356513
LTR-009,"VOus écrire encore, après la longue & ennuyeuse Lettre que vous venez de recevoir de moi, c'est me rendre importune, ma chere Sœur, je l'avoue.",fr,2759,26.915882,1.3416659
LTR-009,"Mais je vous ai promis de vous faire part de ma premiere entrée à la Cour, & je veux vous tenir parole.",fr,2760,28.444157,5.9320016
LTR-009,"Pour me préparer à cette cérémonie, il a fallu me mettre à la torture dans une robe fort étroite, m'armer d'une gorgette, & du reste de l'équipage, qui fait, en général, un habillement fort incommode, quoiqu'il soit avantageux pour la taille & le cou.",fr,2761,-20.822298,-48.31945
LTR-009,"Je veux vous donner une idée des modes de Vienne, qui sont plus ridicules, & plus opposées au sens commun, que vous ne pouvez vous l'imaginer.",fr,2762,1.8266332,0.46361014
LTR-009,"Les femmes bâtissent sur leur tête un édifice de gaze, qui a environ une verge (a) de hauteur.",fr,2763,-77.72583,-0.32635316
LTR-009,"Elles prennent d'abord un bourrelet, qui ne differe de celui dont les laitieres se servent pour porter leur pot au lait sur la tête, qu'en ce qu'il est trois fois plus gros ; élevent dessus trois ou quatre étages qu'elles fortifient avec une quantité prodigieuse de gros rubans; cette masse est ensuite couverte de leurs cheveux, auxquels elles en ajoûtent beaucoup de postiches : car c'est pour elles une beauté singuliere d'avoir la tête trop grosse pour qu'elle puisse entrer dans un tonneau de moyenne grandeur.",fr,2764,-75.38211,-14.479677
LTR-009,"Elles se poudrent beaucoup, afin qu'on n'apper- çoive pas le mélange des cheveux : pour perfectionner cet ajustement, elles y mettent trois ou quatre rangs de grandes épingles à têtes de diamant, de perles, & de pierres de toutes couleurs, & elles ont soin que ces épingles débordent les cheveux.",fr,2765,-76.15495,-14.587321
LTR-009,"Pour porter en équilibre cette énorme coëffure, je vous jure qu'il faut avoir beaucoup d'art & d'usage.",fr,2766,-19.6829,-47.98614
LTR-009,"Leurs jupes sont plus larges que les nôtres de trois ou quatre verges ; elles sont, en outre, soutenues par des baleines ; de façon qu'une Dame de Vienne occupe plusieurs toises de terrein.",fr,2767,-74.14191,-14.365306
LTR-009,Jugez combien cet ajustement bizarre augmente la laideur qu'il a plû au Tout-Puissant de leur donner à toutes en général !,fr,2768,-18.414133,-1.1619357
LTR-009,"L'Impératrice elle-même est obligée de suivre, en quelque façon, ces modes absurdes, qu'on ne quitteroit pour rien au monde.",fr,2769,-20.169476,30.10699
LTR-009,"Elle m'accorda une audience particuliere d'une de-mi-heure, au bout de laquelle on permit aux autres Dames de venir faire leur Cour.",fr,2770,-4.253407,44.540222
LTR-009,"En voyant cette Princesse, j'ai senti le ravissement de l'admiration : ses traits ne sont cependant pas tout-à-fait réguliers; ses yeux ne font point grands; mais ils font vifs & doux; son nez est bien fait, son front bien pris; sa bouche est charmante; elle a le sourire extrême-ment agréable; son teint est le plus beau que j'aye jamais vû; sa tête est ornée d'une prodigieuse quantité de beaux cheveux : mais sa taille, son air & ses gestes !...",fr,2771,-19.66191,-8.227714
LTR-009,"pour les peindre, il faudroit emprunter le langage poë-tique.",fr,2772,-42.816288,-59.554134
LTR-009,"Ce qu'on a dit de la noblesse de Junon, des charmes de Vénus, n'est point encore assez expressif : les graces sont répandues sur toute sa personne.",fr,2773,-18.442142,19.289442
LTR-009,"Non, la fameuse Vénus de Médicis n'a pas une taille plus ré-guliere.",fr,2774,-28.225267,-50.381104
LTR-009,"On ne peut rien ajoûter à la beauté de son cou, ni à celle de ses mains.",fr,2775,-13.280549,-30.2363
LTR-009,"Avant de les avoir vues, je n'imaginois pas que la Nature en eût produit de si belles.",fr,2776,-4.5203466,-27.632744
LTR-009,"J'ai été presque fâchée que le rang que j'occupe ici, m'ait empêché de les baiser ; toutes les Dames qui sont admises à l'honneur de lui faire leur cour, ont ce bonheur en entrant & en sortant.",fr,2777,-0.013931741,19.890377
LTR-009,"Elle ne tarda pas à s'asseoir pour jouer au Quinze : comme je ne savois pas ce jeu, je fus privée de l'honneur de jouer avec elle.",fr,2778,-4.1032186,32.194115
LTR-009,"Pour m'en dédommager, elle eut la bonté de me faire asseoir à sa droite, & m'adressa souvent la parole avec cette grace qui lui est naturelle & particuliere en même tems.",fr,2779,-3.6099494,33.099995
LTR-009,Je m'attendois à chaque instant de voir venir les Seigneurs faire leur Cour : mais l'étiquette de Vienne est différente de celle de Londres.,fr,2780,-22.638788,-2.3271365
LTR-009,Aucun homme n'entre chez l'Impératrice; le Grand- Maître vient seulement l'avertir de l'arrivée de l'Empereur.,fr,2781,-32.111748,44.381397
LTR-009,"Ce Prince me fit l'honneur de m'adresser la parole ; ce qui me flatta d'autant plus qu'il ne l'adresse jamais aux Dames qui sont chez l'Impératrice ; sa visite se fait avec un ton de gravité, & un air de cérémonie singulierement affecté.",fr,2782,-6.367284,33.500828
LTR-009,"L'Impératrice Amélie, veuve de l'Empereur Joseph, est venue ce soir rendre visite à l'Impératrice Regnante; elle étoit accompagnée des deux Archiduchesses, ses Filles, qui sont fort aimables.",fr,2783,-20.312475,52.036114
LTR-009,"Leurs Majestés Impériales se sont levées, & sont allées au-devant d'elle, jusqu'à la porte de l'appartement.",fr,2784,-26.253094,50.818756
LTR-009,"L'Impératrice Amélie s'est assise dans un fauteuil, à côté de l'Impératrice Regnante ; les Archiduchesses se sont mises sur des siéges à dossier, mais sans bras.",fr,2785,-75.83906,28.124416
LTR-009,On a servi le souper où les Seigneurs ont eu la liberté d'assister.,fr,2786,-37.245422,-12.3486185
LTR-009,Le repas étoit splendide ; les Filles d'honneur de l'Impératrice ont rangé les plats.,fr,2787,-37.901234,-13.177675
LTR-009,"Elles sont au nombre de douze, toutes jeunes, & de la premiere qualité.",fr,2788,-59.961815,-33.706818
LTR-009,"On ne leur donne aucuns gages ; elles sont seulement logées & nourries à la Cour, où elles sont fort gênées, n'ayant pas la liberté d'aller dans les assemblées, même de se montrer au dehors, si ce n'est lorsqu'il faut en complimenter quelqu'une d'entr'elles qui vient de se marier : dans cette occasion, l'Impératrice lui fait présent de son portrait.",fr,2789,-40.890285,25.467678
LTR-009,"Les trois premieres sont appellées Dames de la clef, & elles portent des clefs d'or à leur côté.",fr,2790,-82.932335,-4.4935193
LTR-009,"Lorsqu'elles sont sorties du service de l'Impératrice, l'usage veut qu'elles lui fassent, pendant le reste de leur vie, un présent tous les ans, le jour de sa Fête : cela me paroît assez singulier.",fr,2791,-42.843285,27.990683
LTR-009,"L'Impératrice n'a que des Filles à son service, excepté la Grande-Maitresse, qui est ordinairement une veuve de la premiere qualité, & toujours fort âgée : elle est en même tems Dame de la Garderobe, & Mere ou Gouvernante des Filles d'honneur.",fr,2792,-38.38402,22.642862
LTR-009,"Celles qui habillent l'Impératrice ne sont pas, à beaucoup près, si considerées à Vienne, que le font à Londres celles qui font la même fonction auprès de la Reine d'Angleterre : les premieres ne font regardées que comme de simples Femmes de chambre.",fr,2793,-31.786137,-6.168921
LTR-009,"J'eus le lendemain audience de l'Impératrice Mere, Princesse remplie de douceur & de vertu ; mais elle a donné dans le plus grand excès de dévotion.",fr,2794,-17.746756,50.65824
LTR-009,"Elle fait une pénitence continuelle, sans avoir jamais péché.",fr,2795,-36.628384,15.925274
LTR-009,"Elle porte toujours le deuil ; mais elle permet les habits de couleur à ses Filles d'honneur, dont le nombre est aussi de douze.",fr,2796,-32.21808,23.198837
LTR-009,"Je n'ai rien vu de si lugubre, & de si désagréable en même tems, que le grand deuil de Vienne ; & on le prend pour tous les proches parens.",fr,2797,-13.338929,-10.449764
LTR-009,"Les femmes sont couvertes de noir depuis la tête jus-qu'aux pieds ; on ne voit point leur linge ; un crêpe couvre leur cou, leurs oreilles, & les deux côtés de leur visage, dont le bout perce à peine au milieu.",fr,2798,-73.24484,-26.581495
LTR-009,"Dans un deuil de Veuve, elles ont de plus un ban-deau sur le front.",fr,2799,-70.626564,-35.70106
LTR-009,"Avec cet habit lu-gubre, elles vont, sans scrupule, dans tous les lieux publics de diver-tissement.",fr,2800,-66.51735,8.630425
LTR-009,"Le lendemain, j'allai faire ma cour à l'Impératrice Amélie, qui est à présent à son Palais de retraite, à un demi-mille de Vienne.",fr,2801,-18.895998,53.57979
LTR-009,J'y vis un divertissement tout nouveau pour moi ; c'est l'amusement ordinaire de cette Cour.,fr,2802,-0.45413017,-19.177439
LTR-009,"L'Impératrice étoit as-sise sur un petit trône, élevé au bout de la grande allée de son jardin.",fr,2803,-74.172,28.373913
LTR-009,"Les Dames de qualité étoient rangées des deux côtés, ayant à leur tête les deux jeunes Archiduchesses.",fr,2804,-77.055214,-6.24118
LTR-009,"Elles étoient coëffées en cheveux tout garnis de pierreries, & tenoient en main des fusils fort beaux & fort légers.",fr,2805,-76.12841,-23.512096
LTR-009,"A quelque distance de-là étoient placés trois tableaux ovales, qui étoient le but où ces Dames devoient tirer.",fr,2806,-73.636986,-5.818269
LTR-009,Le premier représentoit Cupidon versant du vin rouge dans un grand verre ; cette devise étoit au-dessous : il est facile d'être vaillant ici.,fr,2807,-87.08489,-5.266755
LTR-009,"Sur le second étoit la Fortune, tenant une guirlande; il y avoit pour devise : pour celle que la Fortune favorise.",fr,2808,-89.02075,-6.706154
LTR-009,"Sur le troisieme on voyoit une épée, dont la pointe étoit surmontée d'une couronne de laurier, avec cette devise : point de honte à craindre ici pour les vaincus.",fr,2809,-86.734184,-8.259371
LTR-009,"On avoit placé près de l'Impératrice un trophée doré, couronné de fleurs, & tout rempli de petits crochets, d'où pendoient des mouchoirs de Turquie, des palatines, des rubans, des dentelles, &c. pour les moindres prix.",fr,2810,-86.02703,-8.085673
LTR-009,"L'Impératrice donna de sa propre main le premier, qui étoit une tabatiere d'or, dans laquelle il y avoit une bague où étoit monté un très-beau rubis, entouré de diamans.",fr,2811,-85.38434,-6.058972
LTR-009,"Le second prix consistoit en un petit Cupidon enrichi de diamans, un service de très-belle porcelaine pour le thé, une table à bords d'or pour le même usage, en coffres de vernis du Japon, en éventails ; & autres meubles aussi galans.",fr,2812,-86.200775,-3.7715147
LTR-009,Tous les hommes de qualité de Vienne furent spectateurs ; mais il n'y eut que les Dames qui tirerent : l'Archiduchesse Amélie remporta le premier prix.,fr,2813,-40.06086,2.256762
LTR-009,"Ce divertissement m'amusa beaucoup, & peut-être le détail en seroit-il aussi intéressant, que celui que nous donne Virgile dans l'E- néïde, si j'écrivois aussi-bien que ce Poëte.",fr,2814,2.104433,-18.28564
LTR-009,"C'est un des principaux amusemens de l'Empereur, & rarement il se passe une semaine, sans qu'il en donne un pareil ; ce qui rend les jeunes Dames de Vienne assez adroites pour défendre un Fort.",fr,2815,-35.992554,43.99111
LTR-009,On rit beaucoup ici de voir que je n'ose manier un fusil.,fr,2816,8.243193,-55.51782
LTR-009,"Pardonnez, ma chere Sœur, si je finis sans compliment; peut-être croyez-vous que je ne finirois jamais.",fr,2817,27.686302,9.486837
LTR-010,"LA Lettre obligeante que vous m'avez écrite, m'a fait d'autant plus de plaisir, que vous n'y avez épargné ni le papier, ni le tems, & je reconnois là votre caractère.",fr,2818,20.797571,2.7350953
LTR-010,"Oui, je suis trop sûre de votre amitié, pour imaginer qu'elle puisse être alterée par l'absence, & par le séjour de la Cour: je crois, au contraire, que vous penserez quelquefois à moi.",fr,2819,14.852917,5.0774813
LTR-010,Je suis fort sensible aux mortifications qu'essuie notre petite ancienne amie.,fr,2820,2.9587498,7.5142317
LTR-010,"Je la plains d'être dans un Pays où il y a des usages barbares ; certainement, elle n'auroit ici d'autre défaut, que celui d'être trop jeune pour être à la mode : je lui conseille de s'y transporter dans sept ou huit ans ; elle sera encore une jeune & brillante Beauté.",fr,2821,-16.040773,25.271542
LTR-010,"Je peux vous assûrer que ni les rides, ni les cheveux gris, ni même un dos courbé, ne font point un obstacle aux conquêtes.",fr,2822,-13.24613,-32.27098
LTR-010,Croiriez-vous que Madame de S.,fr,2823,15.994862,-36.826305
LTR-010,"H. K. eut pour adorateur un jeune homme de vingt-cinq ans, & qu'un autre à peu près de même âge, fut toujours empressé à donner le bras à la Comtesse d'O-d au sortir de l'Opera?",fr,2824,-31.864464,38.190876
LTR-010,"Ce sont cependant les Spectacles que l'on voit tous les jours, & personne n'en est surpris, que moi.",fr,2825,-11.769564,-16.867653
LTR-010,"Une femme est regardée comme une jeune novice, sans expérience jusqu'à l'âge de trente-cinq ans, & quelquefois elle ne fait du bruit dans le monde qu'à quarante.",fr,2826,-39.117878,34.534225
LTR-010,"Je ne sais, Milady, ce que vous penserez de tout ceci ; pour moi, je vous assûre que je suis charmée de savoir que Vienne est un paradis terrestre pour les vieilles femmes ; & je me console du peu de cas qu'on y fait aujourd'hui de moi, parce que je compte y revenir, lorsque je ne pourrai plus me montrer ailleurs.",fr,2827,6.2931433,2.8302288
LTR-010,"Que je plains ce grand nombre de femmes Angloises, qui sont réduites depuis longtems à faire les prudes !",fr,2828,-3.2354524,8.256297
LTR-010,"Si elles étoient ici, elles tiendroient encore le premier rang parmi les Beautés.",fr,2829,-19.80777,-14.4611025
LTR-010,"D'ailleurs, le mot réputation n'a point à Vienne la même signification que nous lui donnons à Londres ; & loin de la perdre, en prenant un Amant, au contraire, on s'en fait une ; parce que les femmes reçoivent plus de considération par le rang de ceux qui leur font la cour, que par celui de leurs maris mêmes.",fr,2830,-27.071285,17.034723
LTR-010,"Ce qui doit vous paroître bien plus extraordinaire encore, c'est qu'il n'y a dans cette Ville ni coquettes ni prudes.",fr,2831,-28.80833,-24.803192
LTR-010,"Aucune femme n'oseroit paroître assez coquette pour écouter deux Amans à la fois , & l'on n'en voit point qui soient assez prudes pour prétendre être fidelles à leurs Maris.",fr,2832,-29.671833,26.857529
LTR-010,"Ces derniers sont ici d'une douceur admirable ; ils ont autant d'attentions pour les Amans de leurs femmes , que pour un commis qui les décharge de la partie la plus embar-rassante de leurs affaires: ils n'en sont pas moins occupés pour cela ; chacun d'eux va faire ailleurs la fonc-tion de commis ; en un mot , c'est la coutume à Vienne que chaque fem-me ait deux Maris , l'un qui en porte le nom , l'autre qui en fait les fonc-tions ; & les engagemens sont si con-nus , que ce seroit faire un affront à une femme de qualité , de l'inviter à dîner , sans inviter en même tems ses deux suivans , son Amant & son Mari : elle ne manqueroit pas même d'en marquer son ressentiment.",fr,2833,-28.111837,20.274227
LTR-010,Elle se place entr'eux avec beaucoup de gravité.,fr,2834,-60.862873,-23.83769
LTR-010,"Les sous-mariages durent ordinairement vingt ans de suite, & souvent la Maitresse ruine totalement son Amant.",fr,2835,-40.118614,31.802282
LTR-010,Ces liaisons sont plus souvent formées par l'usage que par l'amour.,fr,2836,-33.902454,-3.153968
LTR-010,"Un homme est peu consideré, lorsqu'il n'est attaché à personne ; & sitôt qu'une femme est mariée, elle cherche un Amant, pour faire partie d'un équipage sans lequel elle ne peut être agréable.",fr,2837,-30.95052,25.368473
LTR-010,"L'Amant commence par assûrer à sa Maîtresse une pension, qu'il seroit toujours forcé de lui payer, quand même il cesseroit de la voir : j'imagine que c'est la veritable cause de ces exemples étonnans de constance qu'on voit ici.",fr,2838,-25.01899,31.59427
LTR-010,"Je pourrois vous nommer plusieurs femmes de la premiere qualité, dont les pensions sont aussi connues que leur patrimoine, sans qu'elles en soient moins estimées = leur conduite, au contraire, seroit suspecte, si on les soupçonnoit de ne rien recevoir de leur Amant, & elles mettent de la rivalité à se faire donner la plus forte pension : en un mot, c'est un deshonneur parmi elles, d'être sans intrigue.",fr,2839,-28.710197,18.36483
LTR-010,"Une de ces Dames, avec qui je suis fort liée, me dit hier que je lui avois beaucoup d'obligation, d'avoir pris ma défense dans une conversation qu'on avoit tenue à mon sujet.",fr,2840,-3.4268568,25.13672
LTR-010,"On y soutenoit que je n'avois pas le sens commun, puisque depuis quinze jours que j'étois à Vienne, je n'avois fait aucune démarche pour lier une intrigue.",fr,2841,6.915134,23.739056
LTR-010,"Elle répondit, selon ce qu'elle m'a rapporté, qu'il étoit injuste d'attribuer à la stupidité, ce qui ne devoit l'être qu'à l'incertitude de mon départ ; & voilà tout ce qu'elle put trouver pour ma justification.",fr,2842,2.8156478,31.244944
LTR-010,"Il m'arriva hier au soir une aventure bien singuliere : je vais vous la raconter, afin de vous donner une idée de la maniere dont les hommes déclarent ici leur passion.",fr,2843,8.927788,-19.432905
LTR-010,"J'étois chez la Comtesse de ***, qui tenoit assemblée : le jeune Comte de *** me donna la main pour descendre l'escalier ; il profita de cette occasion, pour me demander si je comptois rester longtems à Vienne.",fr,2844,1.5724028,38.84913
LTR-010,Je lui répondis que je ne pouvois rien décider à ce sujet ; que cela dépendoit uniquement de la volonté de l'Empereur.,fr,2845,25.48125,47.360786
LTR-010,Hé bien !,fr,2846,49.361534,4.32097
LTR-010,"reprit-il, que votre séjour y soit long ou non, vous devriez au moins y passer le tems agréablement, & y engager une petite affaire de cœur.",fr,2847,20.89815,14.790471
LTR-010,"Mon cœur, répondis-je d'un ton assez sérieux, ne s'engage pas facilement ; d'ailleurs, j'ai dessein de le garder.",fr,2848,21.463879,14.49679
LTR-010,"Cette réponse, reprit-il encore en soupirant, m'annonce que je ne dois pas y prétendre ; ce qui m'afflige d'autant plus que je vous aimois sincerement.",fr,2849,22.642952,13.1969595
LTR-010,"Je veux, cependant, vous obliger ; puisque vous ne me trouvez pas digne de vous, faites-moi connoître celui d'entre nous qui vous plaît le plus, & je vous promets d'arranger cette affaire à votre satisfaction.",fr,2850,18.6318,10.321451
LTR-010,"Jugez comment j'aurois reçu un pareil compliment à Londres ; mais je connoissois assez l'usage de Vienne, pour sentir qu'il cherchoit sincerement à m'obliger.",fr,2851,0.2323628,13.732358
LTR-010,"Je le remerciai du zèle qu'il me marquoit, & me contentai de l'affûrer que je n'avois pas l'intention d'en profiter.",fr,2852,21.28547,18.415173
LTR-010,"Vous voyez, ma chere, que la galanterie & la bonne éducation varient autant dans les différens climats, que la Morale & la Religion.",fr,2853,-9.779973,-0.34062776
LTR-010,Qui sont ceux qui ont les meilleures notions de l'une & de l'autre ?,fr,2854,-20.210897,9.434671
LTR-010,"c'est ce que nous n'apprendrons qu'au jour du Jugement ; grand jour d'éclaircissement, dont l'éloignement ne cause, je vous l'affûre, aucune impatience à votre, &c.",fr,2855,30.982452,50.000183
LTR-011,"LA Lettre que j'ai reçue de vous m'a fait un sensible plaisir, parce que je vous aime sincerement ; elle me feroit, au contraire, beaucoup de peine, si je vous aimois moins.",fr,2856,20.277151,3.232017
LTR-011,"L'aversion extrême que j'ai pour l'écriture, me fait trembler à la seule idée d'une nouvelle correspondance.",fr,2857,10.13872,3.760106
LTR-011,"Je crois avoir désobligé au moins une douzaine de mes connoissances de Londres, en ne voulant pas entretenir un commerce de Lettres avec elles.",fr,2858,10.714128,3.3573115
LTR-011,"J'étois cependant convaincue qu'il auroit été amusant : mais j'ai refusé la satisfaction de lire des choses agréables, pour n'être pas obligée d'en écrire d'insipides.",fr,2859,21.773724,9.828002
LTR-011,"Le plaisir que j'ai de recevoir des preuves de votre amitié, triomphe de mon aversion : je crains cependant que ma réponse ne vous fasse regretter la peine que vous avez prise de m'écrire.",fr,2860,19.677277,4.327214
LTR-011,"Ce n'est pas de l'Autriche qu'on reçoit des Lettres pleines de vivacité, & le flegme du pays m'a déjà gagnée ; on en met jusques dans les querelles & la galanterie ; il n'y a que le cérémonial qui en soit exempt ; c'est lui qui développe toute la vivacité dont les Autrichiens sont capables.",fr,2861,6.633302,-29.725906
LTR-011,"Deux carosses se rencontrant, il y a peu de tems, dans une rue fort étroite, pendant la nuit : les Dames qui étoient dedans se disputerent entr'elles le pas ; & ne pouvant décider laquelle devoit reculer, elles resterent dans leur voiture jusqu'à deux heures du matin.",fr,2862,-20.865154,26.304121
LTR-011,"Elles étoient décidées l'une & l'autre à périr, plutôt que de céder sur un point de cette importance ; & la rue n'auroit été débarrassée qu'à leur mort, si l'Empereur n'avoit envoyé ses Gardes pour les séparer : elles refuserent encore mutuellement de céder le pas ; & l'on ne vint à bout de les séparer, que lorsqu'on eut imaginé de les faire sortir toutes deux de leurs carosses, & entrer dans une chaise à porteur exactement au même tems.",fr,2863,-21.598055,25.420248
LTR-011,"On eut beaucoup de peine à mettre les Cochers à la raison ; ils étoient aussi entêtés sur le pas, que leurs maitresses mêmes.",fr,2864,-20.470644,34.299232
LTR-011,"Les femmes ne regrettent leur mari, que parce qu'elles perdent leur rang, les veuves n'en ayant aucun à Vienne.",fr,2865,-34.059532,22.960573
LTR-011,"Dans cette sorte de point d'honneur les hommes n'en cèdent point aux femmes : non-seulement ils dé- daignent d'épouser des femmes d'une naissance au-dessous de la leur, mais même de leur faire l'amour.",fr,2866,-30.247849,21.294006
LTR-011,"Ils font, en vérité, plus attentifs à la généalogie de leur maitresse, qu'à sa beauté.",fr,2867,-16.19511,-11.865153
LTR-011,"Une femme qui peut compter parmi ses ancêtres des Comtes de l'Empire, n'a besoin ni de beauté, ni de sagesse, ni de bien pour trouver un mari.",fr,2868,-34.063442,18.571768
LTR-011,"Il est vrai que les hommes ne tirent pas grand avantage de la richesse de leurs femmes, parce que les Loix d'Autriche restreignent la dot de celles-ci à deux mille florins, & le bien qu'elles ont au-delà reste tout entier à leur disposition : ainsi, il y a ici quantité de femmes beaucoup plus riches que leurs Maris, lesquels sont encore obligés de leur fournir l'argent nécessaire à leurs menus plaisirs, & selon leur qualité.",fr,2869,-31.12556,16.08842
LTR-011,"Ces Loix & ces Coutumes font, sans doute, la cause de la grande liberté dont elles jouissent.",fr,2870,-25.461447,12.628399
LTR-011,"Je suis persuadée que, connoissant mon extrême indifférence, même mon aversion pour tout ce qui s'appelle cérémonial, vous me plaignez beaucoup d'être dans un pays où l'on en fait son unique occupation.",fr,2871,1.6185988,6.178007
LTR-011,"Je suis cependant un objet d'envie pour les femmes de Vienne : j'ai, selon l'usage, le pas sur toutes; mais l'on fait bien rendre compte aux pauvres Envoyés du respect que l'on est forcé d'avoir pour les Ambassadeurs : on les traite d'une maniere qui révolteroit mon indifférence même.",fr,2872,-0.1682525,15.695104
LTR-011,"Ils n'ont point d'entrée à la Cour les jours de cérémonie; dans les autres, ils n'entrent & ne sont salués que les derniers.",fr,2873,-44.665066,26.773867
LTR-011,"Enfin il faudroit un volume entier pour vous détailler toutes les céré- monies , & je ne me suis déjà que trop étendue sur un sujet si insipide qui fixe cependant toute l'attention du peuple.",fr,2874,13.246095,-11.919506
LTR-011,Jugez à présent si je m'amuse beaucoup ici.,fr,2875,29.6635,-26.815536
LTR-011,"Je suis, &c.",fr,2876,42.578537,18.355816
LTR-012,VOus me demandez un détail sur les modes de Vienne ; vous voulez même que je vous fasse une description de cette Ville : je suis toujours prête à vous obéir ; mais vous aurez la bonté de prendre ma volonté pour le fait.,fr,2877,23.974974,-11.171173
LTR-012,"Si j'entreprenois de vous marquer toute la différence qu'il y a entre les modes de ce pays & les nôtres, il me faudroit une rame entiere de papier, encore ne vous marquerois-je que des choses très-insipides.",fr,2878,11.364462,-11.049286
LTR-012,"Les femmes de Vienne ne ressemblent aux Françoises ou aux Angloises, qu'en ce qu'elles ont, comme elles, des jupes ; mais les premieres ont des usages qui leur font tout particuliers.",fr,2879,-32.925404,-5.839347
LTR-012,"Les veuves ne peuvent jamais, sans indécence, porter du verd, ni du couleur de rose; toutes les autres couleurs, même les plus éclatantes, leur font permises.",fr,2880,-41.307835,22.567694
LTR-012,Les assemblées font l'amusement ordinaire.,fr,2881,-39.25537,-5.559959
LTR-012,"Il n'y a jamais Opéra qu'à la Cour, & l'on n'y en donne que dans des cas particuliers.",fr,2882,-42.76666,1.5526496
LTR-012,Madame Rabutin tient assemblée à son Hôtel régulierement tous les soirs.,fr,2883,-42.135044,29.77721
LTR-012,"Les autres Dames en tiennent toutes les fois qu'il leur plaît de faire voir la magnificence de leurs appartemens, ou qu'elles veulent donner à quelqu'un des marques de considération le jour de sa fête.",fr,2884,-43.206226,28.95762
LTR-012,"Dans ce dernier cas, elles font annoncer que l'assemblée se tiendra chez elles en l'honneur du Comte, ou de la Comtesse de ....",fr,2885,-45.870213,32.6064
LTR-012,Cela s'appelle jour de Gala.,fr,2886,15.033825,56.452393
LTR-012,Tous les parens & amis de la Dame dont on célebre la fête sont obligés d'y paroître avec la plus grande parure.,fr,2887,-45.910046,29.583427
LTR-012,La Maîtreſſe de la maiſon n'eſt af-treinte à aucun cérémonial ; elle ne va prier perſonne en particulier ; & ſe trouve à ſon aſſemblée qui veut.,fr,2888,-36.3797,28.684994
LTR-012,"On préſente à la compagnie des glaces de pluſieurs eſpèces, hiver & été ; après quoi les uns jouent à l'ombre ou au piquet ; les autres for-ment des cercles de converſation.",fr,2889,-72.81241,9.72553
LTR-012,Tout jeu de hazard y eſt défendu.,fr,2890,-51.269085,-3.4371583
LTR-012,"On tint l'autre jour le Gala pour la fête du Comte d'Altheim, favori de l'Empereur.",fr,2891,-46.036304,33.80617
LTR-012,"Je n'ai jamais vu tant d'habits riches, & de mauvais goût.",fr,2892,-14.686588,-8.893551
LTR-012,"On brode à Vienne les plus belles étoffes, & on ne les charge d'or, que pour les rendre plus cheres.",fr,2893,-50.424713,-41.0193
LTR-012,"Les jours ordinaires, les femmes por-tent une écharpe, & mettent deſſous tel habit qu'il leur plaît.",fr,2894,-36.96558,-5.927189
LTR-012,"Pendant que je ſuis ſur l'article de Vienne, il faut que je vous parle des Couvents.",fr,2895,19.474648,-24.709425
LTR-012,"Il y en a de toute espéce; mais je donnerois la préférence à celui de S. Laurent : il y regne une propreté & une honnête liberté qui m'ont bien plus édifiée que ces austérités qu'on pratique dans les autres Monastères, au milieu d'une saleté continuelle, qui doit rendre la vie insupportable.",fr,2896,-6.2712836,12.848122
LTR-012,Le nombre des Religieuses du Couvent de S. Laurent est d'environ cinquante.,fr,2897,-22.831274,-51.576485
LTR-012,"Elles font toutes de qualité : les cellules font très-propres, & toutes remplies de tableaux plus ou moins précieux, selon la qualité de celles qui les occupent.",fr,2898,-56.398766,-27.452045
LTR-012,"Le long de ces cellules, il regne une galerie bâtie en pierre blanche, & garnie des portraits de toutes les Sœurs qui, par leur exemple, ont édifié la maison.",fr,2899,-64.20635,-13.563027
LTR-012,La Chapelle est très-propre & richement dorée.,fr,2900,-41.46235,-19.721464
LTR-012,Rien ne sied mieux que l'habit de ces Religieuses.,fr,2901,-28.302925,-16.153824
LTR-012,Leur robe est blanche; les paremens des manches & leur coëffe sont de coton des Indes.,fr,2902,-76.92416,-26.186298
LTR-012,Elles ont sur leur tête un petit voile noir qui leur pend par derriere.,fr,2903,-70.48235,-34.49595
LTR-012,"Il y a dans ce Couvent une autre classe de Religieuses, qui font auprès d'elles la fonction de femmes de chambre.",fr,2904,-70.24162,-39.94306
LTR-012,"Les premieres reçoivent la visite de toutes les femmes ; elles jouent à l'Ombre dans leur chambre ; il est vrai qu'elles sont obligées d'en demander la permission à l'Abbesse, qui ne la leur refuse jamais: quoiqu'âgée d'environ quatre-vingts ans, elle est fort vive & très-gaie ; enfin elle n'a aucune infirmité de la vieillesse.",fr,2905,-42.195923,25.397985
LTR-012,Je ne connois point de vieille fille qui ait un caractère aussi agréable que cette Abbesse.,fr,2906,-16.122162,-8.001465
LTR-012,"Elle m'a fait présent de plusieurs jolis ouvrages qu'elle a faits elle-même, & de beaucoup de confitures.",fr,2907,-5.6257067,41.37064
LTR-012,La grille de ce Couvent n'est pas serrée ; on pourroit facilement y passer la tête ; je crois même qu'un homme un peu moins gros qu'à l'ordinaire y passeroit facilement tout le corps.,fr,2908,-19.213678,-31.622612
LTR-012,Le jeune Comte de Salamis y vint pendant que j'y étois ; l'Abbesse lui donna sa main à baiser.,fr,2909,-15.72505,56.194992
LTR-012,Je fus surprise de trouver dans ce Couvent la seule jeune & belle personne qui soit à Vienne.,fr,2910,-22.369148,-9.688966
LTR-012,"Elle est belle & jolie en même tems ; mais elle est encore plus agréable par la vivacité de son esprit, & la douceur de son caractère, que par sa charmante figure ; elle a fait enfin l'admiration de la Ville.",fr,2911,-20.403154,-9.951591
LTR-012,Je ne pus cacher l'étonnement où j'étois de voir qu'une telle personne fût Religieuse.,fr,2912,-8.697596,-12.645078
LTR-012,"Elle me dit des choses fort obligeantes, & me pria de la venir voir souvent.",fr,2913,-3.8350878,39.674656
LTR-012,"Ce sera pour moi, ajoûta-t-elle en soupirant, un plai- sir infini : j'évite, avec grand soin, de voir mes anciennes connoissances, & toutes les fois qu'il en vient quelqu'une ici, je me renferme dans ma cellule.",fr,2914,12.684822,18.240332
LTR-012,"Les larmes lui vinrent aux yeux; j'en fus attendrie, au point que je lui parlai d'un ton de compassion.",fr,2915,17.698582,27.254358
LTR-012,Elle ne voulut pas convenir qu'elle étoit malheureuse.,fr,2916,-31.30414,33.44848
LTR-012,"J'ai fait bien des recherches pour connoître la véritable cause de sa retraite, & j'ai seulement appris que tout le monde en étoit étonné comme moi, sans en savoir davantage.",fr,2917,4.155846,10.325336
LTR-012,Je lui ai rendu plusieurs visites ; mais je ressens du chagrin toutes les fois que je vois une si belle personne enterrée toute vive.,fr,2918,-11.692167,-12.270342
LTR-012,"Je ne suis pas étonnée que des Religieuses ayent si souvent inspiré de violentes passions ; la pitié qu'on sent naturellement pour ces filles, sur-tout lorsqu'elles paroissent mériter une autre destinée, porte facilement le coeur à des sentimens plus tendres.",fr,2919,-17.578602,14.164826
LTR-012,"Mon éloignement pour la Religion Romaine augmente beaucoup depuis que je vois la misere qu'elle cause à tant de femmes, & la superstition du peuple, parmi lequel il se trouve toujours quelqu'un qui va offrir des morceaux de chandelle à des figures de bois qui sont plaquées dans presque toutes les rues.",fr,2920,-9.058737,4.6276193
LTR-012,Les Processions que je vois souvent ne font autre chose qu'un faste très-bizarre.,fr,2921,-12.68605,-18.22765
LTR-012,Dieu sait si c'est par esprit de contradiction ; mais je n'eus jamais tant d'aversion pour le Papisme.,fr,2922,19.702955,22.239813
LTR-012,"Je suis, ma chere, &c.",fr,2923,39.8315,18.869116
LTR-013,JE ne mérite nullement les reproches que vous me faites.,fr,2924,36.386196,-0.38289467
LTR-013,"Si j'ai différé quelque tems à vous répondre, ce n'est point que j'ignore combien je vous dois de remercîmens.",fr,2925,13.4968,1.3049636
LTR-013,"Soyez persuadé qu'il n'y a aucun plaisir que je ne sacrifie à celui de vous donner de mes nouvelles, & d'en recevoir des vôtres.",fr,2926,20.374653,5.121672
LTR-013,"Malgré les protestations d'estime que vous me faites, je differerai, autant que je pourrai, de vous prouver que vous êtes dans l'erreur, si vous croyez sérieusement que mes Lettres vous amuseront.",fr,2927,18.933386,4.6882396
LTR-013,"Je suis mortifiée, d'avance, de l'étonnement que vous causera votre méprise, malgré le soin que j'ai pris pour découvrir quelque chose qui soit digne de votre curiosité.",fr,2928,17.85791,6.197304
LTR-013,"J'ai examiné, avec beaucoup d'attention, tout ce qu'il y a à voir ici.",fr,2929,1.0628573,-22.253828
LTR-013,"On y trouve quelques belles maisons de campagne, particulierement celle du feu Prince de Lichtenstein ; mais il n'y a que des statues modernes ; les tableaux même ne sont pas des meilleurs Maîtres : il est vrai que l'Empereur en a quelques-uns de grand prix.",fr,2930,-48.018837,-27.930313
LTR-013,"J'allai hier voir son trésor : il paroît que, pour le garnir, on a plus songé à la quantité qu'à la qualité.",fr,2931,-12.449832,47.791447
LTR-013,"J'y passai plus de cinq heures, & quoiqu'il y ait beaucoup de choses, j'y en trouvai peu qui méritassent attention.",fr,2932,5.8519135,31.420002
LTR-013,"Il est dans une très-longue galerie qui est remplie des deux côtés*, & dans cinq grandes chambres qui font aussi toutes pleines.",fr,2933,-63.9086,-6.857307
LTR-013,"On y voit beaucoup de tableaux, parmi lesquels il y a de belles mignatures : les plus beaux sont du Corrége; car ceux du Titien sont à la Favorite.",fr,2934,-49.602882,-34.55709
LTR-013,Le cabinet des pierreries m'a paru moins riche que je le croyois.,fr,2935,-3.6134686,-47.729797
LTR-013,"On m'y a montré une coupe à peu près de la grandeur d'une tasse à thé; elle est d'une seule émeraude : on a tant de respect pour elle, qu'il n'est permis qu'à l'Empereur d'y toucher.",fr,2936,-26.828833,-46.630527
LTR-013,"Il y a un autre grand cabinet rempli de pièces de méchanique : je n'y en ai trouvé qu'une digne d'attention ; c'est une écrevisse, dont les mouvemens sont si artistement faits, qu'on la croiroit naturelle.",fr,2937,-54.99563,-18.168411
LTR-013,"Dans un autre cabinet est une collection d'agathes, parmi lesquelles il y en a d'extrêmement belles, & d'une grosseur peu commune.",fr,2938,-53.993256,-19.212324
LTR-013,"On y voit, en outre, plusieurs vases de lapis lazuli.",fr,2939,-63.150173,-18.657831
LTR-013,"Le cabinet de médailles est si pauvre, que j'en ai été surprise ; je n'y en ai vu aucune de prix, & en général il est en mauvais ordre.",fr,2940,-19.826794,-39.78812
LTR-013,"Parmi les antiques, il s'en trouve très-peu qui en méritent le nom.",fr,2941,-48.84051,-32.000683
LTR-013,"En les voyant, je dis naturellement qu'elles étoient modernes ; & je ne pus m'empêcher de rire en entendant le savant Antiquaire répondre qu'elles étoient assez anciennes : car il y avoit quarante ans qu'il les voyoit dans ce lieu.",fr,2942,1.222731,-26.780231
LTR-013,Le cabinet suivant m'a encore plus amusée que la réponse de l'Antiquaire.,fr,2943,-2.4426332,-47.59253
LTR-013,"On n'y voit que des petits enfans de cire, & des joujous garnis de pierreries : deux chambres sont toutes remplies de ces bagatelles.",fr,2944,-66.37122,-5.4059744
LTR-013,"On m'a fait observer un Crucifix, qu'on m'a assuré avoir parlé très-sagement à l'Empereur Léopold.",fr,2945,-25.531214,-44.632893
LTR-013,Je veux vous épargner l'ennui de lire le catalogue du reste.,fr,2946,24.482828,-22.280153
LTR-013,Je ne peux cependant oublier un petit morceau d'aimant qui tient en l'air une ancre d'acier qu'il m'est impossible de lever de terre.,fr,2947,4.602768,-38.326122
LTR-013,C'est ce que j'ai trouvé de plus curieux dans le trésor.,fr,2948,-0.58771425,-21.525925
LTR-013,Il y a quelques têtes antiques ; mais on les a presque toutes défigurées par des additions modernes.,fr,2949,-46.574398,-30.362999
LTR-013,"Je prévois que ma Lettre vous ennuiera , & je n'ose m'excuser sur la stérilité de l'objet ; je vous demande seulement grace pour l'insuffisance de votre, &c.",fr,2950,19.0105,2.7073777
LTR-014,"SI, pour être convaincue de mon sincere attachement, il vous en falloit, ce que je ne crois pas, ma chere Sœur, de nouvelles preuves, je ne pourrois vous en donner une plus forte qu'en vous écrivant dans l'état de fatigue où je suis, après avoir couru la poste trois jours & trois nuits.",fr,2951,12.72618,3.1925225
LTR-014,Le Royaume de Bohème est le Pays le plus désert que j'aye vu en Allemagne.,fr,2952,-26.444462,-20.642553
LTR-014,"Les Villages y sont si misérables, qu'à peine les voyageurs trouvent-ils, même dans les Auberges où l'on prend la poste, de l'eau & de la paille fraîche.",fr,2953,-52.48264,5.071296
LTR-014,"J'avois mon lit avec moi, mais je ne savois où le placer; & j'aimois mieux voyager toute la nuit enveloppée de ma fourrure, que d'aller dans les poëles respirer toutes sortes de mauvaises odeurs.",fr,2954,9.833595,45.68424
LTR-014,"Prague étoit autrefois la résidence des Rois de Bohème, & l'on y voit encore quelques restes de son ancienne splendeur: c'est une des plus grandes de l'Allemagne; mais elle est bâtie à l'antique, & il y a très-peu d'habitans: ce qui est cause que les logemens y font à très-bon marché.",fr,2955,-49.81284,40.838646
LTR-014,"Les gens de qualité, qui n'ont pas assez de bien pour vivre à Vienne, vont s'établir à Prague : on y tient des assemblées; on y donne des concerts ; enfin, on s'y procure tous les amusemens qu'on peut trouver loin de la Cour.",fr,2956,-39.264835,4.3865395
LTR-014,"Tout y est en abondance, principalement le gibier, qui est excellent.",fr,2957,-56.460434,-31.557945
LTR-014,"J'ai déjà reçu la visite des premieres femmes de la Ville, desquelles j'ai connu la Famille à Vienne.",fr,2958,1.292107,28.662495
LTR-014,"On suit ici les modes de la Capitale, dans le même goût qu'on suit à Exceter celles de Londres : c'est-à-dire, qu'on enchérit sur les modeles.",fr,2959,-32.036274,-8.017986
LTR-014,"Enfin, l'habit des femmes de Prague est singulier, au point qu'il faudroit, pour qu'un étranger sçût qui le porte, qu'on mît sur leur dos : c'est une femme.",fr,2960,-34.8502,-5.287712
LTR-014,"Je vous assûre que cette indication est aussi nécessaire que celles qui font sur les tableaux des barbouilleurs, sans quoi on ne sauroit ce qu'ils ont voulu peindre.",fr,2961,-2.3224392,-28.315714
LTR-014,"Je ne manquerai pas de vous écrire de Dresde & de Leipsick ; car je suis décidée à ne me jamais livrer au repos, qu'après avoir satisfait votre curiosité.",fr,2962,18.342215,-0.8032268
LTR-014,"Je suis, &c.",fr,2963,42.578537,18.355816
LTR-015,"J'ESPERE que vous me pardonnerez facilement, ma chere Soeur, de ne vous avoir point écrit de Dresde, comme je vous l'avois promis, lorsque vous saurez que je ne suis point sortie de ma chaise, depuis Prague jusqu'ici.",fr,2964,17.542051,-2.0062008
LTR-015,"Jugez combien je devois être fatiguée d'avoir couru la poste vingt-quatre heures sans dormir, & sans prendre de rafraîchissement ; car il m'est impossible de dormir dans une voiture, quelque lasse que je sois.",fr,2965,14.024672,43.83087
LTR-015,"Nous avons passé, au clair de la lune, les précipices affreux qui séparent la Bohème de la Saxe, & au bas desquels coule l'Elbe.",fr,2966,-66.18688,33.480247
LTR-015,"Je n'avois pas lieu de craindre d'être noyée dans cette riviere ; car il est certain que, si nous avions versé, j'aurois été morte avant d'arriver au bas de ces rochers.",fr,2967,4.50767,15.323241
LTR-015,"Le chemin est si étroit en quelques endroits, que je ne voyois pas un pouce de distance entre les roues & le précipice.",fr,2968,-22.417963,-56.06227
LTR-015,"J'ai cependant eu assez de bonté pour ne pas éveiller Mylord M***, qui dormoit d'un profond sommeil à côté de moi, & lui faire partager ma crainte dans un si pressant danger.",fr,2969,6.056146,49.91717
LTR-015,"Cependant la clarté de la lune m'ayant fait appercevoir que nos postillons sommeilloient, pendant que nos chevaux alloient au grand galop, je ne pus m'empêcher de les appeller & de leur dire de faire attention au lieu où nous étions.",fr,2970,6.2893443,49.42376
LTR-015,"Ma voix éveilla Mylord, qui fut encore plus effrayé que moi de la situation où nous nous trouvions : il m'assura qu'il avoit passé cinq fois les Alpes en différens endroits, & que jamais il n'y avoit trouvé des chemins aussi dangereux.",fr,2971,17.304342,44.91563
LTR-015,"J'ai appris depuis qu'on voyoit assez souvent des corps de voyageurs dans l'Elbe ; mais, grace à Dieu, nous n'avons pas eu cette triste destinée.",fr,2972,11.081236,27.059824
LTR-015,"Après avoir passé ces affreux rochers, nous découvrîmes Dresde, dont la situation est très-agréable : elle est dans une vaste plaine sur le bord de l'Elbe.",fr,2973,-63.545254,31.412642
LTR-015,Je fus bien aise d'y passer un jour pour me reposer.,fr,2974,22.809498,30.301903
LTR-015,"De toutes les Villes que j'ai vues en Allemagne, c'est la plus propre.",fr,2975,-26.455547,-20.586374
LTR-015,Les maisons y sont presque toutes bâties à neuf; le Palais de l'Electeur est très-beau ; son trésor est rempli de raretés de différentes especes ; il y a une collection de médailles fort estimée.,fr,2976,-52.944508,-16.88076
LTR-015,"Le Chevalier *** envoyé de notre Roi m'a rendu visite, aussi-bien que Madame de L*** que j'avois connue à Londres, lorsque son mari y étoit en qualité d'Envoyé de Pologne ; elle a fait tout ce qu'elle a pu pour me procurer de l'amusement ; elle m'a présenté plusieurs Dames de sa connoissance.",fr,2977,-11.635362,53.46096
LTR-015,"Il y a autant de différence entre elles & les Autrichiennes, qu'il y en a entre les Chinoises & les Angloises.",fr,2978,-29.962925,-8.623776
LTR-015,"Les Saxonnes se mettent proprement à la mode des Angloises & des Françoises; elles m'ont paru en général assez jolies; mais elles sont si minaudieres, qu'elles croiroient manquer essentiellement aux regles de la bonne éducation, si elles prononçoient un seul mot, & faisoient le moindre geste d'une maniere naturelle.",fr,2979,-33.351532,-6.3022223
LTR-015,"Pour avoir un parler doux, elles affectent toutes de graffeyer, & leur demarche est généralement guindée : au reste, la foiblesse de leur sexe fait leur excuse; & l'on doit être indulgent à leur égard, en faveur de la bonté qu'elles ont pour les étrangers : je vous jure que je suis dans le cas de m'en louer.",fr,2980,-20.592857,20.6797
LTR-015,"La Comtesse de Cozelle est détenue prisonniere dans un triste Château, à quelques lieues de Dresde.",fr,2981,-73.69508,28.605856
LTR-015,Voici l'hif- toire que l'on met sur son compte ; elle est bien singuliere : mais ce sera plutôt un paquet qu'une lettre que je vous enverrai.,fr,2982,29.272314,-12.519884
LTR-015,"Cette Comtesse étoit la Maitresse du Roi de Pologne, Electeur de Saxe ; elle avoit tant de pouvoir sur l'esprit de ce Prince, qu'aucune femme n'a jamais été si ab-solue dans cette Cour.",fr,2983,-29.669088,42.03964
LTR-015,"Le Monarque, pour lui déclarer sa passion, alla chez elle, tenant d'une main un sac de cent mille écus, de l'autre un fer à cheval, qu'il rompit en sa présence, pour lui donner en même-tems des preuves de sa force & de sa générosi-té.",fr,2984,-23.760752,54.94502
LTR-015,"Je ne sais laquelle des deux qualités plut davantage à la Dame; ce qu'il y a de certain, c'est qu'elle quitta son mari, pour être toute entiere au Roi: elle fit même un divorce public avec le premier; de maniere que, selon les loix du Pays, il lui fut permis de se remarier.",fr,2985,-26.51719,34.729008
LTR-015,"Le Roi eut, sans doute dans un transport amoureux, la foi- blesse de passer un contrat de mariage avec sa nouvelle Maitresse : quoique ce contrat fût nul, puisque la Reine vivoit encore, la Comtesse en fut si flattée, qu'elle le fit voir à tous ceux qu'elle connoissoit, & qu'elle prit même le ton de Reine.",fr,2986,-26.934904,35.921722
LTR-015,"Les hommes souffrent tout dans l'excès de leur amour ; mais la réflexion leur vient toujours, quand une longue jouissance a calmé leur passion.",fr,2987,-22.795002,28.146881
LTR-015,"Le Roi sentit combien il étoit imprudent de laisser un tel acte entre les mains de cette femme : il la pria de le lui rendre ; mais ce fut en vain ; elle a plutôt souffert les plus cruels effets de la colere du Prince, que de le satisfaire.",fr,2988,-25.634813,35.709526
LTR-015,"Malgré son avarice, elle a refusé une pension considérable, avec une garantie des sommes immenses qu'elle a amassées : elle a, enfin, porté le Roi à la renfermer dans un Château, où, mal- gré les horreurs d'une étroite prison, elle résiste toujours aux menaces & aux promesses.",fr,2989,-24.576582,39.380413
LTR-015,Le chagrin lui a causé des accès de fiévre qui la conduiront vraisemblablement bientôt au tombeau.,fr,2990,-20.06004,57.476955
LTR-015,"Je ne puis refuser quelques sentimens de compassion à une femme qui souffre pour un point d'honneur, quoique mal entendu ; surtout dans un Pays où les femmes se piquent si peu d'en avoir.",fr,2991,-7.579521,3.470475
LTR-015,Je souhaiterois que les affaires de Milord M*** lui permissent de faire un plus long séjour à Dresde.,fr,2992,30.449251,-20.458889
LTR-015,"Peut-être, suis-je prévenue en faveur de cette Ville, parce qu'on y professe la Religion Protestante ; mais tout m'y annonce une politesse bien différente de celle que j'ai trouvée ailleurs.",fr,2993,-2.1496327,-15.370649
LTR-015,"Leipsick, où je suis actuellement, est une Ville très-considérable par son commerce, & je profite de l'occasion pour acheter des livrées de Pages, & des étoffes d'or pour moi, &c.",fr,2994,-28.88179,15.286538
LTR-015,"&c. elles coûtent ici moitié moins qu'à Vienne, soit parce qu'on en fait un usage excessif dans cette derniere Ville, soit parce que le peuple n'a ni industrie ni activité ; il est certain que les Dames de Vienne sont obligées de faire venir de Saxe jusqu'à leurs souliers.",fr,2995,-29.695734,15.500448
LTR-015,La Foire de Leipsick est une des plus considérables d'Allemagne ; c'est le rendez-vous de la Noblesse & des Commerçans.,fr,2996,-40.93473,-12.553334
LTR-015,"Cette Ville est bien fortifiée ; mais je ne fais jamais la description des Fortifications, parce que je n'y entends rien.",fr,2997,2.6626813,-32.859303
LTR-015,"Convaincue que vous me pardonnerez cette omission, je suis tranquille sur mon ignorance.",fr,2998,26.84923,10.430402
LTR-015,"D'ailleurs, si je vous faisois une exacte description de tous les ravelins, de tous les bastions que je vois dans mes voyages, vous me demanderiez ce que c'est qu'un ravelin, qu'un bastion.",fr,2999,10.800134,-8.531887
LTR-015,"Adieu, ma chere Soeur.",fr,3000,37.016895,22.170498
LTR-016,"J'ARRIVE dans l'instant à Brunswick, ville très-ancienne, & Capitale des Etats du Duc de Wolfenbuttel.",fr,3001,-46.614613,40.52955
LTR-016,"Cette Maison est très-illustre : elle a l'avantage d'avoir donné deux Impératrices à l'Allemagne, & de voir aujourd'hui sa branche cadette sur le Trône d'Angleterre.",fr,3002,-47.23282,41.19661
LTR-016,"J'ai bu à votre santé avec du Mum*, qui passe, à juste titre, pour être la meilleure boisson que l'on puisse trouver en ce genre.",fr,3003,1.9211987,-10.324693
LTR-016,"Voici la troisieme Lettre que je vous écris pendant mon voyage ; mais je vous déclare que, si vous ne me donnez incessamment un détail de toutes les aventures qui sont arrivées à nos connoissances de Londres, je ne vous enverrai aucune description de Hanovre, où je compte arriver ce soir, quoique je n'ignore pas combien cette Ville vous intéresse.",fr,3004,13.466699,-3.3514678
LTR-017,"JE n'ai reçu votre Lettre que la veille de mon départ de Vienne, quoique, selon la date, j'eusse dû la recevoir beaucoup plutôt ; mais la poste est fort mal reglée dans presque toute l'Allemagne.",fr,3005,22.358622,-5.1773276
LTR-017,Je vous assûre que le paquet de Lettres de Prague à Dresde fut pendant toute la route derriere ma chaise ; ainsi les secrets de la moitié des habitans ont été à ma discrétion.,fr,3006,31.765594,-23.163063
LTR-017,"Je ne veux pas tarder plus long-tems à vous remercier de votre Lettre, quoique le grand nombre de connoissances que j'ai ici, & l'obligation où je suis d'aller à la Cour, me laissent peu de tems libre.",fr,3007,20.24499,-6.8356166
LTR-017,"Je suis charmée de pouvoir vous dire, sans flatterie ni partialité, que notre jeune Prince a toutes les perfections que l'on peut désirer à son âge.",fr,3008,-1.060531,30.040977
LTR-017,"Il a un air vif & plein d'intelligence ; des manieres si aisées & si prévenantes, qu'il n'a pas besoin des avantages de la naissance pour être charmant.",fr,3009,-14.771014,30.585812
LTR-017,"J'eus l'honneur de converser avec lui hier au soir, avant l'arrivée du Roi.",fr,3010,-14.537418,49.796368
LTR-017,"Son Gouverneur se retira pour le laisser parler sans gêne, comme il me l'a dit depuis, afin que je pusse juger de son génie.",fr,3011,-0.6280254,32.15415
LTR-017,"Je fus étonnée de sa politesse, & de la sagacité de son esprit.",fr,3012,-14.703737,-12.545222
LTR-017,"Je ne vous parlerai ni des agrémens, ni des beaux cheveux blonds de la Princesse.",fr,3013,-13.229517,-30.427423
LTR-017,"La Ville de Hanovre n'est ni grande, ni belle ; mais le Palais pourroit contenir une Cour plus nombreuse que celui de Saint James.",fr,3014,-43.59035,-21.506104
LTR-017,"Le Roi a eu la bonté de nous y donner un logement ; ce qui nous a tirés d'un très-grand embarras : car il y a ici une si prodigieuse quantité d'Anglois, qu'on a beaucoup de peine à trouver même une misérable chambre dans une taverne.",fr,3015,-3.8611174,52.67822
LTR-017,"J'ai dîné aujourd'hui avec l'Ambassadeur de Portugal, qui se trouve fort heureux d'avoir trouvé deux assez vilaines salles dans une Auberge.",fr,3016,-4.2644267,50.417652
LTR-017,"A présent que j'ai parcouru l'Allemagne, je fais une remarque ; c'est qu'on n'y trouve point, comme en Angleterre, ces belles maisons de plaisance des grands Seigneurs ; on n'y en trouve pas même qui approchent de celles de nos Gentilshommes de campagne, quoiqu'il y ait des situations extrêmement belles.",fr,3017,-22.342073,-19.09532
LTR-017,"Tout étant partagé en souverainetés absolues, les richesses & la magnificence ne font qu'à la Cour, ou chez les Négocians, qui, pour la commodité de leur commerce, sont toujours dans les Villes, comme à Nuremberg & à Francfort.",fr,3018,-40.965714,5.962413
LTR-017,Les Comédiens François du Roi jouent ici tous les soirs ; ils sont fort bien habillés : & il y a parmi eux quelques Acteurs assez bons.,fr,3019,-52.45367,-37.532085
LTR-017,Sa Majesté dîne & soupe ordinairement en public.,fr,3020,-61.060684,-40.821808
LTR-017,La Cour est fort nombreuse.,fr,3021,-41.928925,-19.919964
LTR-017,"L'affabilité, & la bonté du Prince, rendent cette Ville une des plus agréables du monde.",fr,3022,-39.818653,-15.409636
LTR-017,"Je suis votre, &c.",fr,3023,41.738735,20.122042
LTR-018,"JE suis bien flattée, ma chere Myladi, que la nouvelle de mon retour en Angleterre vous ait fait tant de plaisir ; mais elle n'est appuyée sur aucun fondement.",fr,3024,16.289114,-0.5911562
LTR-018,"Je crois que vous me connoissez assez, pour vous en rapporter plutôt à ma parole, qu'aux bruits qui se répandent à mon sujet.",fr,3025,21.543118,6.791574
LTR-018,"Quoique je sois plus près de Londres que je ne l'étois il y a quelques semaines, cependant je n'en ai jamais été si éloignée, suivant mon projet.",fr,3026,8.513645,22.506407
LTR-018,"Je vous avoue que je verrois avec plaisir approcher le moment de vous revoir, ainsi que celles qui partagent mon estime avec vous ; mais Milord M*** ayant pris la ré- solution de poursuivre son dessein ; j'ai pris celle de l'accompagner.",fr,3027,18.382135,12.86027
LTR-018,"Je ne m'apperçois pas que ma plume coule, & que je deviens prolixe, comme tous ceux qui parlent d'eux-mêmes.",fr,3028,8.199,7.3017893
LTR-018,"Pour changer de matiere, je vous dirai que je suis dans la région de la Beauté : toutes les femmes, en général, ont des joues de rose, le front & la gorge blancs comme de la neige, les sourcils noirs comme du jais, les lévres rouges comme du corail, & presque toujours les cheveux de la couleur des sourcils : c'est enfin un spectacle charmant, que de voir ces femmes aux flambeaux.",fr,3029,-67.53539,-29.639793
LTR-018,Mais il n'y a pas assez de variété dans ces beautés ; elles se ressemblent presque toutes.,fr,3030,-30.75231,-12.840457
LTR-018,Le froid est déja très-vif ici.,fr,3031,-32.479435,-25.72416
LTR-018,"La neige est épaisse, & l'on commence à glisser dans des traîneaux ; ce qui fait un grand amusement dans toute l'Allemagne.",fr,3032,-41.799774,-46.75462
LTR-018,"Ces traîneaux sont de petites voitures, qui peuvent contenir une Dame & un Cavalier; elles sont traînées par un seul cheval; c'est le Cavalier qui mene, & l'on va d'une prodigieuse vitesse.",fr,3033,-73.31071,-32.1469
LTR-018,La Dame est toujours bien parée; l'on a soin de décorer le cheval & le traîneau.,fr,3034,-48.435474,-25.719639
LTR-018,"Lorsqu'il s'en rencontre une certaine quantité, c'est un spectacle assez agréable.",fr,3035,-8.81333,-26.80645
LTR-018,"On voit quelquefois de ces voitures à Vienne, qui coûtent cinq ou six cents livres sterling; car, dans cette Ville, la magnificence y est portée à l'excès.",fr,3036,-39.33104,-9.791758
LTR-018,Le Duc de Wolfenbuttel est actuellement ici.,fr,3037,-45.185078,39.944084
LTR-018,"Vous n'ignorez pas qu'il est proche parent de notre Roi, & oncle de l'Impératrice, qui, selon moi, est la plus belle femme du monde.",fr,3038,-43.894142,40.43683
LTR-018,Elle est enceinte; ce qui console un peu la Cour Impériale de la mort de l'Archiduc.,fr,3039,-42.505753,43.145397
LTR-018,"Lorsque j'allai prendre congé de cette aimable Princesse, elle me parla de la mort de son fils d'une maniere si touchante, que j'eus peine à retenir mes larmes.",fr,3040,18.107025,29.277493
LTR-018,"Vous me connoissez assez, pour être convaincue que ce n'est point son rang qui me prévient en sa faveur ; mais j'aime cette charmante femme pour ellemême, s'il m'est permis de me servir d'une expression si familiere à son égard ; & quand même je ne l'aimerois pas, je serois fort sensible à la mort tragique d'un jeune Prince qui avoit été si long-tems desiré, & qui n'est mort que par la négligence de ceux à qui on l'avoit confié.",fr,3041,-0.5224038,11.677201
LTR-018,"Adieu, ma chere Myladi; continuez de m'aimer, & croyez que personne n'est plus reconnoissante de vos bontés que votre, &c.",fr,3042,30.762491,16.022873
LTR-019,"JE reçus votre Lettre, ma chere Soeur, le jour que je partis de Hanovre.",fr,3043,25.992561,-4.3191094
LTR-019,"Mes occupations ne me permirent pas d'y répondre sur le champ; mais, pour me procurer ce plaisir, je saisis, comme vous voyez, la premiere occasion qui se présente.",fr,3044,18.655596,15.471176
LTR-019,"J'arrivai ici le 15 au soir très-tard & très-fatiguée : les chemins étoient impraticables, & le tems étoit fort mauvais.",fr,3045,12.414326,41.73252
LTR-019,"Je n'ai essuyé cette fatigue que pour obliger l'Impératrice regnante, qui m'a chargée d'une commission auprès de la Duchesse de Blanckenbourg, sa mere.",fr,3046,3.9073343,36.161327
LTR-019,C'est une Princesse remplie de talens & de dou- ceur ; on pourroit l'appeller encore une belle femme.,fr,3047,-11.249194,34.696556
LTR-019,"Il étoit si tard lorsque j'arrivai dans cette Ville, que je ne crus pas devoir interrompre le Duc & la Duchesse ; je passai la nuit dans une mauvaise Auberge ; le lendemain, aussitôt que j'eus fait saluer Leurs Altesses de ma part, elles m'envoyerent leur carrosse : quoiqu'il fût attelé de six chevaux, j'eus peine à parvenir au haut de la montagne sur laquelle le Château est situé.",fr,3048,2.6767325,49.744595
LTR-019,"La Duchesse a bien des bontés pour moi ; en général, cette petite Cour est assez gaie.",fr,3049,-10.0418825,33.138363
LTR-019,"Le Duc taille tous les soirs à la Bassette ; la Duchesse m'a dit qu'elle jouoit moins qu'à l'ordinaire, parce qu'elle aimoit beaucoup à converser avec moi.",fr,3050,-6.573003,35.43777
LTR-019,"Pour vous écrire, je profite du moment qu'elle est à l'Eglise.",fr,3051,21.261135,-3.3088222
LTR-019,"Comme je n'entends pas la langue du pays, je ne vais point à l'Office Vous me sauriez mauvais gré de ne vous dire rien de Hanovre.",fr,3052,21.070911,-21.737843
LTR-019,"Cette Ville n'est ni belle, ni grande.",fr,3053,-40.89642,-22.530151
LTR-019,"La Salle de l'Opéra, que le feu Electeur fit bâtir, l'emporte sur celle de Vienne.",fr,3054,-52.855755,-49.75004
LTR-019,Je suis bien fâchée que le mauvais tems m'ait privée du plaisir de voir Hernhausen dans tout son éclat : la neige ne m'a cependant pas empêché de connoître la beauté des jardins.,fr,3055,8.990553,24.963531
LTR-019,"J'ai été surprise d'y trouver un si grand nombre d'orangers, & beaucoup plus gros que ceux qu'on voit en Angleterre, quoique le climat soit plus froid à Hanovre.",fr,3056,-26.356457,-26.641926
LTR-019,"Ce qui me surprit davantage, fut de voir servir le même soir sur la table du Roi deux grandes corbeilles remplies d'oranges, & de limons mûrs, parmi lesquels il s'en trouvoit d'une espece qui m'est inconnue; & en outre, deux ananas mûrs, qui me parurent être d'un prix beaucoup au-dessus du reste ; car ce fruit est délicieux à mon goût.",fr,3057,-27.418743,7.944504
LTR-019,Ce beau présent avoit été fait à Sa Majesté par un Gentilhomme du pays.,fr,3058,-38.828793,-14.482644
LTR-019,"Je crus que ces ananas étoient venus à Hanovre par miracle : vous savez que c'est un fruit du Brésil ; mais on m'a appris qu'on avoit porté, dans ce pays, les poëles à une telle perfection, qu'on y faisoit durer l'été autant qu'on le vouloit, & qu'on donnoit aux plantes étrangeres le même degré de chaleur qu'elles recevoient des rayons du soleil dans le pays d'où on les avoit enlevées.",fr,3059,-25.804964,-27.910105
LTR-019,"Cela est vrai, à peu de chose près, & je m'étonne qu'on ne le pratique pas en Angleterre.",fr,3060,3.428663,-4.06415
LTR-019,"Pourquoi, d'un autre côté, nous obstinons-nous à trembler de froid huit mois de l'année, plutôt que de faire usage des poëles qui sont certainement une des grandes commodités de la vie?",fr,3061,-30.60753,-55.3306
LTR-019,"Loin de faire un mauvais effet dans une chambre, ils l'ornent, au contraire, lorf-qu'ils sont peints & dorés comme ceux de Vienne & de Dresde ; les uns imitent les vases de la Chine, les autres sont faits en forme de sta-tue ; d'autres enfin représentent de beaux cabinets, & cela si artistement, qu'il est aisé de s'y méprendre.",fr,3062,-48.38659,-14.553862
LTR-019,"Si je retourne jamais en Angleterre, cer-tainement, ma chere Soeur, en dé-pit de la mode, vous en verrez un dans la chambre de votre, &c.",fr,3063,25.449224,8.994642
LTR-019,"Vous recevrez souvent de mes Let-tres, puisque vous le desirez ; mais je vous prie d'être moins laconique dans les vôtres : vous vous imaginez, sans doute, que je ne suis encore qu'à quarante milles de Londres, & vous ne faites pas attention, qu'après une si longue absence, je ne peux enten-dre à demi-mot.",fr,3064,15.004455,2.2759874
LTR-020,JE viens de recevoir une Lettre que vous m'aviez adressée à Hanovre : vous m'y faites compliment sur mon retour en Angleterre.,fr,3065,24.644823,-4.790328
LTR-020,"Convenez que l'on ne doit pas toujours croire ce qui passe dans le Public pour une vérité constante, & que vous avez été un peu trop précipitée en vous plaignant que je vous laissois ignorer mon retour, qui est si certain, dites-vous, que tout le monde en est instruit.",fr,3066,6.5204515,0.3090244
LTR-020,"Vous pouvez dire à tout le monde, de ma part, que personne ne fait si bien mes affaires que moi ; que je suis sûre d'être actuellement à Vienne, où le carnaval est commencé, & où les divertissemens de toute espece sont poussés jusqu'à la possibilité : on n'y voit cependant pas de masques, parce qu'on n'en souf-fre point pendant qu'on est en guerre avec le Turc.",fr,3067,-5.3655105,9.378371
LTR-020,Les bals se donnent dans des Places publiques : les hommes payent en entrant un ducat ; il n'en coûte rien aux femmes.,fr,3068,-52.515903,10.369216
LTR-020,On m'a assuré que ces bals produisoient quelquefois mille ducats par nuit.,fr,3069,-38.534977,-58.146725
LTR-020,"Les Salles où ils se donnent sont magnifiquement décorées ; la musique seroit assez bonne, si elle n'étoit pas entremêlée du son horrible des cors-de-chasse ; mais le bruit que font ces instrumens est si agréable aux Autrichiens, qu'ils le croient nécessaire dans tous les concerts.",fr,3070,-36.893276,-38.896084
LTR-020,"Le bal finit toujours par des contredanses Angloises : soixante ou quatre-vingts personnes des deux sexes figurent les unes devant les autres, mais avec si peu de graces, que cela est rebutant.",fr,3071,-32.36035,2.5775194
LTR-020,On ne con- noît à Vienne qu'une demi-douzaine de ces contredanses ; & on les répete depuis environ cinquante ans.,fr,3072,-38.49474,-9.194307
LTR-020,J'aurois souhaité pouvoir en enseigner quelques-unes ; mais ç'auroit été un travail de plusieurs mois.,fr,3073,12.571941,-16.879192
LTR-020,"On donna hier au soir une Comédie Italienne à la Cour : les scènes furent assez jolies ; mais la Comédie en elle-même étoit une farce si triviale & si plate, que je ne conçois pas comment la Cour put s'en amuser pendant quatre heures de suite.",fr,3074,-9.20619,-24.353014
LTR-020,"Pour Actrices, ce font des hommes qui s'habillent en femmes, & qui affectent une contenance, & des gestes si bizarres, qu'ils enchérissent sur le ridicule même du Spectacle.",fr,3075,-39.87996,-39.272224
LTR-020,"Mais le froid me fatiguoit encore plus que tout cela : il étoit si violent, que je pensai périr.",fr,3076,11.893718,35.533382
LTR-020,L'hiver est extrêmement rude ici ; le Danube est entierement gelé : il seroit impossible de soutenir le froid sans les poëles & les fourrures.,fr,3077,-31.38837,-26.07259
LTR-020,"En général, les hivers sont plus rudes à Vienne qu'à Londres : mais je crois qu'il n'y a pas d'air auſſi sain & auſſi pur que celui qu'on respire dans la premiere de ces Villes.",fr,3078,-26.363235,-18.20942
LTR-020,Les vivres y sont en abondance & très-bons ; l'on peut y donner des repas splendides sans beaucoup de dépense.,fr,3079,-38.29203,-17.939161
LTR-020,"Les marchés sont curieux à voir : on y trouve, en abondance, ce que nous appellons raretés dans notre pays, en gibier, en bêtes fauves, qu'on apporte tous les jours de Hongrie & de Bohême : le coquillage y est cependant rare, & on a une si grande passion pour les huîtres, qu'on en fait venir de Venise, & qu'on mange avec avidité celles qui sont fraîches & celles qui sont gâtées.",fr,3080,-37.02362,4.226445
LTR-020,"Je suis fâchée, Milady, de ne pas vous envoyer des détails plus amusans sur Vienne.",fr,3081,26.25056,-10.573847
LTR-020,"Vous me blâmez, sans doute, & vous m'accusez de paresse, de ne rien vous apprendre d'agréable & de frappant ; mais je vous jure que c'est l'amour de la vérité, non la paresse, qui m'empêche de raconter ces prodiges que les autres Voyageurs ne manquent jamais d'imaginer, pour intéresser le Lecteur.",fr,3082,7.9888487,0.046596732
LTR-020,"J'aurois pu faire, il est vrai, un recueil des prodiges qui font arrivés dans tous les lieux par où j'ai passé, & vous en envoyer une liste ; mais vous apprendrois-je une grande nouvelle en vous disant que le Peuple est crédule partout?",fr,3083,12.937893,-9.715324
LTR-020,"Vous amuserois-je encore beaucoup, vous qui ne connoissez point les habitans de Vienne, en vous apprenant que le Prince de.... a quitté la Comtesse de...., ou que le Prince un tel a une intrigue avec le Comte un tel ?",fr,3084,-10.126395,2.232969
LTR-020,"Je laisse à la Comtesse de *** le plaisir de raconter des historiettes, & je me contente de celui de vous dire, avec vérité, que je suis, &c.",fr,3085,27.296715,12.653177
LTR-021,"JE vais m’éloigner de vous pour long-tems, ma chere Sœur, & de Vienne pour toujours : je pars demain pour la Hongrie.",fr,3086,17.654512,31.846472
LTR-021,"Le froid est si violent, les neiges sont si épaisses, qu’il n’y a qu’une obéissance aussi aveugle que la mienne, qui puisse me faire continuer la route ; le courage me manque.",fr,3087,12.342283,35.076195
LTR-021,"L’Impératrice m’a donné mon audience de congé en présence de l’Empereur ; & Leurs Majestés, après m’avoir dit des choses obligeantes, m’ont fait l’honneur de m’inviter à reprendre la route de Vienne à mon retour ; mais tant de fatigue m’effraye.",fr,3088,1.9461781,37.159973
LTR-021,"J’ai remis à l’Impératrice une Lettre de la Duchesse de Blankenbourg, à la Cour de laquelle je n'ai pas fait un long séjour, malgré les instances de Son Altesse, qui m'a recommandé, en la quittant, de lui écrire.",fr,3089,4.04177,35.565796
LTR-021,"Vous ne me parlez point d'une longue Lettre que je vous ai envoyée, & que vous avez, sans doute, reçue.",fr,3090,26.528587,0.45014873
LTR-021,Mais je ne vous ai pas fait part d'une singularité qui m'a frappée : c'est que tous les Princes d'Allemagne ont des Nains pour Favoris.,fr,3091,-11.44497,4.636004
LTR-021,"On voit deux de ces petits monstres à la Cour Impériale ; ils font laids comme des diables, principalement la Naine.",fr,3092,-67.51622,5.2599683
LTR-021,Leurs habits font tout couverts de diamans ; & ils se tiennent à côté de l'Impératrice dans toutes les Places publiques.,fr,3093,-66.759346,7.1415677
LTR-021,Le Duc de Wolfenbuttel en a un : la Duchesse de Blankenbourg a une Naine ; c'est la mieux faite que j'aye vue.,fr,3094,-44.654896,38.9534
LTR-021,"On dit que le Roi de Dannemarck a tellement enchéri sur cette mode, que son Nain est son premier Ministre.",fr,3095,-38.93828,62.985165
LTR-021,"Je ne sais quelle peut être la cause d'un pareil attachement pour ces créatures difformes, si ce n'est la persuasion où sont tous les Princes Souverains, qu'ils s'avilissent en conversant avec d'autres hommes : ne voulant cependant pas rester seuls, ils sont obligés d'avoir pour société le rebut de la Nature humaine : les Nains seuls ont la liberté de leur parler familierement.",fr,3096,-10.956767,6.3176646
LTR-021,"J'ai un mal de gorge qui me force de garder la chambre : je le supporte avec patience, parce qu'il me sert de prétexte pour ne pas aller dire un éternel adieu à des personnes que j'aime.",fr,3097,10.219677,13.95194
LTR-021,"Les Autrichiens, je l'avoue, n'ont pas beaucoup de politesse ni d'agrément dans la société ; mais, comme à Vienne il y a des gens de toutes les Nations, je m'y étois fait une société de personnes fort aimables par l'esprit & le caractère : quoique le nombre en fût petit, il me seroit cependant très-difficile d'en trouver autant ailleurs : nous nous estimions tous réciproquement au point que nous cherchions à être continuellement ensemble.",fr,3098,-23.811266,-7.153987
LTR-021,"Vous savez que j'ai toujours regardé une société composée d'un petit nombre de personnes qu'on estime, comme le plus grand bonheur de la vie.",fr,3099,-11.327747,-3.1749947
LTR-021,On trouve ici des Espagnols des deux sexes : ils ont toute la vivacité & toute la délicatesse de sentiment qu'on attribuoit autrefois à leur Nation.,fr,3100,-24.29746,-4.729466
LTR-021,"Si je pouvois me persuader que tout le monde leur ressemble en Espagne, je désirerois d'y passer le reste de mes jours.",fr,3101,-2.8569129,-9.480692
LTR-021,"Toutes les Dames de ma connoissance m'aiment au point qu'elles ne me voyent jamais sans verser des larmes, depuis qu'elles savent que je suis déterminée à entreprendre un pénible pénible voyage.",fr,3102,18.297174,24.672167
LTR-021,Chacune enchérit sur le mal que j'aurai à essuyer : en vérité je suis effrayée d'avance.,fr,3103,8.3571205,13.155363
LTR-021,Le Prince Eugene a eu la bonté de me dire tout ce qu'il a cru capable de m'engager à attendre que le Danube fût dégelé.,fr,3104,-0.7176589,31.68616
LTR-021,"Il a même poussé la complaisance jusqu'à entrer dans des détails avec moi ; il m'a assuré que rien n'étoit si agréable que de voyager sur l'eau; que les maisons de Hongrie étoient si mal construites, qu'elles ne pouvoient garantir de l'injure du tems ; qu'entre Bade & Esseck on étoit obligé de voyager quatre ou cinq jours sans en trouver une seule; qu'il n'y avoit que des plaines désertes toutes couvertes de neige ; & qu'enfin le froid étoit si grand, que beaucoup de personnes y avoient péri.",fr,3105,-7.416637,22.389572
LTR-021,"Cette effrayante image a fait une forte impression sur moi, parce que je suis persuadée que le Prince m'a parlé sincerement, & que personne ne connoît mieux le pays que lui.",fr,3106,6.879427,9.676319
LTR-021,"En lisant le nom de ce grand homme, vous vous attendez, sans doute, à trouver quelque particularité à son sujet, puisque j'ai la satisfaction de le voir très-souvent : mais je ne suis pas plus disposée à m'entretenir de lui à Vienne, que je ne l'aurois été à le faire d'Hercule à la Cour d'Omphale, si j'y avois vu ce demi-Dieu.",fr,3107,-1.7719415,12.844049
LTR-021,"Je ne sais pourquoi les hommes ordinaires voyent avec plaisir les foiblesses des grands hommes : c'est, sans doute, parce qu'elles les rapprochent d'eux.",fr,3108,-8.072885,-2.991359
LTR-021,Pour moi je suis affligée toutes les fois que j'ai occasion de connoître qu'il n'y a point de perfection dans l'Humanité.,fr,3109,-9.513439,-3.3410952
LTR-021,"Le jeune Prince de Portugal fait l'admiration de la Cour : il est d'une figure agréable, a beaucoup de politesse & de vivacité.",fr,3110,-15.092331,33.940758
LTR-021,Tous les Offi- ciers vantent la valeur qu'il a mon-trée dans la derniere campagne.,fr,3111,-31.466515,-67.48778
LTR-021,"On lui a donné un logement à la Cour, où on lui rend tous les honneurs dus à sa naissance.",fr,3112,-24.000732,40.96018
LTR-021,"Adieu, ma chere Soeur ; si je ne péris pas dans mon voyage, vous recevrez encore de mes nouvelles.",fr,3113,29.305803,9.935193
LTR-021,"Je pourrois dire, avec vérité, comme Moneses, que j'ai long-tems appris à me compter pour rien : mais quand je pense à la fatigue que mon cher enfant souffri-ra, mes larmes expriment toute ma tendresse maternelle.",fr,3114,12.20765,11.766907
LTR-021,P. S.,fr,3115,46.09798,-41.541843
LTR-021,"J'ai écrit une Lettre à Milady***, qui ne la flattera, peut-être, pas beaucoup : après une mûre réflexion, je crois que j'aurois mieux fait de ne pas lui écrire : elle avoit la simplicité de croire que je devois lui marquer les choses les plus extraor-dinaires, & que c'est par mauvaise volonté que je ne l'ai pas fait : en vérité, cela m'avoit donné de l'humeur.",fr,3116,11.17821,6.1586723
LTR-021,"Faudroit-il que je lui parlasse des Anthropophages, espece d'hommes qui ont la tête sous les épaules ?",fr,3117,18.96225,-38.478664
LTR-021,"Je vous prie, cependant, de faire ma paix avec elle.",fr,3118,31.455307,24.62473
LTR-022,"JE suis si occupée à faire les préparatifs de mon départ, que je n'ai pas même le tems de répondre à votre Lettre.",fr,3119,22.926512,-7.211587
LTR-022,"Si j'écoutois tout ce qu'on me dit ici, il faudroit que je dise adieu à tous mes amis, comme si j'allois monter à la breche : il est vrai qu'il y a peu de personnes qui voulussent se mettre en route par le tems qu'il fait.",fr,3120,10.013193,11.658267
LTR-022,"Les uns m'annoncent que je périrai de froid; les autres, que je serai enterrée dans la neige; d'autres, enfin, que je serai prise par les Tartares, qui ravagent la partie de la Hongrie par laquelle je dois passer : mais on nous donnera une escorte nombreuse, & peut-être aurai- je la satisfaction de voir une nouvelle scène, en me trouvant au milieu d'une bataille.",fr,3121,10.281617,39.178474
LTR-022,J'abandonne mon fort à la Providence.,fr,3122,27.438038,16.33916
LTR-022,"S'il m'arrive quelqu'aventure plaisante, je vous en ferai part.",fr,3123,31.78441,12.462169
LTR-022,"Je vous prie de dire à M*** que j'ai reçu sa Lettre ; je lui répondrai, si je ne péris pas: faites-lui mes adieux, aussi-bien qu'à Milady R***.",fr,3124,31.423517,8.055733
LTR-023,"ENFIN, ma chere Soeur, je suis arrivée à Peter-Waradin en bonne santé, aussi-bien que toute ma famille.",fr,3125,13.749369,32.14995
LTR-023,"Comme nous étions pourvus de fourrures, nous avons été trés-peu incommodés du froid ; d'un autre côté, prenant la précaution d'envoyer quelqu'un devant nous, par-tout où nous devions nous arrêter, nous avons toujours trouvé des logemens passables.",fr,3126,8.787605,47.182426
LTR-023,"En vérité, j'ai peine à m'empêcher de rire, lorsque je me rappelle l'image affreuse qu'on m'avoit faite de ce voyage : mais je dois l'attribuer à la tendresse de mes amis de Vienne, & au desir qu'ils avoient de me faire passer tout l'hiver avec eux.",fr,3127,10.831715,15.940436
LTR-023,"Vous ne serez peut-être pas fâchée que je vous fasse le tableau du Pays par où nous avons passé : il vous est entierement inconnu ; il est même très-peu fréquenté par les Hongrois, qui voyagent ordinairement sur le Danube.",fr,3128,9.662145,-22.214512
LTR-023,"Nous avons été assez heureux pour avoir, pendant notre route, un plus beau tems qu'il n'est permis de l'espérer dans cette saison ; mais la neige étoit si épaisse, que nous étions obligés de faire attacher nos carosses sur des traîneaux, dont le mouvement est si vif, & en même tems si doux, que c'est la maniere la plus agréable que je connoisse pour aller en poste.",fr,3129,7.455397,47.43976
LTR-023,"Nous allâmes de Vienne à Raab : le 17 de ce mois, Milord M*** avoit fait annoncer notre arrivée au Gouverneur, qui eut soin de nous faire préparer la meilleure maison de la Ville.",fr,3130,-6.8629704,58.97805
LTR-023,"La Garni- son prit les armes ; l'on mit une sentinelle à notre porte ; enfin, on nous rendit tous les honneurs qui nous étoient dus.",fr,3131,-9.548793,58.508938
LTR-023,"Le Gouverneur, accompagné de tous les Officiers de la Garnison, vint saluer Milord M***, & lui offrir ses services.",fr,3132,-10.57121,59.90221
LTR-023,"L'Evêque de Temeswar eut aussi la politesse de lui faire une visite : il nous invita à dîner chez lui pour le lendemain ; mais nous ne pûmes accepter son offre, parceque nous étions décidés à continuer notre route.",fr,3133,-3.3181446,55.862923
LTR-023,"Il nous envoya plusieurs paniers de fruits d'hiver, & du vin de Hongrie de différentes especes, avec une jeune biche qui venoit d'être tuée.",fr,3134,-4.1844482,55.985455
LTR-023,"Ce Prélat est très-puissant dans le Royaume ; il descend de l'ancienne Maison de Nadasti, si célébre depuis plusieurs siecles parmi les Hongrois.",fr,3135,-46.07781,43.63502
LTR-023,"C'est un vieillard très-poli, très-gai, enfin très-aimable.",fr,3136,-14.902364,34.64924
LTR-023,"Il est habillé à la Hongroise, & a une vénérable barbe blanche, qui lui descend jus-qu'à la ceinture.",fr,3137,-77.100494,-25.170687
LTR-023,Raab est une Ville bien fortifiée : il y a une bonne Gar-nison : elle a été long-tems une Ville frontiere d'Allemagne du côté de la Turquie.,fr,3138,-63.550568,26.183374
LTR-023,"Elle tire son nom de la riviere Rab, sur laquelle elle est si-tuée, à l'endroit de sa jonction avec le Danube, & dans un Pays decou-vert.",fr,3139,-69.46917,26.964455
LTR-023,"Les Turcs, commandés par le Bassa Sinan, la prirent en 1594, sous le regne d'Amurat III.",fr,3140,-47.18726,57.420845
LTR-023,"Le Gouver-neur ayant été accusé de trahison, fut décapité dans la fuite, par ordre de l'Empereur.",fr,3141,-40.693737,55.512474
LTR-023,Les Comtes de Swartzembourg & de Palfi reprirent cette Ville en 1598.,fr,3142,-44.309677,60.35658
LTR-023,Elle est toujours restée depuis sous la domination des Allemands.,fr,3143,-47.02841,50.24266
LTR-023,"En 1642, les Turcs ten-terent inutilement de la reprendre par stratagême.",fr,3144,-45.497894,60.455177
LTR-023,"Il n'y a rien de re-marquable dans cette Ville, que la Cathédrale qui est assez grande, & bien bâtie.",fr,3145,-41.345184,-23.626047
LTR-023,"Nous continuâmes notre route, laissant Comora de l'autre côté de la riviere : nous arrivâmes le 18 à un petit Village, où nous trouvâmes un logement passable.",fr,3146,-59.412544,34.661472
LTR-023,"De-là, nous eûmes deux jours de marche avant d'arriver à Bude : nous traversâmes les plus belles plaines du monde ; elles sont aussi unies qu'un pavé, & extrêmement fertiles ; mais elles sont presque toutes désertes & incultes, depuis qu'elles furent ravagées pendant les guerres des Turcs & des Allemands, & pendant la guerre civile occasionnée par la persécution que les Protestans souffrirent sous l'Empereur Léopold.",fr,3147,-56.497242,36.68762
LTR-023,"Ce Prince passe pour avoir été extraordinairement pieux : il étoit naturellement doux & bienfaisant : mais, après qu'il eut pris pour Directeur de sa conscience un Jésuite, il de- vint plus cruel aux pauvres Hongrois, que le Turc même ne l'a jamais été aux Chrétiens.",fr,3148,-18.137196,34.991592
LTR-023,"Sans scrupule, il manquoit au serment de son Sacre, & trahissoit la foi de plusieurs traités solemnels.",fr,3149,-17.606525,36.123974
LTR-023,"Un Voyageur qui se représente l'état florissant où étoit autrefois la Hongrie, ne peut, sans tristesse, la voir aujourd'hui presque déserte.",fr,3150,-27.225636,-23.058502
LTR-023,"Bude même, où nous arrivâmes le 22 de très-bonne heure, n'a pas été à l'abri de ces calamités: c'étoit autrefois la résidence des Rois de Hongrie.",fr,3151,-51.98268,40.95
LTR-023,Le Palais étoit un des plus beaux édifices de ce tems; il n'en reste que des débris.,fr,3152,-45.23038,-23.752115
LTR-023,"La Ville fut ruinée pendant le dernier siége, & l'on n'a réparé que les Fortifications & le Château, qui est la résidence du Général Ragule, lequel est Gouverneur de cette Place: c'est un Officier de mérite.",fr,3153,-51.44749,41.549488
LTR-023,"Sitôt qu'il fut instruit de notre arrivée, il vint nous voir, & nous emmena chez lui dans son carrosse : sa femme me fit toutes fortes de politesses, & me régala magnifiquement.",fr,3154,-6.9666038,43.476974
LTR-023,"Bude est située sur une petite montagne, au Nord de laquelle est le Danube.",fr,3155,-67.5087,26.149363
LTR-023,"Le Château, qui est beaucoup plus élevé que la Ville, présente une perspective assez agréable.",fr,3156,-39.328705,-24.71702
LTR-023,"On apperçoit hors des murailles un amas de petites maisons, ou plutôt de cabanes : les habitans de Bude l'appellent la Ville des Rasciens, parce qu'elle n'est habitée que par ces peuples.",fr,3157,-54.61861,1.2507198
LTR-023,Le Gouverneur m'assûra qu'on pourroit en tirer douze mille hommes de troupes.,fr,3158,4.3122168,66.91784
LTR-023,Ces fortes de Villes sont fort singulieres.,fr,3159,-44.287323,-25.97219
LTR-023,"Les maisons sont par rangées; mais si serrées les unes contre les autres, qu'à une certaine distance on les prendroit pour des tentes de l'ancien tems.",fr,3160,-57.588066,2.019386
LTR-023,"Elles font toutes de terre, ont un étage, outre le rez de chaussée, & sont couvertes de chaume.",fr,3161,-71.17315,-19.709
LTR-023,"L'été, on habite le rez de chaussée ; & l'hiver, l'étage au-dessus.",fr,3162,-71.48311,-20.275337
LTR-023,"Bude fut prise en 1526 par Soliman le magnifique, & reprise l'année suivante par Ferdinand premier Roi de Bohême.",fr,3163,-45.026997,55.52559
LTR-023,"Soliman s'en rendit maître une seconde fois, par la trahison de la Garnison : il la céda volontairement à Jean, Roi de Hongrie, après la mort duquel Ferdinand l'assiégea.",fr,3164,-43.175797,55.239197
LTR-023,"La Reine Mere appella Soliman à son secours : il y accourut, fit lever le siége ; mais il mit une garnison Turque dans la Ville, & força la Reine d'en sortir avec sa Cour en 1541.",fr,3165,-43.905453,57.996357
LTR-023,"Cette Ville fut assiégée en 1542, par le Marquis de Brandebourg ; en 1598, par le Comte de Schwartzembourg ; en 1602, par le Général Rosworm ; enfin, en 1684, par le Duc de Lorraine, Général des Troupes de l'Empereur, auquel elle se rendit en 1686, après une vigoureuse défense; Apti Bassa, Gouverneur de la Ville, ayant été tué sur la breche, où il combattoit avec une bravoure Romaine.",fr,3166,-43.17005,60.110413
LTR-023,"Les Turcs furent si sensibles à la perte de cette Ville importante, qu'ils déposerent l'année suivante Mahomet IV.",fr,3167,-38.393772,58.087963
LTR-023,"Nous nous sommes remis en route le 23, & nous avons passé par Adam & Todowar : ces deux Villes étoient assez considérables, lorsqu'elles appartenoient au Turc ; mais elles sont à présent ruinées.",fr,3168,-57.833344,41.347748
LTR-023,"On trouve les restes de plusieurs Villes Turques, qui annoncent ce qu'elles étoient autrefois.",fr,3169,-43.659054,-31.341066
LTR-023,Ce Pays est tout couvert de bois ; mais il est désert.,fr,3170,-69.58005,16.907093
LTR-023,"Nous y avons vû une quantité prodigieuse de bêtes fauves : elles vivent très-long-tems, parce qu'il n'y a point de chasseurs.",fr,3171,-52.83701,-1.2870194
LTR-023,"Nous arrivâmes le 25 à Mohatch ; on nous montra la plaine où le jeune Louis, Roi de Hongrie, périt, après avoir été battu.",fr,3172,-54.91326,42.505154
LTR-023,"Pour ne pas tomber entre les mains de Balibée, Général des Troupes de Soliman le Magnifique, il prit la fuite ; mais il se noya dans un fossé.",fr,3173,-46.025227,54.000538
LTR-023,"Cette victoire ouvrit, pour la premiere fois, un passage aux Turcs dans le cœur de la Hongrie.",fr,3174,-51.32247,47.51479
LTR-023,Je ne vous nommerai point les petits Villages par où j'ai passé ; je n'y ai rien trouvé de remarquable.,fr,3175,5.7018275,-32.464405
LTR-023,"Les vivres y sont en abondance, sur-tout le gibier, comme sanglier, &c.",fr,3176,-56.51005,-31.581347
LTR-023,"Le petit nombre d'habitans qu'il y a en Hongrie, vit fort à l'aise : il manque d'argent ; mais les bois & les plaines lui fournissent toutes sortes de denrées, & en quantité.",fr,3177,-47.676346,11.320132
LTR-023,"Il y avoit ordre de nous fournir, gratis, tout ce qui nous seroit nécessaire, jusqu'à des chevaux.",fr,3178,0.22723469,60.936153
LTR-023,"Mais Milord M*** ne voulant pas fouler les paysans, a toujours payé la valeur de ce qu'on nous a fourni.",fr,3179,-12.372723,59.520092
LTR-023,"Ces pauvres gens étoient si sensibles à cette générosité, à laquelle ils font peu accoutumés, qu'à notre départ ils nous engageoient toujours à accepter quelque présent, comme des Faisans gras, ou autres choses semblables.",fr,3180,-35.0392,6.1435027
LTR-023,Leur habillement est fort ancien ; ce n'est autre chose qu'une peau de mouton : leur bonnet & leurs bottes font de la même matière.,fr,3181,-77.09268,-29.431158
LTR-023,"Comme cet habit leur dure long-tems, ils ont rarement besoin d'argent.",fr,3182,-44.066654,-43.252583
LTR-023,"Le 26, nous passâmes en voiture, & avec tous nos équipages, sur le Danube, qui étoit gelé.",fr,3183,-61.490307,43.851376
LTR-023,"Le Général Veterani nous attendoit de l'autre côté : il nous invita à aller passer la nuit dans un petit Château qu'il a à quelques milles du fleuve, & nous assûra qu'il y avoit une journée de marche très-fatigante pour aller à Essek.",fr,3184,-1.7106643,55.69627
LTR-023,Nous éprouvâmes la vérité de ce qu'il nous dit.,fr,3185,-8.274308,38.616356
LTR-023,"Les bois sont si remplis de loups, qu'ils sont presqu'impraticables.",fr,3186,-55.160473,3.629599
LTR-023,"Nous arrivâmes cependant à Essek, quoi-qu'il fût tard.",fr,3187,-59.279884,40.077213
LTR-023,"Nous nous y arrêtâ-mes un jour, pour envoyer un cou-rier au Bassa de Belgrade : je profitai de l'occasion pour voir la Ville, qui est petite, mais bien bâtie & bien fortifiée : elle étoit peuplée, com-merçante & riche, lorsqu'elle étoit sous la domination des Turcs.",fr,3188,-57.991096,39.109173
LTR-023,"Elle est située sur la Drave, qui se jette dans le Danube.",fr,3189,-68.59699,25.924341
LTR-023,"Il y avoit un pont qu'on regardoit comme une des mer-veilles du monde : il étoit tout bâti en chêne, & avoit huit mille pas de long ; mais le Comte de Lesli le fit brûler, & réduisit la Ville en cen-dres en 1685.",fr,3190,-63.449966,7.3496094
LTR-023,"Les Turcs la répare-rent, la fortifierent & l'abandonne-rent en 1687.",fr,3191,-45.57458,59.915565
LTR-023,"Le Général Dunne-walt en prit alors possession au nom de l'Empereur, sous la domination duquel elle est toujours restée depuis: elle est regardée comme un des boulevards de la Hongrie.",fr,3192,-46.036926,48.05231
LTR-023,"Le 28, nous arrivâmes à Bocorvar, grande Ville de Rascie : je vous en ai déja fait la description.",fr,3193,-58.518944,43.725475
LTR-023,"Le Colonel *** vint au-devant de nous, & nous engagea à aller loger dans son Quartier : j'y trouvai sa femme, sa fille & sa nièce, qui me parurent toutes trois fort aimables; les deux dernieres sont fort jolies : leur logement consiste en trois ou quatre maisons, construites à la maniere des Rasciens; mais on les a réunies en une seule, qu'on a rendue aussi commode qu'il est possible de le faire dans ce pays.",fr,3194,-20.319887,41.208458
LTR-023,Les Dames de Hongrie sont beaucoup plus belles que celles d'Autriche; & toutes les Beautés que l'on voit à Vienne sont Hongroises.,fr,3195,-31.985075,-10.872484
LTR-023,Elles sont toutes blondes & très-bien faites : leur habillement me plaît beaucoup.,fr,3196,-61.408325,-29.920465
LTR-023,"La femme du Colonel *** avoit une robe de velours écarlate, doublée & bordée de martre; elle lui prenoit très-bien la taille, & descendoit jusqu’à ses pieds.",fr,3197,-83.36272,-12.454209
LTR-023,"Les Dames Hongroises portent ordinairement des manches étroites; elles ont un corset qui est boutonné par-devant avec deux rangs de petits boutons d’or, de perle ou de diamant.",fr,3198,-81.48635,-17.668728
LTR-023,"Elles portent sur la tête un bonnet d’or, avec un pendant doublé de martre, ou de quelque autre belle fourrure.",fr,3199,-77.66611,-18.776133
LTR-023,On nous donna un dîner fort honnête; & la conversation de ces Dames me plut beaucoup: elles avoient envie de faire une partie de la route avec nous.,fr,3200,-7.7839327,36.84002
LTR-023,Le 29 nous arrivâmes à Peter-Waradin: le Commandant de la Garnison vint au-devant de nous avec tous les autres Officiers.,fr,3201,-9.576552,60.214233
LTR-023,"Nous sommes logés dans le meilleur appartement de la maison du Gouver- neur, où l'on nous traite magnifiquement par ordre de l'Empereur.",fr,3202,-49.586357,35.076138
LTR-023,"Nous resterons ici, jusqu'à ce qu'on ait décidé de quelle maniere on doit nous recevoir sur les frontieres de Turquie.",fr,3203,-58.688274,49.296913
LTR-023,"Le Courier que Mylord M*** avoit fait partir d'Essek, est revenu ce matin, avec la réponse du Bassa, dans une bourse de satin écarlate : l'Interprete l'a traduite ; elle nous annonce une réception fort honorable.",fr,3204,-9.483054,67.94084
LTR-023,"J'ai engagé Mylord à fixer l'endroit où il veut que l'escorte Turque nous prenne : il a, en conséquence, renvoyé le Courier prier le Bassa que ce fût à Betsko : c'est un village situé entre Peter-Waradin & Belgrade, à égale distance de ces deux Villes : nous attendrons ici sa réponse.",fr,3205,-3.6019993,60.821014
LTR-023,"Je vous donne, ma chere Soeur, une relation bien circonstanciée de cette partie de mes voyages ; mais je crains qu'elle ne vous ennuye : je puis cependant vous affûrer que je n'ai pas eu le projet de faire parade d'érudition, en vous faisant un petit abrégé de l'histoire des Villes par où j'ai passé ; je me suis bien gardée d'en faire autant à l'égard de celles que j'ai cru vous être connues.",fr,3206,12.634629,-2.5018237
LTR-023,"Avec les meilleures intentions du monde, il est possible que je ne vous amuse pas ; mais ce n'est point une nécessité absolue que vous lisiez tout ce que je vous écris.",fr,3207,22.356058,9.110174
LTR-023,"Je suis, ma chere Sœur, &c.",fr,3208,39.046284,18.738316
LTR-023,On m'assûre qu'on enverra ma Lettre à Vienne avec beaucoup d'exactitude.,fr,3209,27.14964,-9.808618
LTR-024,"J'AVOIS résolu de vous écrire fort au long de Peter-Waradin, où je comptois rester trois ou quatre jours : mais le Bassa de Belgrade étoit si empressé de nous voir, qu'il renvoya sur le champ le Courier que Milord M*** lui avoit dépêché, pour savoir où l'escorte Turque devoit nous prendre.",fr,3210,-3.2531488,60.004543
LTR-024,Je n'eus pas un moment libre ; il fallut partir le lendemain.,fr,3211,22.806765,30.95688
LTR-024,"Nous fûmes escortés par tous les principaux Officiers de la Garnison, & par une troupe considérable de soldats Allemands & Rasciens.",fr,3212,-10.238436,59.75845
LTR-024,"L'Empereur a plusieurs Régimens composés de ces derniers ; mais, pour dire la vérité, ce sont plutôt des pil- lards, que des soldats : ils n'ont point de paye, & font obligés de se fournir d'armes & de chevaux.",fr,3213,-49.027695,8.668029
LTR-024,"Enfin, on les prendroit plutôt pour des bandits ou pour des mendians, que pour des Troupes reglées.",fr,3214,-50.30744,7.651996
LTR-024,"Je ne puis m'empêcher de vous dire quelque chose de ce peuple, qui est répandu dans la Hongrie.",fr,3215,7.6057606,-26.073658
LTR-024,"Les Rasciens professent la Religion Grecque ; ils ont un Patriarche au Grand-Caire : leur ignorance est si grande, que leurs Prêtres leur font accroire tout ce qu'ils veulent.",fr,3216,-37.714638,1.2588996
LTR-024,Ces Prêtres ne coupent jamais leurs cheveux ni leur barbe : ils ressemblent exactement aux Brames des Indiens.,fr,3217,-66.03381,-38.355137
LTR-024,"Ils héritent en général de tout l'argent des Laïcs, auxquels ils donnent en échange des passeports signés & scellés pour le Ciel : il ne reste à la femme & aux enfans d'un mort, que la maison, & le bétail, s'il y en a : pour pour tout le reste, ils suivent la Religion des Grecs.",fr,3218,-39.63869,18.04136
LTR-024,"Cette petite digression m'a empêché de vous dire que nous avons traversé la plaine de Carlowitz, où le Prince Eugène remporta une victoire signalée sur les Turcs : on y voit encore les marques de cette sanglante journée.",fr,3219,-53.94175,35.50273
LTR-024,"Le champ de bataille est jonché de têtes & de carcasses d'hommes, de chevaux, & de chameaux, qu'on n'a pas même pris la peine d'enfouir.",fr,3220,-61.843845,4.389553
LTR-024,"Je n'ai pu voir sans horreur tant de corps d'hommes mis en pièces, sans me récrier contre la guerre, qui rend le meurtre nécessaire, même méritoire.",fr,3221,-11.819283,-9.999884
LTR-024,"Rien ne prouve mieux la folie des hommes, quelque raisonnables qu'ils se croyent, que cette fureur avec laquelle ils se disputent un pouce de terrein, pendant qu'ils laissent des Pays immenses & fertiles sans culture & sans habitans.",fr,3222,-20.346048,0.5246251
LTR-024,"L'usage a rendu la guerre né- cessaire, il est vrai : mais y a-t-il rien qui prouve mieux le défaut de raison chez les hommes, que la durée d'un usage si diamétralement opposé à l'Humanité ?",fr,3223,-18.986244,1.4799926
LTR-024,"Je veux bien accorder à M. Hobbe, que la Nature est un état de guerre ; mais j'en conclûrai que la Nature humaine n'est pas raisonnable, si le mot raison signifie, comme je le crois, sens commun.",fr,3224,26.978203,35.814785
LTR-024,"Je pourrois bien appuyer cette réflexion de plusieurs preuves ; mais pour ne pas vous ennuyer, je vais continuer l'histoire de mes voyages.",fr,3225,19.984838,-15.336543
LTR-024,"Un Aga des Janissaires vint au-devant de nous à Betsko, Village situé entre Belgrade & Peter-Waradin.",fr,3226,-4.653924,62.40969
LTR-024,"Il étoit à la tête d'un corps de Turcs, plus nombreux de cent hommes que celui des Allemands, quoique le Bassa eût promis de n'envoyer que le même nombre : jugez par-là de leur crainte.",fr,3227,-6.2746887,63.32164
LTR-024,"Je suis persuadée qu'ils ne croyoient pas encore leurs forces égales à celles des Allemands, quoique leur nombre fût supérieur.",fr,3228,-13.249863,-1.8620135
LTR-024,"J'ai été fort inquiette jusqu'au moment de leur séparation ; je craignois toujours qu'il ne s'élevât quelque querelle entr'eux, malgré la parole donnée.",fr,3229,4.281866,18.166733
LTR-024,L'épaisseur de la neige rendoit la montagne de Belgrade très-difficile ; ce qui fut cause que nous n'arrivâmes dans cette Ville que fort tard.,fr,3230,10.021739,52.687565
LTR-024,"Elle est fortifiée à l'Est par le Danube, & au Midi par la Save ; c'étoit autrefois la barriere de Hongrie du côté des Turcs.",fr,3231,-64.92095,27.32908
LTR-024,"Elle fut prise d'abord par Soliman le Magnifique, ensuite par les Troupes de l'Empereur, commandées par l'Electeur de Baviere.",fr,3232,-47.100918,53.875843
LTR-024,"Elle resta deux ans sous la domination de l'Empereur, au bout desquels le Grand-Visir la reprit.",fr,3233,-44.295006,50.84779
LTR-024,Les Turcs l'ont fortifiée avec tout l'art dont ils sont capa- bles.,fr,3234,-46.528706,60.376987
LTR-024,"Il y a une nombreuse Garnison composée des plus braves Janissaires, commandée par un Bassa Serafkier, c'est-à-dire Général ; mais pour parler correctement, le Seraskier est commandé par les Janissaires.",fr,3235,-54.745205,55.40909
LTR-024,"Ces derniers ont ici une autorité absolue, & ils tiennent plutôt la conduite de Soldats révoltés, que de Soldats disciplinés.",fr,3236,-49.552776,6.794921
LTR-024,"Vous en jugerez par l'histoire que je vais vous raconter ; elle vous fera en même tems connoître la supérieure intelligence du Gouverneur de Peter-Waradin, qui est tout près de-là.",fr,3237,23.007929,-31.874006
LTR-024,"Il nous dit, lorsque nous étions à Peter-Waradin, que la Garnison & les habitans de Belgrade étoient si fatigués de la guerre, qu'ils avoient tué le Bassa, il y avoit environ deux mois, pour avoir permis aux Tartares de ravager les frontieres d'Allemagne, moyennant cinq bourses, qui valent cinq cents livres sterling.",fr,3238,-3.258256,64.41311
LTR-024,"Nous apprîmes avec plaisir, que le peuple étoit dans de pareilles dispositions : mais lorsque nous fûmes arrivés ici, on nous a fait connoître que le Gouverneur de Peter-Waradin étoit mal informé.",fr,3239,-1.18198,69.15695
LTR-024,"Le feu Bassa, au contraire, encourut l'indignation de ses Soldats, pour avoir voulu les empêcher de faire des incursions sur les Allemands : ils s'imaginerent qu'il étoit d'intelligence avec ces derniers, & en firent informer le Grand-Seigneur, qui étoit à Andrinople.",fr,3240,-33.895344,57.795403
LTR-024,"Voyant qu'on ne leur donnoit pas une prompte satisfaction, ils s'assemblerent avec un grand tumulte, traînerent le Bassa devant le Cadi & le Mufti, à qui ils demanderent justice de la maniere du monde la plus insolente.",fr,3241,-33.873055,55.981277
LTR-024,"L'un reprocha au Bassa de protéger les Infideles ; l'autre, de voler leur argent.",fr,3242,-92.22245,-6.8754644
LTR-024,"Le Bassa, qui com- prit leur intention, répondit avec tranquillité, qu'on lui faisoit trop de questions; qu'il n'avoit qu'une vie qui devoit répondre de tout : alors, sans attendre la Sentence des Chefs de la Loi, les Janissaires s'é-lancerent sur lui avec leurs sabres, & le mirent en pieces dans un instant.",fr,3243,-24.014143,61.330948
LTR-024,"Le Bassa, son successeur, n'a osé pu-nir cet assassinat; il a même paru en applaudir les auteurs, comme des braves qui savoient se faire justice.",fr,3244,-27.322607,64.82024
LTR-024,"A la moindre rumeur, il répand de l'argent parmi les Soldats, & les laisse faire des incursions en Hongrie où ils brûlent, de tems en tems, quel-ques maisons aux pauvres Rasciens.",fr,3245,-51.80486,22.543896
LTR-024,"Vous vous imaginez bien, sans doute, que je ne suis gueres tran-quille dans une Ville ainsi livrée à l'insolence du Soldat.",fr,3246,-6.540503,0.93472683
LTR-024,"Nous comp-tions n'y pas faire un long séjour, & même n'y coucher qu'une nuit ; mais le Bassa nous y retient, jusqu'à ce qu'il ait reçu des ordres d'Andrinople : peut-être n'arriveront-ils pas avant un mois.",fr,3247,7.2588663,54.001842
LTR-024,"En attendant, nous occupons une des plus belles maisons de la Ville ; elle appartient à une personne de marque, & nous sommes gardés par une chambre entiere de Janissaires.",fr,3248,-51.824814,33.14096
LTR-024,"Je n'ai pour unique amusement, que la conversation de notre Hôte, Achmet-Beg, titre qui répond à celui de Comte en Allemagne.",fr,3249,-20.363728,-2.573206
LTR-024,"Son pere, qui étoit grand Bassa, lui a donné toute l'éducation possible en Orient : il fait parfaitement les Langues Arabe & Persanne, & est un très-bon Docteur de la Loi ; ce qu'on exprime ici par le mot Effendi.",fr,3250,-18.591236,67.07825
LTR-024,"Cette qualité porte ordinairement aux premieres dignités : mais il a assez de bon sens pour préférer une vie tranquille, sûre & aisée à tous les honneurs dan- gereux de la Porte.",fr,3251,-23.20023,65.50841
LTR-024,"Il soupe avec nous tous les soirs, & boit du vin sans scrupule.",fr,3252,-10.288772,37.90056
LTR-024,Vous n'imaginerez jamais combien la liberté qu'il a de converser avec moi lui fait de plaisir.,fr,3253,34.578434,4.102236
LTR-024,"Il m'a interprété plusieurs pièces de Poésie Arabe : il y en a une grande quantité dans cette Langue ; & elles approchent beaucoup des nôtres : les vers sont très-harmonieux, & très-susceptibles de musique : l'amour y est peint d'une maniere assez vive & assez passionnée.",fr,3254,3.7052464,-15.848935
LTR-024,"J'en suis si contente, que j'apprendrois l'Arabe si je restois ici quelques mois.",fr,3255,10.799724,-15.831866
LTR-024,Achmet-Beg a une Bibliothéque remplie de toutes sortes de livres à l'usage du Pays : ils font sa principale occupation.,fr,3256,-45.064594,-10.382486
LTR-024,"Je passe pour savante auprès de lui, en lui racontant quelques Contes Arabes, que je trouve assez ingénieux : il croyoit d'abord que j'entendois le Persan.",fr,3257,7.92307,-16.313723
LTR-024,"J'ai de fréquentes disputes avec lui sur la différence de nos coûtumes, principalement sur la gêne dans laquelle celle de son Pays tient les femmes.",fr,3258,-7.0262284,5.3463798
LTR-024,"Il m'assûre qu'elles sont aussi libres que nous : toute la différence, m'a-t-il dit, c'est que, quand elles nous trompent, personne ne le sait.",fr,3259,-13.719386,23.165985
LTR-024,"Il a de l'esprit, & plus de politesse que bien des gens de qualité parmi les Chrétiens : enfin, je m'amuse beaucoup avec lui.",fr,3260,-12.301432,29.916487
LTR-024,"Il s'est fait faire un Alphabet de nos caractères par un de mes domestiques, & il sait déjà écrire en lettres Romaines.",fr,3261,-16.481228,60.313206
LTR-024,"Tous ces amusemens n'empêchent cependant pas que je ne desire ardemment d'être hors de cette Ville, quoiqu'il fasse dans ce Pays plus froid que par-tout ailleurs, excepté dans le Groenland.",fr,3262,8.569224,2.134993
LTR-024,Nous avons un très-grand poële où l'on entretient toujours le feu; cependant les fenêtres de notre chambre sont gelées jusqu'en dedans.,fr,3263,-64.11367,-5.3223734
LTR-024,J'ignore quand je pourrai faire partir cette Lettre ; mais je l'ai écrite pour n'avoir rien à me reprocher.,fr,3264,21.37124,-9.210031
LTR-024,J'espere que vous ne me direz plus qu'une des vôtres en vaut dix des miennes.,fr,3265,22.027462,0.5563801
LTR-024,Adieu.,fr,3266,46.941177,23.23694
LTR-025,J'AI fait un voyage qu'aucun Chrétien n'avoit entrepris depuis les Empereurs Grecs.,fr,3267,-13.423604,-35.19087
LTR-025,"Je serai bien dédommagée de mes fatigues, si je suis assez heureuse pour amuser Votre Altesse Royale, par la description d'un pays qui est entierement inconnu à Londres, parce que les Ambassadeurs de l'Empereur & le peu d'Anglois qui y sont venus, ont toujours pris la route de Nicopolis par le Danube : mais ce fleuve étoit gelé, & le zèle de Milord M*** pour le service de Sa Majesté, ne lui a pas permis d'attendre qu'il fût navigable.",fr,3268,-2.4375906,9.623455
LTR-025,"Nous avons traversé les déserts de la Servie : quoique ce soit un pays très-fertile, ils font presque tout couverts de bois.",fr,3269,-68.14113,16.649548
LTR-025,"Les habitans y font industrieux ; mais le dégât que les Janissaires font chez eux, les engage à abandonner leurs maisons, & ils ne songent point à cultiver la terre.",fr,3270,-47.82727,13.567831
LTR-025,"Nous avions cinq cents Janissaires pour notre escorte : ils faisoient tant de ravages dans tous les villages par où nous passions, que j'en versois des larmes.",fr,3271,3.0072966,60.01635
LTR-025,"Après sept jours de marche au travers de bois fort épais, nous arrivâmes à Nissa, autrefois la Capitale de la Servie.",fr,3272,-62.182762,34.19154
LTR-025,"Elle est située dans une belle plaine, sur la riviere de Nissara : l'air y est très-sain, & le terrein très-fertile.",fr,3273,-66.51943,22.065498
LTR-025,"On m'a affûrée qu'il y avoit eu une si grande abondance de vin l'année derniere, qu'on avoit été obligé de faire des trous en terre pour l'y mettre, faute de futailles : mais le peuple est si opprimé, qu'à peine s'apperçoit-il de cette abondance.",fr,3274,-50.532074,-0.99094075
LTR-025,"J'ai vu ici un nouveau sujet de compassion : on avoit loué vingt chariots pour porter nos bagages depuis Belgrade jusqu'ici ; & lorsque nous sommes arrivés, on a renvoyé ceux auxquels ils appartenoient sans aucun paiement ; on ne leur a même donné aucun dédommagement pour quelques-uns de leurs chevaux qui étoient estropiés ou morts.",fr,3275,-0.5209619,62.21473
LTR-025,"Ces pauvres gens rodoient autour de la maison, en pleurant & s'arrachant la barbe & les cheveux ; & les Soldats les chassoient à coups de bâton.",fr,3276,-79.37194,7.076131
LTR-025,"Ce spectacle étoit si touchant, que je les aurois payés de ma bourse, si l'on ne m'avoit avertie que l'Aga leur auroit fait enlever, & se seroit approprié ce que je leur aurois donné.",fr,3277,-3.263866,-22.438276
LTR-025,"Après quatre jours de marche sur des montagnes, nous sommes arrivés à Sophia.",fr,3278,-62.858063,34.474648
LTR-025,"Cette Ville est située dans une plaine, sur la riviere d'Isca : il n'est gueres possible de voir un paysage plus agréable.",fr,3279,-66.00259,22.500439
LTR-025,Sophia est très-grande & très-peuplée : il y a des bains chauds qui sont fort renommés.,fr,3280,-40.66452,-26.503696
LTR-025,"Nous arrivâmes à Philippopolis, après quatre jours de marche, pendant lesquels nous passâmes les Monts Hæmus & Rhodope, qui sont toujours couverts de neige.",fr,3281,-63.445892,34.931885
LTR-025,"Cette Ville est située sur une éminence, près la riviere de Hebrus.",fr,3282,-66.339874,25.308397
LTR-025,"Elle n'est habitée que par des Grecs, qui sont tous très-riches ; mais ils ont grand soin d'éviter de le paroître, n'ignorant pas à combien de dangers ils seroient exposés.",fr,3283,-42.354168,14.01781
LTR-025,"Il y a dans cette Ville un Evêque Grec, & on y voit encore quelques anciennes Eglises Grecques.",fr,3284,-41.75324,-28.82465
LTR-025,"D'ici à Andrinople, la campagne est extrêmement agréable; les coteaux sont remplis de vignes, toutes couvertes de raisins; un printems éternel y rend la Nature toujours brillante.",fr,3285,-55.62933,-5.075482
LTR-025,"Cependant, ce pays, quelqu'agréable qu'il paroisse, n'est point préférable à l'Angleterre avec ses glaces & ses neiges, tant qu'elle sera gouvernée par un Roi qui fait consister son bonheur dans la liberté de son peuple, dont il veut plutôt être le pere que le maître: mais cette matiere me conduiroit trop loin; je sens que je n'ai déjà que trop abusé de la patience de Votre Altesse Royale.",fr,3286,-12.396259,11.610936
LTR-025,"Ma Lettre est entre vos mains, & vous pouvez la jetter au feu, sitôt qu'elle vous ennuiera : c'est le moyen de la raccourcir.",fr,3287,30.461914,-10.488737
LTR-025,"Je suis, Madame, avec le plus profond respect, &c.",fr,3288,38.1206,17.67164
LTR-026,ME voici dans un nouveau monde: tout ce que j'y vois me paroît un changement de scène.,fr,3289,9.777465,-5.234338
LTR-026,"Je vous écris avec satisfaction, parce que j'espere que vous trouverez dans mes Lettres le charme de la nouveauté, & que vous ne me reprocherez plus de ne vous mander rien d'extraordinaire.",fr,3290,19.55183,3.4803662
LTR-026,"Je ne vous ennuierai point du détail de notre voyage; je ne passerai cependant pas sous silence ce que j'ai vu à Sophia, l'une des plus belles Villes de l'Empire Turc : elle est fameuse par ses bains chauds : comme ils sont bons pour la santé, il y a toujours beaucoup de monde, & l'on s'y amuse assez.",fr,3291,-1.9983455,-31.149786
LTR-026,Je restai un jour à Sophia pour les voir.,fr,3292,-15.68202,45.377834
LTR-026,"Afin de n'être point connue, j'y allai dans un carrosse Turc.",fr,3293,6.7125034,40.91582
LTR-026,"Ces voitures sont tout-à-fait différentes des nôtres ; mais elles sont beaucoup plus commodes pour voyager ici ; car la chaleur y est si grande, que la réverbération des glaces seroit in-supportable.",fr,3294,-32.940853,-29.076712
LTR-026,"Les carrosses Turcs sont faits, à peu près, comme ceux de voiture en Allemagne : il y a des jalousies de bois peintes & dorées ; le dedans est aussi peint en corbeilles de fleurs entremêlées de petites devises en vers.",fr,3295,-60.61127,-14.985914
LTR-026,"Ils sont couverts de drap écarlate doublé de soie, & brodé fort richement ; il y a de belles franges autour.",fr,3296,-77.96221,-23.104765
LTR-026,Cette couverture cache ceux qui sont dedans ; mais il est facile de la relever quand on veut regarder au travers des jalousies.,fr,3297,-82.821465,23.38983
LTR-026,Quatre personnes peuvent être à l'aise dans ces carrosses ; ce sont des coussins qui servent de siéges.,fr,3298,-90.0416,6.4883127
LTR-026,J'arrivai au bain sur les dix heures ; il étoit déjà rempli de femmes.,fr,3299,-14.626094,38.17692
LTR-026,"C'est un bâtiment de pierre où il y a trois dômes de suite qui ne reçoivent le jour que par la couverture, ce qui les rend assez clairs.",fr,3300,-64.08819,-3.6152358
LTR-026,"Le premier qu'on trouve en entrant, est le plus petit ; c'est-là où se tient la Portiere : les femmes de qualité lui donnent ordinairement cinq, même dix schelins ; j'en fis autant.",fr,3301,-46.102158,22.30172
LTR-026,"La salle qui suit est pavée de marbre, & environnée de deux bancs aussi de marbre, l'un au-dessous de l'autre.",fr,3302,-69.56182,-8.061713
LTR-026,"Il y a deux fontaines d'eau froide, qui tombe d'abord dans des bassins de marbre, & coule ensuite sur le pavé, où se trouvent de petits canaux qui la portent dans la chambre voisine.",fr,3303,-68.92501,-2.0974772
LTR-026,"Elle est plus petite que celle-ci ; il y a pareillement des bancs de marbre : elle est si échauffée par les eaux sulfureuses qui y découlent des bains voisins, qu'il est impossible d'y rester avec des habits.",fr,3304,-69.71853,-2.6370885
LTR-026,"Dans les deux autres dômes, sont les bains chauds.",fr,3305,-70.69717,-1.0393718
LTR-026,"On y a mis des robinets d'eau froide, pour tempérer les eaux chaudes.",fr,3306,-70.19201,-0.8221994
LTR-026,"Comme j'avois pris mon habit de cheval, je paroissois fort extraordinaire aux Dames Turques ; cependant aucune ne me marqua la moindre surprise, même la moindre curiosité offensante ; toutes, au contraire, me comblerent de politesses.",fr,3307,1.0987613,17.385094
LTR-026,Je ne connois point de Cour en Europe où les Dames se fussent comportées d'une maniere aussi honnête envers une étrangere.,fr,3308,-16.34745,-6.992294
LTR-026,"Il y avoit environ deux cents femmes; cependant je ne vis aucun de ces sourires dédaigneux, de ces petits mots à l'oreille qui échappent toujours dans nos cercles, dès qu'il y paroît quelqu'un avec un habit étranger.",fr,3309,-21.805342,-4.8347836
LTR-026,"Elles me répéterent plusieurs fois ces mots, Uzelle, Pek, Uzelle, c'est-à-dire, charmante, très-charmante.....",fr,3310,-4.5378466,0.98199636
LTR-026,"Les premiers bancs étoient couverts de coussins & de riches tapis ; les Dames étoient assises dessus, & leurs Esclaves étoient sur les seconds, derriere elles : ce n'étoit pas l'habit qui les distinguoit, car elles étoient dans l'état de nature, c'est-à-dire toutes nues, sans cacher ni beauté ni défaut ; je n'apperçus cependant pas le moindre sourire, ni le moindre geste qui pût choquer la pudeur.",fr,3311,-72.73471,5.829316
LTR-026,"Quelques-unes se promenoient, mais avec cet air majestueux que Milton donne à notre premiere Mere.",fr,3312,-35.500866,-63.23687
LTR-026,"Plusieurs d'entr'elles étoient aussi bien prises dans leur taille, qu'aucun portrait de Déesse qui soit sorti du pinceau du Guide ou du Titien : presque toutes avoient la peau d'une blancheur à éblouir : de beaux che- veux partagés en plusieurs tresses parsemées de perles & de rubans, pendoient sur leurs épaules : elles représentoient parfaitement les Graces.",fr,3313,-64.06191,-25.652672
LTR-026,"Là, je me convainquis de la justesse d'une réflexion que j'ai souvent faite; c'est que, si c'étoit l'usage d'aller tout nud, on feroit à peine attention au visage.",fr,3314,8.212772,16.293018
LTR-026,"Moi-même, je regardois avec plus de plaisir les femmes les mieux faites & celles dont la peau étoit la plus délicate, que les autres qui avoient le visage plus beau.",fr,3315,-15.797336,-10.460871
LTR-026,"Je vous avoue que j'eus la méchanceté de souhaiter que M. Gervais pût être là invisiblement : il auroit trouvé de quoi se perfectionner dans son art, en voyant tant de belles femmes nues en différentes postures ; les unes faisant la conversation ; les autres occupées à l'ouvrage ; quelques-unes prenant du caffé ou du sorbet ; plusieurs négligemment couchées sur des cous- fins, pendant que leurs Esclaves, qui sont ordinairement de jolies filles de dix-sept ou dix-huit ans, s'occupoient à tresser leurs cheveux.",fr,3316,-17.204092,23.094923
LTR-026,Enfin le bain est le caffé des femmes de Turquie: on y raconte toutes les nouvelles de la Ville.,fr,3317,-32.206604,10.416142
LTR-026,"Elles prennent ce divertissement une fois la semaine, & y restent quatre ou cinq heures sans s'enrhumer, quoiqu'elles passent subitement du bain chaud dans la chambre froide; ce qui me surprit beaucoup.",fr,3318,-35.01524,12.412646
LTR-026,"Celle qui me parut la plus distinguée, m'engagea à me mettre à côté d'elle, & me fit beaucoup d'instances pour que je me déshabillasse & me misse au bain; elle voulut même m'aider à le faire.",fr,3319,-2.3760228,41.40137
LTR-026,"Je m'en défendis quelque tems; mais voyant que toutes les autres Dames se joignoient à elle, je fus obligée d'ouvrir mon habit de cheval, & de leur montrer mon corset: elles ne m'en demande- rent pas davantage, s'imaginant que ce corset étoit une machine dans laquelle mon mari m'avoit enfermée avec la clef, & qu'il m'étoit impossible de l'ouvrir.",fr,3320,-10.137832,19.45507
LTR-026,Je fus enchantée de leur politesse & de leur beauté.,fr,3321,-14.770791,-12.494277
LTR-026,"J'aurois bien voulu rester plus long-tems avec elles; mais Milord M*** avoit résolu de partir le lendemain de bon matin, & je voulois voir les ruines de l'Eglise de Justinien, dont le coup d'œil fut pour moi bien moins agréable que ce que je venois de quitter: cette Eglise n'étoit qu'un tas de pierres.",fr,3322,-10.030486,18.656023
LTR-026,"Adieu, Milady: je viens de vous entretenir d'un spectacle tel que vous n'en avez jamais vu, & dont aucun Journal de Voyageurs ne peut vous parler: tout homme qui seroit attrapé dans ces lieux, perdroit la vie sur le champ.",fr,3323,12.055289,-4.967112
LTR-026,LETTRE,fr,3324,42.280567,-56.406643
LTR-027,"JE suis exacte, comme vous voyez, à vous tenir ma parole.",fr,3325,35.340363,9.458931
LTR-027,"Je ne sais, cependant, si votre curiosité sera satisfaite de la relation que je vais vous faire : mais je puis vous assurer que l'envie que j'ai de vous obliger en tout ce qui dépendra de moi, m'a fait faire toutes les recherches & toutes les observations possibles.",fr,3326,17.1997,7.7299504
LTR-027,"Il est certain que nous n'avons qu'une connoissance imparfaite de la Religion & des Mœurs des Turcs ; leur pays n'étant visité que par des Négocians qui ne s'occupent que de leurs propres affaires, ou par des Voyageurs qui n'y font pas un assez long séjour pour en prendre une exacte & entiere connoissance.",fr,3327,-24.299152,4.58718
LTR-027,"Les Turcs, d'ailleurs, sont trop fiers pour converser avec les Marchands, qui ne peuvent, par conséquent, ramasser que quelques bruits populaires, & généralement faux : ils ne sont pas plus en ètat de rendre compte de ce qui se passe en Turquie, qu'un François réfugié, logé dans un grenier de la rue des Grecs à Londres, ne le seroit de dire ce qui se passe à la Cour d'Angleterre.",fr,3328,-25.76686,3.177996
LTR-027,"Le chemin que nous avons fait de Belgrade ici, est impraticable à toute personne qui n'est pas revétue d'un caractère public.",fr,3329,-11.31397,-34.492386
LTR-027,"Les déserts de la Servie sont tout couverts de bois, & remplis de voleurs attroupés par cinquantaines; de maniere que nos Gardes suffisoient à peine pour notre sûreté.",fr,3330,-55.029003,4.5915904
LTR-027,"Les Villages y sont si misérables, que la force seule y fait trouver le nécessaire.",fr,3331,-52.988667,5.027481
LTR-027,"Mais les Janissaires n'avoient aucun égard à la pauvreté du peuple : ils enlevoient tout ce qu'ils trouvoient, volailles, moutons ; & ceux à qui ils appartenoient, n'osoient encore les réclamer, de crainte d'être maltraités ; les agneaux à peine nés, les oies, les poules d'Inde sur leurs œufs, tout étoit enlevé & massacré, sans distinction.",fr,3332,-46.94111,14.574491
LTR-027,"La douleur que je voyois peinte sur le visage de ces Païsans, me rappelloit les complaintes de Mélibée au sujet de son troupeau.",fr,3333,6.279959,-42.18398
LTR-027,"Il se commet encore bien d'autres cruautés lorsque les Bassas voyagent : ces oppresseurs ne se contentent pas de manger tout ce qui leur convient chez les Païsans ; après s'être bien remplis, eux & leur nombreuse suite, ils ont l'impudence d'éxiger une contribution qu'ils appellent argent de dents, pour les dédommager du tort qu'ils ont fait à leurs dents en dévorant les provisions de ces pauvres malheureux.",fr,3334,-47.877525,16.158474
LTR-027,"Quelque surprenant que ce fait vous paroisse, il n'en est pas moins vrai : tel est le vice naturel d'un Gouvernement Militaire.",fr,3335,-17.300016,0.6715718
LTR-027,La Religion de Mahomet est cependant aussi contraire à cette cruauté que la nôtre.,fr,3336,24.16299,52.461346
LTR-027,"J'eus l'avantage de loger trois semaines à Belgrade chez un Effendi, c'est-à-dire un Savant.",fr,3337,-0.45183936,51.69195
LTR-027,"Ces hommes sont également habiles à posséder les Dignités de l'Eglise & les Charges de Judicature ; c'est la même science qui est nécessaire pour les deux états ; de maniere qu'un Jurisconsulte & un Prêtre signifient la même chose, & c'est le même mot dans la Langue Turque ; ce sont les seuls hommes importans dans cet Empire.",fr,3338,-30.046751,1.186756
LTR-027,Tous les emplois considérables & les biens de l'Eglise sont en leur possession.,fr,3339,-40.95673,8.437775
LTR-027,"Quoique le Grand-Seigneur soit l'héritier né de son peuple, il n'ose toucher ni aux revenus ni à l'argent d'un Effendi ; tout ce que celui-ci laisse en mourant, passe à ses enfans.",fr,3340,-41.54023,19.1215
LTR-027,"Il est vrai qu'il perd ce privilége lorsqu'il accepte une place à la Cour, ou le titre de Bassa ; mais il y a peu d'exemples d'une pareille imprudence parmi eux.",fr,3341,-28.30871,13.071706
LTR-027,"Vous pouvez juger quel peut être le pouvoir de ces hommes, qui se sont emparés de toutes les sciences & de tout le bien de l'Empire.",fr,3342,-16.109894,-1.7827234
LTR-027,"Ils sont les véritables auteurs des révolutions, & les soldats n'en font que les acteurs.",fr,3343,-55.526398,-45.066708
LTR-027,Il est important pour l'Empereur de les ménager : leur pouvoir est très-connu : ce furent eux qui déposerent le Sultan Mustapha.,fr,3344,-37.23003,55.67188
LTR-027,Voilà une longue digression.,fr,3345,12.607159,-62.877686
LTR-027,"Je voulois vous dire que les fréquentes & familieres conversations que j'ai eues avec Effendi Achmet-Beg m'ont donné, sur la Religion & les Moeurs des Turcs, une connois- sance beaucoup plus parfaite que celle qu'aucun Chrétien ait jamais euë.",fr,3346,-0.23656537,-9.393206
LTR-027,"Je lui fis connoître la différence qu'il y a entre la Religion Anglicanne, & celle de Rome.",fr,3347,-18.299927,-18.985626
LTR-027,"Il fut satisfait de voir qu'il y eût des Chrétiens qui n'adoroient ni les images, ni même la Vierge Marie : la transubstantiation lui parut quelque chose de bien fort.",fr,3348,-18.808123,-19.021276
LTR-027,"Quand je compare la Profession de Foi des Turcs avec la nôtre, je suis convaincue que si notre ami le Docteur *** avoit la liberté de prêcher ici, il n'auroit pas beaucoup de peine à faire embraſſer la Religion Chrétienne à la plûpart des Turcs : leurs notions sont peu différentes des siennes.",fr,3349,-0.9754665,-7.69603
LTR-027,"M. Whiston feroit un bon Apôtre ici : je suis persuadée que vous enflammerez son zèle si vous lui faites part de ma Lettre ; mais dites-lui qu'avant d'être utile dans ce pays, il faut qu'il commence par en apprendre la Langue.",fr,3350,27.159567,-16.711731
LTR-027,Le Mahométisme est divisé en autant de Sectes que le Christianisme.,fr,3351,24.24092,52.205273
LTR-027,Je ne puis m'empêcher de réfléchir ici sur le penchant naturel que les hommes ont pour le merveilleux & les nouveautés.,fr,3352,-6.943746,-1.5505433
LTR-027,"Les Zeidi, les Kudi, les Jobari, &c. me rappellent l'idée des Luthériens, des Calvinistes, des Trembleurs, &c.",fr,3353,-5.764897,-1.2045826
LTR-027,Le même zèle les anime les uns contre les autres.,fr,3354,-40.50344,-7.3161135
LTR-027,"La Religion dominante parmi les Effendis, & qu'ils tiennent secrette, c'est le pur Déisme.",fr,3355,-25.373423,-9.98752
LTR-027,"Loin de l'enseigner au peuple, ils l'amusent de différens principes, & toujours suivant leur intérêt personnel.",fr,3356,-27.1353,-2.9473052
LTR-027,"On en trouve peu parmi eux, & même aucun, selon Achmet-Beg, qui cherche à faire le bel-esprit en affichant l'incrédulité.",fr,3357,-21.784966,4.7638497
LTR-027,"Le Chevalier Paul Ricaut se trompe en ceci, comme en presque toute autre chose : il appelle Athées ceux de la secte de Mutherin, c'est-à-dire le secret avec nous.",fr,3358,-24.924057,7.315487
LTR-027,"Ce sont des Déistes, dont l'impiété consiste à regarder leur Prophete comme ridicule.",fr,3359,-70.56373,-39.166634
LTR-027,Achmet - Beg ne m'avoua pas qu'il fût de cette opinion ; mais il ne se faisoit aucun scrupule de s'écarter un peu de la Loi de Mahomet : il buvoit du vin aussi librement que nous.,fr,3360,20.738235,50.36339
LTR-027,"Un jour que je lui demandai pourquoi il prenoit cette liberté, il me répondit, que tout ce que Dieu avoit fait étoit destiné à l'usage de l'homme ; que la Loi qui défendoit le vin étoit cependant très-sage ; mais qu'elle n'étoit établie que pour le peuple, parmi lequel cette liqueur étoit une source de désordre.",fr,3361,-14.696795,16.061739
LTR-027,Il m'ajoûta que l'intention du Prophete n'avoit jamais été de gêner ceux qui savent en user avec modération.,fr,3362,20.563179,21.229422
LTR-027,"Je sais cependant, continua-t-il, qu'il faut éviter le scandale, & je n'en bois jamais en public.",fr,3363,12.919786,9.728817
LTR-027,Cette façon de penser est générale ici ; tous ceux qui ont le moyen d'acheter du vin en boivent.,fr,3364,-46.417377,-44.381447
LTR-027,"Il m'assura que, si j'entendois l'Arabe, je lirois l'Alcoran avec plaisir.",fr,3365,7.6397104,-14.471651
LTR-027,"Loin d'être un pur galimathias, comme nous le croyons, il contient une morale très-pure, exprimée d'une maniere très-élevée & très-correcte.",fr,3366,-11.050731,15.60341
LTR-027,Plusieurs Chrétiens sans partialité m'ont assuré depuis que cela étoit vrai.,fr,3367,6.4848933,-7.4520884
LTR-027,"Toutes les traductions que nous en avons sont, sans doute, des copies venues des Prêtres Grecs, qui ont eu la malice de falsifier l'original.",fr,3368,-9.388458,-32.475624
LTR-027,Je ne crois pas qu'il y ait d'hommes plus ignorans & plus corrompus qu'eux.,fr,3369,-11.161777,-5.547414
LTR-027,"Cependant je sais mauvais gré à votre Clergé de les avoir si mal traités, quand il en a eu occasion, seulement parce qu'ils ne regardent pas le Pape comme Chef universel de l'Eglise.",fr,3370,-0.34329876,9.58338
LTR-027,J'ai trouvé à Philippopolis une Secte de Chrétiens qui s'appellent Paulins : ils font voir une vieille Eglise où ils assûrent que S. Paul a prêché ; ils ont pour lui la même vénération qu'on a pour S.,fr,3371,-10.373303,-41.07938
LTR-027,"Pierre à Rome, & lui donnent la même préférence sur les autres Apôtres.",fr,3372,-11.011289,-42.257355
LTR-027,"Mais de toutes les Religions que j'ai vues, la plus singuliere, à mon avis, est celle des Arnounts.",fr,3373,-14.926811,-19.616253
LTR-027,"Ils font originaires d'Arnuntlich, qui est l'ancienne Macédoine : quoiqu'ils ayent perdu le nom de Macédoniens, ils en ont conservé le courage & la fermeté.",fr,3374,-14.984951,-20.627249
LTR-027,"Ce sont les meilleures troupes de l'Empire Turc, & les seules qui se fassent craindre des Janissaires.",fr,3375,-54.034534,54.704517
LTR-027,Ils font à pied : nous en avons eu une Garde qui a été relevée dans chaque Ville par où nous avons passé.,fr,3376,2.970984,59.99847
LTR-027,Ils s'habillent & s'arment à leurs dépens.,fr,3377,-60.81871,-30.31137
LTR-027,"Leur uniforme est de gros drap blanc, mais assez propre ; leurs fusils sont d'une longueur prodigieuse ; mais ils ne les empêchent pas de courir, même aussi rapidement que s'ils ne portoient rien du tout.",fr,3378,-74.97368,-28.237734
LTR-027,"Lorsqu'ils sont en marche, leur Commandant chante un air grossier, qui n'est cependant pas désagréable, & ils lui répondent en choeur.",fr,3379,-79.29446,11.410355
LTR-027,"Ce peuple étant parmi des Chrétiens & des Mahométans, & n'entendant point la controverse, dit qu'il ne peut juger laquelle des deux Religions est la meilleure ; & afin de ne pas se trouver dans le cas de rejetter la vérité, il les pratique toutes les deux.",fr,3380,-21.014112,8.887314
LTR-027,"Les Arnountes vont le Vendredi à la Mosquée, & le Dimanche à l'Eglise.",fr,3381,-49.87322,-22.244549
LTR-027,"Ils disent qu'ils sont certains, par-là, de la protection du vrai Prophete au jour du Jugement ; mais qu'ils ne peuvent décider dans ce monde lequel est le véritable.",fr,3382,-22.712067,9.527749
LTR-027,Je crois que c'est la seule nation qui soit si modeste sur sa propre capacité.,fr,3383,-13.725066,-3.670887
LTR-027,Telles sont les remarques que j'ai faites sur la diversité des Religions que j'ai vues.,fr,3384,-14.915883,-18.590696
LTR-027,Je ne vous fais point excuse de la liberté que j'ai prise de lâcher quelque chose contre le Catholicisme ; je sais que vous blâmez autant le fanatisme que vous révérez les vérités sacrées dont nous convenons vous & moi.,fr,3385,4.621425,1.3597716
LTR-027,"Vous espérez, sans doute, que je vais vous faire une description des Antiquités de ce Pays ; mais il y a très-peu de vestiges de l'ancienne Grèce.",fr,3386,12.4926405,-34.21004
LTR-027,Nous avons passé auprès des débris d'une arcade qu'on appelle communément la Porte de Trajan.,fr,3387,-67.31351,40.59494
LTR-027,Le vulgaire croit que cet Empereur la fit faire pour fermer le passage qui est au-dessus des montagnes entre Sophia & Philippopolis.,fr,3388,-68.466324,40.709637
LTR-027,"Pour moi je crois, quoiqu'il n'y ait aucune inscription, que c'étoit plutôt un arc de triomphe ; car quand même ce passage auroit été fermé, il s'en trouve plusieurs autres par où une armée pourroit facilement passer.",fr,3389,-7.496334,-34.773544
LTR-027,"Malgré ce que dit l'Histoire au sujet de Baudouin, Comte de Flandres, qui fut défait dans ces défilés, après avoir pris Constantinople, je ne crois pas que les Allemands s'y trouvasent arrêtés aujourd'hui.",fr,3390,-6.838893,-34.910374
LTR-027,"Il est vrai que les Turcs ont beaucoup travaillé à ce chemin, pour faciliter la marche de leurs troupes ; ils ont construit des ponts de bois très-larges & très-forts sur tous les fossés & les bourbiers qui se trouvent entre Belgrade & Philippopolis.",fr,3391,-56.451694,23.80329
LTR-027,Je remarquai que les précipices n'étoient pas si affreux qu'on me les avoit annoncés.,fr,3392,22.137098,-1.6912912
LTR-027,"Nous logeâmes dans le petit Village de Kiskoi qui est près de ces montagnes : il est habité par des Chrétiens, comme tous les autres Villages de Bulgarie : les maisons sont de petites cabanes bâties avec de la boue séchée au soleil.",fr,3393,-57.021053,33.33074
LTR-027,"Lorsque les habi- tans apprennent la marche de l'armée des Turcs, ils s'enfuient dans les montagnes, emmenent avec eux leurs troupeaux, & tout ce qu'ils possedent ; autrement ils seroient pillés & ruinés par les soldats.",fr,3394,-51.809116,60.55007
LTR-027,"Cette précaution leur assûre une espece d'abondance ; car ils possédent en commun une très-grande étendue de pays, & ont la liberté d'y semer ce qu'ils veulent ; ils sont en général bons Laboureurs.",fr,3395,-46.456547,9.015882
LTR-027,"J'ai bu chez eux différens vins, tous excellents.",fr,3396,-38.551918,-31.15403
LTR-027,Les femmes portent sur leurs habits quantité de petits grains de verre de différentes couleurs.,fr,3397,-67.06071,-26.241344
LTR-027,Elles ne sont pas laides ; mais elles ont le teint bazané.,fr,3398,-61.9687,-32.486084
LTR-027,"Voilà tout ce que j'ai recueilli dans mon voyage, qui me paroisse digne de votre attention ; peut-être encore ne la mérite-t-il pas.",fr,3399,15.65779,-16.54154
LTR-027,"Lorsque je serai à Constantinople, je tâchera de ramasser quelque chose de curieux, & vous recevrez encore des nouvel-es de Votre, &c.",fr,3400,15.856777,-25.324345
LTR-028,"JE ne vous ai point oubliée, & mon premier soin en arrivant ici a été de chercher les étoffes que vous m'aviez chargée de vous acheter ; mais je n'en ai point vu qui vous convinssent.",fr,3401,15.345164,-8.2653475
LTR-028,"La maniere de s'habiller ici est si différente de celle de Londres, qu'il est difficile d'y trouver des ajustemens qui puissent servir à une Angloise.",fr,3402,-30.783735,-7.1157126
LTR-028,"Je ne me lasserai cependant point de chercher ; & lorsque je serai à Constantinople, je ferai l'impossible pour avoir ce que vous demandez, quoique je n'espere pas mieux réussir qu'ici, où la Cour est actuellement.",fr,3403,13.980166,-25.24176
LTR-028,"La Fille aînée du Grand-Seigneur se maria quelques jours avant mon arrivée en cette Ville, & les Dames Turques étalerent à cette occasion toute leur magnificence.",fr,3404,-16.10303,52.85491
LTR-028,La nouvelle mariée fut conduite au Palais de son mari avec beaucoup de pompe.,fr,3405,-23.324537,48.88766
LTR-028,"Elle étoit veuve du feu Vizir, qui fut tué à Peter-Waradin : on pourroit plutôt appeller sa premiere alliance un contrat, qu'un mariage ; car elle n'a jamais habité avec le Vizir ; cependant elle a hérité de la plus grande partie de sa fortune.",fr,3406,-28.414284,38.436977
LTR-028,"Il avoit eu la permission de la voir dans le Serrail ; & comme c'étoit un des plus beaux hommes de l'Empire, la Princesse avoit conçu beaucoup d'amour pour lui.",fr,3407,-29.152925,40.509182
LTR-028,"En voyant le mari qu'elle a aujourd'hui, lequel est âgé de cinquante ans, elle ne put retenir ses larmes : c'est cependant un homme de mérite, & il est le favori de l'Empereur ; mais cela ne suffit pas pour le rendre aimable aux yeux d'une fille de treize ans.",fr,3408,-31.910845,39.50053
LTR-028,"Le Gouvernement Turc est entierement à la disposition de l'armée ; & le Grand-Seigneur, tout absolu qu'il paroît, n'est pas moins esclave que le dernier de ses Sujets : il tremble, s'il voit un Janissaire le regarder de mauvais œil.",fr,3409,-40.569843,47.16947
LTR-028,"Cependant il y a ici une plus grande apparence de subordination que parmi nous : on ne parle qu'à genoux à un Ministre d'Etat : s'il échappoit un mot dans un caffé contre sa conduite, comme il y a des espions par-tout, la maison seroit sur le champ rasée, & peut-être que tous ceux qui auroient été présents, seroient mis à la torture.",fr,3410,-24.08726,16.509706
LTR-028,"On n'entend point ici la populace faire des acclamations ; l'on n'y voit point de libelles diffamatoires ; l'on n'y dispute point sur les affaires d'Etat, comme à Londres; ce qui est une suite fâcheuse de notre liberté.",fr,3411,-22.697256,0.8161113
LTR-028,"Ce n'est point par des noms diffamans, qu'on se venge ici d'un Ministre: lorsqu'il a le malheur de déplaire au peuple, on l'arrache même d'entre les bras de son maître, on lui coupe les mains, les pieds & la tête, & on le jette devant la porte du Palais.",fr,3412,-37.003796,46.76053
LTR-028,"Pendant ce tems, le Sultan, pour lequel on paroît avoir la plus grande soumission, reste tout tremblant de peur dans son appartement, sans oser ni défendre ni venger son Favori.",fr,3413,-35.81557,47.951347
LTR-028,"Telle est l'heureuse condition du plus absolu Monarque de la terre, qui ne reconnoît d'autre loi que sa volonté.",fr,3414,-39.868958,44.309242
LTR-028,"Je voudrois que notre Parlement envoyât ici un vaisseau chargé de ces gens qui prêchent continuellement l'obéissance aveugle: ils verroient le Gouvernement arbitraire dans tout son jour, & je les défierois de décider lequel est le plus malheureux, du Prince, du peuple, ou du Ministre Ici une foule de réflexions se présentent à mon esprit : mais le vôtre, Madame, vous en dira toujours au-delà du mien.",fr,3415,-11.29465,13.165672
LTR-028,"Hier nous vîmes, l'Ambassadrice de France & moi, passer le Grand-Seigneur qui alloit à la Mosquée.",fr,3416,-12.132136,50.715557
LTR-028,"Il étoit précédé d'un nombre prodigieux de Janissaires, qui avoient de grands plumets blancs ; de Spahis & de Bostangis, qui font un corps considérable.",fr,3417,-75.23157,-2.3068871
LTR-028,"Leurs habits sont tous de différentes couleurs, toutes très-vives & très-belles, de sorte, qu'à une certaine distance, ils ressembloient à un parterre de tulippes.",fr,3418,-59.1153,-18.029352
LTR-028,"L'Aga des Janissaires suivoit : il avoit une robe de velours pourpre, doublée d'une étoffe en argent ; deux esclaves, richement vétus, condui- soient son cheval.",fr,3419,-82.18824,-9.152186
LTR-028,"Après lui venoit le Kisler-Aga, ou premier Garde des Dames du Serrail : son habit étoit d'un drap jaune foncé, doublé de martre, & qui étoit bien assorti avec son teint noir.",fr,3420,-83.36397,-9.874755
LTR-028,"Enfin, le Grand-Seigneur paroissoit : il avoit un habit verd, doublé d'une fourrure de renard noir de Moscovie, que l'on dit valoir mille livres sterling ; il étoit monté sur un beau cheval, dont les harnois étoient brodés en pierreries : on menoit après lui six autres chevaux très-richement en-harnachés.",fr,3421,-81.03554,-9.335991
LTR-028,"Un des premiers de la Cour portoit sa caffetiere d'or ; un autre, celle d'argent ; un troisieme portoit sur sa tête un tabouret d'ar-gent, en cas que le Prince voulût s'asseoir.",fr,3422,-84.60196,-5.1888022
LTR-028,"Je ne finirois pas si je vou-lois vous faire le détail des différens habits, & des différens turbans qui distinguoient les rangs ; mais il est certain qu'il y en avoit plusieurs milliers, tous très-riches ; enfin, cela faisoit un fort beau coup d'œil.",fr,3423,-20.14696,-27.517517
LTR-028,Le Sultan peut avoir environ 40 ans ; c'est un assez bel homme ; il a de grands yeux noirs à fleur de tête : sa contenance me parut cependant sévère.,fr,3424,-35.589146,39.678707
LTR-028,"Il s'arrêta sous notre fenêtre : on lui avoit, sans doute, dit que nous y étions ; car il nous regarda fort attentivement, & nous donna le tems de l'examiner.",fr,3425,-3.4521275,47.336277
LTR-028,L'Ambassadrice de France convint avec moi que c'étoit un bel homme.,fr,3426,-8.313998,50.306206
LTR-028,"Je la vois souvent ; elle est jeune, & sa société me plairoit beaucoup, si je pouvois l'engager à quitter tout ce cérémonial, qui rend la vie gênante & ennuyeuse.",fr,3427,-8.557271,27.367065
LTR-028,"Elle est si enthousiasmée de ses Gardes, de ses 24 Valets de pied, de ses Ecuyers, &c. que je crois qu'elle aimeroit mieux mourir que de me faire une visite sans tout cet attirail : elle n'oublie pas non plus son carrosse de Demoiselles de compagnie.",fr,3428,-14.377787,27.552254
LTR-028,"Cela ne me fâche, que parce que je suis obligée d'en faire autant lorsque je vais la voir : au reste, notre interêt respectif demande que nous soyons souvent ensemble.",fr,3429,7.3298197,19.460594
LTR-028,"Je fis l'autre jour le tour de la Ville avec elle, dans un chariot doré & découvert : toute notre suite étoit réunie, & nos Gardes nous précédoient.",fr,3430,-9.347432,47.120625
LTR-028,"Le peuple n'avoit jamais vu, & ne verra, peut-être, jamais deux jeunes Ambassadrices Chrétiennes ensemble.",fr,3431,-14.104353,-6.901162
LTR-028,Vous vous imaginez bien que nous rassemblâmes une grande foule de spectateurs : mais personne n'osa dire un seul mot.,fr,3432,6.872569,-45.90024
LTR-028,"Si l'on avoit crié, comme fait notre peuple dans les spectacles extraordinaires, nos Janissaires n'auroient pas manqué de sabrer tous ceux qu'ils auroient rencontrés, sans en craindre les suites, parce qu'ils sont au-dessus de la loi.",fr,3433,-29.776276,8.920052
LTR-028,"Ces gens-là, je veux dire les Janissaires, ont cependant quelques bonnes qualités : ils ont beaucoup de zèle & de fidélité pour ceux qu'ils servent, & ils se font un devoir de combattre pour eux dans toutes les occasions.",fr,3434,-47.046597,-48.070023
LTR-028,"J'eus un exemple bien singulier de ce zèle, dans un village en-deçà de Philippopolis, où nos Gardes domestiques vinrent au-devant de nous.",fr,3435,-16.21557,63.7622
LTR-028,"Je demandai des pigeons pour souper ; un de mes Janissaires alla sur le champ chez le Cadi, qui est le premier Officier civil du lieu, & lui ordonna de m'en envoyer quelques douzaines.",fr,3436,5.933884,59.749634
LTR-028,"Ce pauvre homme lui répondit qu'il en avoit déjà fait chercher, mais qu'on n'en pouvoit trouver.",fr,3437,17.596874,59.437428
LTR-028,"Mon Janissaire, dans un transport de zèle pour moi, l'enferma dans sa chambre, en lui disant que l'impudence avec laquelle il refusoit d'obéir à mes vo- lontés méritoit la mort ; mais que par respect pour moi , il ne le puniroit que par mon ordre.",fr,3438,1.4186714,32.98991
LTR-028,"En conséquence, il vint gravement me trouver , & me demander ce que je voulois qu'il lui fît ; il ajoûta même par politesse , que , si je voulois , il m'apporteroit sa tête.",fr,3439,-0.17031914,35.055565
LTR-028,Ceci peut vous donner une idée du pouvoir énorme qu'ont les Janissaires.,fr,3440,-16.140234,-2.2962801
LTR-028,"Ils font liés tous ensemble par serment, & sont obligés de venger les injures les uns des autres , soit au Caire , à Alep , enfin , dans toutes les parties du monde.",fr,3441,-38.269855,6.7868214
LTR-028,"Cette ligue les rend si puissans , que les plus Grands de la Cour n'osent leur parler que d'un ton d'amitié.",fr,3442,-9.923826,31.871244
LTR-028,"Tout homme riche en Asie s'enrôle dans les Janissaires , pour que son bien soit en sûreté.",fr,3443,-64.58337,48.443367
LTR-028,"Mais je crois que j'en ai dit assez ; & vous apprendrez , sans doute , avec plaisir , Madame , que vous ne pour- rez recevoir de mes nouvelles plus d'une fois en six mois.",fr,3444,23.993256,2.7340374
LTR-028,"C'est ce qui m'a engagée à être si prolixe ; c'est aussi ce qui vous engagera, je l'espere, à excuser votre, &c.",fr,3445,25.045555,10.907781
LTR-029,"J'Ai lieu de me plaindre de vous, ma chere Sœur : je ne manque jamais de vous faire part de tout ce qui paroît ici capable de vous amuser, & vous vous contentez de me dire & de me répéter que la Ville de Londres est bien triste.",fr,3446,13.834593,-1.6357251
LTR-029,"Il est possible qu'elle le soit pour vous, sur-tout quand il n'y arrive point d'évenement nouveau ; mais, pour moi, qui n'en ai reçu aucune nouvelle depuis deux mois, je trouverois très-nou- veau & très-agréable ce qui est fort vieux, même usé pour vous.",fr,3447,8.700216,-3.3505995
LTR-029,"Entrez, je vous prie, dans un plus grand détail, si vous voulez exciter ma reconnoissance.",fr,3448,31.490011,20.332119
LTR-029,"Je vous ferai un ample, mais véritable, recit des nouveautés d'Andrinople : aucune ne vous surprendroit plus que celle de me voir à present dans mon habit Turc ; je crois cependant que vous penseriez, comme moi, qu'il me siéd très-bien.",fr,3449,9.821654,-1.94585
LTR-029,"J'ai dessein de vous envoyer mon portrait ; en attendant, je vais vous faire la description de mon ajustement.",fr,3450,22.365038,-11.690437
LTR-029,"J'ai premierement un caleçon fort ample, qui descend jusques sur mes souliers, & qui me cache les jambes.",fr,3451,-82.2895,-27.929344
LTR-029,"Il est d'un damas fin, couleur de rose, à fleurs d'argent ; mes souliers sont de cabron blanc, brodé en or, Sur le caleçon pend une chemise de gaze de soie blanche, brodée tout au tour : elle a de larges manches, qui viennent à la moitié de mon bras : elle est attachée sur le col avec un bouton de diamant ; & elle laisse voir la forme & la couleur du sein.",fr,3452,-81.68479,-14.86002
LTR-029,"L'Antere est une veste qui prend la forme de la taille ; la mienne est de damas blanc à fleurs d'or : il y a de très-longues manches, au bout desquelles est une grande frange d'or; il devroit y avoir des boutons de diamant ou de perle : ces manches pendent par derriere.",fr,3453,-81.721214,-15.749764
LTR-029,"Mon caftan est de la même étoffe que mon caleçon : c'est une robe qui est juste à ma taille ; elle pend jusques sur mes pieds ; il y a aussi de longues manches pendantes & étroites : on met par-dessus une ceinture large, environ de quatre doigts.",fr,3454,-82.00453,-27.099693
LTR-029,"Les Dames qui sont riches, ont des ceintures couvertes de diamans ou d'autres pierres précieuses.",fr,3455,-80.394775,-18.943136
LTR-029,"Celles qui ne veulent pas en faire la dépense, en ont de satin brodé ; on ne peut se dispenser de l'attacher par-devant avec une agraffe de diamant.",fr,3456,-79.05282,-16.853058
LTR-029,"La Curdée est une robe de chambre que les Dames Turques mettent dans de certains tems, & qu'elles quittent dans d'autres : elle est d'un riche brocard, doublée d'hermine ou de martre ; les manches ne descendent guères plus bas que les épaules : la mienne est verte à fleurs d'or.",fr,3457,-81.18971,-16.173855
LTR-029,La coëffure est un bonnet appellé Talpock.,fr,3458,-72.76129,-23.599104
LTR-029,En hiver il est de velours brodé avec des perles ou des diamans ; en été il est d'une étoffe d'argent légere & très-brillante.,fr,3459,-72.8924,-22.323008
LTR-029,"Il est placé sur un côté de la tête & penche un peu : on y attache un gland d'or, soit avec une rose de diamans, soit avec un mouchoir richement brodé.",fr,3460,-78.20886,-17.64178
LTR-029,"De l'autre côté de la tête, les cheveux sont plaqués, & l'on y met la parure que l'on juge à propos ; soit des fleurs, soit un panache de plumes de Héron : la grande mode, cependant, est d'y mettre un gros bouquet de différentes pierreries.",fr,3461,-77.09185,-17.299614
LTR-029,"Les perles imitent les boutons de fleurs ; les rubis, de différentes couleurs, forment des roses ; les diamans représentent du jasmin ; les topases font les jonquilles : le tout est si artistement fait, qu'il est difficile d'imaginer rien de si beau dans ce genre.",fr,3462,-59.570293,-17.828981
LTR-029,"Les cheveux pendent par derriere dans toute leur longueur, & sont partagés en plusieurs tresses ornées de perles ou de rubans.",fr,3463,-75.78659,-20.06472
LTR-029,Je n'ai jamais vu de femmes qui aient de si beaux cheveux & en si grande quantité.,fr,3464,-14.672974,-8.719741
LTR-029,J'ai compté juſqu'à cent dix treſſes à une ſeule Dame ; & il n'y avoit point de cheveux poſtiches.,fr,3465,-15.796052,37.876705
LTR-029,"Les Beautés ſont bien plus communes en Turquie qu'en Angleterre, & elles ſont toutes variées : il eſt même rare d'y voir une jeune femme qui ne ſoit très-belle.",fr,3466,-31.190556,-12.341334
LTR-029,"Elles ont toutes de grands yeux noirs, & le plus beau teint du monde.",fr,3467,-63.694126,-32.16241
LTR-029,"Quoique la Cour d'Angleterre ſoit, à mon avis, celle de toute la Chrétienté, où l'on trouve le plus de belles femmes, il n'y en a pas, à beaucoup près, autant qu'ici.",fr,3468,-23.078144,-16.46701
LTR-029,"Les dernieres ſavent donner des graces à leurs ſourcils ; & elles mettent autour de leurs yeux une couleur noire, qui les rend très-brillantes à la lumiere, & à une certaine diſtance, le jour.",fr,3469,-66.73835,-32.113377
LTR-029,Les Grecques ont auſſi ce ſecret.,fr,3470,-36.38806,-1.2415589
LTR-029,"Je crois que pluſieurs de nos Dames ſeroient charmées de l'avoir : mais au jour , & de près, cette couleur noire est trop sensible.",fr,3471,-22.276962,-12.660847
LTR-029,"Les Dames Turques donnent à leurs ongles une couleur de rose ; mais cela ne m'a pas plu ; sans doute, parce que je n'y suis pas accoutumée.",fr,3472,-46.994183,-40.06379
LTR-029,"Pour ce qui regarde leurs moeurs ou leur conduite, je dirai avec Arlequin : c'est comme parmi nous.",fr,3473,-5.9976583,-8.585324
LTR-029,Les Dames Turques ne péchent pas moins que les Chrétiennes.,fr,3474,-31.05069,-10.366783
LTR-029,"A présent que je suis instruite de leur conduite, je ne puis m'empêcher d'admirer la discrétion ou la simplicité des Ecrivains qui en ont parlé.",fr,3475,-2.7807581,-6.167501
LTR-029,"Elles ont certainement plus de liberté que nous ; vous allez en voir la preuve : il n'est permis à aucune femme, de quelque condition qu'elle soit, d'aller dans les rues sans deux Murlins : l'un couvre tout le visage à la réserve des yeux; l'autre cache toute la coëffure, & pend par derriere jusqu'à la moitié du corps ; la taille est cachée sous un surtout qu'on appelle Ferigée, & aucune femme, de quelqu'état qu'elle soit, ne peut sortir sans l'avoir sur elle.",fr,3476,-71.2003,4.4874578
LTR-029,"Cette ferigée a des manches étroites, qui descendent jusqu'au bout des doigts ; elle enveloppe les femmes, à peu près comme les redingotes enveloppent les hommes : en hiver elle est de drap, en été d'une étoffe légere ou de soie.",fr,3477,-74.28457,-25.263504
LTR-029,"Elles sont tellement déguisées avec ces ajustemens, qu'il est impossible de distinguer la femme de qualité d'avec son esclave, & le mari le plus jaloux ne peut la reconnoître, lorsqu'il la rencontre : ajoûtez à cela qu'il n'y a pas d'homme assez hardi pour oser suivre ou toucher une femme dans les rues.",fr,3478,-30.025078,24.663912
LTR-029,"Cette mascarade perpétuelle leur donne une entiere liberté de se livrer à leurs passions, sans danger d'être découvertes.",fr,3479,-37.422436,14.023149
LTR-029,C'est dans la boutique des Juifs qu'elles donnent des rendez-vous à leurs amans.,fr,3480,-48.09366,-7.101887
LTR-029,"Les gens de cette Nation sont aussi commodes dans ce pays-là, que les Indiens chez nous.",fr,3481,-3.9381995,-18.113178
LTR-029,"Il y a beaucoup d'hommes qui, sans avoir besoin de leurs marchandises, vont en acheter exprès pour y trouver des femmes.",fr,3482,-27.062563,14.806756
LTR-029,"Celles qui sont de qualité se font rarement connoître à leurs amans, & il arrive souvent qu'un homme est en commerce de galanterie avec une femme plus de six mois de suite, sans savoir qui elle est.",fr,3483,-29.727196,23.514244
LTR-029,"Jugez combien il doit y en avoir qui sont infidelles à leurs maris, dans un pays où elles n'ont point à craindre l'indiscrétion de leurs amans, & où elles ne sont jamais menacées des peines de l'autre monde, puis- qu'il y en a tant parmi nous qui bravent le supplice qu'on leur dit être attaché à cette infidélité.",fr,3484,-22.2813,11.894088
LTR-029,"Les Dames Turques qui sont riches, ont peu à craindre de leurs maris ; ce sont elles qui touchent leurs revenus.",fr,3485,-32.76307,16.941563
LTR-029,"Enfin, je suis convaincue que les femmes seules sont libres en Turquie.",fr,3486,-31.53836,10.785183
LTR-029,"Le Divan même les respecte, & lorsqu'un Bassa est mis à mort, le Grand Seigneur ne viole jamais les priviléges du Haram, ou appartement des femmes : la veuve y reste en sûreté, sans que personne y fouille.",fr,3487,-36.333626,25.092043
LTR-029,"Les Dames sont souveraines de leurs esclaves, & les maris n'ont pas même la liberté de les regarder, à moins que ce ne soit quelque Vieille qui ne puisse causer de la jalousie à sa maitresse.",fr,3488,-34.89467,23.58379
LTR-029,"Il est vrai que la loi permet quatre femmes aux Turcs ; mais les hom- mes de qualité n'usent point de cette liberté; d'ailleurs, une femme ne le souffriroit pas.",fr,3489,-31.204412,13.405341
LTR-029,"S'il arrive qu'un mari soit infidele, ce qui n'a rien d'étonnant, il met sa maitresse dans une maison à l'écart, & va la voir le plus secrettement qu'il peut; c'est comme en Angleterre.",fr,3490,-32.32408,28.564255
LTR-029,"Parmi tous les Grands, je ne connois ici que le Tefterdar ou trésorier, qui entretienne plusieurs esclaves; elles habitent la partie de la maison où est son appartement; car lorsqu'une esclave a été donnée à une femme pour la servir, elle est entierement sous sa domination.",fr,3491,-37.94196,25.645552
LTR-029,"Le trésorier dont je viens de parler est regardé comme un libertin, & généralement méprisé.",fr,3492,-12.746663,-5.4242644
LTR-029,Sa femme reste toujours dans sa maison; mais elle ne veut pas le voir.,fr,3493,-33.13333,33.10653
LTR-029,"Vous voyez, ma chere Sœur, que les mœurs des hommes ne sont pas si différentes entr'elles, que nos faiseurs de voyages voudroient nous le persuader : je vous aurois, peut-être, plus amusée, si je vous avois fait une fiction surprenante ; mais je crois que rien n'est plus agréable que la vérité, & en même tems plus digne de vous : c'est dans cette idée que je vous en présente encore une, qui est que je suis, ma chere Sœur, &c.",fr,3494,8.793247,-0.772576
LTR-030,"VOus esperez, sans doute, trouver quelque chose de fort curieux dans une Lettre, écrite par une personne qui est dans un pays où aucun Chrétien n'a osé aller depuis plusieurs siecles.",fr,3495,11.923778,-6.892129
LTR-030,Il ne m'est point arrivé d'accident : ma voiture a seulement pensé verser dans l'He-bre.,fr,3496,12.301701,23.900333
LTR-030,"Je vous assûre que si j'étois beaucoup attachée à la gloire de mon nom après ma mort, je serois fâchée de n'avoir pas nagé le long de ce même fleuve, où la tête harmonieuse d'Orphée répéta ces Vers, il y a tant de siecles : Caput, à cervice revulsum, Gurgite cum medio portans Œagrius Hebrus Volverat, Euridicen vox ipsa, & frigida lingua Ah !",fr,3497,4.007054,14.912943
LTR-030,miseram Euridicen !,fr,3498,47.92315,-4.891092
LTR-030,"animâ fugiente, vocabat : Euridicen toto referebant flumine ripæ .",fr,3499,23.71202,59.905334
LTR-030,"Quelqu'un de nos beaux esprits d'Angleterre n'auroit pas manqué de faire un Elégie sur ma mort, & de dire à l'univers que notre sort étant le même, nos ames se sont réunies : mais je ne dois pas m'attendre qu'on mette sur ma tombe les belles choses qu'un accident si extraordinaire m'auroit attirées.",fr,3500,2.7088017,14.009715
LTR-030,"Je suis, au moment où je vous écris, dans une maison située sur l'Hebre ; il coule sur les fenêtres de ma chambre.",fr,3501,-19.770992,61.692913
LTR-030,"Mon jardin est rempli de Cyprès fort hauts, sur lesquels il y a une infinité de tourterelles qui se disent mille douceurs, depuis le matin jusqu'au soir.",fr,3502,-55.97388,-7.067605
LTR-030,"Mon esprit, dans cet instant, est tout rempli de leurs caresses, & vous conviendrez, à ma louange, que je suis bien discrette de résister à l'envie que j'ai de faire des Vers; sur-tout, ayant sous les yeux une vraie pastorale.",fr,3503,11.101869,13.611696
LTR-030,L'été est déjà fort avancé dans cette partie du monde.,fr,3504,-32.67163,-25.5969
LTR-030,"Tout le territoire d'Andrinople est rempli de jardins ; les bords des rivieres sont plantés d'arbres fruitiers, sous lesquels les gens de marque vont s'amuser tous les soirs.",fr,3505,-55.781254,-5.185895
LTR-030,"La promenade n'est point une récréation pour eux : ils forment des cercles sur la verdure, dans les endroits les plus exposés à l'ombre : y étendent un tapis, se mettent dessus, & prennent le caffé, pendant qu'un de leurs esclaves joue de quelqu'instrument.",fr,3506,-70.2862,12.118466
LTR-030,"De distance en distance on voit de ces petites compagnies, toutes attentives au murmure des eaux.",fr,3507,-60.02458,7.5399404
LTR-030,Ce goût est si général en Turquie qu'il a passé jusqu'aux Jardiniers.,fr,3508,-45.774223,6.7722464
LTR-030,"J'en ai souvent vu qui étoient assis sur le bord de la riviere avec leurs enfans, & jouoient d'un instrument champêtre, qui ressemble beaucoup à la description qu'on nous donne des anciens chalumeaux.",fr,3509,-73.40954,13.443344
LTR-030,"Il est composé de plusieurs roseaux inégaux, qui rendent un son simple, mais doux & agréable.",fr,3510,-68.46002,0.436606
LTR-030,M. Addison pourroit faire ici l'expérience dont il parle dans ses voyages : le peuple y fait usage de tous les instrumens qu'on voit aux antiques Grecques & Romaines.,fr,3511,-2.9966025,-51.895725
LTR-030,"Les jeunes bergers s'amusent à faire des guirlandes de fleurs pour leurs agneaux favoris : j'ai souvent vu de ces animaux peints & ornés de différentes manieres ; ils étoient couchés aux pieds des bergers, qui s'amusoient à jouer ou à chanter.",fr,3512,-73.048515,12.393427
LTR-030,"Ces gens ne lisent jamais de Romans : ils ont cependant conservé les anciens amusemens du pays, & ils leur font aussi naturels que le jeu du bâton ou celui du ballon à nos paysans Anglois.",fr,3513,-26.659489,-0.32838613
LTR-030,La chaleur du climat rend ceux de ce pays-ci mous au point qu'ils ne font aucun exercice violent ; ils n'en connoissent pas : cette mollesse leur donne même de l'aversion pour le travail : elle est d'ailleurs entretenue par la grande fertilité du terrein.,fr,3514,-30.81231,-29.048468
LTR-030,"Les jardiniers sont les seuls paysans heureux en Turquie ; comme ils fournissent des fruits & des légumes à toute la Ville, ils font fort à leur aise.",fr,3515,-46.860138,5.9388576
LTR-030,La plupart font Grecs.,fr,3516,-37.035866,-1.6916118
LTR-030,"Ils ont de petites maisons au milieu de leurs jardins, où leurs femmes & leurs filles ont la liberté d'aller sans voile ; ce qui n'est pas permis dans la Ville.",fr,3517,-50.21707,11.388794
LTR-030,"Ces filles font fort belles, & assez proprement mises : elles passent leur tems à faire de la toile à l'ombre des arbres.",fr,3518,-63.117104,-29.146267
LTR-030,Je ne regarde plus Théocrite com- me un Ecrivain romanesque : il a donné une idée véritable des mœurs des paysans du pays.,fr,3519,19.69304,-34.92113
LTR-030,"Avant que l'oppression les eût réduits à la misere, ils avoient tous, en général, la même façon de vivre, que les principaux d'entr'eux ont aujourd'hui.",fr,3520,-33.01535,-2.1619408
LTR-030,"S'il eût été Anglois, ses Idylles annonceroient, sans doute, la maniere de battre le bled, & de faire le beurre.",fr,3521,-19.903294,-36.956043
LTR-030,"Dans ce pays, on ne bat point le bled, il est foulé aux pieds des bœufs : & le beurre, ce qui ne m'amuse pas trop, y est inconnu.",fr,3522,-14.920336,5.127475
LTR-030,Je lis ici votre Homere avec un plaisir infini : je suis dans le cas d'entendre clairement plusieurs petits passages dont je ne sentois pas toute la beauté.,fr,3523,8.951957,-10.17265
LTR-030,"On a conservé plusieurs Coutumes qui étoient établies de son tems; une grande partie même des habits dont on se servoit alors, sont encore en usage.",fr,3524,-45.843796,-30.619871
LTR-030,"Il n'est pas étonnant qu'on trouve plutôt ici, que dans tout autre pays, des restes d'un siécle si éloigné.",fr,3525,-27.936905,-11.255709
LTR-030,"Les Turcs ne prennent pas la peine de communiquer leurs modes, comme font les autres Nations, qui s'imaginent être plus polies.",fr,3526,-28.691736,-10.463281
LTR-030,"Je vous ennuierois, si je vous rapportois tous les passages d'Homere qui ont rapport aux Coutumes modernes.",fr,3527,19.042202,-27.15538
LTR-030,"Je puis vous assûrer, en général, que les femmes du premier rang passent leur tems à broder, sur un métier, des voiles & des robes; & elles sont toujours entourées de leurs servantes, dont le nombre est considérable; comme ce Poëte nous dépeint Andromaque & Hélene.",fr,3528,-39.740456,15.837021
LTR-030,"La description du ceinturon de Ménélas présente à l'esprit celui que portent aujourd'hui les Grands: ils sont richement brodés tout autour, & attachés par-devant avec de riches agraffes d'or.",fr,3529,-87.21304,-15.763046
LTR-030,Le voile blanc qu'Hélene jette sur son visage est encore à la mode.,fr,3530,-67.35294,-42.70813
LTR-030,"Quand je vois plusieurs vieux Bassas, à barbe véné- rable, se chauffer au soleil, je me rappelle le bon Roi Priam & ses Conseillers.",fr,3531,-66.32363,-43.03069
LTR-030,"Les tableaux où Diane est représentée dansant sur les bords de l'Eurotas, donnent une juste idée des danses qui sont en usage ici.",fr,3532,-46.65384,-56.36897
LTR-030,"La Dame la plus distinguée commence la danse ; elle est suivie d'une troupe de jeunes filles qui imitent exactement ses pas, & qui répondent en Chœur, lorsqu'elle chante.",fr,3533,-82.41671,12.975189
LTR-030,Leur chant est très-gai & très-vif : les pas sont variés au gré de celle qui mene la danse ; mais ils sont toujours en mesure ; enfin je trouve leurs danses beaucoup plus agréables qu'aucune des nôtres.,fr,3534,-37.543404,-35.614056
LTR-030,Je me mets quelquefois de la partie ; mais je ne suis pas assez habile pour mener les danses: je ne vous parle que de celles qui sont en usage parmi les Dames Grecques; celles des Turques sont bien différentes.,fr,3535,-15.70756,-25.693735
LTR-030,"J'aurois dû vous dire d'abord que les mœurs & le langage des Orien- taux peuvent servir a entendre bien des passages de l'Ecriture, qui paroissent obscurs.",fr,3536,5.6991053,-15.849112
LTR-030,"Le Turc vulgaire est très-différent de celui de la Cour, ou des personnes de marque : il est toujours rempli d'Arabe & de Persan ; & il seroit aussi ridicule de s'en servir en parlant à un Grand, que de faire usage de l'Idiome des Provinces d'York ou de Sommerset dans l'antichambre du Roi d'Angleterre.",fr,3537,-27.886183,2.1504653
LTR-030,Il y a encore un troisieme langage qu'on appelle sublime ; c'est-à-dire propre pour la Poësie.,fr,3538,-42.534817,-61.381382
LTR-030,C'est exactement le même que celui de l'Ecriture.,fr,3539,-30.015009,0.5228743
LTR-030,"Vous ne serez sans doute pas fâché d'en voir un exemple ; & j'ai cru vous faire plaisir en vous envoyant une traduction fidelle des Vers qu'Ibrahim Bassa, Favori actuel de l'Empereur, a faits en l'honneur de la jeune Princesse sa femme, qu'il ne lui est pas encore permis de voir sans témoins, quoiqu'elle soit chez lui.",fr,3540,7.2100277,36.82625
LTR-030,"Il a de l'esprit & est fort savant : quand même il seroit mauvais Poëte, il ne manqueroit pas de se faire aider dans cette occasion par les meilleurs de l'Empire.",fr,3541,-23.744986,43.61337
LTR-030,"Ainsi, l'on peut regarder ces Vers comme un exemple de la plus belle Poësie Turque ; & je ne doute pas que vous ne trouviez des rapports entre cette piece, & le Cantique de Salomon, qui fut aussi adressé à une Princesse nouvellement mariée.",fr,3542,-17.007963,11.503233
LTR-030,"Vers Turcs adressés à la Sultane, fille aînée du Sultan Achmet III.",fr,3543,-48.845737,58.10909
LTR-030,STANCE I.,fr,3544,47.113697,-51.313763
LTR-030,1.,fr,3545,55.341434,-46.50265
LTR-030,Le Rossignol voltige maintenant dans les vignes ; Sa passion est de chercher les roses.,fr,3546,-12.666012,-64.2542
LTR-030,2.,fr,3547,51.995705,-47.387447
LTR-030,J'ai été admirer la beauté des vignes : La douceur de vos charmes a ravi mon cœur.,fr,3548,36.921497,-8.63668
LTR-030,3.,fr,3549,56.388496,-50.07745
LTR-030,Vos yeux sont noirs & aimables ; Mais aussi vifs & dédaigneux que ceux d'un Cerf.,fr,3550,-4.337437,-63.074585
LTR-030,S T A N C E II.,fr,3551,46.03639,-48.634556
LTR-030,1.,fr,3552,55.1082,-46.46257
LTR-030,La possession désirée est différée de jour en jour ; Le cruel Sultan Achmet me défend De voir ces joues plus vermeilles que les roses.,fr,3553,-9.742793,-65.97606
LTR-030,2.,fr,3554,51.996014,-47.38662
LTR-030,Je n'ose vous dérober un baiser : La douceur de vos charmes a ravi mon ame.,fr,3555,37.830704,-9.360175
LTR-030,3.,fr,3556,56.388496,-50.077454
LTR-030,Vos yeux sont noirs & aimables ; Mais aussi vifs & aussi dédaigneux que ceux d'un Cerf.,fr,3557,-4.343512,-63.06977
LTR-030,S T A N C E III.,fr,3558,46.104267,-48.52579
LTR-030,1.,fr,3559,55.1082,-46.46257
LTR-030,Ces Vers sont les interpretes des soupirs du malheureux Ibrahim.,fr,3560,28.062454,-37.590694
LTR-030,Un dard sorti de vos yeux m'a percé l'ame.,fr,3561,39.365696,-6.806599
LTR-030,2.,fr,3562,51.996017,-47.386623
LTR-030,Ah !,fr,3563,48.86765,3.6650326
LTR-030,quand arrivera l'heure où je pourrai vous posséder ?,fr,3564,41.864418,8.569153
LTR-030,Dois-je attendre encore long-tems ?,fr,3565,39.185783,7.06931
LTR-030,La douceur de vos charmes a ravi mon ame.,fr,3566,38.31532,-8.226746
LTR-030,3.,fr,3567,56.388496,-50.077454
LTR-030,Ah !,fr,3568,48.86765,3.6650326
LTR-030,Sultane !,fr,3569,50.53443,0.5883953
LTR-030,yeux de Cerf !,fr,3570,45.908398,1.4530231
LTR-030,Ange parmi les Anges !,fr,3571,50.374535,-3.0467954
LTR-030,"Je desire , & ce desir n'est point rempli.",fr,3572,37.622845,-13.086068
LTR-030,Goûtez-vous du plaisir à me déchirer le cœur ?,fr,3573,38.589485,3.4548092
LTR-030,STANCE IV.,fr,3574,47.734684,-52.465675
LTR-030,1.,fr,3575,55.1082,-46.46257
LTR-030,Mes cris s'élevent jusqu'aux Cieux.,fr,3576,43.961143,-3.4333522
LTR-030,Le sommeil ne peut plus fermer mes yeux.,fr,3577,43.364243,0.7327944
LTR-030,"Tourne-toi vers moi, ma Sultane, afin que je contemple ta beauté.",fr,3578,31.43508,21.619589
LTR-030,2.,fr,3579,51.996014,-47.38662
LTR-030,"Adieu, je descends au tombeau.",fr,3580,40.63591,26.919403
LTR-030,"Si vous m'appellez, je reviens.",fr,3581,36.880894,28.28339
LTR-030,Mon cœur est aussi inflammable que le soufre: un seul de vos regards l'em- brafera.,fr,3582,40.0585,-6.0090694
LTR-030,3.,fr,3583,56.388496,-50.07745
LTR-030,Couronne de ma vie !,fr,3584,47.350677,-1.9370905
LTR-030,Brillante lumiere de mes yeux !,fr,3585,44.91718,-0.2756546
LTR-030,Ma Sultane !,fr,3586,50.383415,0.5281206
LTR-030,ma Princesse !,fr,3587,48.5604,-0.11771475
LTR-030,Je frotte la terre avec ma face.,fr,3588,41.08804,-2.8068063
LTR-030,Je me noye dans l'amertume de mes lar- mes : mes sens s'égarent.,fr,3589,42.54916,-5.468632
LTR-030,Ne prendrez-vous point pitié de moi ?,fr,3590,40.063572,3.3082583
LTR-030,N'obtiendrai-je pas même un regard de vous ?,fr,3591,40.421528,2.6839771
LTR-030,J'ai eu beaucoup de peine à trouver quelqu'un qui me fît la traduction littérale de ces Vers.,fr,3592,4.7841067,-12.297613
LTR-030,"Si vous connoissiez mon interprete, il seroit inutile de vous avertir que cette pièce pièce n'a reçu de sa part aucun embellissement.",fr,3593,18.563997,-23.738728
LTR-030,"Il me semble qu'en excusant les fautes inévitables dans une traduction en prose, & dans un langage si différent, on trouvera de grandes beautés dans ces Vers.",fr,3594,3.4526348,-12.579124
LTR-030,"Quoique cette expression, yeux de Cerf, soit basse dans notre Langue, elle me plaît beaucoup, & je la regarde comme une vive image du feu & de l'indifférence qui sont en même tems dans les yeux de sa Maitresse.",fr,3595,-5.0553446,-11.586528
LTR-030,"Monsieur Boileau a très-judicieusement observé qu'il ne falloit jamais juger de la noblesse d'une expression employée dans un ancien Auteur, par celle qui la rend dans notre Langue, puisqu'elle peut être très-élevée chez lui, & devenir très-basse chez nous.",fr,3596,-10.034412,11.342876
LTR-030,"Vous counoissez si bien Homere, qu'il n'est pas possible que vous n'ayez fait cette remarque à son sujet : on ne doit pas manquer de le faire, à l'égard de la Poésie Orientale.",fr,3597,20.89112,-28.263924
LTR-030,"Les répétitions que vous trouverez à la fin des deux premieres Stances, doivent faire une espece de chorus conforme à la maniere des Anciens.",fr,3598,-48.01344,-60.63918
LTR-030,"Le chant change, sans doute, à la troisieme Stance ; le refrein n'est plus le même.",fr,3599,0.54949105,-16.546375
LTR-030,"Je trouve qu'il y a beaucoup d'art dans la fin : le Poëte montre plus de passion que dans tout le reste ; parce qu'il est naturel qu'il s'échauffe dans son discours, sur-tout pour un sujet qui le touche de si près.",fr,3600,0.6747531,-15.879663
LTR-030,"Cette maniere est certainement beaucoup plus intéressante, que celle qui s'est introduite depuis peu chez nous, qui est de terminer une chanson d'amour par un tour tout-à-fait opposé.",fr,3601,-2.1302865,-17.882267
LTR-030,Le premier Vers de la chanson d'Ibrahim est une image de la saison actuelle de l'année.,fr,3602,28.146711,-37.676174
LTR-030,"Toute la campagne est à présent remplie de rossignols ; leurs amours avec les roses est une Fable Arabe, aussi connue ici, qu'Ovide parmi nous.",fr,3603,-11.492848,-59.266182
LTR-030,"C'est la même chose que si nous commencions une chanson par ces mots : Maintenant Philomele chante, &c.",fr,3604,-12.599356,-58.965797
LTR-030,On a cru qu'il étoit inutile de donner ici la traduction des Vers Anglois qui sont dans l'original : c'est une répétition des Vers Turcs.,fr,3605,-8.7797575,-32.249134
LTR-030,"Milady elle-même n'ose assurer qu'elle ait bien réussi, parce que, dit-elle, la Langue Angloise n'est pas propre à exprimer une passion dont ceux qui la parlent sont peu susceptibles : d'ailleurs, ajoûte-t-elle, elle n'est pas riche en mots composés, qui sont très-communs & très-expressifs dans la Langue Turque.",fr,3606,-0.22695711,-4.70397
LTR-030,"Vous voyez, continue-t-elle en finissant ses Vers, que je suis assez avancée dans la Littérature Orien- tale.",fr,3607,8.947212,-15.309242
LTR-030,"Pour dire la vérité, j'étudie beaucoup, & l'unique avantage que je desire retirer de mon travail, est de satisfaire votre curiosité : c'est ce que vous assûre votre, &c.",fr,3608,24.550098,12.459094
LTR-031,"IL me ſemble, ma chere S.",fr,3609,38.412838,21.373007
LTR-031,"C. que je devrois vous quereller de n'avoir répondu qu'en Décembre à une Lettre du mois d'Août, plutôt que m'excuſer moi-même d'avoir tardé juſqu'à préſent à vous en écrire une ſeconde.",fr,3610,20.25942,-0.7906109
LTR-031,"Les fatigues que j'ai eſſuyées pendant un long voyage par terre, ſont plus que ſuffiſantes pour autoriſer mon ſilence, quoique la fin de ce voyage ne ſoit pas auſſi déſagréable que vous vous l'étiez imaginé.",fr,3611,10.662049,9.205642
LTR-031,"Je goûte ici beaucoup de tranquillité, & ſuis moins iſolée que vous ne penſez.",fr,3612,33.855804,-18.050941
LTR-031,"Le grand nombre de Grecques, de Françoiſes, d'Angloiſes & d'Italiennes qui ſont ſous notre protec- tion; me font leur cour du matin au soir ; & je puis vous assurer qu'il s'en trouve dans le nombre de très-belles.",fr,3613,-30.191158,6.112205
LTR-031,"Les Chrétiens qui ne sont pas sous la protection de quelqu'Ambassadeur, font toujours fort exposés ; & plus ils sont riches, plus le danger est grand pour eux.",fr,3614,-41.246906,13.941208
LTR-031,Tout ce qu'on raconte des terribles effets de la peste chez les Turcs est une fable.,fr,3615,5.8417683,-24.517279
LTR-031,J'avoue cependant que mon oreille ne s'accoutume pas facilement à entendre prononcer un mot qui m'a causé les idées les plus effrayantes ; & je suis convaincue que cette prétendue peste n'est qu'une fiévre.,fr,3616,8.627365,9.679804
LTR-031,"Nous avons passé par deux ou trois Villes qui en étoient infectées ; & dans une, il en mourut deux personnes près de la maison où nous couchâmes ; heureusement qu'on eut l'attention de me le cacher.",fr,3617,10.526556,58.24451
LTR-031,"Notre Aide de cuisine en fut attaqué, & l'on me fit accroire qu'il avoit seulement un gros rhume.",fr,3618,1.9368416,46.469612
LTR-031,"Cependant nous laissâmes notre Médecin pour en avoir soin : le malade & le Médecin arriverent hier en très-bonne santé, & je suis instruite à présent que le premier avoit eu la peste.",fr,3619,3.5248466,47.22599
LTR-031,"L'air n'en est jamais infecté, & beaucoup de personnes en réchappent.",fr,3620,1.0191536,-50.307228
LTR-031,"Je suis persuadée qu'il seroit aussi facile de la déraciner de ce pays, que de l'Italie & de la France : mais elle est si peu dangereuse, qu'on n'y fait pas même attention ; & maladie pour maladie, l'on préfere celle-ci à quantité d'autres auxquelles nous sommes sujets dans nos climats, & qui sont inconnues en Turquie.",fr,3621,1.4054649,-2.543446
LTR-031,"A propos de maladie, je vais vous apprendre une chose qui vous fera desirer d'être ici.",fr,3622,26.56436,-19.848322
LTR-031,"La petite vérole, si générale & si cruelle parmi nous, n'est qu'une bagatelle dans ce pays, par le moyen de l'inoculation qu'on a découverte : (c'est le terme dont on se sert :) il y a une troupe de vieilles femmes dont l'unique métier est de faire cette opération.",fr,3623,3.384225,72.532906
LTR-031,"Le tems qui lui est le plus propre est au commencement de l'automne, lorsque le grand chaud est passé.",fr,3624,-55.385906,-31.352919
LTR-031,"Les Chefs de maisons s'envoient demander les uns aux autres s'il y a quelqu'un dans leur famille qui veut avoir la petite vérole : on s'assemble plusieurs, & , lorsque le nombre se monte à 15 ou 16 , on fait venir une de ces vieilles femmes, qui apporte de la matiere de petite vérole de la meilleure espece, plein une coquille de noix.",fr,3625,-46.107933,24.327045
LTR-031,"Elle demande quelle veine on veut se faire ouvrir ; &, d'après la réponse, elle en ouvre une avec une grande aiguille qui ne fait pas plus de mal qu'une égratignure, & y introduit autant de matiere qu'elle en peut prendre avec la tête de son aiguille : elle lie ensuite la plaie, en y appliquant un petit morceau de coquille : elle fait la même opération à quatre ou cinq autres veines.",fr,3626,-77.39273,4.60015
LTR-031,"Les Grecs ont ordinairement la superstition d'en ouvrir une au milieu du front, une à chaque bras, & une sur la poitrine, pour imiter le signe de la croix : mais cette pratique a un très-mauvais effet, parce qu'il reste des cicatrices à toutes ces petites plaies.",fr,3627,-58.081852,14.494438
LTR-031,"On ne se fait ordinairement ouvrir les veines, pour cette opération, qu'à des parties du corps qui sont cachées, comme aux jambes ou aux bras.",fr,3628,-78.518585,-27.578611
LTR-031,"Les enfans à qui on a fait l'inoculation jouent & se portent bien pendant huit jours, au bout desquels la fiévre les prend ; ils gardent alors le lit deux jours, rarement trois : ils n'ont ordinairement que vingt ou trente grains au visage, qui ne marquent jamais.",fr,3629,-50.352303,28.61287
LTR-031,"Enfin, au bout de huit jours, ils se portent aussi bien que s'ils n'avoient pas été malades.",fr,3630,-50.92289,28.173567
LTR-031,"Les plaies qu'on leur a faites jettent beaucoup pendant leur maladie; ce qui attire, sans doute, le venin de la petite vérole, & l'empêche de se répandre ailleurs avec violence.",fr,3631,-25.60978,-61.87658
LTR-031,"On fait tous les ans cette opération à des milliers d'enfans, & l'Ambassadeur de France dit qu'on prend ici la petite vérole par amusement, comme ailleurs les Eaux.",fr,3632,-75.836945,38.852318
LTR-031,"On n'a vu mourir ici personne de l'inoculation; & je suis si convaincue de la bonté de cette opération, que j'ai résolu de la faire faire à mon cher petit enfant.",fr,3633,16.524698,-41.182934
LTR-031,"J'aime assez ma patrie pour tâcher d'y introduire cet usage, & je ne manquerois pas d'écrire exprès à nos Médecins, si je les croyois assez zélés pour sacrifier leur intérêt parti- culier au bien du genre humain, & pour perdre une partie si considérable de leur revenu : mais je craindrois, au contraire, de m'exposer à tout leur ressentiment, qui est dangereux, si j'entreprenois de leur faire un tort si considérable.",fr,3634,1.7343014,9.657005
LTR-031,Peut-être qu'à mon retour en Angleterre j'aurai assez de courage pour leur déclarer la guerre.,fr,3635,26.519299,-13.783992
LTR-031,"Admirez le zèle héroïque de votre amie, &c.",fr,3636,37.439266,14.271831
LTR-032,"JE puis maintenant vous annoncer, ma chere T., que je suis à la fin d'un long voyage : je ne vous serai point le récit ennuyeux des fatigues que j'ai essuyées ; le détail des choses extraordinaires que l'on voit ici vous plaira, sans doute, davantage: vous seriez aussi étonnée de recevoir de Turquie une Lettre qui ne contiendroit rien de curieux, que les personnes qui viendront me voir, lorsque je ferai de retour à Londres, le seroient, si je n'avois aucune rareté à leur montrer.",fr,3637,11.701043,-1.9224359
LTR-032,De quoi vous parlerai-je?,fr,3638,41.79765,6.1049633
LTR-032,"Vous n'avez jamais vu de chameaux; je vous ennuierois, peut-être, en vous en faisant la description.",fr,3639,7.5135045,-35.792572
LTR-032,"Je vous assure que, n'ayant vû ces animaux qu'en peinture, je n'en avois pas une juste idée.",fr,3640,-2.7213063,-28.138233
LTR-032,"Je vais vous faire à leur sujet une réflexion hardie, & peut-être fausse; personne ne l'a faite avant moi: c'est que je regarde les chameaux comme une espece de cerf: Is ont les jambes, le corps & le cou exactement semblables, & la couleur est presque la même.",fr,3641,-31.280157,-36.677135
LTR-032,"Il est vrai que les chameaux sont beau- coup plus gros que les cerfs, & qu'ils sont bien plus grands que les chevaux.",fr,3642,-71.17558,-32.198074
LTR-032,"Ils sont si légers à la course, qu'après l'action de Peter-Waradin, ils devancerent les chevaux les plus légers, & apporterent à Belgrade la premiere nouvelle de la perte de la bataille.",fr,3643,-4.628879,67.0985
LTR-032,"On ne les dompte jamais entierement : on a soin de les attacher avec de fortes cordes à la queue les uns des autres, & on en voit quelquefois jusqu'à cinquante de suite.",fr,3644,-69.79017,-26.470865
LTR-032,"En tête, on met un âne sur lequel monte le conducteur.",fr,3645,-79.23587,-1.6163037
LTR-032,J'en ai vu jusqu'à six cents que conduisoit une troupe de Marchands voyageurs.,fr,3646,-15.108051,-15.576974
LTR-032,"Ces animaux portent un tiers plus pesant que les chevaux ; mais il faut de l'adresse pour les charger, à cause d'une bosse qu'ils ont sur le dos.",fr,3647,-74.56637,-35.46588
LTR-032,"Je les trouve fort vilains : ils ont la tête mal faite, & trop petite pour leur corps.",fr,3648,-66.84199,-35.584488
LTR-032,"Ce sont eux qui portent les fardeaux, & les bêtes qu'on employe à la charrue sont les buffles.",fr,3649,-74.05135,-37.17069
LTR-032,"Cet animal vous est aussi inconnu : il est plus gros & plus lourd que le bœuf : il a de grosses cornes courtes, noires, serrées & recourbées en arriere.",fr,3650,-70.23245,-32.880394
LTR-032,On dit que cette corne est très-belle lorsqu'elle est bien polie.,fr,3651,-62.403194,-36.833633
LTR-032,"Le buffle est ordinairement tout noir ; son poil est fort court ; ses yeux sont très-petits & tout blancs : enfin, il ressemble à un Diable.",fr,3652,-69.26138,-32.037666
LTR-032,"Pour l'ornement, les paysans lui peignent les ongles & le front en rouge.",fr,3653,-80.11397,-32.894444
LTR-032,On n'employe les chevaux à aucun travail fatigant ; aussi n'y sont-ils pas propres.,fr,3654,-31.830793,-32.67606
LTR-032,"Quoique petits, ils font beaux & ont beaucoup de feu ; mais ils ne sont pas si forts que ceux des Pays plus froids.",fr,3655,-51.80211,-32.2063
LTR-032,"Leur vivacité ne les empêche pas d'être fort doux ; ils sont très-légers à la course, & ont le pied sûr.",fr,3656,-74.58601,-29.007767
LTR-032,"J'en ai un petit blanc que j'aime beaucoup, & que je ne donnerois pour rien au monde.",fr,3657,36.055546,-15.651406
LTR-032,"Il se cabre sous moi avec tant de feu, que l'on s'imagineroit qu'il faut beaucoup de hardiesse pour oser le monter: cependant, je vous proteste que de ma vie je n'ai vu cheval si obéissant.",fr,3658,6.855508,14.329097
LTR-032,"Ma selle de femme avec laquelle je suis de côté sur le cheval, est la premiere qu'on ait vue dans cette partie du Monde: on la regarde avec autant de surprise, qu'on regardoit en Amérique le vaisseau de Christophe Colomb, lorsqu'il fit la découverte de ce pays.",fr,3659,-0.5805601,-24.8983
LTR-032,"On a ici un respect religieux pour les tourterelles, à cause de leur innocence; ce qui fait qu'elles multiplient beaucoup: les cicognes y font en vénération, parce qu'on est persuadé qu'elles vont tous les hivers en pélerinage à la Mecque.",fr,3660,-41.54734,-54.440983
LTR-032,"Ce font, en vérité, les plus heureux Sujets de l'Em- pire Turc ; & ils connoissent si bien leurs priviléges qu'ils vont dans les rues sans crainte, & font ordinairement leurs nids au bas des maisons.",fr,3661,-43.953625,10.919678
LTR-032,"Le peuple Turc regarde comme heureux ceux à qui appartiennent les maisons où ces oiseaux vont nicher, se persuadant qu'ils n'ont à craindre, pendant toute l'année, ni le feu ni la peste.",fr,3662,-45.513084,12.003399
LTR-032,J'ai le bonheur d'avoir un de ces nids sacrés sous les fenêtres de ma chambre.,fr,3663,-27.843626,-36.575226
LTR-032,"A propos de chambre, je pense que la description des maisons de ce pays sera aussi agréable pour vous que celle des volatiles & des quadrupedes.",fr,3664,12.909093,-39.17527
LTR-032,"Je suis persuadée que vous regardez, d'après les relations de la Turquie, toutes les maisons d'ici, comme étant de la plus pitoyable architecture.",fr,3665,-21.396952,-24.73154
LTR-032,"J'en ai vu un assez grand nombre pour en parler savamment, & je vous assûre que vous êtes dans l'erreur.",fr,3666,18.259233,-18.333603
LTR-032,Nous sommes actuellement logés dans un Palais qui appartient au Grand-Seigneur.,fr,3667,-49.508842,37.266716
LTR-032,"La maniere de bâtir est charmante, & convient fort au pays.",fr,3668,-36.416824,-22.471678
LTR-032,"Il est vrai que ce n'est pas l'usage d'embellir l'extérieur des maisons, & qu'elles sont presque toutes bâties en bois; ce qui, je l'avoue, est sujet à beaucoup d'inconvéniens; mais l'on ne doit pas en accuser le goût de la Nation : la constitution du Gouvernement en est la seule cause.",fr,3669,-19.700949,3.2910914
LTR-032,"Chaque maison, à la mort du propriétaire, appartient au Grand-Seigneur; c'est pourquoi, personne ne veut faire une dépense dont il n'est pas sûr que sa famille profitera.",fr,3670,-43.17385,18.68863
LTR-032,"Chacun ne songe qu'à faire construire commodément & pour sa vie, sans s'embarrasser que l'édifice tombe l'année d'après sa mort.",fr,3671,-45.303223,18.158646
LTR-032,"Toutes les maisons de Turquie, en général, grandes ou petites, sont di- visées en deux parties, qui n'ont de communication que par un passage fort étroit.",fr,3672,-59.118584,4.416962
LTR-032,"La premiere a, par devant, une grande cour, autour de laquelle regnent des galeries couvertes ; ce qui me paroît fort agréable.",fr,3673,-62.95277,-8.808009
LTR-032,"Ces galeries communiquent à toutes les chambres, qui sont ordinairement assez grandes, & où il y a deux rangs de fenêtres, dont le vitrage est peint.",fr,3674,-64.8253,-5.5351663
LTR-032,"Il est rare qu'on fasse plus de deux étages à une maison, & chacun a ses galeries : les escaliers sont larges, & n'ont guères plus de trente marches : voilà pour ce qui regarde la partie qu'occupe le maître de la maison.",fr,3675,-59.846966,-0.8607854
LTR-032,"Le Haram, c'est-à-dire, l'appartement des Dames, ( car le nom de Serrail est particulier au Grand Seigneur, ) a pareillement une galerie du côté du jardin sur lequel donnent les fenêtres des chambres, dont le nombre est égal à celui de l'autre partie de la maison : mais elles sont plus gaies, à cause des peintures & des ameublemens.",fr,3676,-62.554493,-1.268337
LTR-032,"Le second rang de fenêtres est fort bas, & il y a des grilles comme à celles des Couvents : les planchers des chambres sont tout couverts de tapis de Perse, & il y a dans un des bouts un banc de deux pieds d'élévation : dans la mienne il y en a deux : c'est ce qu'on appelle Sopha ; il est couvert d'un tapis plus riche que celui du plancher ; il y a tout autour une espèce de couche élevée d'un demi pied, laquelle est couverte d'une riche étoffe de soie, selon la fantaisie ou la magnificence du maître de la maison.",fr,3677,-71.02573,-5.588511
LTR-032,"La mienne est couerte d'un drap écarlate, avec une frange d'or.",fr,3678,-80.58669,-23.978296
LTR-032,"Tout au tour sont placés, contre la muraille, deux rangs de coussins, les uns grands, les au- tres petits ; & c'est ici où les Turcs étalent toute leur magnificence.",fr,3679,-72.19464,-7.0124593
LTR-032,"Ces coussins sont ordinairement de brocard, ou de satin blanc, brodé en or: enfin rien n'est si brillant, ni si agréable à la vue.",fr,3680,-70.15224,-23.203402
LTR-032,"Ces siéges sont, en outre, si commodes, que je ne crois pas pouvoir reprendre l'habitude des chaises.",fr,3681,-37.23135,-28.382257
LTR-032,"Les chambres sont basses; &, ce que je ne regarde pas comme un défaut, le plancher d'en haut est de bois, sur lequel il y a des fleurs incrustées ou peintes.",fr,3682,-58.267513,-10.926303
LTR-032,"Il y a plusieurs armoires dans les murs, lesquelles me semblent plus commodes que les nôtres.",fr,3683,-34.989605,-27.853033
LTR-032,Dans l'entre-deux des fenêtres sont de petits arsenaux où l'on met des parfums ou des corbeilles de fleurs.,fr,3684,-61.79345,-13.305272
LTR-032,"Mais ce qui me plaît le plus de tous les ameublemens d'un Haram, ce sont les fontaines de marbre, qui sont dans le fond de la chambre.",fr,3685,-67.18567,-0.7105732
LTR-032,"Elles jettent l'eau par plusieurs tuyaux, procurent une agréable fraîcheur, & font un doux murmure en tombant d'un bassin dans l'autre : quelques-unes de ces fontaines sont magnifiques.",fr,3686,-68.3222,-0.8040228
LTR-032,"Dans chaque maison il y a un bain qui consiste ordinairement en deux ou trois petites chambres couvertes de plomb & parées de marbre, avec des bassins & des robinets : enfin, on y trouve toutes les commodités propres pour les bains chauds & pour les froids.",fr,3687,-67.36019,-4.356047
LTR-032,"Vous serez, sans doute, surprise de voir une relation si différente de celles des voyageurs ordinaires, qui ont tous une démangeaison insupportable de parler de ce qu'ils ne savent pas.",fr,3688,6.1911626,-18.977633
LTR-032,"Un Chrétien, sans un caractère très-distingué, ou une occasion tout-à-fait extraordinaire, ne peut entrer dans la maison d'un homme de marque en Turquie : le Haram, sur-tout, est absolument défendu.",fr,3689,-39.58335,12.862111
LTR-032,"Ainsi, ces voyageurs ne peuvent parler que de l'extérieur des maisons, qui ont ordinairement peu d'apparence : les Harams sont toujours sur le derriere, & on ne peut les voir de la rue.",fr,3690,-53.78091,7.4324174
LTR-032,"Ils n'ont que les jardins pour toute perspective, & ces jardins sont entourés de murs très-élevés : on n'y voit point de parterres, comme dans les nôtres ; ils sont plantés d'arbres assez hauts, qui font un agréable ombrage, & selon moi, un coup d'œil charmant.",fr,3691,-58.31421,-9.779571
LTR-032,"Au centre du jardin est le Chiosk ; c'est une grande chambre, au milieu de laquelle est ordinairement une fontaine.",fr,3692,-62.095806,-11.162259
LTR-032,"On monte à cette chambre par neuf ou dix marches ; ses murailles sont des jalousies dorées autour desquelles on voit des vignes entrelacées, du jasmin & du chevrefeuil, & le tout est environné de grands arbres.",fr,3693,-61.74848,-7.099416
LTR-032,C'est dans ce lieu que le mari & la femme se livrent aux plus secrets plaisirs.,fr,3694,-34.843513,14.798267
LTR-032,"Les Dames y passent ordinairement presque toute la journée, soit à faire de la musique, soit à broder.",fr,3695,-37.421917,-5.657848
LTR-032,"Dans les jardins publics, il y a des Chiosks publics pour ceux qui n'ont pas le moyen d'en avoir chez eux.",fr,3696,-51.331886,10.769351
LTR-032,"On y va prendre du caffé, du sorbet, &c.",fr,3697,43.511086,14.543895
LTR-032,"On fait cependant bâtir en Turquie d'une maniere plus solide que tout cela : les Mosquées sont toutes en pierres de taille, les Hanns ou Auberges sont magnifiques.",fr,3698,-50.18024,-24.210842
LTR-032,"Il y en a plusieurs qui occupent un grand carré, tout entouré de boutiques, sous des arcades de pierres.",fr,3699,-61.044254,-9.130003
LTR-032,On y loge gratis les pauvres artisans; elles sont toujours auprès des Mosquées.,fr,3700,-49.73781,-6.8598413
LTR-032,"Le corps de l'auberge est une très-belle & très-grande salle, capable de contenir trois ou quatre cents personnes : la cour est très-vaste, & environnée d'un cloître ; ce qui ressemble assez à nos Colléges.",fr,3701,-61.649635,1.0853385
LTR-032,Je vous avoue que je trouve ces fonda- tions bien plus utiles que celles des Couvents.,fr,3702,-2.1376758,-3.1613967
LTR-032,Il me semble que je vous en dis beaucoup pour une fois.,fr,3703,24.41519,2.6787472
LTR-032,"Si le sujet que j'ai choisi n'est pas de votre goût, vous aurez la bonté de m'en prescrire un autre ; soyez sure, ma chere T. , que personne ne desire plus de vous amuser que votre, &c.",fr,3704,20.253096,11.455459
LTR-032,Fin de la premiere Partie.,fr,3705,37.016068,-41.383606
LTR-033,"JE vous ai écrit, ma chere Sœur, par le dernier Vaisseau, aussi-bien qu'à tous ceux avec qui je suis en correspondance en Angleterre : il n'y a que le Ciel qui sache quand je pourrai trou- ver une autre occasion pour vous faire tenir de mes nouvelles : je ne puis cependant m'empêcher de vous écrire encore ; car je suis si remplie de ce que je vis hier, qu'il faut, même pour mon repos, que je me hâte de vous en faire part.",fr,3706,15.260171,-2.662892
LTR-033,Je commence donc mon histoire sans avant-propos.,fr,3707,34.562714,-3.3912303
LTR-033,"Je fus invitée à dîner chez la femme du Grand-Visir, & ce fut avec un plaisir infini que je me préparai à un repas qu'on n'avoit jamais donné à une Chrétienne.",fr,3708,-4.877859,37.27812
LTR-033,"Je crus que je satisferois peu sa curiosité, qui avoit, sans doute, beaucoup de part dans son invitation, en allant chez elle avec un habillement auquel ses yeux seroient accoutumés : dans cette idée je pris l'habit en usage à la Cour de Vienne ; il est beaucoup plus riche que le nôtre.",fr,3709,-2.8083775,16.482195
LTR-033,"Mais, pour éviter tout le cérémonial, j'y allai incognito dans un carrosse Turc, accompagnée seu- lement de ma femme de chambre qui me portoit la queue, & d'une Dame Grecque qui étoit mon interprete.",fr,3710,5.414777,40.407856
LTR-033,"L'Eunuque noir de la femme du Grand-Visir vint au-devant de moi à la porte de la cour ; il m'aida à descendre de carrosse avec beaucoup de respect, & me fit traverser plusieurs chambres où ses esclaves, magnifiquement habillées, étoient rangées en haie : je parvins à la derniere, où étoit la Dame, couchée sur son sopha en camisole de martre.",fr,3711,-6.8826556,45.69697
LTR-033,"Elle vint au-devant de moi avec beaucoup de civilité, & me présenta une demi-douzaine de ses amies.",fr,3712,-5.755061,39.753082
LTR-033,Elle est âgée d'environ cinquante ans ; il me parut que c'étoit une fort bonne femme.,fr,3713,-37.430004,37.279354
LTR-033,Je fus surprise de trouver si peu de magnificence dans son appartement ; l'ameublement étoit fort simple ; les habits seuls & le grand nombre de domestiques an- nonçoient la dépense.,fr,3714,-31.27267,-16.226515
LTR-033,"Elle s'apperçut de ma surprise, en comprit le motif, & me dit qu'elle n'étoit plus d'un âge à employer son argent en superflu; qu'elle n'en dépensoit que pour les pauvres, & que son unique occupation étoit de prier Dieu.",fr,3715,-22.751451,30.74943
LTR-033,Il n'y avoit aucune affectation dans son langage; elle & son mari s'occupent uniquement de dévotion.,fr,3716,-21.989153,18.561584
LTR-033,"Le Visir ne regarde jamais d'autre femme que la sienne; &, ce qui est extraordinaire, ne reçoit jamais de présens, quoique ses prédécesseurs lui ayent donné un exemple bien différent à suivre.",fr,3717,-33.70846,25.306704
LTR-033,"Il est même si délicat sur cet article, qu'il n'auroit jamais accepté le présent de Milord M ***, si on ne lui eût affûré plusieurs fois que c'étoit un droit de sa place à l'entrée de chaque Ambassadeur.",fr,3718,16.598787,48.439255
LTR-033,"Sa femme tint la conversation avec moi jusqu'au dîner, & me fit toutes fortes de politesses.",fr,3719,-8.014322,37.318874
LTR-033,"On servit plat à plat ; mais il en parut un très-grand nombre, & tous étoient accommodés dans le goût Turc, que je ne crois pas si mau-vais qu'on a pû vous le dire.",fr,3720,-18.29907,-26.631428
LTR-033,"Je puis juger de la maniere d'apprêter les mets en Turquie, puisque j'ai vécu trois semaines dans la maison d'un Effendi à Belgrade, lequel nous a donné de magnifiques repas apprêtés par ses cuisiniers.",fr,3721,-1.3820397,51.240013
LTR-033,"Je trouvai les mets fort bons la premiere semaine ; mais je vous avouerai qu'à la fin je m'en en-nuyai, & je demandai la permission de faire servir un plat à la façon de notre pays.",fr,3722,1.8632165,43.95169
LTR-033,"J'attribue mon dégoût au défaut d'habitude ; car je suis per-suadée qu'un Indien qui n'auroit ja-mais goûté de leur cuisine ni de la nôtre, préféreroit la leur.",fr,3723,-5.2334385,3.0145695
LTR-033,Les sauf-ses des Turcs sont trop relevées ; ils font trop cuire leur rôti ; ils em- ployent beaucoup d'épiceries fines ; la soupe est le dernier plat ; mais leurs ragoûts font au moins aussi variés que les nôtres.,fr,3724,-35.10298,-30.915253
LTR-033,"La femme du Grand-Visir me servit de tout, & avec beaucoup d'empressement : j'étois très-fâchée que mon appétit ne pût répondre à sa politesse.",fr,3725,-2.5975132,35.97513
LTR-033,"Après le repas, on servit le caffé & les parfums ; ce qui est une grande marque de considération.",fr,3726,-36.523956,-14.72837
LTR-033,"Deux esclaves, à genoux, encenserent mes cheveux, mes habits & mon mouchoir ; après quoi, leur Maitresse leur ordonna de jouer de la Guittare, & de danser : elles obéirent sur le champ : la Dame fit excuse de leur ignorance, en me disant, quelle ne prenoit pas soin de les exercer dans cet art.",fr,3727,-81.53296,16.616476
LTR-033,"Je lui fis mes remerciemens, & pris congé d'elle bientôt après.",fr,3728,25.923141,31.380281
LTR-033,Je fus reconduite de la même maniere que j'avois été reçue.,fr,3729,27.947733,28.669582
LTR-033,"Je me serois re- tirée tout de suite chez moi ; mais la Dame Grecque qui m'accompagnoit me sollicita , avec empressement , d'aller rendre visite à la femme du Kahia , qu'elle me dit être le second Officier de l'Empire , & qu'on doit regarder comme le premier , puisqu'il exerce les fonctions de Grand-Visir , & que celui de chez qui nous sortions n'en a que le nom .",fr,3730,2.533799,40.88801
LTR-033,"J'avois trouvé si peu d'amusement dans le Haram du Grand-Visir , que je n'avois point envie d'aller dans un autre; mais je cédai aux instances de ma compagne , & je m'en fais très-bon gré .",fr,3731,5.3888783,21.90059
LTR-033,Il y régnoit un air tout-à-fait différent de celui que j'avois trouvé chez le Grand-Visir.,fr,3732,-2.6701322,-20.005863
LTR-033,"La maison même annonçoit la différence qu'il y a entre une vieille dévote & une jeune Beauté : elle étoit magnifique , & d'une propreté étonnante .",fr,3733,-35.243576,-24.715748
LTR-033,"Je fus reçue à la porte par deux Eunuques noirs qui me firent passer une grande galerie où étoient rangées en deux haies de jeunes filles, dont les cheveux bouclés pendoient presqu'aux pieds, & dont les habits étoient à fleurs d'argent.",fr,3734,-78.67005,-7.696404
LTR-033,J'étois fâchée que la décence ne me permît pas de m'arrêter pour les examiner de plus près.,fr,3735,21.55185,25.39982
LTR-033,"Mais je les oubliai bientôt, lorsque j'entrai dans une grande chambre, ou plutôt un pavillon environné de chassîs dorés qui étoient presque tous levés.",fr,3736,-61.741886,-4.7930393
LTR-033,"Les arbres voisins jettoient un ombre agréable, qui garantissoit des rayons du soleil ; autour de leurs troncs étoient entrelacés des jasmins & des chevrefeuilles qui répandoient un doux parfum : à ces agrémens se joignoit celui de voir une fontaine de marbre blanc, dont l'eau tomboit avec un doux murmure dans trois ou quatre bassins.",fr,3737,-66.87459,-2.6354785
LTR-033,"Sur le plafond étoient peintes toutes sortes de fleurs, qui sortoient de corbeilles dorées, & paroissoient prêtes à tomber.",fr,3738,-61.21011,-16.922266
LTR-033,"On voyoit la femme du Kahia sur un sopha élevé de trois marches, & couvert de beaux tapis de Perse : elle étoit appuyée sur des coussins de satin blanc brodé : à ses pieds étoient assises deux jeunes filles âgées de douze ans ou environ ; leurs habits étoient presque tout couverts de pierreries.",fr,3739,-76.85098,-8.363854
LTR-033,"Elles étoient très-aimables ; mais à peine y faisoit-on attention auprès de la belle Fatime, (c'est le nom de la femme du Kahia).",fr,3740,-17.57161,-12.185443
LTR-033,"Elle est d'une si grande beauté, que je n'ai rien vu de pareil, ni en Angleterre, ni en Allemagne : non, je ne me rappelle aucun visage qui mérite d'être regardé auprès du sien.",fr,3741,-17.782957,-13.507261
LTR-033,"Elle se leva pour me recevoir, & me salua à la façon de son pays, en mettant la main sur le cœur ; mais elle le fit d'une maniere noble & ma- jestueuse, que l'éducation de Cour même ne pourroit donner : c'est l'ouvrage de la Nature.",fr,3742,-4.4559746,34.41278
LTR-033,"Elle me fit apporter des coussins, & m'engagea à prendre le coin du sopha, qui est la place d'honneur.",fr,3743,-1.8642331,44.019253
LTR-033,"Quoique la Dame Grecque m'eût prévenue sur la beau-té de Fatime, je fus tellement frappée d'admiration, que je restai quelque temps sans pouvoir lui parler, étant toute occupée du plaisir de la contempler.",fr,3744,0.7444122,24.31507
LTR-033,Que ses traits sont bien proportionnés !,fr,3745,15.058715,-54.06569
LTR-033,qu'ils forment un bel ensemble !,fr,3746,14.286245,-53.315117
LTR-033,Que sa taille est bien prise !,fr,3747,15.048596,-54.218597
LTR-033,Quel éclat la Nature a donné à son teint !,fr,3748,14.126036,-49.46485
LTR-033,Quelles graces on découvre dans son sourire !,fr,3749,14.088984,-49.368298
LTR-033,Quels yeux !,fr,3750,45.820667,1.7925345
LTR-033,"Ils font grands & noirs, & ont la langueur des bleus.",fr,3751,-63.76276,-32.828968
LTR-033,"De quelque maniere qu'on l'envisage, soit de face ou de profil, on découvre une nouvelle beauté.",fr,3752,14.125685,-46.82097
LTR-033,"Lorsque l'étonnement de la surprise fut passé, je l'éxami- nai de près pour voir si je pourrois lui découvrir quelque défaut : mais cet examen ne servit qu'à me prouver que c'est une erreur de croire qu'une femme régulierement belle ne peut plaire.",fr,3753,4.662895,12.189125
LTR-033,En vain Apelles emprunta tous les secours de l'Art pour faire une figure parfaite ; ce miracle étoit réservé à la seule Nature : elle a réussi en formant Fatime.,fr,3754,-5.765446,-26.702707
LTR-033,"Quoiqu'élevée dans un pays que nous appellons Barbare, elle a la contenance si majestueuse, les gestes si nobles & si aisés en même tems, que je suis convaincue que, si on la voyoit assise sur le trône le plus éclatant de l'Europe, on croiroit qu'elle est née pour être Reine.",fr,3755,-14.233551,11.670255
LTR-033,"En un mot, sa beauté éclipseroit toutes celles qui sont en Angleterre.",fr,3756,-21.005459,-14.88775
LTR-033,"Un caftan de brocard d'or, à fleurs d'argent, prenoit exactement sa taille, & laissoit voir toute la beauté de sa gorge qui étoit couverte, sans être cachée, par une chemise de fine gaze : ses caleçons étoient couleur d'œillet pâle ; sa camisole étoit d'un verd argent : elle avoit des pantoufles de satin blanc magnifiquement brodé ; ses charmans bras étoient ornés de brasselets de diamans ; sa ceinture en étoit bordée.",fr,3757,-81.61168,-14.010688
LTR-033,"Un riche mouchoir de Turquie, fond œillet, relevé en argent, couvroit sa tête : de beaux cheveux noirs, partagés en tresses, pendoient fort bas derriere elle.",fr,3758,-81.33603,-10.710159
LTR-033,Plusieurs épingles à tête de diamant étoient artistement rangées sur un des côtés de sa tête.,fr,3759,-78.851105,-18.83272
LTR-033,"Vous m'accuserez, sans doute, d'extravagance, & vous ne pourrez jamais croire qu'il n'y a point d'exagération dans le tableau que je vous fais.",fr,3760,6.7361817,-1.1371064
LTR-033,"Il me semble avoir lu quelque part que les femmes ne parlent jamais de la beauté qu'avec ravisse- ment, & je ne sais pourquoi on leur en fait un crime : il faut avoir de la vertu pour admirer quelqu'un sans desir & sans jalousie.",fr,3761,-12.89078,1.4081844
LTR-033,Les plus graves Ecrivains ont parlé avec une espece d'enthousiasme de quelques beaux tableaux & de quelques statues célebres : pourquoi le chef-d'œuvre du Créateur n'auroit-il pas plus de droit à nos éloges que ces foibles copies ?,fr,3762,-45.425266,-36.443302
LTR-033,"Je n'ai point honte d'avouer que j'ai goûté plus de plaisir en admirant la belle Fatime, qu'en regardant la plus belle piece de sculpture.",fr,3763,-7.8835654,-14.812836
LTR-033,"Elle me dit que ces jeunes Demoiselles que je voyois à ses pieds étoient ses filles : elle me paroissoit, en vérité, trop jeune pour être leur mere.",fr,3764,-11.574404,24.18636
LTR-033,"Vingt jeunes Esclaves, rangées au bas du sopha, me rappelloient l'idée des Nymphes.",fr,3765,-92.65385,11.843207
LTR-033,"Il falloit le voir, pour croire que la Nature pût fournir un spectacle si beau.",fr,3766,-4.725679,-27.489635
LTR-033,"Fatime leur fit signe de jouer & de danser : dans l'instant, quatre d'entr'elles commencerent à jouer des airs tendres sur des instrumens qui tiennent du Luth & de la Guittare, & s'accompagnoient avec la voix, pendant que les autres dansoient tour à tour.",fr,3767,-80.84314,11.425831
LTR-033,"Je n'avois jamais vu de danse semblable : elle étoit extrêmement légere, & voluptueuse en même tems : les airs étoient touchans, les mouvemens des danseuses étoient languissans; elles s'arrêtoient dans un attitude tendre, & leurs yeux prenoient un air de langueur; elles se renversoient encore en arriere, & se relevoient ensuite avec tant d'art, que je suis persuadée que la prude la moins sensible, & la dévote la plus scrupuleuse n'auroient pu les regarder sans étre émue.",fr,3768,-19.296875,-7.7128325
LTR-033,"Vous avez lu, sans doute, que la Musique des Turcs en général choque l'oreille : mais ceux qui l'ont écrit n'avoient entendu que la Musique des rues, & ils n'étoient, par conséquent, pas plus en état d'en juger, que ne le feroit, à l'égard de celle d'Angleterre, un étranger qui n'auroit entendu que ces Joueurs d'instrumens qui courent dans les rues de Londres.",fr,3769,-25.373539,2.2471802
LTR-033,Je vous assure que la Musique de ce Pays est fort touchante ; je conviendrai cependant que je préférerois l'Italienne; mais peut-être y a-t-il en cela de la partialité.,fr,3770,1.9552093,-14.534926
LTR-033,"Je connois une Dame Grecque qui chante mieux que Madame Robinson, & qui sçait parfaitement la Musique Italienne & la Musique Turque: elle préfere la derniere.",fr,3771,-15.400486,9.634767
LTR-033,"Il est certain qu'on trouve en Turquie de très-belles voix naturelles ; celles que j'entendis chez Fatime étoient dans ce genre, & elles me plurent beaucoup.",fr,3772,-12.291974,-22.831614
LTR-033,"Lorsque la danse fut finie, quatre Esclaves blon- des entrerent, dans la chambre, tenant en main des encensoirs d'argent; elles parfumerent l'air avec de l'ambre, du bois d'aloës, &c.",fr,3773,-83.947464,6.74895
LTR-033,"Elles me servirent ensuite du caffé à genoux, dans la plus belle porcelaine du Japon, sur des sous-coupes de vermeil.",fr,3774,-89.39464,-0.023237746
LTR-033,"Pendant ce tems, l'aimable Fatime s'entretint avec moi de la maniere du monde la plus polie & la plus agréable : elle m'appelloit souvent Uzel Sultanam, c'est-à-dire, la belle Sultane; me demandoit mon amitié d'un ton très-obligeant, & marquoit du chagrin de ne pouvoir m'entretenir dans ma langue naturelle.",fr,3775,-7.5632353,32.119267
LTR-033,"Lorsque je pris congé d'elle, deux jeunes Esclaves apporterent une belle corbeille d'argent, remplie de mouchoirs brodés.",fr,3776,-79.609,-7.650516
LTR-033,"Fatime me pria de porter le plus beau pour l'amour d'elle, & donna les autres à mon interprete & à ma femme de cham- bre.",fr,3777,-4.14403,41.82391
LTR-033,"En sortant, je reçus les mêmes politesses qu'en entrant.",fr,3778,27.949512,28.67066
LTR-033,"J'étois si enchantée de ce que je venois de voir, que je m'imaginois avoir passé quelque tems dans le paradis de Mahomet.",fr,3779,-2.5860913,-13.045674
LTR-033,Je ne sais ce que vous penserez de cette relation ; je voudrois seulement qu'elle vous causât une partie du plaisir que j'ai senti.,fr,3780,15.9017315,7.2957253
LTR-033,"Je serois bien contente, ma chere Sœur, si vous pouviez partager les amusemens de votre, &c.",fr,3781,26.90117,13.819192
LTR-034,"JE suis sur le point de quitter Andrinople ; & je voudrois, avant mon départ, vous faire connoître ce que j'y ai trouvé de plus curieux.",fr,3782,15.346237,-10.790772
LTR-034,"Je ne vous ferai aucune dissertation, pour savoir si c'est la même ville qui s'appelloit autrefois Orestesie, ou Oreste ; vous le savez mieux que moi.",fr,3783,8.724211,-31.7708
LTR-034,Elle porte maintenant le nom de l'Empereur Adrien.,fr,3784,-48.837105,47.84416
LTR-034,C'est la premiere ville où les Empereurs Turcs ont fait leur résidence en Europe ; plusieurs y ont encore résidé dans les derniers tems.,fr,3785,-50.37711,47.592587
LTR-034,Mahomet IV.,fr,3786,41.902218,-47.805134
LTR-034,"& Mustapha, frere de l'Empereur régnant, aimoient cette ville au point qu'ils abandonnerent entierement Constantinople, pour y demeurer tout-à-fait.",fr,3787,-37.30105,57.1797
LTR-034,"Les Janissaires en furent tellement irrités, qu'ils les déposerent : cependant l'Empereur régnant paroît s'y plaire.",fr,3788,-39.02664,55.522366
LTR-034,"La situation en est belle, & son territoire est magnifique ; mais l'air y est fort mal sain.",fr,3789,-33.51906,-22.929266
LTR-034,"On assure que la ville a huit milles de tour ; on y comprend, sans doute, les jardins.",fr,3790,-62.549118,10.122318
LTR-034,On ne distingue les Palais d'avec les autres maisons que par la grandeur : car l'architecture des Turcs n'a nulle apparence.,fr,3791,-45.0066,-22.787212
LTR-034,"Cette ville est actuellement fort peuplée ; mais la plûpart de ceux qu'on y voit, sont des gens qui suivent l'Armée ; & l'on m'a assuré que, quand ils en sortent, la ville est presque déserte.",fr,3792,-48.405636,2.1932
LTR-034,"On desséche tous les étés le fleuve Maritza, appellé autrefois l'Hebre, sur lequel Andrinople est située : je crois que cela contribue beaucoup à rendre l'air mal sain.",fr,3793,-70.357925,31.62238
LTR-034,Ce fleuve fait à présent un courant d'eau qui est fort agréable ; il y a deux beaux ponts dessus.,fr,3794,-65.52001,18.837042
LTR-034,"J'ai eu la curiosité d'aller voir la Bourse, dans mon habit Turc, pour n'être pas reconnue ; cependant je vous avouerai que je ne fus pas trop à mon aise, lorsque j'y apperçus une foule de Janissaires ; mais ils n'osent insulter les femmes : ils me firent place avec autant de respect que si j'avois été habillée à l'Angloise.",fr,3795,0.40086773,17.396875
LTR-034,"La Bourse a un demi-mille de long; elle est voûtée & entretenue, avec beaucoup de propreté.",fr,3796,-56.646736,-20.503616
LTR-034,"Il y a trois cents soixante boutiques remplies de toutes fortes de riches marchandises exposées en vente, comme elles le font à la nouvelle Bourse de Londres ; mais le pavé de celle d'Andrinople est entretenu plus proprement, & les boutiques font aussi brillantes que si elles venoient d'être peintes.",fr,3797,-47.442127,-9.106265
LTR-034,"Les personnes désœuvrées vont s'y promener, ou y prendre du caffé ou du sorbet, qu'on y crie, comme on fait les oranges à nos Spectacles.",fr,3798,-48.04365,-0.27484423
LTR-034,"J'observai que la plûpart des riches Marchands étoient Juifs : cette Nation a un pouvoir incroyable dans ce pays : elle a plus de priviléges que les Turcs mêmes : elle forme ici une République, & est jugée par ses propres Loix.",fr,3799,-43.70417,5.8249335
LTR-034,"Elle s'est emparée de tout le commerce de l'Empire, parce qu'il regne une grande union parmi ceux qui la composent, & que les Turcs sont très-nonchalans & peu industrieux.",fr,3800,-43.37289,8.304524
LTR-034,"Chaque Bassa a pour homme d'affaires un Juif, auquel il confie généralement tous ses secrets, & le laisse conduire ses affaires à sa volonté, sans s'en mêler en aucune maniere quelconque.",fr,3801,-39.187378,28.296745
LTR-034,"C'est ce Juif qui, dans le district de son Bassa, regle les marchés, reçoit les présens qu'on a coutume de faire, qui examine les marchandises qui arrivent ou qui sortent; enfin son pouvoir est presque sans bornes.",fr,3802,-39.8578,29.146112
LTR-034,"Le Médecin, l'Intendant, l'Interprete d'un grand Seigneur, est toujours un Juif.",fr,3803,-58.629326,-43.930614
LTR-034,Jugez quel avantage peut tirer de-là une Nation toujours attentive à ses intérêts.,fr,3804,-16.869246,-4.4616394
LTR-034,"Les Juifs enfin ont trouvé le secret de se rendre si nécessaires en Turquie, qu'ils font toujours assurés de la protection de la Cour.",fr,3805,-31.385855,53.766724
LTR-034,"Quoique les Marchands Anglois, François & Italiens connoissent toutes leurs supercheries, ils n'en font pas moins obligés de leur confier leurs affaires : enfin tout ce qui concerne le commerce passe par leurs mains.",fr,3806,-39.023487,9.579378
LTR-034,"Les moins considérables d'entr'eux sont encore des hommes assez importans, pour qu'on n'ose leur manquer.",fr,3807,-48.329395,-30.52188
LTR-034,Toute la Nation s'intéresse autant à eux qu'aux plus notables.,fr,3808,-16.85515,-4.729459
LTR-034,"Ils font presque tous riches ; mais ils ont soin de ne le pas paroître : dans l'intérieur de leur maison on trouve la plus grande magnificence, même le plus grand luxe.",fr,3809,-43.594822,13.442018
LTR-034,Me voilà bien éloignée de la description de la Bourse.,fr,3810,23.144867,-18.708944
LTR-034,"Elle fut fondée par Ali-Bassa, dont elle porte le nom.",fr,3811,-21.701136,15.993797
LTR-034,"Tout proche de cette Bourse est une rue qui a un mille de long ; elle est remplie de boutiques, où l'on trou- ve toutes fortes de belles marchandises ; mais elles sont extrêmement cheres, parce qu'il n'y a point ici de manufacture.",fr,3812,-50.76371,-9.490551
LTR-034,"Elle est couverte de planches, pour mettre les marchandises à l'abri de la pluie en tout tems.",fr,3813,-65.798325,11.475748
LTR-034,A peu de distance de-là on trouve le Besiten ; c'est une autre Bourse bâtie sur des piliers.,fr,3814,-51.810112,-8.323239
LTR-034,On y vend toutes fortes de harnois pour les chevaux : ils sont tous garnis d'or & de pierreries : on est ébloui en entrant dans cette Bourse.,fr,3815,-51.44309,-4.841208
LTR-034,"De-là, je me fis conduire dans mon carrosse Turc au camp qu'on doit transporter dans peu sur les frontieres.",fr,3816,8.451194,41.268925
LTR-034,Le Sultan a déjà visité ses tentes avec toute la Cour.,fr,3817,-76.21594,23.392923
LTR-034,"Ce camp fait, en vérité, un beau coup d'œil.",fr,3818,-37.62339,-25.272375
LTR-034,"On prendroit les tentes des Grands pour des Palais : elles couvrent une vaste étendue de terrein, & sont distribuées en plusieurs appartemens tous peints en verd.",fr,3819,-58.041092,0.5959186
LTR-034,"Les trois queues de cheval, marque de la dignité des Bassas, sont placées d'une maniere remarquable devant la tente de ces Seigneurs; & sur toutes ces tentes il y a des globes dorés en plus ou moins grande quantité, selon le rang de ceux à qui elles appartiennent.",fr,3820,-75.00968,-4.561638
LTR-034,Les Dames Turques vont voir ce camp avec autant d'empressement que les Dames Angloises allerent voir celui de Hide-Park.,fr,3821,-38.244484,-49.307735
LTR-034,On s'apperçoit bien que les Soldats n'ont point cet air de satisfaction qui est ordinaire à des troupes qui sont sur le point de commencer une campagne.,fr,3822,-38.02482,-49.82265
LTR-034,"La guerre est onéreuse au peuple en général, & particulierement aux Marchands, sur-tout lorsque le Grand-Seigneur est décidé, comme il l'est aujourd'hui, à commander ses Armées en personne.",fr,3823,-39.307373,49.17229
LTR-034,Chaque corps de Marchands est obligé de lui faire un présent présent proportionné aux richesses de ceux qui le composent.,fr,3824,-80.9909,29.210407
LTR-034,Je me levai à six heures du matin pour voir la marche des troupes qui devoient passer par les principales rues de la ville ; mais elle ne commença qu'à huit.,fr,3825,-15.633988,41.598377
LTR-034,Le Grand-Seigneur se mit à la fenêtre du Serrail pour la voir.,fr,3826,-25.930067,51.398228
LTR-034,"Les troupes étoient précédées par un Effendi, monté sur un chameau magnifiquement enharnaché ; il lisoit à haute voix l'Alcoran, qui étoit richement relié, & posé sur un coussin.",fr,3827,-82.8547,-0.6966094
LTR-034,"Une troupe d'enfans habillés de blanc environnoient l'Effendi, & chantoient des versets de l'Alcoran ; suivoit un homme qui portoit des rameaux verds ; il imitoit un laboureur qui seme du bled : venoient ensuite plusieurs moissonneurs couverts d'épis de bled, comme on dépeint Cérès ; ils tenoient des faulx en main & prenoient l'attitude de faucheurs.",fr,3828,-82.48459,0.5891315
LTR-034,"Paroissoit une petite machine traînée par des bœufs ; il y avoit dessus un moulin à vent, & des enfans occupés à moudre du bled : cette machine étoit suivie d'une autre traînée par des buffles; on voyoit un four & deux enfans, dont l'un pétrissoit le pain, l'autre le tiroit du four : ils jettoient, par intervalles, des gâteaux au peuple.",fr,3829,-81.0141,3.9961874
LTR-034,"Marchoit ensuite la compagnie des Boulangers, rangés deux à deux, & habillés proprement.",fr,3830,-79.35498,1.6755673
LTR-034,"Ils portoient sur leur tête des gâteaux, des pains de toute grandeur & des pâtés de toute espece.",fr,3831,-74.595055,-18.369886
LTR-034,"Suivoient deux bouffons, dont le visage étoit couvert de farine ; ils amusoient le peuple par leurs gestes & leurs grimaces.",fr,3832,-81.02599,2.2990637
LTR-034,"Suivoient, dans le même ordre que les Boulangers, tous les plus riches Corps des Marchands de l'Empire, comme Jouailliers, Merciers, &c. tous fort bien montés.",fr,3833,-74.478935,-0.48298293
LTR-034,"Au milieu d'eux étoient plusieurs arcs de triomphe, où les différens Commerces étoient représentés avec une magnificence extrême, principalement celui des Foureurs: ils avoient mis autour d'une machine assez grande, des peaux d'hermine & de renard; elles étoient arrangées avec tant d'art, qu'il sembloit que les animaux étoient vivans.",fr,3834,-74.03912,-1.1087693
LTR-034,Des Musiciens & des Danseurs suivoient les Corps des Marchands.,fr,3835,-42.497124,-37.801228
LTR-034,"Il pouvoit y avoir en tout vingt mille hommes tout prêts à suivre l'Empereur, s'il le leur avoit commandé.",fr,3836,-7.8728395,64.25649
LTR-034,La marche étoit fermée par les Volontaires qui venoient demander à Sa Hautesse l'honneur de mourir à son service.,fr,3837,-30.169044,65.36475
LTR-034,"Ils présentoient un spectacle si barbare, que je quittai la fenêtre sitôt qu'ils parurent: ils étoient tout nuds jusqu'à la ceinture.",fr,3838,-4.627701,-23.627792
LTR-034,"Les uns avoient des fléches enfoncées dans les bras ; les autres en avoient dans la tête, & le sang couloit sur leur visage.",fr,3839,-91.897224,-13.279938
LTR-034,"Quelques-uns se perçoient le bras avec un coûteau, & faisoient rejaillir le sang sur leurs camarades : cette barbarie étoit regardée comme une preuve de courage.",fr,3840,-93.43374,-12.139609
LTR-034,"On m'assura qu'il y en avoit plusieurs qui, en approchant de la fenêtre de leurs maitresses, s'enfonçoient une autre fléche dans quelque partie du corps pour leur prouver leur amour, & qu'elles ne manquoient jamais de donner un signe d'approbation à cette galanterie.",fr,3841,-19.650795,22.656475
LTR-034,Toutes les femmes sont voilées pour voir ce Spectacle.,fr,3842,-40.503754,-41.521854
LTR-034,"Il dura huit heures, & m'ennuya beaucoup, quoique je fusse chez la veuve du Capitan Bassa, Amiral, laquelle me fit toutes sortes de politesses : elle m'engagea à prendre du caffé, des confitures & du sorbet.",fr,3843,4.8241706,44.02233
LTR-034,Deux jours après j'allai voir la Mosquée du Sultan Sélim I.,fr,3844,-16.923668,44.345192
LTR-034,Ce bâtiment est digne de la curiosité d'un voyageur.,fr,3845,-38.13821,-25.154226
LTR-034,"Quoique je fusse habillée à la mode du pays, j'imagine qu'on savoit qui j'étois ; cependant on ne fit aucune difficulté de me laisser entrer ; le portier même eut l'attention de me conduire par-tout.",fr,3846,1.1996908,19.259426
LTR-034,"Cette Mosquée a quelque chose de majestueux : elle est située au milieu de la ville, & dans le lieu le plus élevé.",fr,3847,-39.545197,-23.177094
LTR-034,"La premiere cour a quatre portes ; la seconde, trois ; & toutes les deux sont environnées de portiques, dont les piliers sont de marbre & d'Ordre Ionique ; le pavé est de marbre blanc.",fr,3848,-66.69284,-10.390232
LTR-034,"Le haut de ces portiques forme plusieurs coupoles ou dômes, sur chacun desquels on voit un globe doré.",fr,3849,-70.70809,-12.192684
LTR-034,"Au milieu des deux cours il y a de belles fontaines de marbre blanc : devant la grande porte de la Mosquée est un portique soutenu par des piliers de marbre verd, qui forment cinq portes.",fr,3850,-66.951706,-9.163642
LTR-034,"Le corps de la Mosquée fait un dôme d'une grandeur prodigieuse; mais j'entends si peu l'architecture, que je n'ose parler des proportions : elle me parut cependant assez réguliere.",fr,3851,-47.105133,-23.608534
LTR-034,"L'édifice est très-élevé, & j'ose assûrer que, de tous les bâtimens que j'ai jamais vus, c'est celui qui a l'air le plus majestueux.",fr,3852,-24.624947,-24.240562
LTR-034,Il y a deux rangs de galeries soutenues par des piliers; les balustrades sont de marbre : le pavé de la Mosquée est aussi de marbre; il est couvert de tapis de perse.,fr,3853,-68.420555,-10.120234
LTR-034,"L'on n'y voit ni prie-Dieu, ni ces différentes espèces de bancs qu'on trouve dans nos Eglises; & cette simplicité m'a paru assez noble.",fr,3854,-20.996437,-18.866005
LTR-034,"On n'y défigure point les piliers, qui sont presque tous de marbre rouge ou blanc, par de petites statues, ni par des images ridicules, qui donnent aux Eglises des Catholiques Romains l'air de bouti- ques de Tabletiers.",fr,3855,-47.110775,-16.08868
LTR-034,"Il y a sur les murailles des fleurs dont la couleur est si vive, qu’au premier coup d’œil je ne pus jamais imaginer de quelle matière elles étoient ; mais, en approchant, je vis que c’étoit de la porcelaine du Japon : cela fait un très-bel effet.",fr,3856,-58.23195,-17.417276
LTR-034,"On voit au milieu de cette Mosquée une très-grande quantité de lampes de vermeil, parmi lesquelles il s’en trouve une qui est d’une grandeur prodigieuse.",fr,3857,-66.2227,-14.774
LTR-034,"Elles doivent faire un beau coup d’œil lorsqu’elles font toutes allumées : mais les femmes ne peuvent voir ce spectacles, parce qu’on ne les allume que la nuit.",fr,3858,-40.864132,-41.848557
LTR-034,"Sous la grosse lampe est une chaire de bois, dont la sculpture est dorée ; & tout auprès, une fontaine où l’on se lave ; ce qui fait, comme vous le savez, un article essentiel de la Religion des Turcs.",fr,3859,-64.06969,-11.305916
LTR-034,Dans un coin de cette Mosquée est une tribune fermée par des jalousies dorées : c'est-là que le Grand-Seigneur entend l'Office.,fr,3860,-69.74145,-14.059242
LTR-034,"Au bout on voit une grande niche, dans laquelle est un autel où l'on monte par des marches : il est couvert de brocard d'or, & il y a sur le devant deux chandeliers de vermeil, d'une grandeur assez considérable ; dans chacun d'eux on voit une chandelle de cire blanche de la grosseur d'un homme.",fr,3861,-72.51128,-9.480766
LTR-034,"Le dehors de la Mosquée est orné de plusieurs tours, dont le dessus est tout doré : c'est de-là que les Imaums appellent le peuple à l'Office.",fr,3862,-68.23148,-14.035538
LTR-034,"J'eus la curiosité de monter sur une de ces tours, dont la construction me parut surprenante.",fr,3863,-9.105106,-20.466778
LTR-034,"On arrive par la même porte à trois différens escaliers qui conduisent aux trois étages de la tour ; mais ces escaliers, qui font le tour de ce bâtiment, sont distribués de maniere que trois Der- vis peuvent les monter sans se rencontrer ; ce qui est admiré des connoisseurs.",fr,3864,-64.82663,-2.2031746
LTR-034,Derriere la Mosquée est une Bourse où les pauvres Artisans sont logés gratis.,fr,3865,-49.93559,-7.0438924
LTR-034,"Lorsque j'entrai dans cette Mosquée, j'y vis plusieurs Dervis qui célébroient l'Office.",fr,3866,-16.552992,-17.65333
LTR-034,"Leur robe est d'une étoffe de laine unie ; ils ont les bras nuds ; un bonnet de laine, semblable à un chapeau profond, mais sans bords, couvre leur tête.",fr,3867,-75.94,-26.359196
LTR-034,"J'ai été voir d'autres Mosquées qui sont construites dans le même ordre d'architecture que celle de Sélim I. mais qui ne l'égalent pas, à beaucoup près, en magnificence : elles ont cependant toutes en général l'air plus majestueux que les Eglises d'Allemagne & d'Angleterre : je ne parle pas de celles qui font dans les pays où je n'ai point passé.",fr,3868,-21.699707,-19.893427
LTR-034,Le Serrail n'a rien de frappant ; mais les jardins en font très-grands ; il y a beaucoup de fontaines & d'arbres c'est tout ce que j'en puis dire : car je n'y ai point été.,fr,3869,-54.794765,-8.558246
LTR-034,Je crois qu'il est inutile que je vous fasse un détail des cérémonies qui se font observées à l'entrée & à l'audience de Milord M*** : ce sont toujours les mêmes ; je ne répéterai point ce qui a été tant de fois écrit.,fr,3870,17.535564,-13.601532
LTR-034,Le fils du Sultan peut avoir onze ans : aux audiences d'Ambassadeur il est assis à côté de son pere.,fr,3871,-33.978733,41.149067
LTR-034,C'est un beau jeune homme ; mais il n'y a pas d'apparence qu'il succéde immédiatement à l'Empereur régnant.,fr,3872,-32.94445,43.92288
LTR-034,"Mustapha a laissé deux fils, dont le plus âgé a vingt ans : le peuple a fondé de grandes espérances sur lui ; & il paroît qu'il ne regrettera pas celui qui le gouverne aujourd'hui : il passe pour être avare & cruel.",fr,3873,-33.235306,40.946766
LTR-034,"Je suis, &c.",fr,3874,42.136856,19.078709
LTR-034,Je vous écrirai encore de Constantinople.,fr,3875,11.883702,-28.170498
LTR-035,"J'AI fait un voyage très agréable : le tems étoit extrêmement beau ; &, comme nous sommes à présent dans la plus belle saison de l'année, les prairies offroient le plus riant spectacle du monde.",fr,3876,-30.94981,-22.75701
LTR-035,"Elles étoient toutes couvertes de ces fleurs dont nous décorons nos parterres, & d'herbes odoriférantes ; ma berline, en les foulant, parfumoit l'air.",fr,3877,-59.159676,-11.846024
LTR-035,"Le Grand-Seigneur nous a fourni trente chariots couverts pour nos bagages, & cinq carrosses Turcs pour mes femmes.",fr,3878,1.7589583,63.993977
LTR-035,"Tous les chemins étoient occupés par les Grands-Spahis, qui venoient de l'Asie avec leurs équipages pour joindre l'armée.",fr,3879,-63.875824,49.21707
LTR-035,"Ils ne voya- gent jamais sans leurs tentes ; je n'ai point voulu en accepter, préférant de loger dans des maisons.",fr,3880,-34.46612,30.492973
LTR-035,"Je ne vous ferai point ici une liste ennuyeuse des noms des Villages par où nous avons passé ; je me contenterai de vous parler du Conac, ou petit Serrail qu'on a bâti à Ciorlci pour le Grand-Seigneur, lorsqu'il passe par-là.",fr,3881,5.872706,-32.728676
LTR-035,J'eus la curiosité de visiter tous les appartemens destinés pour les Dames de la Cour.,fr,3882,-8.972449,-17.633718
LTR-035,"Ils sont situés au milieu d'un bouquet d'arbres touffus, & rafraîchis par des fontaines.",fr,3883,-59.273907,-8.065184
LTR-035,"Je fus assez surprise de trouver les murailles toutes couvertes de Vers Turcs, écrits avec le pinceau.",fr,3884,-59.299995,-13.68222
LTR-035,"Je me les fis expliquer par mon Interprete, & j'en trouvai plusieurs qui étoient assez bien tournés ; cependant je crois, comme il en convint lui-même, qu'ils perdent beaucoup dans la traduction.",fr,3885,4.8318467,-13.852714
LTR-035,"En voici un traduit littéra- lement : » Nous venons dans ce Mon- » de, nous y séjournons, & nous par- » tons : celui qui est logé dans mon » coeur n'en sort jamais «.",fr,3886,21.070177,45.77077
LTR-035,"En continuant notre route, nous avons passé par de belles prairies émaillées qui sont le long du rivage de la Mer de Marmara; c'est l'ancienne Propontide.",fr,3887,-63.591805,32.770737
LTR-035,"La nuit suivante nous couchames à Sélivrée, qui étoit autrefois une Ville célébre : c'est à présent un bon Port de mer, & assez bien bâti; il y a un Pont de 32 arcades.",fr,3888,-60.94622,37.255398
LTR-035,On y trouve une ancienne & fameuse Eglise Grecque.,fr,3889,-41.44944,-29.146952
LTR-035,"J'avois prêté un de mes carrosses à une Dame Grecque qui étoit charmée de trouver l'occasion de voyager avec moi; elle avoit dessein de faire ses dévotions à cette Eglise, & je l'y accompagnai.",fr,3890,-0.036244396,40.796947
LTR-035,Cet édifice est mal bâti; on y voit les mêmes ornemens que dans les Eglises des Catholiques Romains ; mais ils sont moins riches.,fr,3891,-44.01671,-19.05802
LTR-035,"On me montra le corps d'un Saint où je jettai une pièce d'argent ; on me fit voir en outre un portrait de la Vierge, qu'on prétend avoir été peint par S. Luc : il ne prouve pas que ce Saint fût fort habile dans l'art de peindre ; cependant la plus belle Notre-Dame d'Italie n'est pas plus célébre par les miracles.",fr,3892,-28.010015,-40.53928
LTR-035,Les Grecs ont un très-mauvais goût pour la peinture : tous leurs tableaux sont à fond d'or : ils croient les embellir par-là.,fr,3893,-53.50005,-29.192896
LTR-035,Jugez de l'effet que cela doit faire.,fr,3894,30.314499,-28.359974
LTR-035,Dans leurs peintures on ne voit ni ombres ni proportions.,fr,3895,-15.651065,-30.632921
LTR-035,Ils ont un Evêque qui officie en robe de pourpre.,fr,3896,-70.627396,-35.375557
LTR-035,Il eut la politesse de m'envoyer à mon logement une chandelle presque aussi grosse que mon corps.,fr,3897,-24.715483,-48.440704
LTR-035,"Nous restâmes à coucher dans une Ville appellée Bujuk-Cekmege, ou Grand-Pont : le lende- main nous nous arrêtâmes à Kujuk-Cekmege, ou Petit-Pont.",fr,3898,-59.053665,37.078033
LTR-035,La maison où nous logeâmes est assez agréable : c’étoit autrefois un Monastère de Dervis.,fr,3899,-55.399414,31.346214
LTR-035,"En entrant, on trouve une grande cour, environnée d’un cloître bâti en marbre ; il y a une belle fontaine au milieu.",fr,3900,-64.59302,-9.453355
LTR-035,"Le point de vue de cette maison & des jardins qui l’environnent, est le plus beau que j’aye jamais vu ; il prouve que les Moines de toutes les Religions savent toujours bien choisir leurs retraites.",fr,3901,-22.85446,-22.769474
LTR-035,"Il est à présent occupé par un Hogia, ou Maître d’école, qui enseigne les enfans.",fr,3902,-6.9177094,-71.08542
LTR-035,"Je le priai de me montrer son appartement particulier ; je fus fort surprise de voir qu’il me montroit un cyprès très-élevé, au haut duquel son lit étoit placé, & un peu plus bas celui de sa femme & de deux enfans qui, comme lui, couchoient tou- tes les nuits dans cet arbre.",fr,3903,-18.338484,40.212597
LTR-035,"Cela me parut si plaisant, que j'eus la curiosité d'examiner ces nids de plus près : mais lorsque j'eus monté cinquante échelons, je vis qu'il m'en restoit encore autant pour arriver au haut de l'arbre, & qu'il me faudroit aller de branche en branche, j'eus peur pour mon cou, & je descendis.",fr,3904,14.2726345,26.68924
LTR-035,"Nous arrivâmes le lendemain à Constantinople ; mais je ne puis vous en parler encore ; je n'ai été occupée qu'à recevoir des visites qui m'ont assez récréé la vue, parce que les femmes sont, en général, trés-belles ici, & qu'elles savent toutes se mettre avec goût.",fr,3905,4.1598444,26.764511
LTR-035,"Notre Hôtel est dans Pera, qui n'est pas plus un Fauxbourg de Constantinople, que Westminster n'en est un de Londres.",fr,3906,-24.94608,-33.62928
LTR-035,Tous les Ambassadeurs sont logés fort près les uns des autres.,fr,3907,-61.60266,-46.578636
LTR-035,"De notre Hôtel on découvre le Port, la Ville, le Serrail, & les montagnes éloignées de l'Asie, ce qui fait le plus beau coup d'œil du monde.",fr,3908,-59.930668,24.393717
LTR-035,Un Auteur François dit que Constantinople est deux fois aussi grande que Paris; Milord M*** prétend qu'elle n'est pas plus grande que Londres; pour moi je trouve le contraire; mais je ne la crois pas si peuplée.,fr,3909,-3.0178487,-41.516197
LTR-035,"Les champs où l'on enterre les morts sont certainement beaucoup plus spacieux que toute la Ville, & je suis étonnée que l'on perde tant de terrein pour cet usage en Turquie.",fr,3910,-33.629776,-14.900179
LTR-035,"J'ai vu des cimetieres de plusieurs milles d'étendue, qui servoient à enterrer les morts d'un très-petit Village qui avoit autrefois été une grande Ville, & qui n'en conservoit plus que cette triste marque.",fr,3911,-42.34732,-4.5327864
LTR-035,"Les Turcs ont pour maxime de ne jamais toucher à une pierre qui sert de monument : il y en a quelques- uns qui sont de très-beau marbre, & qui coûtent fort cher.",fr,3912,-51.643032,-26.943369
LTR-035,On érige ordinairement à la mémoire d'un homme une colonne au haut de laquelle on fait sculpter un turban.,fr,3913,-78.6744,-1.7272367
LTR-035,"Comme les turbans, par leurs formes, dénotent la qualité & la profession d'un homme, cela fait le même effet que si l'on mettoit des armes sur le tombeau du mort ; d'ailleurs on grave ordinairement une inscription en lettres d'or sur la colonne.",fr,3914,-78.01388,-2.5645378
LTR-035,"Le tombeau des femmes a une colonne sans aucun ornement ; mais on met une rose au haut, lorsqu'elle est destinée pour celui d'une fille.",fr,3915,-77.124664,0.734071
LTR-035,Chaque famille a sa sépulture particuliere ; elle est environnée de grillages & plantée d'arbres tout autour.,fr,3916,-58.759525,-3.3540478
LTR-035,"Dans celle des Sultans & des Grands, il y a toujours des lampes allumées.",fr,3917,-58.404087,-40.814888
LTR-035,"En vous parlant de la Religion des Turcs, j'ai oublié deux particularités.",fr,3918,4.5369473,-26.364574
LTR-035,"J'en avois lu une ; mais elle me paroissoit si bizarre, que je la croyois fausse : elle est cependant vraie.",fr,3919,4.8244853,-7.0808372
LTR-035,"C'est que lorsqu'un mari a répudié sa femme d'une maniere solemnelle, il ne peut la reprendre qu'à une condition, qui est de permettre à un autre homme de passer une nuit avec elle ; & il s'en trouve qui aiment mieux subir cette loi, que d'être privés pour toujours d'une femme pour laquelle leur passion s'est rallumée.",fr,3920,-27.511602,32.328762
LTR-035,"L'autre particularité est un point de doctrine bien extraordinaire : toute femme qui meurt sans être mariée, est regardée comme une réprouvée.",fr,3921,-35.55351,20.862072
LTR-035,"Cette croyance est fondée sur l'opinion où les Turcs sont que la femme n'est créée que pour croître & multiplier ; & qu'elle ne remplit sa vocation, que lorsqu'elle fait des enfans, ou qu'elle les éleve, & c'est tout ce que Dieu lui demande.",fr,3922,-25.10264,27.697775
LTR-035,"Les femmes ne peuvent être effectivement astreintes à d'autres devoirs en Turquie, puisque tout commerce avec le Public leur est interdit.",fr,3923,-31.852741,12.024806
LTR-035,"Nous sommes persuadés que les Mahométans ne croient point qu'elles ayent une ame ; mais nous nous trompons : il est vrai qu'ils prétendent que l'ame des femmes n'est pas d'une espèce si élevée que celle des hommes, & qu'elles n'entreront point dans le Paradis qui leur est destiné à eux qui doivent être seuls dans la compagnie des Béatitudes célestes ; mais ils croient qu'il y a un lieu de félicité destiné pour les femmes vertueuses, & où elles jouiront d'un bonheur éternel.",fr,3924,-16.329754,7.2114134
LTR-035,"Il y a beaucoup de femmes assez superstitieuses pour ne pas vouloir rester veuves dix jours, de crainte d'être réprouvées en mourant, comme des créatures inutiles : mais celles qui aiment leur liberté, & qui font moins scrupuleuses, ne se marient que lorsqu'elles craignent de mourir.",fr,3925,-37.079823,18.798487
LTR-035,Ce précepte de Religion est bien différent de celui qui enseigne qu'il n'y a rien de si agréable à Dieu qu'un vœu de chasteté perpétuelle.,fr,3926,-18.0559,9.600913
LTR-035,Je vous laisse à juger laquelle est la plus raisonnable de ces deux doctrines.,fr,3927,-20.156746,9.306
LTR-035,"J'ai une collection de médailles Grecques, qui commence déjà à être nombreuse.",fr,3928,-33.146935,-45.402534
LTR-035,"Il y a ici des Antiquaires de profession, toujours tout prêts à en vendre à ceux qui en veulent acheter.",fr,3929,-48.89815,-44.86849
LTR-035,Vous ne sauriez croire de quel œil ils me fixent lorsque je leur en demande : je crois qu'ils s'imaginent qu'il n'est permis de chercher des médailles antiques qu'à ceux qui sont eux-mêmes des antiquités.,fr,3930,-0.07820658,-28.715504
LTR-035,"Il y en a dans ma collection quelques-unes des Rois de Macé- doine, qui sont fort rares, principalement un Persée : il est si bien gravé, que ses traits semblent annoncer ses vices.",fr,3931,-48.533363,-36.97308
LTR-035,J'ai une tête de porphyre qui est une véritable sculpture Grecque.,fr,3932,-30.764578,-45.495243
LTR-035,"Les Savans à qui je la ferai voir à mon retour, n'auront pas la satisfaction de savoir qui elle représente ; car les Antiquaires de qui on achete ces raretés, sont tous Grecs, & d'une ignorance extrême ; ils ne savent que vendre.",fr,3933,1.0864174,-29.038654
LTR-035,"Ils ont des correspondances à Alep, au Grand-Caire, en Arabie & en Palestine, qui leur envoyent tout ce qu'ils peuvent trouver, & souvent de gros morceaux de cuivre qui ne sont propres qu'à faire des casseroles & des chaudrons.",fr,3934,-38.537617,7.158256
LTR-035,"Ils vendent tout le plus cher qu'ils peuvent, sans distinguer ce qui est précieux, d'avec ce qui ne l'est pas.",fr,3935,-32.498222,0.06351194
LTR-035,Ceux qui croient avoir un peu de connois- ance ne manquent jamais de trouver l'image de quelque Saint sur les médailles des Villes Grecques.,fr,3936,-32.97535,-41.96635
LTR-035,"Un d'entr'eux, me montrant, sur le revers d'une médaille, Pallas avec une victoire dans sa main, m'assura que c'étoit la Vierge qui tenoit un Crucifix : Le même me présenta la figure de Socrate sur une sardoine, & pour en rehauffer le prix, il lui donna le nom de S. Augustin.",fr,3937,-29.695793,-41.983437
LTR-035,"J'ai demandé une Momie, qui, je crois, me parviendra sans qu'il lui arrive le même accident qui est arrivé à une très-belle que le Roi de Suede avoit fait acheter : elle lui coûtoit fort cher ; mais les Turcs s'imaginerent que ce Prince avoit formé quelque projet, & que, pour le faire réussir, il lui falloit cette Momie ; en conséquence, ils se persuaderent que c'étoit le corps de... Dieu sait qui ; & que la conservation de leur Em- pire dépendoit mystiquement de celle de ce corps : ils rappellerent à cette occasion quelques anciennes prophéties, & finirent par mettre la Momie dans les sept tours, où elle est restée prisonniere depuis ce tems.",fr,3938,-11.809603,19.62127
LTR-035,Je n'ose employer mon crédit pour la délivrer ; mais j'espere que la mienne passera sans être examinée.,fr,3939,21.406876,-9.497103
LTR-035,Je ne puis à présent vous dire autre chose de Constantinople.,fr,3940,11.497847,-28.406038
LTR-035,Vous recevrez de mes nouvelles lorsque j'aurai eu le tems de me reconnoître.,fr,3941,32.03899,10.397813
LTR-035,"Je suis, Monsieur, Votre, &c.",fr,3942,40.149223,17.273209
LTR-035,LETTRE,fr,3943,42.280724,-56.40702
LTR-036,JE compte que vous avez reçu à présent deux ou trois de mes Lettres.,fr,3944,25.764221,-0.93551224
LTR-036,"Celle où vous me supposez morte & enterrée ne m'est parvenue qu'hier, quoique datée du trois Février.",fr,3945,33.99803,42.260033
LTR-036,"Je vous ai déjà appris que j'étois encore de ce monde ; mais en vérité, je compare ma situation actuelle à celle des esprits séparés des corps.",fr,3946,14.660968,16.377598
LTR-036,Les chaleurs de Constantinople sont cause que je suis dans ce lieu qui répond parfaitement à la description des Champs Elisées.,fr,3947,-2.5264578,-36.59402
LTR-036,"C'est un bois planté d'arbres fruitiers, qui font arrosés par un grand nombre de fontaines, dont l'eau est très-claire & très-bonne ; ils ombragent plu- sieurs belles allées : la terre est couverte d'une si agréable verdure, qu'elle me semble être l'ouvrage de l'Art : mais on m'assûre que c'est celui de la Nature.",fr,3948,-58.245464,-8.088535
LTR-036,"Nous découvrons la Mer Noire, qui nous rafraîchit par ses brises, & calme les excessives chaleurs de l'été.",fr,3949,-29.672188,-28.405209
LTR-036,Ce Village n'est habité que par des Chrétiens qui font fort riches : ils vont tous les soirs chanter & danser sur le bord d'une fontaine qui n'est qu'à quarante pas de la maison que j'habite.,fr,3950,-56.794636,11.877911
LTR-036,La beauté & l'habillement des femmes me rappellent à l'idée les tableaux que les Poëtes & les Peintres font des Nymphes.,fr,3951,-42.282516,-37.179115
LTR-036,"L'état dans lequel est mon esprit, me persuade presque que je suis malade : j'ignore entierement ce qui se passe parmi les vivans ; & si le hazard m'en donne quelques nouvelles, je les reçois avec une extrême indifférence.",fr,3952,15.183212,18.40261
LTR-036,"Je con- serve cependant toujours du penchant pour mes amis & mes connoissances que j'ai laissés dans le monde, selon ce que dit un admirable Auteur : „ Les esprits des morts con- >> servent toujours de la tendresse >> pour les amis & les parens qu'ils >> ont laissés derriere eux.",fr,3953,24.886978,19.087042
LTR-036,« Personne ne peut nier cette vérité : j'en suis moi-même un exemple.,fr,3954,6.431499,-6.939594
LTR-036,Virgile dit aussi :  ... Curæ non ipsæ in morte relinquunt.,fr,3955,30.516087,34.25944
LTR-036,"Pour que le lieu que j'habite fût de véritables Champs Elisées, il faudroit qu'il y eût un fleuve Léthé : mais je ne suis pas assez heureuse pour y en trouver.",fr,3956,-6.9241743,-49.94083
LTR-036,"En vérité, la danse, le chant, & la clarté du soleil m'ennuient, & je soupire après la fumée & les impertinences qui vous fatiguent.",fr,3957,24.192556,22.79275
LTR-036,"Je fais cependant ce que je peux pour me persuader que je vis ici dans une plus agréable variété, & que le lundi chasser aux perdrix ; la mardi, lire de l'Anglois ; le mercredi, étudier la Langue Turque, dans laquelle, à propos, je suis déjà fort savante ; le jeudi, lire les Auteurs Classiques ; le vendredi, écrire; le samedi, m'occuper avec mon aiguille ; le Dimanche, recevoir des visites & entendre de la musique, est employer plus agréablement la semaine, que d'aller le lundi à la Cour, le mardi chez Milady Mohuns, le mercredi à l'Opera, le jeudi à la Comédie, le vendredi chez Milady Chetwynds, &c.",fr,3958,-8.957975,14.66758
LTR-036,"Dans ce cercle continuel d'actions, on voit le même scandale, les mêmes folies répétées cent & cent fois, & elles ne me font pas plus d'impression ici qu'aux autres morts.",fr,3959,-12.1559925,-20.277746
LTR-036,"Dans l'état où je suis actuellement, je peux entendre tout sans indignation; je ne suis capable que de pitié.",fr,3960,-3.0162566,-0.43710455
LTR-036,"Quand je réfléchis à l'espace immense qui est entre vous & moi, les nouvelles qui m'arrivent ne m'affectent plus ; si elles m'annoncent un sujet de joie ou de tristesse, je pense que ce sujet a eu le tems de changer avant que j'en fusse informée.",fr,3961,17.985325,-9.456286
LTR-036,"Mais cette indifférence ne s'étend pas jusqu'a mes amis, comme je l'ai déjà dit : je serai toujours flatée si vous voulez en être du nombre, aussi-bien que Madame Congreves, & je désire de vivre toujours dans votre amitié.",fr,3962,14.658506,11.942444
LTR-036,"Je suis, &c.",fr,3963,41.938595,18.629898
LTR-037,"JE vous demande pardon, Milady, mais je n'ai pu m'empêcher de rire, même de bon cœur, à la lec- ture de votre Lettre, & des commissions dont vous voulez bien m'honorer.",fr,3964,22.198652,3.7298744
LTR-037,"Vous me priez d'abord de vous acheter une Esclave Grecque, ornée de toutes fortes de qualités; mais les Grecs sont Sujets, non Esclaves des Turcs.",fr,3965,11.606864,-36.29398
LTR-037,"Les filles que l'on vend ici ont été ou prises à la guerre, ou enlevées en Russie, en Circassie, ou enfin en Géorgie ; & ce sont toutes de pauvres malheureuses si mal-adroites, que vous n'en voudriez prendre aucune pour servante de fatigue.",fr,3966,-36.362484,8.80834
LTR-037,"Il est vrai qu'on en avoit enlevé plusieurs milles dans la Morée ; mais la plûpart a été rachetée par les Chrétiens, & le reste par les parens qu'elles avoient à Venise.",fr,3967,-34.087967,-58.10148
LTR-037,"Ces belles Esclaves, qui fervent les femmes de qualité, aussi-bien que celles qui sont destinées aux plaisirs des grands Seigneurs, sont toutes achetées à l'âge de huit à neuf ans, & on leur apprend avec soin à danser, chanter, broder, &c.",fr,3968,-48.923508,19.810991
LTR-037,"Elles sont presque toutes Circassiennes; leurs maîtres ne les vendent jamais, que quand elles ont fait quelque faute grave.",fr,3969,-41.786617,12.268089
LTR-037,"S'ils s'en dégoûtent, ils en font présent à un de leurs amis, ou leur rendent la liberté.",fr,3970,-49.1226,24.718187
LTR-037,"Celles qui sont exposées dans les marchés, sont toujours coupables de quelque crime, ou si grossieres, & si maladroites, qu'elles ne sont propres à rien du tout.",fr,3971,-33.22836,4.71211
LTR-037,"Je crains que vous n'ajoûtiez pas foi à ce langage, qui est bien différent de l'opinion qu'on a en Angleterre ; mais qui est cependant vrai.",fr,3972,4.580787,-5.0412774
LTR-037,Toute votre Lettre est remplie de méprises d'un bout à l'autre.,fr,3973,27.803846,-1.1174797
LTR-037,"Je m'apperçois que vous avez pris vos idées de la Turquie dans Dumont, ce digne Auteur, qui a écrit avec autant d'ignorance que de con- fiance.",fr,3974,11.3762865,-19.06798
LTR-037,"C'est un amusement singulier pour moi, de lire ici les voyages du Levant, qui sont tous en général remplis de mensonges & d'absurdités.",fr,3975,10.296922,-13.242088
LTR-037,"Les Auteurs de ces fortes de rela-tions ne manquent jamais d'entrer dans des détails sur ce qui regarde les femmes, quoiqu'ils n'en ayent certainement jamais vû une seule; & de parler des mœurs des hommes, comme d'une chose qui leur est très-connue, quoiqu'ils ne se soient jamais trouvés avec eux: souvent ils ont même la hardiesse de donner la description des Mosquées dans lesquelles ils n'ont osé seulement regarder par un trou.",fr,3976,-25.82598,19.26008
LTR-037,"Les Turcs sont en général très-fiers, & ne conversent jamais avec un étranger, s'ils ne sont certains qu'il tient un rang distingué dans son Pays.",fr,3977,-41.026478,11.057397
LTR-037,Je ne parle que des Turcs de marque; & vous pouvez bien vous imaginer quelle idée la conversation de ceux du commun peut donner du génie de la Nation en général.,fr,3978,3.6446939,-24.445375
LTR-037,Je vous enverrai certainement du baume de la Mecque ; mais il est beaucoup plus difficile d'en avoir que vous ne pensez.,fr,3979,22.29821,-13.925054
LTR-037,"D'ailleurs, je ne vous conseille pas d'en faire usage.",fr,3980,37.020084,-0.20817065
LTR-037,Je ne sais pourquoi on le vante tant.,fr,3981,-7.3527517,-3.9272072
LTR-037,"Toutes les Dames que je connois à Londres & à Vienne, m'ont priée, avec beaucoup d'instances, de leur en envoyer des pots.",fr,3982,0.29997364,27.083437
LTR-037,On m'en a donné une certaine quantité de la meilleure espéce; ce qui fait un présent fort honnête.,fr,3983,3.704156,-9.282368
LTR-037,"Je me suis hâtée d'en mettre sur mon visage, parce que j'en attendois quel-qu'effet surprenant ; il est vrai qu'il l'a été beaucoup.",fr,3984,4.3296227,-8.479195
LTR-037,"Dès le lendemain, mon visage a extraordinairement enflé, & est devenu aussi rouge que celui de Milady ***.",fr,3985,-20.016026,14.268222
LTR-037,"J'ai été trois jours entiers dans ce triste état, & je croyois y rester toute ma vie : vous imaginez bien que j'étois fort inquiet-te : pour surcroît d'amusement, Milord M*** ne cessoit de me repro-cher mon imprudence.",fr,3986,8.681792,32.414448
LTR-037,"A la fin, mon visage s'est remis dans son ancien état ; les Dames me disent qu'il est même beaucoup mieux qu'il n'étoit ; mais je ne m'apperçois point de cet embellissement dans mon miroir.",fr,3987,1.3418523,21.964535
LTR-037,"Il est vrai que, si l'on jugeoit de l'effet du baume par leur visage, à elles, on en auroit une opinion fort avan-tageuse.",fr,3988,0.61074233,-55.117874
LTR-037,"Elles en font toutes usage, & leur teint est d'une beauté ravis-sante.",fr,3989,-61.937992,-31.204023
LTR-037,"Pour moi, je n'ose m'exposer une seconde fois à la même douleur ; je laisserai mon teint suivre le cours de la Nature, & ne chercherai point à empêcher le tems de le flétrir : en un mot, je fais peu de cas des re- mèdes de cette espece.",fr,3990,16.988682,20.953794
LTR-037,"Pour vous, Madame, vous ferez ce qu'il vous plaira ; souvenez-vous seulement, avant de vous en servir, que votre visage sera pendant quelques jours dans un état où vous n'oserez le montrer à la Cour.",fr,3991,5.478763,-50.049614
LTR-037,Les Dames Turques prétendent qu'il y a un moyen de se faire aimer plus sûr que celui de devenir belles : vous savez qu'on n'en connoît point d'autre dans notre Pays.,fr,3992,-17.038595,4.4223433
LTR-037,"Elles sont persuadées qu'il y a des secrets, qu'elles disent connoître, par lesquels elles peuvent enchanter celui qui leur plaît, & prendre un empire absolu sur lui.",fr,3993,-29.500834,54.15183
LTR-037,"Comme je ne suis pas crédule, je n'ajoûte aucune foi à cet enchantement.",fr,3994,11.247306,20.996986
LTR-037,"Je disputai hier au soir, sur cet article, avec une Dame, à qui je dois rendre la justice de dire qu'elle parle très-pertinemment sur tout autre sujet que celui-là : mais elle se fâcha réellement contre moi, voyant qu'une quarantaine de contes qu'elle m'avoit faits à ce sujet ne me persuadoient point.",fr,3995,-2.893248,24.463352
LTR-037,"Enfin, elle finit par me faire l'histoire de plusieurs mariages ridicules, auxquels on ne pouvoit attribuer d'autre cause, disoit-elle, que ces enchantemens.",fr,3996,-1.9584585,23.895132
LTR-037,"Je l'assurai qu'en Angleterre, où l'on ne connoissoit nullement la magie, où les femmes n'étoient pas, à beaucoup près, si belles qu'ici, & enfin où il faisoit de moitié moins chaud, on voyoit des mariages ridicules, & , qu'on ne regardoit point comme une chose surnaturelle de voir un homme faire des folies pour une femme.",fr,3997,-15.305023,6.1606817
LTR-037,Mais toutes ces raisons ne furent pas capables de détruire en elle un préjugé qu'elle appelloit certitude.,fr,3998,15.2776985,37.34595
LTR-037,"Elle ajoûta, qu'elle se feroit scrupule d'user d'enchantemens ; mais qu'elle le pourroit, si elle le jugeoit à propos.",fr,3999,-22.31514,23.170624
LTR-037,"Ensuite, en me regardant fixement, elle me dit, d'un ton dogmatique, qu'aucun enchantement ne pouvoit avoir d'effet sur moi ; qu'il y avoit quelques personnes dans le même cas, mais en très-petit nombre.",fr,4000,-1.2078844,22.82522
LTR-037,Jugez combien ce discours me fit rire.,fr,4001,29.515266,-26.81926
LTR-037,"Toutes les Dames Turques pensent cependant comme celle-là, & prétendent qu'elles ne font aucun pacte avec le Diable : il y a, disent-elles, des compositions qui peuvent inspirer de l'amour.",fr,4002,-19.424034,11.954521
LTR-037,"Je crois que quelqu'un qui pourroit envoyer en Angleterre un vaisseau chargé de ces compositions, auroit bientôt fait sa fortune.",fr,4003,3.9777508,-53.953197
LTR-037,Combien de femmes de notre connoissance donneroient tout ce qu'on leur demanderoit pour avoir de cette marchandise !,fr,4004,-16.61345,20.818897
LTR-037,"Adieu, ma chere Lady : je crois ne pouvoir finir ma Lettre par un sujet qui présente des idées plus agréables.",fr,4005,30.8252,-0.3848545
LTR-037,"Bien des gens, comme vous pouvez le croire, me feroient la cour en Angleterre, si, dans mes voyages, j'avois acquis une science qui leur seroit si utile.",fr,4006,25.662962,-14.212329
LTR-038,"JE vous suis très-obligée, ma chere Dame, de la Lettre amusante que vous m'avez écrite.",fr,4007,27.251738,1.8948768
LTR-038,"De toutes les personnes avec qui je suis en correspondance, vous êtes la seule qui ayez pensé assez juste pour croire que je serois charmée de savoir ce qui se passe parmi vous.",fr,4008,20.454615,7.6769767
LTR-038,"Toutes les autres me disent, presqu'en termes formels, que je sais tout : je ne peux imaginer sur quoi il leur plaît de fonder cette supposition ; à moins qu'elles ne soient persuadées qu'il y a encore dans ce Pays de la race du pigeon de Mahomet, duquel je reçois quelqu'intelligence surnaturelle.",fr,4009,-1.3896691,1.6660247
LTR-038,"Je voudrois bien pouvoir, par reconnoissance pour votre bonté, vous faire quelque relation amusante de ce Pays : mais j'ignore si, parmi les scènes qui s'y passent, j'en pourrai trouver qui piquent votre curiosité ; je doute même que vous en ayez pour des choses si éloignées de vous.",fr,4010,16.040842,6.614223
LTR-038,Je vous avouerai franchement que je ne suis guères disposée à ramasser ce qu'il peut y avoir d'amusant : toute mon attention est réunie à faire des préparatifs nécessaires pour l'augmentation de ma famille que j'attends de jour en jour.,fr,4011,13.379122,14.066715
LTR-038,"Mais la gloire qui m'en reviendra, la réflexion que je tomberois, sans cela, dans le mépris, me console de cet accident.",fr,4012,17.594551,18.304575
LTR-038,"Vous n'entendriez pas ce langage, si je ne vous instruisois qu'il est plus honteux dans ce Pays-ci pour une femme mariée de n'être pas mere, que de l'ê- tre dans le nôtre avant le mariage.",fr,4013,-15.061422,3.6192288
LTR-038,"Si-tôt qu'une femme cesse de faire des enfans, on croit que c'est la vieillesse qui en est la cause, quoiqu'elle ait l'air très-jeune.",fr,4014,-27.242651,27.271074
LTR-038,"En outre, la fécondité est aussi nécessaire pour être regardée comme une Beauté, que les preuves de noblesse pour être reçu Chevalier de Malte.",fr,4015,-34.400764,18.983288
LTR-038,"Aussi les femmes en Turquie sont si empressées de faire preuve de leur jeunesse, qu'outre les moyens naturels, elles emploient toutes sortes de stratagêmes ; ce qui les fait souvent périr.",fr,4016,-31.785957,-12.564795
LTR-038,"Toutes les femmes de ma connoissance ont, sans éxagérer, douze ou treize enfans, & les vieilles se glorifient d'en avoir eu vingt-cinq ou trente : c'est le plus grand nombre qui leur attire le plus de respect.",fr,4017,-44.376236,23.454636
LTR-038,"Lorsqu'elles sont enceintes, on leur entend répéter souvent ; ""qu'elles esperent que Dieu "" leur fera la grace d'en avoir deux » cette fois.",fr,4018,-25.001097,26.254534
LTR-038,"» Lorsque je leur demande, comment elles pourront pourvoir à la subsistance d'une famille aussi nombreuse qu'elles le desirent, elles me répondent que la peste en détruira infailliblement la moitié.",fr,4019,-24.446222,25.230867
LTR-038,"Cela arrive ordinairement, sans que les parens en prennent beaucoup de chagrin : leur tendresse est satisfaite lorsqu'ils ont produit beaucoup d'enfans, & elle n'est point allarmée lorsqu'ils les perdent.",fr,4020,-24.327402,23.287355
LTR-038,L'Ambassadrice de France & moi nous sommes obligées de nous conformer à cet usage.,fr,4021,-9.217773,50.84391
LTR-038,"Il n'y a guères plus d'un an qu'elle est ici ; elle a déjà eu un enfant, & est encore enceinte.",fr,4022,-36.619705,35.211006
LTR-038,"Ce qui me paroît le plus agréable pour les femmes dans ce Pays-ci, c'est qu'elles sont exemptes de la malédiction qui est attachée à notre sexe dans les autres : elles voyent toutes fortes de compagnies si-tôt qu'elles sont déli- vrées : au bout de quinze jours elles se parent de toutes leurs pierreries, & prennent des habits neufs pour rendre des visites.",fr,4023,-27.223608,10.649985
LTR-038,"Je souhaite que le climat influe sur moi, uniquement dans cette conjoncture: mais je crains de m’y trouver autant Angloise, que je le suis à l’égard du feu & de la peste, deux fléaux que l’on redoute très-peu ici.",fr,4024,14.142427,20.88247
LTR-038,"Plusieurs familles ont vu brûler leur maison, une ou deux fois, par la maniere extraordinaire avec laquelle on se chauffe.",fr,4025,-53.444767,13.202093
LTR-038,"Au lieu de poële ou de cheminée, les Turcs ont une machine nommée Tendour.",fr,4026,-51.131504,8.046653
LTR-038,"C’est une espece de coffre de bois élevé de deux pieds, où l’on met des cendres chaudes : on le couvre ensuite d’un beau tapis, ou d’une belle étoffe brodée ; pour se chauffer, on s’assied auprès, & l’on passe les jambes sous le tapis ; dans cette attitude on travaille ou on lit : si l’on s'endort, ce qui arrive assez souvent, on pousse le Tendour avec les pieds, on le renverse, & les cendres chaudes mettent le feu à la maison.",fr,4027,-71.95273,-4.9677954
LTR-038,Il y a environ quinze jours qu'il y en eut cinq cents de brûlées par un accident semblable.,fr,4028,-52.383705,14.486423
LTR-038,"J'en ai encore vu brûler plusieurs depuis : & j'ai remarqué que ceux à qui elles appartenoient ne paroissoient nullement émus d'un accident si ordinaire : ils mettent promptement leurs effets dans une barque, & regardent brûler leur maison avec le plus grand sang-froid du monde : leur personne est rarement en danger, parce qu'ils n'ont point d'escalier à descendre.",fr,4029,-51.026043,14.10299
LTR-038,Mais il y a assez long-tems que je vous entretiens d'objets qui ne m'amusent guères : je crois que je peux vous parler à présent de choses plus agréables.,fr,4030,20.20674,9.520837
LTR-038,Je suis dans un climat charmant.,fr,4031,-30.174482,-21.034359
LTR-038,"Aujourd'hui, quatre Jan- vier, vous êtes, sans doute, à vous geler auprès d'un misérable feu de charbon de terre ; & moi, dans le moment où je vous écris, j'ai fait ouvrir mes fenêtres pour profiter de la chaleur du soleil qui est extrêmement clair & pur ; ma chambre est garnie d'œillets, de roses & de jonquilles de mon jardin.",fr,4032,16.591894,52.6214
LTR-038,"Il y a plusieurs articles dans la Loi Turque qui m'enchantent : entre nous, ils font beaucoup plus sages & plus scrupuleusement exécutés que quelques-uns qui sont dans la nôtre.",fr,4033,-14.802301,-23.128176
LTR-038,"Les menteurs, en Angleterre, triomphent ordinairement de leur crime : ici, lorsqu'ils sont convaincus de quelqu'insigne fausseté, on les marque d'un fer chaud au front.",fr,4034,-22.973969,6.6583147
LTR-038,"Si cette Loi avoit lieu parmi nous, combien verrions-nous de beaux fronts défigurés !",fr,4035,9.581309,-50.043365
LTR-038,Combien d'aimables Gentilshommes se feroient faire des perruques qui leur descendroient jusqu'aux sourcils !,fr,4036,10.25898,-50.157364
LTR-038,Je vous parlerois de beaucoup d'autres Loix : mais il faut que j'appelle ma Sage-femme.,fr,4037,22.12577,-24.635096
LTR-039,"J'AI gardé avec vous, ma chere Soeur, un silence de plusieurs mois, & j'en suis plus affligée, que je ne peux vous l'exprimer : mais où vous adresserai-je mes Lettres ?",fr,4038,25.33712,1.578251
LTR-039,En quelle partie du Monde êtes-vous ?,fr,4039,42.589783,6.2212667
LTR-039,"Je n'ai point reçu de vos nouvelles depuis le petit Billet du mois d'Avril, par lequel vous m'apprenez que vous êtes sur le point de quitter l'Angleterre, & vous me promettez de me faire savoir quel endroit vous habiterez & où sera votre adresse : je n'ai encore rien appris de tout cela jusqu'à présent.",fr,4040,18.355206,-4.650397
LTR-039,La Gazette seule m'a annoncé votre retour à Londres.,fr,4041,25.026493,-5.756254
LTR-039,"J'ai merois mieux vous écrire dix Lettres, quand même elles devroient s'égarer toutes, que de vous mettre dans le cas de penser que je ne vous écris point du tout ; d'ailleurs, il y auroit bien du malheur si de ces dix il ne vous en parvenoit pas une.",fr,4042,21.37825,0.48703247
LTR-039,"Quoi qu'il en soit, je garde toutes les copies de mes Lettres, pour prouver l'envie que j'ai de partager avec vous les agrémens de mon voyage, sans en partager les fatigues & les désagrémens.",fr,4043,16.471119,14.006113
LTR-039,Je commence par vous féliciter d'avoir une nièce : j'accouchai d'une fille * il y a cinq semaines.,fr,4044,6.611796,-65.44311
LTR-039,"Je ne mets pas cette aventure au nombre de celles qui m'amusent, quoique les couches ne soient pas, à beaucoup près, si pénibles en Turquie qu'elles le font en Angleterre : il y a autant de différence qu'entre les rhumes de cerveau auxquels on est assez sujet ici, & la consomption qui est si commune à Londres.",fr,4045,1.1578877,-4.035767
LTR-039,Aucune femme ne garde la maison un mois après ses couches.,fr,4046,-34.668,32.91221
LTR-039,"Comme je ne suis point assez esclave de nos Coutumes pour les suivre lorsqu'elles sont inutiles, je rendis mes visites au bout de trois semaines.",fr,4047,7.7059894,20.90898
LTR-039,"Il y a environ quatre jours que je traversai le bras de mer qui sépare ce lieu de Constantinople, pour faire une nouvelle visite : j'y appris les choses du monde les plus curieuses.",fr,4048,5.706496,29.15855
LTR-039,"J'allai voir la Sultane Hafiten, favorite du feu Empereur Mustapha, qui, comme vous le savez sans doute, fut déposé par son frere le Sultan actuel, &, selon l'opinion générale, empoisonné au bout de quelques semaines.",fr,4049,-28.640038,45.269253
LTR-039,"Cette Dame, après la mort de Mustapha, reçut un ordre absolu d'abandonner le Serrail, & de choisir un mari parmi les Grands de la Porte.",fr,4050,-31.896347,50.23208
LTR-039,"Vous croirez, peut-être, qu'elle reçut cet ordre avec beaucoup de plaisir : point du tout.",fr,4051,13.550919,6.9098253
LTR-039,"Ces femmes, qui sont appellées Reines, & qui se croient telles, regardent la liberté de se remarier ainsi, comme le plus cruel affront qui puisse leur être fait.",fr,4052,-24.991276,13.041289
LTR-039,"La Sultane Hafiten se jetta aux pieds du Sultan, le pria de la poignarder, plutôt que de traiter la veuve de son frere avec tant de mépris.",fr,4053,-29.107521,47.755238
LTR-039,"Elle lui dit dans l'excès de sa douleur, qu'ayant donné cinq Princes à la Famille Ottomane, elle devoit être à l'abri d'un tel affront.",fr,4054,-26.332476,41.48826
LTR-039,Mais ces Princes étoient morts; il ne lui restoit qu'une fille: les raisons qu'elle apportoit furent inutiles : on l'obligea de choisir un mari.,fr,4055,-27.185911,42.45539
LTR-039,"Son choix tomba sur Bekir Effendi, alors Secrétaire d'Etat, qui étoit âgé de plus de quatre-vingts ans.",fr,4056,-29.548174,36.042164
LTR-039,"Elle vouloit par-là convaincre le Public qu'elle étoit absolument résolue de remplir le vœu qu'elle avoit fait de ne jamais laisser entrer un second mari dans son lit ; & que, se trouvant obligée d'honorer un Sujet au point d'être appellée sa femme, elle choisissoit celui-là, comme une marque de reconnoissance de ce qu'il l'avoit présentée, à l'âge de dix ans, à son premier Seigneur.",fr,4057,-28.350433,35.440468
LTR-039,"Elle n'a jamais voulu recevoir aucune visite de sa part, quoiqu'elle soit chez lui depuis quinze ans.",fr,4058,-33.003143,33.408047
LTR-039,"Elle est dans un deuil perpétuel, avec une constance peu commune dans la Chrétienté, & sur-tout parmi les veuves de vingt-un ans : la Sultane Hafiten n'en a à présent que trente-six.",fr,4059,-32.418617,35.23341
LTR-039,"Elle n'a point d'Eunuques noirs pour sa garde ; son mari est obligé de la respecter comme une Reine, & n'a aucun droit de s'informer de ce qui se passe dans son appartement.",fr,4060,-34.67074,27.77876
LTR-039,"Lorsque je lui rendis visite, je fus introduite dans une grande chambre, le long de laquelle régnoit un sopha orné de colonnes de marbre blanc, couvert de velours fond d'argent, & à fleurs d'un bleu pâle: les coussins étoient de la même étoffe.",fr,4061,-75.54785,-9.831813
LTR-039,On me pria de m'asseoir jus-qu'à ce que la Sultane arrivât.,fr,4062,30.200718,22.34272
LTR-039,"Elle avoit imaginé cette réception, afin d'éviter de se lever quand je paroîtrois devant elle.",fr,4063,30.082132,30.59929
LTR-039,"Lorsque je me levai, elle me fit cependant une inclination de tête.",fr,4064,30.22169,29.91461
LTR-039,Je sentois du plaisir en examinant une femme qui avoit captivé le coeur d'un Empereur auquel on présentoit chaque jour des Beautés de toutes les parties du Monde.,fr,4065,-10.250826,-14.111949
LTR-039,"Il me parut qu'elle n'avoit jamais été si belle, à beaucoup près, que la charmante Fatime que j'avois vue à Andri-nople, quoiqu'elle eût encore les restes d'une belle femme : il parois- soit que le chagrin l'avoit plus flétrie que le tems.",fr,4066,-18.138721,-10.327133
LTR-039,"Son habillement étoit si riche, que je ne puis m'empêcher de vous en faire la description.",fr,4067,11.085318,-42.826004
LTR-039,"Elle avoit une camisolle, appellée Dualma : elle differe du Caftan, en ce qu'elle a des manches plus longues, & qui sont retrouffées par le bas : elle étoit pourpre, lui prenoit bien la taille, & étoit garnie des deux côtés, depuis le haut jusqu'en bas, & autour des manches, de perles très-belles, & grosses comme les boutons que les femmes ont ici à leurs habits : je ne veux pas dire aussi gros que ceux de Milord M.",fr,4068,-82.85791,-15.60255
LTR-039,"***, mais à peu près aussi gros qu'un pois.",fr,4069,-3.190307,-65.18521
LTR-039,"A ces boutons pendoient de grandes gances de diamant, de la même forme que ces gances d'or qu'on met ordinairement aux habits que l'on prend, lorsqu'on célèbre l'aniversaire d'un Prince.",fr,4070,-85.04918,-17.636927
LTR-039,"Cet habit étoit attaché sur la ceinture avec deux glands de perles plus petites, & garni de gros diamans sur les manches.",fr,4071,-83.10157,-18.997017
LTR-039,Sa chemise étoit attachée avec un gros bouton de diamant en forme de losange.,fr,4072,-81.2986,-19.869856
LTR-039,Sa ceinture étoit fort large & toute couverte de diamans.,fr,4073,-79.648056,-21.250145
LTR-039,"Elle avoit autour de son cou trois chaînes qui pendoient jusques sur ses genoux : l'une étoit de grosses perles, & au bout on voyoit une émeraude aussi grosse que l'œuf d'une poule d'Inde ; une autre étoit d'émeraudes du verd le plus vif, chacune de la grandeur d'un petit écu, & de l'épaisseur de trois de six livres; elles étoient serrées l'une contre l'autre, & très-bien assorties.",fr,4074,-78.78163,-12.92745
LTR-039,La troisiéme étoit composée de petites émeraudes parfaitement rondes : l'éclat de ses pendans d'oreilles effaçoit celui de ses autres ajustemens.,fr,4075,-78.450485,-13.741409
LTR-039,"Ils consistoient en deux diamans, taillés en forme de poires, & de la gros- seur d'une noisette.",fr,4076,-84.33916,-20.699324
LTR-039,Autour de son Talpoche elle avoit quatre cordons de perles les plus éclatantes & les plus parfaites qu'on puisse voir.,fr,4077,-77.64764,-12.152355
LTR-039,"Il y en avoit assez pour faire au moins quatre colliers, aussi gros chacun que celui de la Duchesse de Marlborough.",fr,4078,-76.9127,-12.404176
LTR-039,"Ces cordons étoient attachés avec deux roses, composées chacune d'un gros rubis environné de vingt diamans.",fr,4079,-83.65194,-19.784956
LTR-039,Sa coëffure étoit toute couverte d'épingles à tête d'émeraude & de diamant.,fr,4080,-80.149025,-20.329067
LTR-039,"Ses bracelets étoient de diamant ; elle avoit à ses doigts les plus grosses bagues que j'aye jamais vues, excepté celles de M. Pitt.",fr,4081,-87.20887,-19.67607
LTR-039,"Je laisse aux Jouaillers à estimer ces choses : mais, suivant le prix des pierreries en Angleterre, son ajustement devoit valoir cent mille livres sterling.",fr,4082,-22.219463,-30.150763
LTR-039,"Je suis certaine qu'il n'y a point de Reine en Europe qui en ait un qui vaille la moitié autant ; & les pierre- ries de l'Impératrice, quoique très belles, paroîtroient communes auprès de celles de la Sultane Hafiten.",fr,4083,-23.9586,-14.514078
LTR-039,"Elle me donna un dîner où l'on servit cinquante plats de viande, un à un, selon l'usage du Pays ; ce que je trouvai fort ennuyeux : mais la magnificence du service égaloit celle de son ajustement.",fr,4084,-1.7797432,38.080147
LTR-039,"Les coûteaux étoient d'or, & les manches garnis de diamans.",fr,4085,-81.10119,-21.574715
LTR-039,"Le luxe qui me choqua fut la nape & les serviettes, qui étoient d'une espèce de gaze brodée en fleurs naturelles de soie & d'or; elles étoient enfin aussi bien travaillées que les plus beaux mouchoirs qui soient jamais sortis de ce Pays ; & c'étoit avec un regret infini que j'en faisois usage : elles furent toutes gâtées avant la fin du dîner.",fr,4086,-32.043884,-18.77633
LTR-039,"Le sorbet, qui est la liqueur ordinaire dans les repas, fut servi dans de grandes tasses de porcelaine, dont les cou- vercles & les soucoupes étoient d'or massif.",fr,4087,-88.71865,-1.9364301
LTR-039,"Après le dîner, on apporta de l'eau dans des bassins d'or, & des serviettes semblables à celles dont on avoit fait usage pendant le repas : je m'essuyai les mains avec; mais ce fut encore avec regret.",fr,4088,-87.50355,0.015535779
LTR-039,"On servit ensuite le caffé dans de la porcelaine, avec des soucoupes d'or.",fr,4089,-89.14674,-0.80372626
LTR-039,"La Sultane me parut d'assez bonne humeur : elle me tint toujours un langage plein de politesse : je profitai de cette occasion, pour tirer d'elle quelque détail sur le Serrail, dont nous n'avons aucune notion.",fr,4090,-8.464404,34.229324
LTR-039,"Elle m'assura qu'il étoit entieremenr faux que le Sultan jettât un mouchoir à celle qu'il desire de posséder, comme on le débite.",fr,4091,-23.176775,35.816334
LTR-039,Il charge le Kislir Aga de lui annoncer l'honneur qu'il a dessein de lui faire.,fr,4092,13.718702,65.13623
LTR-039,"Sur le champ elle est complimentée par toutes les autres Sultanes, qui la conduisent au bain, où elles la parfument & l'habillent magnifiquement, &, en même tems d'une maniere convenable à l'objet pour lequel elle est destinée.",fr,4093,-77.55539,17.411295
LTR-039,"L'Empereur se fait précéder par un présent, & passe après dans l'appartement où elle est : il est encore faux qu'elle rampe jusqu'au pied du lit.",fr,4094,-26.741867,49.406303
LTR-039,"La Sultane Hafiten m'assura que la premiere femme que l'Empereur choisissoit avoit toujours le pas sur les autres, & que ce n'étoit point la mere du fils aîné, comme les Voyageurs ont voulu nous le persuader.",fr,4095,-23.499279,33.82166
LTR-039,"Le Sultan s'amuse quelquefois avec toutes les Sultanes, qui forment un cercle autour de lui.",fr,4096,-76.51295,21.442099
LTR-039,"Hafiten me dit qu'aussitôt qu'il donnoit quelque marque de préférence à une d'en-tr'elles, les autres étoient en proie à la plus vive jalousie.",fr,4097,-18.549503,24.894503
LTR-039,"Mais je trouvai que cela avoit beaucoup de rapport à ce qui se passe dans presque toutes les Cours, où l'on guette un coup d'œil du Monarque : l'on y attend, avec impatience, un sourire de sa part ; & toutes celles qui ne l'ont pas obtenu font jalouses de celle à qui il est adressé.",fr,4098,-10.44482,8.805097
LTR-039,"Elle ne prononçoit jamais le nom de Mustapha, sans avoir les larmes aux yeux ; & cependant elle en parloit avec plaisir.",fr,4099,-5.929737,27.726627
LTR-039,"» Mon bonheur » passé, me dit-elle, me paroît un » songe ; mais je ne peux oublier » que j'étois aimée du plus grand & » du plus aimable des hommes.",fr,4100,27.415106,19.756742
LTR-039,"Je » faisois toutes les campagnes avec » lui ; il me préféroit à toutes les » autres ; & je ne lui aurois pas sur- » vécu, si je n'aimois la Princesse, » ma fille, avec la derniere tendresse: » à peine même cette tendresse a-t- » elle suffi pour me dérober à la mort.",fr,4101,-5.7345295,30.279507
LTR-039,"» Après l'avoir perdue, je ne pus » souffrir, pendant un an entier, la » lumiere.",fr,4102,19.828257,41.315083
LTR-039,"Le tems a un peu adouci » ma peine : mais il n'y a point en- » core de semaine où je ne passe » quelques jours à donner des lar- » mes à mon Sultan "".",fr,4103,36.383343,-21.631958
LTR-039,L'art ne dic- toit point ce langage : la douleur étoit peinte sur son visage ; mais elle avoit la politesse de s'efforcer à mon- trer de la gaité.,fr,4104,-4.957521,-14.18057
LTR-039,"Elle me proposa de nous promener dans son jardin ; & sur le champ, une de ses esclaves lui apporta une pelisse d'un riche brocard doublée de martre : je l'accompagnai dans ce jardin, où je ne trouvai rien de remarquable, que les fontaines : de-là nous passâ- mes dans ses appartemens.",fr,4105,-9.289484,44.29585
LTR-039,Sa toilette étoit déployée dans sa chambre à coucher.,fr,4106,-37.795334,-20.342386
LTR-039,"Elle consistoit en deux mi- roirs, dont les cadres étoient cou- verts de perles ; son Talpoche de nuit étoit garni d'épingles à tête de dia- mant; on voyoit auprès trois camisolles de belle martre, dont chacune valoit, au moins, mille écus d'Allemagne, qui font deux cents livres sterling.",fr,4107,-78.36879,-10.556965
LTR-039,Ces riches vétemens paroissoient avoir été jettés sans intention sur le sopha : mais je crois qu'on les y avoit placés à dessein.,fr,4108,-17.293123,-35.658188
LTR-039,"Lorsque je pris congé d'elle, on me fit la même cérémonie des parfums qu'on m'avoit faite chez la femme du Grand-Visir, & l'on me présenta un très-beau mouchoir brodé.",fr,4109,-9.903836,41.38249
LTR-039,"Le nombre de ses esclaves se montoit à trente, sans compter dix petites, dont la plus âgée ne passoit pas sept ans.",fr,4110,-41.835625,35.3721
LTR-039,"Ces petites filles étoient toutes très-jolies, & richement habillées.",fr,4111,-61.384834,-29.81539
LTR-039,Je remarquai que ces aimables enfans faisoient tous les amusemens de la Sultane.,fr,4112,-9.614391,-16.674631
LTR-039,Elles lui coûtent beaucoup ; & une fille de cet âge n'est pas vendue moins de cent livres ster- ling.,fr,4113,-21.290836,-7.2644796
LTR-039,Leurs cheveux bouclés étoient ornés de guirlandes de fleurs qui faisoient toute leur coëffure : leurs habits étoient d’étoffe d’or.,fr,4114,-76.515686,-22.624819
LTR-039,"Elles servent le caffé à la Sultane, à genoux,& lui apportent l’eau pour se laver.",fr,4115,-77.913925,17.924738
LTR-039,"Une des plus grandes occupations des vieilles esclaves est d’avoir soin de ces jeunes filles, de leur apprendre à broder, & de les servir avec autant d’attention, que si elles étoient les enfans de leur Maitresse.",fr,4116,-48.92627,21.201822
LTR-039,"Vous croirez, peut-être, que je me suis amusée à embellir cette longue relation: mais je vous assûre que tout ce qu’elle contient est véritable.",fr,4117,14.059324,6.6298466
LTR-039,"Vous n’avez rien lu de pareil, je l’avoue, dans les Voyageurs qui ont parlé de la Turquie; mais faites attention que le rang que j’occupe ici m’a procuré l’occasion de voir des choses dont aucun d’eux n’a pas même été à portée d’enten- dre parler.",fr,4118,4.2439322,-20.958572
LTR-039,D'ailleurs il arrive du changement tous les vingt ans dans les mœurs d'un pays.,fr,4119,29.969288,45.081608
LTR-039,"J'ai été dans un Haram, où la boiserie de l'appartement d'hiver étoit incrustée en nacre de perle, en yvoire de diverses couleurs & en bois d'olivier, exactement comme ces petites boëtes qu'on porte d'ici en Angleterre ; & les murailles de l'appartement d'été étoient incrustées en porcelaine du Japon ; les lambris dorés & les planchers couverts des plus beaux tapis de Perse : tels sont ceux de mon aimable amie, la belle Fatime, avec laquelle j'ai fait connoissance à Andrinople.",fr,4120,-66.2978,-18.781672
LTR-039,"J'allai hier lui rendre visite ; elle me parut encore plus belle, s'il étoit possible, qu'auparavant.",fr,4121,-12.401575,46.42037
LTR-039,"Elle vint au-devant de moi jusqu'à la porte de sa chambre, me donna la main de la meilleure grace du monde, & me dit, avec un sourire qui la rendoit belle comme un Ange : les Dames Chrétiennes passent pour être inconstantes ; & quelqu'amitié que vous m'eussiez marquée à Andrinople, je croyois que je ne vous reverrois plus : mais je suis à présent convaincue que j'ai le bonheur de vous plaire.",fr,4122,-3.990837,21.865744
LTR-039,"Si vous saviez quel langage je tiens de vous à nos Dames, vous seriez persuadée que je mérite de vous le titre d'amie.",fr,4123,17.20644,10.421708
LTR-039,Elle me plaça dans le coin du sopha.,fr,4124,-1.5851179,44.39223
LTR-039,"Je passai tout l'après-midi à converser avec elle, & j'y goûtai, en vérité, le plus grand plaisir du monde.",fr,4125,-8.083456,37.726215
LTR-039,"La Sultane Hafiten est, comme les autres Dames Turques, naturellement obligeante ; mais elle a l'air emprunté, & ses manieres annoncent qu'elle a vécu séparée du monde.",fr,4126,-18.82593,31.250254
LTR-039,"Fatime, au contraire, a toute la politesse de Cour, & son air inspire, à la fois, du respect & de la tendresse.",fr,4127,-13.286364,32.540348
LTR-039,"A présent que j'entends la Langue Turque, je suis en état de juger de son esprit, & je trouve qu'elle en a autant que de beauté.",fr,4128,-3.9294975,-7.483643
LTR-039,"Elle aime beaucoup à s'instruire des usages des autres pays, sans être prévenue pour ceux du sien : elle laisse cette partialité aux petits esprits.",fr,4129,-27.094843,-3.4102921
LTR-039,"Une Grecque, qui ne l'avoit jamais vue, & qui n'auroit pas eu cet honneur hier, si elle n'eût été de ma suite, fut si frappée de sa beauté, & de la noblesse de ses gestes, qu'elle resta dans le silence de l'admiration, & me dit ensuite, en Italien : "" Ce n'est point une Dame Turque ; c'est certainement quelque Chrétienne "".",fr,4130,-5.196752,19.893633
LTR-039,"Fatima, se doutant qu'elle parloit d'elle, me demanda ce qu'elle disoit.",fr,4131,23.84069,16.068316
LTR-039,"Je ne voulus pas le lui rendre, m'imaginant que le compliment ne lui plairoit pas plus que si l'on disoit à une de nos Beautés de Cour qu'elle à l'air d'une Dame Turque : mais la Grecque le lui dit.",fr,4132,-5.534368,18.268795
LTR-039,"Fatime, loin de se fâcher, comme je l'aurois cru, sourit, & répondit : » Ce n'est pas la » premiere fois qu'on m'en a dit au- » tant.",fr,4133,23.447943,15.51857
LTR-039,"Ma mere étoit Polonoise ; » elle avoit été prise au siége de » Caminiec ; mon pere me disoit » souvent, en riant, qu'il croyoit » que sa femme Chrétienne avoit » trouvé quelque galant Chrétien, » & que je n'avois nullement l'air » d'une fille Turque «.",fr,4134,-6.20174,19.39583
LTR-039,"Je l'assurai que si toutes les Beautés Turques lui ressembloient, il faudroit nécessairement les dérober à la vue des hommes pour leur repos : » Quel » bruit, ajoutai-je, un visage tel » que le vôtre, Madame, seroit à » Londres & à Paris !",fr,4135,-2.7831912,-9.288285
LTR-039,"Je ne peux » vous croire, ajouta-t-elle, avec » un ton extrêmement agréable ; » si la beauté étoit autant estimée » dans votre pays que vous le di- » tes, on ne vous auroit jamais » permis d'en sortir "".",fr,4136,5.6304517,6.064334
LTR-039,"Vous croyez peut-être, ma chere Sœur, que c'est par vanité que je vous répete ce compliment, & vous en riez, sans doute ; mais ce n'est que pour vous donner une preuve de la vivacité de l'esprit de Fatime.",fr,4137,13.857751,5.913069
LTR-039,Son ameublement est magnifique & d'un très-bon goût.,fr,4138,-38.52546,-19.642193
LTR-039,Ses chambres d'hiver sont tapissées de velours cizelé à fond d'or ; celles d'été le sont de point des Indes brodé en or.,fr,4139,-73.76269,-21.67424
LTR-039,Les maisons des femmes de marque en Turquie sont entretenues aussi proprement qu'en Hollande.,fr,4140,-34.02359,-11.354528
LTR-039,"Celle de Fatime est située dans l'endroit le plus élevé de Constantine, & de la fenêtre de son appartement d'été nous découvrions la mer, les isles & les montagnes de l'Asie.",fr,4141,-59.71004,25.246069
LTR-039,"Ma Lettre est devenue, insensiblement, si longue, que j'en ai honte.",fr,4142,27.692049,0.39243242
LTR-039,Je crains de devenir une vraie conteuse d'histoires.,fr,4143,32.489502,-1.90191
LTR-039,"Le Proverbe qui dit, qu'on n'en fait jamais trop, peut être véritable ; mais il arrive souvent aussi que ceux qui sont fort instruits deviennent ennuyeux.",fr,4144,29.833433,38.7059
LTR-039,"Je suis, &c.",fr,4145,43.35594,18.451847
LTR-040,"JE suis flattée, ma chere Milady, que vous m'ayez, à la fin, chargée d'une commission dont je peux m'acquitter selon votre desir : cela n'est cependant pas si facile que vous l'imaginez.",fr,4146,22.83848,3.9028993
LTR-040,"Si je n'avois pas été plus active dans mes recherches, que ne le font ici la plûpart des étrangers, je n'aurois pû vous envoyer que des excuses ; ce qui est arrivé lorsque vous m'avez priée de vous acheter une esclave Grecque.",fr,4147,14.687859,-4.3765087
LTR-040,Mais vous serez contente ; j'ai trouvé une Lettre d'amour à la Turque.,fr,4148,24.014696,-1.022388
LTR-040,"Je l'ai mise dans une petite boëte que j'ai confiée au Capitaine du Smyrniote, qui vous la remettra avec celle que je vous écris, & où je vous mets une traduction littérale de cette Lettre d'amour : la premiere piéce que vous tirerez de la bourse, est une petite perle qui'en Turc s'appelle Ingi.",fr,4149,30.085232,-14.148246
LTR-040,Elle a la signification suivante :  Ingi.,fr,4150,51.35218,-30.03649
LTR-040,"Perle,  Sensin Uzellerin gingi.",fr,4151,50.572235,14.787092
LTR-040,La plus belle des jeunes.,fr,4152,2.432174,-59.66475
LTR-040,"Caremfil, Clou de Girofle.",fr,4153,49.897053,12.958041
LTR-040,Caremfilsen cararen yok.,fr,4154,46.008335,47.55446
LTR-040,Congé gulfum timarin yok.,fr,4155,45.801285,47.699574
LTR-040,"Benseny chok than severim, Senin benden, haberin yok.",fr,4156,37.728096,-16.575403
LTR-040,Vous êtes aussi mince que ce Girofle.,fr,4157,-3.3701007,-64.82548
LTR-040,Vous êtes une Rose qui n'est pas épanouie.,fr,4158,44.977097,43.804405
LTR-040,"Je vous ai aimée long-tems, & vous ne l'avez pas sû.",fr,4159,37.033752,-14.703197
LTR-040,"Pul, Jonquille.",fr,4160,53.298164,9.62586
LTR-040,Derdime derman bul.,fr,4161,37.47764,30.1632
LTR-040,Soyez sensible à mon amour.,fr,4162,38.573204,24.730076
LTR-040,"Kihát, Papier.",fr,4163,51.151814,11.738183
LTR-040,Birlerum sahát sahát.,fr,4164,44.1235,32.63937
LTR-040,Mes sens s'égarent à chaque instant.,fr,4165,42.974102,-5.7623944
LTR-040,"Ermus , Poire.",fr,4166,51.90643,12.08819
LTR-040,Ver bizé bir umut.,fr,4167,37.840023,31.491701
LTR-040,Donnez-moi quelqu'espérance.,fr,4168,37.806496,31.47062
LTR-040,"Jabun , Savon.",fr,4169,53.247894,13.226615
LTR-040,Derdinden oldum zabun.,fr,4170,43.34319,31.690067
LTR-040,Je suis malade d'amour.,fr,4171,38.67273,24.73898
LTR-040,"Chemur , Charbon.",fr,4172,52.116173,12.492548
LTR-040,Ben oliyim size umur.,fr,4173,45.110527,30.326057
LTR-040,"Je sacrifierois volontiers ma vie , pour allonger la vôtre.",fr,4174,27.472763,15.655091
LTR-040,"Gul , Une Rose.",fr,4175,50.7862,14.067964
LTR-040,Ben aglarum sen gul.,fr,4176,45.068817,30.074566
LTR-040,"Que ne puis-je me charger de toutes vos peines , & vous rendre con-tente ?",fr,4177,35.41559,-1.7513405
LTR-040,"Hafir , Une paille.",fr,4178,51.08882,12.31439
LTR-040,Oliim sana yazir.,fr,4179,46.996014,30.043762
LTR-040,Souffrez que je sois votre esclave.,fr,4180,44.386547,29.11741
LTR-040,"Jó hó , Drap.",fr,4181,50.92363,11.107912
LTR-040,Ustuné bulunmaz pahu.,fr,4182,46.321594,47.353992
LTR-040,Vous êtes sans prix.,fr,4183,45.059948,43.883713
LTR-040,"Tartsin, Canelle.",fr,4184,53.578674,9.532587
LTR-040,Sen ghel ben chekeim senin hargin.,fr,4185,44.684853,29.558144
LTR-040,Mais ma fortune est à vous.,fr,4186,42.35756,22.55719
LTR-040,"Giro, Une allumette.",fr,4187,50.23519,13.028948
LTR-040,Esking-ilen oldum ghird.,fr,4188,43.61333,31.660538
LTR-040,"Je brûle; je brûle, ma flâme me consume.",fr,4189,40.989147,-5.0354033
LTR-040,"Sirma, Fil doré.",fr,4190,50.277546,13.93776
LTR-040,Uzunu benden d yrmá.,fr,4191,44.982693,31.024712
LTR-040,Ne détournez point votre visage.,fr,4192,40.7624,1.7621468
LTR-040,Satch.,fr,4193,76.30629,25.430532
LTR-040,Cheveux.,fr,4194,74.50135,-2.7188916
LTR-040,Bazamazun tatch.,fr,4195,46.912144,47.011856
LTR-040,Couronne de ma tête.,fr,4196,47.19435,-2.4332159
LTR-040,"Uzum, Raisin.",fr,4197,52.662464,13.724634
LTR-040,Benim iki Guzum.,fr,4198,59.317356,31.909039
LTR-040,Mes yeux.,fr,4199,45.265316,1.7211517
LTR-040,"Til, Fil d'or.",fr,4200,50.31473,13.928173
LTR-040,Ulugorum tez ghel.,fr,4201,44.778843,31.989498
LTR-040,Je me meurs; venez promptement.,fr,4202,41.214905,25.846874
LTR-040,En forme de Postscriptum.,fr,4203,97.00655,-29.361715
LTR-040,"Beber, Poivre.",fr,4204,51.84195,12.115699
LTR-040,Bize bir dogm haber.,fr,4205,49.82312,36.46903
LTR-040,Faites-moi réponse.,fr,4206,37.201477,29.11459
LTR-040,"Cette Cette Lettre, comme vous voyez, est une piece de Poésie, & je crois qu'elle vaut au moins nos meilleures dans ce genre.",fr,4207,3.0249004,-6.341248
LTR-040,Les Turcs ont plus d'un million de vers semblables.,fr,4208,-29.935188,-10.367346
LTR-040,"Il n'y a chez eux ni couleur, ni fleur, ni herbe, ni fruit, ni caillou, ni plume qui n'ait sa signification, & son vers particulier : ainsi ils peuvent s'envoyer des Lettres remplies d'injures, de reproches, d'amour, d'amitié, même de nouvelles, sans se servir d'encre.",fr,4209,-12.117946,-27.358412
LTR-040,"J'imagine que vous me regardez à présent comme un miracle d'érudition : mais, ma chere Milady, je pourrai bien ressembler à ces ambitieux conquérans qui s'occupent à faire des conquêtes éloignées, tandis qu'il s'éleve une sédition dans leurs propres Etats : je crains d'oublier l'Anglois; je ne l'écris pas, à beaucoup près, si facilement que je fai- fois il y a un an : les expressions ne me sont plus si familieres.",fr,4210,7.195252,4.516471
LTR-040,Je prendrai le parti de laisser toutes les autres Langues pour reprendre la mienne.,fr,4211,24.017044,-22.08314
LTR-040,Il faut convenir que les talens de l'homme sont aussi bornés que sa force & son pouvoir.,fr,4212,-14.531827,-1.2217529
LTR-040,"La mémoire ne peut retenir qu'un certain nombre d'images ; & il est aussi impossible à l'esprit humain de posséder parfaitement dix différentes Langues, qu'il l'est à un seul homme d'en battre dix en même tems, ou à un Prince de contenir dix Royaumes dans une parfaite obéissance.",fr,4213,-24.854322,-2.1266353
LTR-040,Je pourrai finir par ne savoir bien aucune Langue.,fr,4214,21.560629,-21.798965
LTR-040,Le lieu où je suis représente assez ce qui arriva à la Tour de Babel.,fr,4215,-2.982457,-35.16001
LTR-040,"A Pera on parle Turc, Grec, Hébreu, Arménien, Arabe, Persan, Russe, Sclavon, Valachien, Allemand, Hollandois, François, Anglois, Italien, Hon- grois : j'ai le désagrément d'entendre parler dix de ces différentes Langues dans ma maison.",fr,4216,-28.008379,5.0208483
LTR-040,"Mes Officiers sont Arabes ; mes valets sont Anglois, François & Allemands ; la nourrice de mon enfant est Arménienne ; mes filles de chambre sont Russes ; j'ai une demi-douzaines d'autres domestiques qui sont Grecs : mon Maître-d'Hôtel est Italien, & mes Janissaires sont Turcs.",fr,4217,-29.228033,5.382413
LTR-040,"Cette diversité de sons, qui frappent continuellement mon oreille, produit parmi mes gens un effet singulier.",fr,4218,-12.257007,-20.788755
LTR-040,"Ils apprennent toutes ces Langues à la fois, sans pouvoir cependant les lire ni les écrire.",fr,4219,-30.435194,-2.1140988
LTR-040,"Il y a ici peu d'hommes, de femmes, même d'enfans qui ne puissent rendre les mêmes choses en cinq ou six idiomes différens.",fr,4220,-29.54222,-1.6744576
LTR-040,"Enfin, on voit des enfans de trois ou quatre ans qui parlent Italien, François, Grec, Turc & Russe.",fr,4221,-29.869427,4.1090612
LTR-040,"Ils apprennenr cette derniere Langue de leurs nourrices, qui sont presque toutes Moscovites.",fr,4222,-31.02586,-2.5931237
LTR-040,"Ceci vous paroît, sans doute, incroyable ; mais je vous assûre que c'est la vérité, & même la chose la plus surprenante, selon moi, qu'on trouve dans ce Pays-ci.",fr,4223,4.1529465,-3.152454
LTR-040,"Cela doit bien humilier l'amour-propre de nos Dames Angloises, qui se regardent comme ayant un génie supérieur, lorsqu'elles savent superficiellement le François & l'Italien.",fr,4224,-13.148419,7.129956
LTR-040,"Comme je donne à la Langue Angloise la préférence sur toutes les autres, je suis très-fâchée de voir que je l'oublie tous les jours ; & je vous avoue, avec chagrin, que je suis à présent réduite à un si petit nombre de mots, que j'ai peine à trouver une phrase passable pour finir ma Lettre; il faut que je vous dise brusquement que je suis, &c.",fr,4225,9.137324,5.7041373
LTR-041,"JE viens enfin de recevoir de vos nouvelles, ma chere Milady : je suis très-persuadée que vous m'avez déjà écrit ; mais j'ai eu le malheur de ne pas recevoir vos Lettres.",fr,4226,23.190151,1.995424
LTR-041,"Depuis ma derniere, je suis toujours restée à Constantinople, & je vous dois en conscience une description un peu detaillée de cette Ville.",fr,4227,11.783691,-27.40492
LTR-041,"Ce qu'en ont dit jusqu'à présent les voyageurs, est faux ou partial.",fr,4228,7.537628,-21.328669
LTR-041,"Il est certain que bien des gens ont passé plusieurs années à Pera, sans l'avoir jamais vû, & cependant ils ont la hardiesse d'en donner la description.",fr,4229,3.1441436,-46.536972
LTR-041,"Les fauxbourgs de Pera, de Tophana, & de Galata, qui ne sont habités que par des Chrétiens François, forment ensemble une très-belle Ville : ils ne sont séparés de Constantinople que par un bras de mer, qui n'est pas plus large que la moitié de la Tamise dans sa plus grande largeur.",fr,4230,-55.198322,21.079979
LTR-041,"Mais, d'un côté, les Chrétiens n'aiment point à s'exposer aux insultes qu'ils reçoivent ordinairement de la part des Levents, ou Mariniers du Pays : ces gens sont encore plus grossiers que nos Bateliers ; d'un autre côté, les femmes ne peuvent sortir sans être couvertes d'un voile, pour lequel elles ont une extrême aversion, quoique celui qu'on porte à Pera releve tellement leur beauté, qu'on ne permettroit pas de le porter à Constantinople.",fr,4231,-27.386656,10.380183
LTR-041,Voilà ce qui empêche presque tout le monde de voir Pera : je crois même que l'Ambassadrice de France retournera dans son pays sans l'avoir vû.,fr,4232,-9.186538,24.863787
LTR-041,"Vous serez, sans doute, surprise d'apprendre que j'y ai été très-souvent : le voile des Dame Turques me plaît assez ; quand même il me déplairoit, je le souffrirois pour satisfaire ma curiosité, qui est ma passion dominante.",fr,4233,1.6731225,16.925951
LTR-041,"En vérité, le trajet que l'on fait sur la Tamise pour aller à Chelsea, n'est point comparable à celui qu'on fait sur le canal pour aller à Constantinople.",fr,4234,-16.750002,-48.13834
LTR-041,"Le point de vue, pendant l'espace de vingt milles, en descendant le Bosphore, est le plus agréable & le plus varié du monde.",fr,4235,-16.359447,-48.78764
LTR-041,"Le côté de l'Asie, qui est tout couvert d'arbres fruitiers, offre aux yeux une multitude de Villages qui font un Paysage très-agréable : du côté de l'Europe, on voit Constantinople, située sur sept collines.",fr,4236,-58.41461,21.577211
LTR-041,"C'est une très-grande Ville, & l'inégalité du lieu où elle est bâtie la fait paroître encore une fois plus grande qu'elle n'est.",fr,4237,-42.678932,-24.912815
LTR-041,"On y découvre un agréable mélange de jardins, de pins, de cyprès, de Palais, de Mosquées, enfin d'édifices publics élevés les uns au-dessus des autres avec une symétrie semblable à celle d'un buffet, où les différens vases, les porcelaines, les chandeliers, & autres ustensiles font rangés avec ordre.",fr,4238,-56.28336,-11.486733
LTR-041,"Cette comparaison, quoique bizarre, est assez juste.",fr,4239,-2.9259923,-25.344631
LTR-041,J'ai vu du Serrail tout ce qu'il est possible d'en voir : il est bâti sur une langue de terre qui s'avance dans la mer : le Palais est irrégulier ; mais d'une très-grande étendue.,fr,4240,-48.846375,-20.347189
LTR-041,"Les jardins sont immenses, & tout plantés de cyprès d'une hauteur prodigieuse.",fr,4241,-56.487865,-7.9235077
LTR-041,Voilà tout ce que j'en ai pu découvrir.,fr,4242,0.8261047,-21.460108
LTR-041,Les bâtimens font de pierres blanches ; on voit s'élever au-dessus de petites tours & des pyramides dorées ; ce qui produit un effet assez agréable.,fr,4243,-66.055695,-13.04671
LTR-041,"Je doute qu'on trouve, dans toute la Chré- tienté, un Roi qui ait un Palais aussi grand de moitié.",fr,4244,-23.757307,-14.878113
LTR-041,"Il y a fix grandes cours rondes, ornées d'arbres, & environnées de galeries, bâties en pierres.",fr,4245,-60.89885,-9.052682
LTR-041,"La premiere de ces cours est pour la Garde, la seconde pour les Esclaves, la troisieme pour les Officiers de cuisine, la quatrieme pour les écuries, la cinquieme pour le Divan, la sixieme enfin pour les Audiences.",fr,4246,-65.09448,3.4029384
LTR-041,"Il y en a, au moins, une fois autant dans la partie du Palais qu'occupent les femmes.",fr,4247,-42.49855,2.5764377
LTR-041,"Les Eunuques, les Officiers, les Cuisiniers y ont tous leur quartier séparé.",fr,4248,-60.81416,-44.809704
LTR-041,"L'édifice le plus renommé, après le Serrail, c'est Sainte Sophie; mais un Chrétien ne parvient que très-difficilement à le voir.",fr,4249,-44.521862,-17.267487
LTR-041,"J'en ai fait demander trois fois la permission au Caimairam, Gouverneur de la Ville, qui, à la fin, a fait assembler les principaux Effendis, Chefs de la Loi, & consulter le Mufti, pour savoir si l'on pouvoit m'accorder la grace que je demandois.",fr,4250,6.911554,62.076107
LTR-041,"Cette affaire leur a paru si importante, qu'ils ont été trois jours en délibération, au bout desquels ils ont enfin cédé à mes instances réitérées.",fr,4251,7.1824384,33.722015
LTR-041,"Je n'ai encore pu découvrir quel est le motif qui rend les Turcs plus scrupuleux à l'égard de cette Mosquée, qu'à l'égard des autres, où on laisse entrer les Chrétiens, sans aucune difficulté.",fr,4252,-17.771437,-23.29786
LTR-041,"Comme elle a été d'abord une Eglise Chrétienne, ils craignent, peut-être, qu'on ne la profane en adressant des prieres aux Saints qu'on y voit encore en mosaïque, & qui n'ont été endommagés que par le laps du tems; car il est absolument faux que les Turcs détruisirent, comme on en est généralement persuadé, toutes les images qu'ils trouverent dans Constantinople.",fr,4253,-24.954668,9.774657
LTR-041,"Le dô- me de Sainte Sophie, qu'on dit avoir 113 pieds de diamètre, est élevé sur des voûtes soutenues par des colonnes de marbre d'une grosseur prodigieuse ; les escaliers & le pavé sont aussi de marbre.",fr,4254,-66.58148,-7.139219
LTR-041,On y voit deux galeries soutenues par des colonnes de marbre de différentes couleurs.,fr,4255,-69.265656,-9.237902
LTR-041,La voûte est à la mosaïque ; mais il y en a une partie qui tombe en ruine.,fr,4256,-68.78607,-11.832665
LTR-041,"On me présenta une poignée de cette matiere, qui me parut être de verre, ou de cette composition dont on fait l'aventurine.",fr,4257,-51.763294,-57.364815
LTR-041,On me fit remarquer le tombeau de l'Empereur Constantin pour lequel les Turcs ont beaucoup de vénération.,fr,4258,-23.374306,-41.99189
LTR-041,"Je vous donne une description bien imparfaite d'un édifice aussi célebre que celui de Sainte Sophie ; mais je me connois si peu en architecture, que je n'ose entrer dans aucun détail.",fr,4259,1.2863996,-32.8056
LTR-041,J'ai vu des Mosquées à Constantinople qui me plaisoient plus que celle de Sainte Sophie ; c'est peut-être ma faute.,fr,4260,-8.610385,-39.80446
LTR-041,"Celle du Sultan Soliman, par exemple, est un quarré parfait ; il y a quatre belles tours dans les angles : au milieu est un dôme magnifique, supporté par des colonnes d'un très-beau marbre ; aux deux extrémités on voit deux autres dômes qui sont soutenus de la même maniere que celui du milieu ; les galeries qui font le tour de la Mosquée sont de marbre ; le pavé en est aussi.",fr,4261,-67.8859,-8.1448345
LTR-041,"Sous le grand dôme il y a une fontaine dont les colonnes sont si belles, que j'ai peine à croire qu'elles soient d'un marbre naturel.",fr,4262,-63.699894,-9.776504
LTR-041,"D'un côté, on voit une chaire de marbre blanc ; de l'autre, la tribune du Grand-Seigneur, qui est environnée d'un grillage doré, & où l'on monte par un bel escalier.",fr,4263,-71.666046,-10.3717575
LTR-041,"Dans le haut de la Mosquée, on voit une espèce d'autel où on lit le Nom de Dieu, devant lequel sont deux chandeliers de la hauteur d'un homme ordinaire, avec des cierges de cire, aussi gros que trois de nos flambeaux.",fr,4264,-73.09113,-8.794668
LTR-041,"Le pavé est couvert de riches tapis, & toute la Mosquée est illuminée par une grande quantité de lampes.",fr,4265,-67.42631,-15.9825115
LTR-041,"La cour, qui est au-devant, est très-spacieuse : on y voit une colonnade de marbre verd, surmontée de vingt-huit dômes, tous doublés de plomb en dedans & en dehors; au milieu est une magnifique fontaine.",fr,4266,-65.13354,-8.970353
LTR-041,"Cette description peut vous donner une idée des autres Mosquées de Constantinople: elles sont toutes sur le même modèle, & ne different seulement que par le plus ou moins de grandeur & de richesses.",fr,4267,-3.994382,-38.45766
LTR-041,"Celle de la Sultane Validé est la plus grande de toutes: elle est d'une beauté surprenante, toute bâtie en marbre.",fr,4268,-51.77197,-20.80901
LTR-041,La mère de Mahomet IV.,fr,4269,41.87394,-47.788727
LTR-041,la fonda en l'honneur de notre Sexe.,fr,4270,55.605457,37.27321
LTR-041,"Entre nous, l'Eglise de S. Paul de Londres ne lui est pas comparable, & nos plus belles Places ne peuvent être mises en comparaison avec l'Atler-dam, ou Marché aux Chevaux.",fr,4271,-25.74925,-33.345913
LTR-041,Le lieu où se tient ce Marché est ce qu'on appelloit l'Hippodrome sous les Empereurs Grecs.,fr,4272,-43.737587,-7.8970466
LTR-041,"Au milieu de cette Place, on voit une colonne de bronze qui est formée par trois serpens entrelacés, lesquels ouvrent la gueule.",fr,4273,-71.81211,-12.312541
LTR-041,On ne fait point au juste le motif pour lequel cette colonne extraordinaire a été érigée.,fr,4274,-5.250534,-31.731564
LTR-041,"Lorsqu'on interroge les Grecs à ce sujet, ils racontent des fables, font des histoires, toutes peu satisfaisantes : il est vrai qu'il n'y a jamais eu d'ins-cription.",fr,4275,6.635912,-22.303017
LTR-041,"Au haut de la Place est un obélisque de porphyre, qui paroît avoir été apporté d'Egypte : ses Hiéroglyphes qui y sont encore ne font que des jeux de mots.",fr,4276,-30.854557,-47.32893
LTR-041,Il est soutenu par quatre colonnes d'airain sur un piédestal de pierre de taille en quarré.,fr,4277,-69.91999,-9.806613
LTR-041,"Sur deux côtés de ce piédestal on voit, en bas-relief, une Bataille & une Assemblée.",fr,4278,-70.90678,-11.038656
LTR-041,"Sur les deux autres, on lit des inscriptions Greques & Latines.",fr,4279,-37.99193,-2.5595381
LTR-041,J'ai copié sur mes tablettes celle qui est en Latin : la voici.,fr,4280,-38.20254,-3.0563197
LTR-041,"Difficilis quondam Dominis parere serenis Jussus, & extinctis palmam portare Tyrannis, Omnia Theodosio cedunt, sobolique perenni.",fr,4281,-39.98119,51.854195
LTR-041,Milord vous interpretera ces Vers.,fr,4282,26.831276,-36.247906
LTR-041,Ne vous imaginez pas que c'est une déclaration d'amour que je lui envoye.,fr,4283,28.90811,-3.0417607
LTR-041,Toutes les figures des bas-reliefs sont entieres; & les Voyageurs.,fr,4284,-62.085236,-47.06064
LTR-041,ont l'impudence de dire qu'elles sont sans tête.,fr,4285,18.878271,-60.064648
LTR-041,"Je pourrois affirmer qu'ils ne les ont jamais vues, & qu'ils s'en sont rapportés au témoignage seul des Grecs, qui ont l'audace de démentir leurs yeux mêmes, toutes les fois qu'il est question de déshonorer leurs ennemis.",fr,4286,-4.7415314,6.1122513
LTR-041,"Selon eux, il n'y a rien à Constantinople qui soit digne de curiosité, si ce n'est Sainte Sophie, quoiqu'il y ait, selon moi, plusieurs Mosquées qui méritent la préférence sur elle, tant par leur construction, que par leur grandeur.",fr,4287,-8.006336,-39.613834
LTR-041,"Celle du Sultan Achmet a des portes de bronze ; &, en général, dans toutes les Mosquées, il y a de petites Chapelles où est la sépulture du Fondateur, & de toute sa famille : l'on y entretient toujours des cierges allumés.",fr,4288,-63.873535,-15.293997
LTR-041,"Les Bourses sont de beaux édifices, où il y a de belles galeries, presque toutes soutenues par des piliers : on y entretient la propreté avec beaucoup de soin.",fr,4289,-54.814804,-15.521081
LTR-041,Chaque commerce a une galerie qui lui est destinée : les marchandises y font étalées comme à la Bourse de Londres.,fr,4290,-47.19374,-8.220234
LTR-041,"Le Bifisten, ou quartier des Jouailliers, est si rempli de diamans & de pierreries de toute espèce, que les yeux en font éblouis ; on y voit aussi des broderies qui ont un grand éclat, & la curiosité y attire autant de monde que les affaires.",fr,4291,-51.865566,-14.446115
LTR-041,"Les Marchés font, pour la plûpart, de très-beaux quarrés, & tous peut-être mieux pourvus de denrées que dans aucun autre pays du monde.",fr,4292,-38.875725,-16.986427
LTR-041,"Vous attendez de moi quelque particularité sur les Esclaves ; mais je ne vous ferai point, selon l'usage des Chrétiens, un horrible tableau de leur situation.",fr,4293,11.350153,-33.610924
LTR-041,Je ne suis pas Turque ; mais je ne puis m'empêcher d'applaudir à l'humanité avec laquelle on traite ici ces pauvres Esclaves.,fr,4294,-9.534664,-8.609837
LTR-041,"On ne les frappe jamais, & leur esclavage n'est point, selon moi, plus gênant que la servitude ne l'est dans d'autres pays.",fr,4295,-9.884899,-7.997469
LTR-041,Il est vrai qu'ils ne reçoivent point de gages ; mais ce qu'on dépense en habits pour eux surpasse ce que nous donnons à nos Domestiques.,fr,4296,-37.591366,-43.71259
LTR-041,"Vous m'objecterez, sans doute, que les hommes y achetent les femmes avec des projets d'impureté.",fr,4297,-7.5270987,0.8261851
LTR-041,"Mais, dans les grandes Villes de la Chrétienté, les achete-t-on moins publiquement, & d'une maniere moins infâme ?",fr,4298,-31.494253,-51.71199
LTR-041,"J'ajoûterai à la description de Constantinople, qu'on n'y voit plus le pilier historique ; il s'écroula deux ans avant mon arrivée.",fr,4299,12.056424,-29.919113
LTR-041,Les seules antiquités que j'y aye vues font des aqueducs d'une prodigieuse grandeur ; je crois qu'ils font plus anciens que les Empereurs Grecs.,fr,4300,-13.651434,-36.646652
LTR-041,"Les Turcs, voulant s'attribuer l'honneur de ces grands Ouvrages, y ont placé quelques pierres chargées d'inscriptions à leur louange ; mais cette supercherie n'est pas difficile à découvrir.",fr,4301,-50.714672,-27.148607
LTR-041,Les autres bâtimens publics font les Hans & les Monastères.,fr,4302,-49.273483,-23.020117
LTR-041,"Les Hans font des bâtimens assez considérables, & le nombre en est grand ; les Monastères font en petit nombre, & n'ont aucune magnificence.",fr,4303,-48.30981,-23.302603
LTR-041,"J'eus la curiosité de visiter un des derniers, & d'observer les dévotions des Dervis ; elles me parurent très-bizarres.",fr,4304,-9.737345,-19.747707
LTR-041,"Leur habit consiste en une pièce de gros drap blanc dont ils s'enveloppent le corps, laissant leurs jambes & leurs bras nuds.",fr,4305,-77.42189,-27.40305
LTR-041,"Ils ont la liberté de se marier ; & l'unique régle à laquelle ils soient astreints, c'est d'observer, tous les mercredis & les vendredis, certaines cerémonies ridicules, dont voici le détail.",fr,4306,-38.241734,20.401777
LTR-041,"Ils s'assemblent dans une grande Salle, se tiennent tous debout, les yeux baissés, & les bras croisés.",fr,4307,-60.954437,-22.502075
LTR-041,"Au milieu d'eux est une chaire, dans laquelle un Imaïm, ou Prédicateur, lit quelques passages de l'Alcoran.",fr,4308,-70.2501,-13.980309
LTR-041,"Après cette lecture, huit ou dix d'entr'eux jouent sur des espèces de flûtes, quelques airs lugubres; à la vérité: mais assez harmonieux.",fr,4309,-80.09566,11.263188
LTR-041,"L'Imaïm fait ensuite un résumé de ce qu'il a lu; après quoi, tous les Dervis dansent & jouent, jusqu'à ce que leur Supérieur, qui est seul habillé de verd, se leve & commence lui même une danse assez majestueuse.",fr,4310,-79.82587,14.004445
LTR-041,"Pendant ce tems, ils se rangent tous autour de lui avec ordre.",fr,4311,-76.49838,20.506525
LTR-041,"Les uns jouent sur leur espèce de flûte, & les autres attachent avec une ceinture leurs robes, qui sont en général fort amples, & se mettent à tourner avec un vitesse surprenante, & toujours en mesure ; c'est-à-dire plus ou moins rapidement, suivant les tems.",fr,4312,-76.21282,8.201479
LTR-041,"Ils continuent à tourner ainsi pendant plus d'une heure, sans qu'aucun d'eux sente le moindre étourdissement ; ce qui n'est pas surprenant, parce qu'ils y sont accoumés depuis leur plus tendre jeunesse.",fr,4313,-36.77561,11.587782
LTR-041,La plupart d'entr'eux ont été destinés à ce genre de vie dès leur naissance.,fr,4314,-33.130764,-2.2955496
LTR-041,"J'ai remarqué de petits Dervis de six à sept ans qui tournoient comme les autres, & n'étoient pas plus incommodés qu'eux.",fr,4315,-30.32266,-60.803032
LTR-041,"Lorsque cette cérémonie est finie, ils crient tous à haute voix : Il n'y a point d'autre Dieu que Dieu, & Mahomet est son Prophete.",fr,4316,-52.583405,25.322197
LTR-041,"Ils baisent ensuite, tour à tour, la main de leur Supérieur avec beaucoup de gravité, & se retirent, Ils ont toujours les yeux baissés, & paroissent continuellement ensevelis dans les plus profondes méditations.",fr,4317,-60.92227,-22.694233
LTR-041,"Quelque ridicules que me parussent leurs cérémonies, je fus cependant édifiée de leurs mortifications & de leur obéissance.",fr,4318,-13.507862,-12.238991
LTR-041,"Cette Lettre est d'une terrible longueur ; mais vous la jetterez au feu, quand vous vous ennuierez de la lire.",fr,4319,30.792477,-10.808816
LTR-042,"JE suis sur le point de quitter Constantinople : si je vous disois que c'est avec regret, vous croiriez que je déguise mon sentiment.",fr,4320,13.155857,-27.364063
LTR-042,"Je vous assure, cependant, que m'étant accoutumée à l'air qu'on y respire, & ayant appris la Langue qu'on y parle, je m'y plais beaucoup.",fr,4321,7.644778,-13.540106
LTR-042,"Malgré le goût décidé que j'ai pour les voyages, je suis affrayée des accidens auxquels je prévois que je serai exposée dans celui qu'il faut que je fasse avec une nombreuse famille & un enfant à la mammelle.",fr,4322,12.441505,15.964505
LTR-042,"Au reste, je prendrai dans cette occasion le même parti que j'ai pris dans tous les cas embarrassans où je me suis trouvée pendant ma vie ; c'est-à-dire, que je tâcherai d'en tirer tout le parti possible, pour satisfaire ma curiosité.",fr,4323,16.736593,15.897968
LTR-042,"C'est dant cette idée que je parcours tous les jours les rues de Constantinople, avec mon voile : je veux voir tout ce qu'il y a de curieux.",fr,4324,11.177668,-25.039629
LTR-042,"Vous espérez, sans doute, que cet aveu sera suivi du détail de ce que j'ai vu.",fr,4325,29.522102,-6.7358904
LTR-042,"Je ne répéterai point ce qui a déjà été dit tant de fois, que Constantinople est l'ancienne Bizance ; qu'elle est à présent sous la domination d'un peuple qu'on croit être les Scythes ; qu'il y a cinq ou six mille Mosquées ; que l'Eglise de Sainte Sophie a été fondée par l'Empereur Justinien, &c.",fr,4326,-6.6253815,-39.718334
LTR-042,"Si je passe ces choses sous silence, ce n'est pas, en vérité, faute d'érudition.",fr,4327,10.340698,20.403463
LTR-042,"Pour vous donner aussi la liste des Empereurs Turcs, je pourrois lire Knolles & Paul Ricaut ; mais je crois qu'il est est inutile de vous dire ce que vous trouverez dans tous les Auteurs qui ont écrit sur ce Pays.",fr,4328,16.443367,-31.09704
LTR-042,"J'ai plutôt envie, par cet esprit de contradiction, naturel aux femmes, de vous faire remarquer la fausseté de la plûpart des faits qu'ils rapportent.",fr,4329,2.924885,2.090476
LTR-042,"Par exemple, l'admirable M. Hill assure avec hardiesse avoir vû une colonne suante dans Sainte Sophie, & que la sueur de cette colonne est un remede sûr contre les maux de tête.",fr,4330,1.7312404,3.0756786
LTR-042,Je vous assure qu'il n'y a pas la moindre tradition d'un pareil fait: je crois que c'est une des visions qu'il a eues pendant son étonnant séjour dans les Catacombes d'Egypte ; car je suis certaine qu'il n'a jamais entendu parler ici d'une pareille merveille.,fr,4331,1.4358355,-7.308839
LTR-042,"Il est plaisant de voir avec quelle tendresse lui & ses confreres, les Ecrivains de voyages, déplorent la capti- vité des Dames Turques, qui sont peut-être plus libres que toutes les autres femmes du monde.",fr,4332,-22.769196,13.748769
LTR-042,"Ce sont les seules qui passent leur vie sans aucun soin, & dans des plaisirs continuels.",fr,4333,-35.92431,14.39748
LTR-042,"Toute leur occupation consiste à faire des visites, à aller au bain, à faire de la dépense, à inventer de nouvelles modes.",fr,4334,-47.48827,27.365894
LTR-042,"Un mari qui exigèroit la moindre économie de sa femme, passeroit pour fou; elle ne doit avoir d'autre régle là-dessus que sa fantaisie.",fr,4335,-32.046253,26.593464
LTR-042,"En un mot, c'est au mari à gagner de l'argent, & à la femme à le dépenser : celles même qui font du plus bas étage, jouissent de ce beau droit.",fr,4336,-33.847363,15.438097
LTR-042,"La femme d'un petit Marchand qu'on voit porter sur son dos des mouchoirs brodés à vendre, ne voudroit pas mettre sur elle des étoffes qui ne seroient pas d'or.",fr,4337,-82.47474,-6.9017754
LTR-042,"Elle a des fourrures d'hermine, & un assortiment de bijoux pour orner sa tête.",fr,4338,-78.57087,-19.85911
LTR-042,"Il est vrai que les femmes Turques n'ont pas d'autres rendez-vous que les bains, où les hommes ne peuvent entrer ; mais elles s'y amusent beaucoup.",fr,4339,-31.245415,12.062078
LTR-042,"J'eus la curiosité, il y a trois jours, d'aller à un des plus beaux de la ville : on y recevoit une nouvelle Mariée, & je vis avec plaisir les cérémonies qui sont en usage dans ces occasions.",fr,4340,-2.0618865,27.348793
LTR-042,Elles me rappellerent à l'idée l'Epithalame d'Helene par Théocrite : il me paroît que ces cérémonies sont exactement ce qu'elles étoient alors.,fr,4341,-13.634891,-39.02603
LTR-042,"Toutes les amies, parentes, même les connoissances des deux familles nouvellement alliées se trouvent au bain ; beaucoup d'autres y vont par curiosité : enfin il y avoit ce jour-là deux cents femmes.",fr,4342,-43.189888,32.59824
LTR-042,"Celles qui étoient mariées & les veuves se placerent sur des sophas de marbre qui sont autour des salles ; les filles se dépouillerent promptement de leurs habits & parurent toutes nues, n'ayant pour unique couverture que de longs cheveux garnis de perles & de rubans.",fr,4343,-74.44068,5.743446
LTR-042,"Deux d'entre elles allerent à la porte recevoir la nouvelle Mariée, qui étoit conduite par sa mere & une de ses parentes.",fr,4344,-22.674427,50.73842
LTR-042,"Elle étoit très-belle, & avoit au plus dix-sept ans.",fr,4345,-37.837826,37.216034
LTR-042,"Ses habits étoient d'une étoffe très-riche, & tout couverts de pierreries.",fr,4346,-77.6773,-22.487093
LTR-042,"On la déshabilla sur le champ, & on la mit dans l'état de pure nature.",fr,4347,-65.57764,43.821014
LTR-042,Alors elle fit une espéce de procession avec toutes les filles.,fr,4348,-13.034134,37.217598
LTR-042,"Deux marchoient devant, & jettoient des parfums dans des vases de vermeil : les autres, dont le nombre se montoit à trente, suivoient deux à deux.",fr,4349,-84.8481,4.5061483
LTR-042,Celles qui précédoient cette marche chantoient une Epithalame que les autres répétoient en chorus : les deux dernieres étoient à côté de la nouvelle Mariée qui marchoit les yeux baissés avec un air de modestie qui me charmoit.,fr,4350,-83.878586,10.991894
LTR-042,Elles firent de cette maniere le tour des trois grandes salles du bain.,fr,4351,-69.51163,7.3978534
LTR-042,Il est difficile de vous peindre la beauté de ce spectacle.,fr,4352,-6.616538,-29.054781
LTR-042,"Presque toutes les filles étoient extrêmement bien proportionnées ; leur peau étoit d'une blancheur éblouissante, & adoucie par le fréquent usage du bain.",fr,4353,-62.23443,-27.915169
LTR-042,"Lorsque cette espèce de procession fut finie, la nouvelle Mariée fut présentée à chaque Dame en particulier, qui lui fit un compliment accompagné d'un présent consistant en bijoux, pièces d'étoffes, mouchoirs, ou autres choses semblables.",fr,4354,-75.29272,16.824234
LTR-042,Elle l'acceptoit en baisant la main de celle qui le lui présentoit.,fr,4355,-34.436428,36.899452
LTR-042,Je suis très-satisfaite d'avoir vû cette cérémonie.,fr,4356,24.871454,27.22357
LTR-042,"Vous pouvez croire, sur ma parole, que les Dames Turques ont, pour le moins, autant d'esprit, de politesse, même de liberté que nous.",fr,4357,-5.4234285,-7.030008
LTR-042,"Il est vrai que si, d'un côté, l'usage leur fournit souvent occasion de satisfaire leurs mauvaises inclinations, en cas qu'elles en ayent, de l'autre, il donne aux maris le pouvoir d'en tirer la plus cruelle vengeance, s'ils les découvrent.",fr,4358,-23.329632,21.088093
LTR-042,"Il n'y a pas deux mois qu'on trouva, au point du jour, tout près de la maison que j'habite, le corps d'une jeune femme.",fr,4359,-35.610382,33.28323
LTR-042,Il étoit sanglant & seulement enveloppé d'un gros drap.,fr,4360,-78.84968,-21.886223
LTR-042,"Il avoit deux coups de coûteau, l'un dans le côté, l'autre dans le sein.",fr,4361,-91.366646,-13.794185
LTR-042,"Il n'étoit pas encore froid, & conservoit les restes d'une si grande beauté, qu'il n'y a pas un homme dans Péra qui n'ait été le regarder.",fr,4362,-19.966677,-12.334984
LTR-042,"Mais, comme les femmes ne font jamais vues par les hommes, on ne l'a pas reconnue.",fr,4363,-14.705801,-6.2030826
LTR-042,On imagina que ce corps avoit été apporté la nuit de Constantinople : l'assassin fut très-peu recherché : on enterra le corps la nuit sans bruit.,fr,4364,-17.141066,-57.60425
LTR-042,"Le meurtre ici n'est jamais poursuivi par les Officiers de Justice, comme parmi nous.",fr,4365,-16.912691,28.690287
LTR-042,"Ce sont les proches parens du mort qui font les poursuites ; &, s'ils veulent s'accommoder pour de l'argent, ce qui arrive souvent, le meurtrier n'est plus inquiété.",fr,4366,-26.719158,24.200993
LTR-042,"On croiroit qu'un pareil vice dans le Gouvernement rendroit ce crime fréquent ; mais il est très-rare ; ce qui prouve que cette Nation n'est pas naturellement cruelle ; aussi ne mérite-t-elle pas, même à beaucoup d'autres égards, le titre de barbare que nous lui donnons.",fr,4367,-16.705694,1.7895948
LTR-042,"J'ai lié amitié avec une Dame Chrétienne de qualité, qui a pris un mari Turc ; c'est une femme d'esprit & de beaucoup de mérite.",fr,4368,-10.255439,29.33868
LTR-042,"Son histoire est singuliere, au point que je ne puis me dispen- ser de vous la raconter : je le ferai avec le plus de précision qu'il me sera possible.",fr,4369,21.274061,-17.641878
LTR-042,"Cette Dame est Espagnole; elle demeuroit à Naples, avec sa famille, lorsque ce Royaume étoit sous la domination des Espagnols.",fr,4370,-47.34335,45.604885
LTR-042,"En traversant la mer dans une felouque, avec son frere, pour retourner dans son Pays, ils furent attaqués, abordés & pris par l'Amiral Turc......",fr,4371,-51.85062,61.17482
LTR-042,"Comment pourrai-je, sans choquer la pudeur, continuer le récit de son aventure ?",fr,4372,34.840725,-2.629584
LTR-042,"Elle essuya le même malheur qu'avoit essuyé la belle Lucrece tant d'années auparavant : mais elle étoit trop bonne Chrétienne pour se punir, comme le fit cette Payenne, d'un crime involontaire.",fr,4373,-20.23144,37.46208
LTR-042,"L'Amiral fut si touché de la beauté & de la douleur de sa belle captive, que, pour premier présent, il lui accorda la liberté de son frere & de tous ses do- mestiques.",fr,4374,-25.37013,57.388397
LTR-042,"Ce frere, deux mois après qu'il fut arrivé en Espagne, envoya quatre mille livres sterling pour la rançon de sa soeur.",fr,4375,-24.403976,57.164394
LTR-042,"Le Turc généreux prit l'argent, le lui remit entre les mains, en lui disant qu'elle étoit libre.",fr,4376,-27.935953,60.356037
LTR-042,"Mais cette jeune Demoiselle réfléchit sur ce qu'elle devoit attendre dans sa patrie de la part de ses parens, & prévit qu'après ce qui lui étoit arrivé, ils se croiroient obligés de la confiner dans un Couvent pour le reste de ses jours.",fr,4377,-23.412205,39.030598
LTR-042,.,fr,4378,53.899548,-40.717964
LTR-042,.,fr,4379,53.899548,-40.717964
LTR-042,.,fr,4380,53.899548,-40.717964
LTR-042,.,fr,4381,53.899548,-40.717964
LTR-042,"Son Amant, quoique Mahométan, étoit beau, tendre, passionné ; il prodiguoit à ses pieds toute la magnificence Turque.",fr,4382,-15.8209715,33.022137
LTR-042,"Enfin elle lui répondit que sa liberté lui paroissoit d'un prix beaucoup au-dessous de son honneur; qu'il lui avoit enlevé le dernier, & qu'il ne pouvoit le lui rendre qu'en l'épousant ; elle le pria d'accepter sa rançon pour dot, & de lui donner la satisfaction de se voir dans le cas qu'aucun autre homme, que son mari, ne pût se vanter d'avoir joui d'elle.",fr,4383,-27.274965,33.38614
LTR-042,"L'Amiral accepta son offre avec les plus grands transports de joie ; il renvoya sa rançon à ses parens, & leur fit dire qu'il étoit trop heureux de la posséder.",fr,4384,-26.737207,57.880657
LTR-042,"Il l'épousa, & n'eut jamais d'autre femme qu'elle: de son côté, elle dit qu'elle n'a jamais eu le moindre sujet de se repentir du parti qu'elle prit.",fr,4385,-30.42249,31.4841
LTR-042,"Quelques années après, il la laissa une des plus riches veuves de Constantinople : mais, comme une femme ne peut honnêtement rester seule, elle s'est remariée au Capitan Bassa ; c'est-à-dire, Amiral.",fr,4386,-32.330933,47.521385
LTR-042,Il avoit succédé à son premier mari.,fr,4387,-27.62222,36.893963
LTR-042,"Vous ne manquerez pas de croire que mon amie aimoit son ravisseur, & que c'est le principal motif qui l'a fait rester ici ; pour moi, je m'en rapporte là-dessus à sa parole: elle m'assure qu'elle n'a eu pour guide que l'honneur : je lui pardonnerois d'ailleurs de s'être lais- sée gagner par la générosité, qui est presque naturelle aux Turcs de quel- que considération.",fr,4388,-4.5756288,17.747807
LTR-042,Il y a de la grandeur d'ame à dire la vérité & l'on voit rarement un Turc soûtenir un mensonge avec hardiesse.,fr,4389,-8.126923,-54.02854
LTR-042,"Je ne parle pas du bas peuple, qui a autant d'ignorance que de vice.",fr,4390,-10.991688,-5.07535
LTR-042,"Les faux temoins y font à meilleur mar- ché que parmi les Chrétiens, parce qu'ils ne sont pas punis comme ils le méritent, lors même que leur crime est prouvé.",fr,4391,-22.230566,6.5726266
LTR-042,Je vais vous donner une idée de leurs Loix.,fr,4392,25.476238,-34.835125
LTR-042,Je ne me souviens point de vous avoir parlé d'un usage qui est particulier aux Turcs ; c'est l'a- doption ; elle est encore plus com- mune parmi les Grecs & les Armé- niens que parmi eux.,fr,4393,-13.558704,-24.893545
LTR-042,"Comme on n'est pas maître dans ce Pays de disposer de son bien en faveur d'un parent ou d'un ami, pour ne pas le laisser tomber dans le trésor du Grand-Seigneur, il est ordinaire que ceux qui prévoient n'avoir point d'enfans, en choisissent un parmi le peuple : ils le conduisent avec les parens devant le Cadi, où ils déclarent qu'ils le constituent leur héritier.",fr,4394,-40.16273,20.47944
LTR-042,"Les parens de l'enfant renoncent alors à tous leurs droits sur lui, & en passent l'acte devant témoins ; & celui qui a adopté l'enfant ne peut plus le deshériter.",fr,4395,-37.623425,30.875813
LTR-042,J'ai vu cependant des mendians donner des preuves de l'amour paternel : ils refusoient de céder leurs enfans à des Grecs très-riches ; quoiqu'ils soient certains que les peres adoptifs marquent beaucoup d'affection à ceux qu'ils ont adoptés ; ils les appellent enfans de leur ame.,fr,4396,-12.374495,4.6137986
LTR-042,Cette coutume me plaît beaucoup plus que la nôtre.,fr,4397,-3.1586683,-18.091955
LTR-042,"Pour perpétuer notre nom, nous laissons souvent tout ce que nous possédons à un parent éloigné, que nous ne connoissons que par quelques Lettres que l'intérêt l'a forcé de nous écrire : il est bien plus raisonnable, selon moi, de rendre heureux un enfant que nous élevons suivant notre goût, ce que les Turcs appellent nourri sur ses genoux.",fr,4398,-13.154921,14.493419
LTR-042,"Puisque j'ai cité les Arméniens, je vais vous dire quelque chose de cette Nation, qui, je crois, vous est tout-à-fait inconnue.",fr,4399,8.071737,-23.556562
LTR-042,Je ne vous ennuierai point par une description Géographique de leur Pays : les Cartes peuvent vous satisfaire à ce sujet : je ne vous fatiguerai point encore par un tableau de leur ancienne grandeur ; vous le trouverez dans l'Histoire Romaine.,fr,4400,13.614028,-32.41843
LTR-042,"Ils sont à présent sous la domination des Turcs : comme ils entendent très-bien le commerce & qu'ils peuplent beaucoup, ils font répandus dans toutes les parties de cet Empire.",fr,4401,-44.018776,7.839121
LTR-042,"Ils prétendent que ce fut S. Gregoire qui leur fit embrasser la Religion Chrétienne : ce font les Chrétiens, peut-être, les plus dévots qu'il y ait dans le monde.",fr,4402,-19.576294,-16.769806
LTR-042,"Leurs Prêtres leur enseignent principalement à observer scrupuleusement le Carême, qui dure au moins sept mois de l'année ; & ils ne le romproient pas pour le plus pressant besoin.",fr,4403,-51.54366,18.312382
LTR-042,"Ce seroit chez eux un péché irrémissible de manger pendant un Carême autre chose que des légumes & des racines sans huile, & du pain sec.",fr,4404,-50.837738,17.56557
LTR-042,"L'Interprete de Milord M*** étoit Arménien : ce pauvre misérable s'étoit tellement exténué par le jeûne, qu'on désespéroit de sa vie : néanmoins ni les ordres de son Maître, ni les persécutions des Médecins n'ont pu le déterminer à prendre deux ou trois cuillerées de bouillon: on lui assuroit, cependant, que c'étoit le seul moyen d'échapper à la mort.",fr,4405,-12.947861,67.74411
LTR-042,"A cet usage près, leur Religion a du rapport avec la nôtre.",fr,4406,24.076933,52.9824
LTR-042,"Il est cependant vrai qu'ils approchent de la Doctrine de M. Whiston, & je ne crois pas qu'ils different beaucoup de celle des Grecs.",fr,4407,-18.982502,5.950227
LTR-042,"Ils prétendent que si le Saint-Esprit ne procede que du Pere, le Fils lui est subordonné.",fr,4408,-33.938053,-49.76042
LTR-042,"Ils n'ont aucune idée de transsubstantiation, quoi qu'en dise le Chevalier Paul Ricaut, qui leur avoit prêté cette croyance en 1679, pour gagner, sans doute, les bonnes graces de la Cour d'Angleterre.",fr,4409,-19.365349,6.596945
LTR-042,Ils ont en horreur ceux d'entr'eux qui embrassent la Religion Romaine.,fr,4410,-18.831644,-17.108255
LTR-042,Le mariage est ce qu'il y a de plus extraordinaire parmi eux; je crois qu'on ne trouve rien de semblable dans le monde entier.,fr,4411,-24.885626,-12.054855
LTR-042,Ils se promettent réciproquement de s'épouser très-jeunes ; mais ils ne se voient que trois jours après la célébration du mariage.,fr,4412,-48.69172,30.544638
LTR-042,"La nouvelle Mariée est conduite à l'Eglise, ayant sur la tête un bonnet qui a une forme platte & ronde ; sur ce bonnet est un voile de soie rouge, qui lui pend jusqu'aux pieds.",fr,4413,-85.228615,-12.262844
LTR-042,"Le Prêtre demande au Prétendu s'il consent d'épouser cette personne, fût-elle sourde, fût-elle aveugle ; ce sont ses propres termes.",fr,4414,-29.2851,33.533493
LTR-042,"Si-tôt qu'il a répondu, oui, les parens & amis des deux côtés la conduisent chez lui en dansant & chantant.",fr,4415,-81.67038,12.930102
LTR-042,"Lorsqu'elle y est arrivée, on la fait placer sur un coussin, dans le coin du Sopha : mais personne ne leve son voile ; son mari même n'en a pas la liberté.",fr,4416,-36.042793,25.911228
LTR-042,"Il y a quelque chose de si extraordinaire dans un tel usage, que je n'y ajouterois pas foi, si cette vérité ne m'avoit été attestée.",fr,4417,6.0118723,-6.4748983
LTR-042,"par plusieurs Arméniens, entr'autres par un jeune homme, qui me dit, en pleurant, que sa mere l'avoit promis à une fille qu'il devoit épouser de cette maniere.",fr,4418,-7.673662,19.889128
LTR-042,"Mais il m'assura qu'il mourroit plutôt que de se soumettre à cette tyrannie, parce qu'il étoit persuadé que celle qu'on lui destinoit avoit toutes les difformités imaginables.",fr,4419,10.124764,35.77031
LTR-042,Il me semble vous voir frémir d'horreur en lisant cette relation.,fr,4420,31.481033,-5.498038
LTR-042,Je crois que je ne peux finir ma Lettre par une histoire plus surprenante.,fr,4421,30.917727,-0.62715673
LTR-042,"Je puis vous assurer qu'elle est aussi véritable, qu'il l'est que je suis, ma très-chere Soeur, votre, &c.",fr,4422,35.714066,16.595058
LTR-043,J'AI reçu de vos nouvelles avec beaucoup de plaisir.,fr,4423,23.797361,0.8510511
LTR-043,"Vos savantes questions ont flaté ma vanité, qui, comme vous savez, est la passion dominante des hommes.",fr,4424,-7.91624,-1.5217489
LTR-043,"Je ne suis, cependant, pas en état de vous répondre : quand je saurois autant de Mathématiques qu'Euclides même, il me faudroit séjourner un siecle dans ce pays pour faire de justes observations sur l'air & les vapeurs.",fr,4425,19.413626,-31.222855
LTR-043,"Mais je n'y ai pas encore passé un an entier, & je dois bientôt le quitter.",fr,4426,18.991648,39.079144
LTR-043,Je suis destinée à être errante : vous en serez surpris ; mais personne ne peut l'être autant que moi.,fr,4427,6.1204443,-3.1447272
LTR-043,"Vous ne manquerez pas de m'accuser de paresse ou de stupidité, peut-être de tous les deux ensemble, en voyant que je suis sur le point de quitter Constantinople, & que je ne vous fais aucun détail sur la Porte Ottomane.",fr,4428,13.516222,-28.438307
LTR-043,"Je vous réponds à cela, qu'il suffit de jetter les yeux sur le Chevalier Paul Ricaut; on y en trouve d'assez justes sur les Vizirs, les Beglerbis; sur le Gouvernement civil & spirituel, & sur les Officiers du Serrail ; il est facile de se procurer des Mémoires assez exacts à ce sujet.",fr,4429,-8.160465,9.331389
LTR-043,"Il y a cependant des Historiens, Dieu fait ....",fr,4430,-35.21212,-46.40934
LTR-043,"Mais chacun a la liberté d'écrire ses propres remarques; d'ailleurs les usages d'un Peuple peuvent changer, & il peut y en avoir quelques-uns qui échappent aux Observations d'un Voyageur.",fr,4431,-25.216028,1.3863815
LTR-043,"Il n'en est pas de même des Gouvernemens; je ne vous en parlerai point, parce que je ne pourrois vous en dire rien de nouveau.",fr,4432,20.058022,-21.509098
LTR-043,"Je passerai aussi sous silence l'Arcenal & les sept Tours : je vous ai déja parlé des Mosquées ; je vous ai fait même la description d'une des plus considérables : mais je ne puis m'empêcher de relever une erreur qui est dans Gemelli ; c'est cependant, de tous les Voyageurs, celui dont je fais le plus de cas.",fr,4433,1.3778228,-38.033413
LTR-043,Il dit qu'on ne trouve aucuns vestiges de Calcédoine : il se trompe ; je m'y transportai hier.,fr,4434,0.19339971,-38.16071
LTR-043,"Pour y arriver, je pris une galère dans laquelle je traversai un bras de mer très-étroit qui est entre Constantinople & cette Ville.",fr,4435,-18.281122,-47.39473
LTR-043,Calcédoine est encore fort grande & contient plusieurs Mosquées.,fr,4436,-41.619938,-26.848116
LTR-043,"Les Chrétiens lui ont conservé son ancien nom, & les Turcs lui en donnent un que j'ai déjà oublié ; mais ce n'est qu'une corruption du même.",fr,4437,-35.581963,0.06521784
LTR-043,"Je suis persuadée que cette erreur vient de son guide, & que son peu de séjour dans ce pays l'a empêché de la rectifier ; car j'ai plusieurs preuves de son exactitude.",fr,4438,5.2666116,8.313937
LTR-043,"Rien n'est plus agréable que le canal qui est entre Constantinople & Calcédoine : les Turcs ont fait bâtir des maisons de campagne sur les bords, où ils ont de très-beaux points de vue, tant en Asie qu'en Europe.",fr,4439,-58.08998,21.409744
LTR-043,"On y voit plus de cent palais magnifiques, qui sont tous à côté les uns des autres.",fr,4440,-60.221275,-10.41226
LTR-043,"Comme la Fortune est encore plus inconstante ici qu'ailleurs, il arrive très-souvent que les héritiers d'un Bacha à trois queues ne sont pas en état d'entretenir la maison qu'il leur a laissée ; voilà pourquoi l'on n'est pas long-tems sans voir tomber les plus beaux Palais de Turquie en ruine.",fr,4441,-43.30291,16.423342
LTR-043,"J'allai voir celui du dernier Grand-Vizir qui fut tué à Peter-Waradin : il avoit été conf- truit pour recevoir sa Royale Epouse, fille du Sultan régnant ; mais il ne vécut pas assez pour avoir cet honneur.",fr,4442,-26.508074,45.703194
LTR-043,"J'ai envie de vous en faire la description ; mais je n'ose, parce que je crains de ne pouvoir, malgré mes efforts, vous en donner une juste idée.",fr,4443,21.481667,-11.742911
LTR-043,"Il est sur le bord du canal, & dans une des plus agréables situations qu'on puisse trouver.",fr,4444,-68.14413,22.104033
LTR-043,"Une montagne couverte d'un bois, le domine : son étendue est immense ; le Concierge m'a dit qu'il y avoit plus de huit cents chambres ; je ne puis assurer que cette quantité y soit ; je ne les ai pas comptées : tout ce que je peux dire, c'est que le nombre en est prodigieux : elles sont toutes décorées avec la plus grande magnificence.",fr,4445,-52.618942,-11.886701
LTR-043,"Le marbre, la dorure, & les peintures les plus fines y sont prodigués.",fr,4446,-61.670605,-19.853455
LTR-043,Le vitrage des fenêtres est du plus beau crystal d'Angleterre.,fr,4447,-42.210564,-16.551058
LTR-043,"On y voit enfin toute la magnificence & la somptuosité que pourroit offrir le palais d'un jeune ambitieux, plongé dans le luxe, & qui auroit à sa disposition toutes les richesses d'un vaste & puissant Empire : mais rien ne m'a fait plus de plaisir que les appartemens des bains.",fr,4448,-42.290714,-15.261469
LTR-043,"Il y en a deux qui répondent l'un à l'autre, & qui font bâtis exactement de la même maniere.",fr,4449,-41.013916,-7.5937996
LTR-043,"Les bains, les fontaines & le pavé font tout de marbre blanc, les plafonds dorés & les murailles couvertes de porcelaine du Japon.",fr,4450,-66.94264,-11.733876
LTR-043,"Près de ces appartemens il y a deux salles, dont la plus élevée forme une estrade, aux quatre coins de laquelle on voit sortir du plafond, des eaux qui tombent par cascades dans des coquilles de marbre blanc, & se réunissent au bas dans un large bassin, entouré de petits tuyaux qui forment des jets de la hauteur de l'appartement.",fr,4451,-68.83288,-3.768253
LTR-043,"Les mu- railles sont en forme de treillis, autour desquelles sont plantés en-dehors, des chevre-feuilles & des vignes qui forment une tapisserie de verdure, & donnent de l'ombrage à ces délicieux appartemens.",fr,4452,-59.95834,-6.413622
LTR-043,"Je pourrois vous conduire dans les autres, qui seroient tous dignes de votre curiosité : mais il est plus difficile de donner la description des palais Turcs que de tous les autres, parce qu'ils sont, en général, très-irrégulièrement bâtis.",fr,4453,-19.335878,-25.17605
LTR-043,"Il n'y a ni façade, ni ailes ; & quoique cette irrégularité soit agréable à la vûe, elle est inintelligible dans la narration.",fr,4454,-15.858795,-32.623062
LTR-043,"J'ajouterai seulement que la Chambre destinée au Grand-Seigneur, quand il vient voir sa fille, est toute lambrissée de nacre de perle, & parsemée d'émeraudes en forme de clous, On y trouve plusieurs autres appartemens dont les murailles sont marquetées quetées en nacre de perle, en bois d'olivier ; quelques-unes le font en porcelaine du Japon.",fr,4455,-65.26541,-17.982216
LTR-043,"Il y a un grand nombre de galeries qui font toutes très-vastes : on y voit des pots de fleurs, des vases de porcelaine remplis de fruits de différentes espèces : le tout est en plâtre ; mais la peinture est si fine, les couleurs sont si vives, qu'on n'imagineroit jamais que c'est l'ouvrage de l'art.",fr,4456,-57.869263,-16.571436
LTR-043,"Les jardins répondent à la magnificence du Palais : il y a des cabinets de verdure, des arbres, des fontaines, le tout dans une agréable confusion : il y manque cependant des statues.",fr,4457,-56.19757,-11.254697
LTR-043,Voyez à présent si cette Nation est aussi barbare que nous le croyons.,fr,4458,-14.040063,-3.1509693
LTR-043,"De ce que le goût des Turcs est différent du nôtre, s'en suit-il de-là qu'il soit mauvais ?",fr,4459,-35.362133,-32.940468
LTR-043,"Pour moi, je crois qu'ils savent tirer parti de la vie.",fr,4460,27.241453,-30.650505
LTR-043,"Ils la passent dans la Musique, dans les jardins, dans le vin & la bonne chere, tandis que nous nous cassons la tête pour découvrir quelque systême de politique, ou à étudier quelque science que nous n'approfondirons jamais, ou que nous ne pourrons jamais persuader à personne d'estimer, quand même nous y réussirions.",fr,4461,-22.430439,2.8215015
LTR-043,"Il est certain qu'il n'y a de plaisirs réels que ceux des sens : la réputation & les éloges sont au-dessous de leur prix ; pour les obtenir, il en coûte le tems & la santé : il arrive souvent même que la mort ou la vieillesse surprennent avant qu'on ait recueilli le fruit de ses travaux.",fr,4462,-19.195835,16.807364
LTR-043,"La vie de l'homme est si courte, qu'il ne doit songer qu'à rendre le présent agréable.",fr,4463,15.953512,-20.537985
LTR-043,"Je n'ose pousser mes réflexions plus loin ; je crains même qu'elles ne l'ayent été trop ; mais mon cœur vous est si connu, que je crois devoir me rassurer, & je n'attends point de vous ces insipides plaisanteries, que d'autres ne manqueroient pas de faire en pareille occasion.",fr,4464,13.733087,8.861984
LTR-043,"Vous savez que je n'ai jamais confondu le plaisir avec le vice, comme font les gens dépourvus de jugement.",fr,4465,-10.36706,-3.889779
LTR-043,Je veux vous faire rire en finissant ma Lettre.,fr,4466,29.652979,0.17579032
LTR-043,"J'aimerois mieux être un riche Effendi avec son ignorance, qu'Isaac Neuton avec toute sa science.",fr,4467,-3.0771515,3.0379975
LTR-043,"Je suis, &c.",fr,4468,41.938595,18.629898
LTR-044,"J'Ai quitté Constantinople le 6. du mois dernier, & je n'ai trouvé jusqu'à présent aucune occasion pour vous faire tenir ma Lettre : j'en étois fâchée ; parce que je desirois, de tout mon cœur, de partager avec quelqu'un le plaisir que j'ai goûté dans ma route.",fr,4469,16.114944,-5.1813455
LTR-044,"J'ai parcouru la plus agréable partie du Monde ; l'idée de ce qui s'est offert à ma vue, porte, malgré moi, mon esprit à la Poësie.",fr,4470,-2.4261255,-12.953035
LTR-044,"* » Mon imagination, échauffée » par un enthousiasme poëtique, par- » court les Mers & les Isles immor- » telles, où les Muses ont tant de » fois chanté que les Montagnes ré- » petent leurs Vers "".",fr,4471,-8.5361,-44.505898
LTR-044,"Pardonnez cet écart ; je tâcherai, s'il est possible, d'écrire le reste de ma Lettre en Prose.",fr,4472,32.29517,-7.9912653
LTR-044,"Un jour après que nous eûmes mis à la voile, nous cotoyâmes Gallipolis ; c'est une belle Ville ; elle est située dans la baye du Chersonese.",fr,4473,-62.666004,38.203384
LTR-044,"Comme c'est la premiere Place que les Turcs ayent conquise en Europe, elle est très-célébre parmi eux.",fr,4474,-50.589344,47.601322
LTR-044,"Le lendemain, à cinq heures du matin, nous jettâmes l'ancre dans l'Hellespont, entre les Forts de Sestos & d'Abydos, qu'on nomme à présent les Dardanelles.",fr,4475,-64.28422,37.724957
LTR-044,Ce sont deux petits Forts très-anciens ; mais ils ne sont pas beaucoup importans aujourd'hui ; ils sont commandés par un terrein fort élevé.,fr,4476,-47.592426,-29.884876
LTR-044,"J'avoue que je ne les aurois même pas vus, si notre Capitaine & les Officiers ne m'avoient avertie d'y prendre garde.",fr,4477,-4.3671875,5.190605
LTR-044,Mon imagination étoit frappée de cette Histoire tragique qui vous est connue.,fr,4478,23.193493,-17.364199
LTR-044,"* » L'Amant nageur, & l'Epouse » de nuit ; combien le Héros l'aima, » & comment Léandre mourut "".",fr,4479,-59.73959,28.875036
LTR-044,Toujours des Vers !,fr,4480,48.853,-2.5974033
LTR-044,"J'ai respiré de l'air poétique, & j'en suis encore remplie.",fr,4481,7.521136,-11.960208
LTR-044,"Celui d'Abydos doit être tendre, puisque ce fut l'Amour qui le mit sous la domination des Turcs : ils en firent le siége sous le regne d'Orchanes ; la fille du Gouverneur s'imaginant avoir vu en songe celui qu'elle devoit épouser : (je ne sais si elle s'étoit endormie sur le gâteau nuptial, ou si elle avoit jeûné en l'honneur de Sainte Agnès.)",fr,4482,-37.68276,42.166023
LTR-044,"Celui qu'elle avoit vu en songe étoit un des Assiégeans : déterminée à suivre son destin, elle lui jetta par-dessus les murailles, un billet par lequel elle lui offroit le Fort & sa personne.",fr,4483,-26.115425,38.414062
LTR-044,"Le Turc porta ce billet à son Général, qui, voulant tenter l'aventure, fit éloigner son armée de la Place, & donna ordre au jeune homme de s'en approcher à minuit avec un corps de gens d'élite.",fr,4484,-30.273785,58.18379
LTR-044,"Il y fut introduit à l'heure marquée, tailla la garnison en pieces, fit le Gouverneur prisonnier, & épousa la fille.",fr,4485,-34.067425,51.091248
LTR-044,"Ce Fort, qui est en Asie, fut fondé par les Milesiens : Sestos est en Europe ; c'étoit autrefois une des principales Villes du Chersonese.",fr,4486,-54.673996,46.73847
LTR-044,"A présent que j'ai vu ce détroit, je ne regarde plus l'aventure de Léandre comme impossible, ni le pont de bateaux que Xercès fit construire comme une merveille.",fr,4487,-14.120495,-46.071762
LTR-044,"Il est si étroit, qu'il n'est pas étonnant qu'un jeune Amant ait entrepris de le passer à la nage, ni qu'un Roi ambitieux ait tenté de le faire traverser par son armée ; mais il est si sujet aux tempêtes, qu'il l'est encore moins que l'Amant ait été noyé, & le pont détruit.",fr,4488,-33.96415,44.555298
LTR-044,De-là nous découvrîmes le Mont Ida dans tout son entier.,fr,4489,-61.514423,29.639582
LTR-044,"* » Autrefois Junon y caressa Ju- » piter, & le Maître du Monde y fut » vaincu par l'Amour «.",fr,4490,-60.18939,29.054783
LTR-044,"A quelques lieues de-là, je vis la pointe de terre où reposent les cendres de la pauvre Hécube, & à une lieue au-dessus, nous trouvâmes le Cap Janissaire, qui est le fameux Promontoire de Sigée : nous y mouillâmes.",fr,4491,-44.28021,-4.7475295
LTR-044,"La curiosité me donna des forces au point que je montai jufqu'au haut, pour voir le tombeau d'Achille.",fr,4492,-20.52533,44.74318
LTR-044,"Autrefois Alexandre, par vénération pour ce Héros, en fit le tour tout nud, ce qui ne manqua pas de faire beaucoup de bien à l'ame du mort.",fr,4493,-21.309818,45.30921
LTR-044,"J'y trouvai les ruines d'une grande Ville, & une pierre sur laquelle Milord M*** lut ces mots, Sigen Polin ; nous ordonnâmes à nos gens de la transporter à bord : un Prêtre Grec nous montra des choses bien plus curieuses ; mais il étoit si ignorant, qu'il ne put nous en donner aucune explication passable.",fr,4494,-40.348248,-0.6579445
LTR-044,"Aux deux côtés de la porte de sa petite Eglise, sont deux grandes pierres qui ont chacune dix pieds de long, sur cinq de large, & trois d'épaisseur.",fr,4495,-68.56429,-6.1979704
LTR-044,"Celle qui est à droite est de beau marbre blanc : sur un des côtés, on voit un très-beau bas-relief qui représente une femme, laquelle paroît être une Divinité : elle est assise sur une chaise qui a un marche-pied.",fr,4496,-74.789566,-7.4600797
LTR-044,"Une femme qui a l'air éplorée, semble lui présenter un enfant qu'elle tient entre ses bras.",fr,4497,-34.808212,36.65437
LTR-044,Celle-ci est suivie de quantité d'autres qui tiennent chacune un enfant dans la même attitude.,fr,4498,-40.89846,-7.528686
LTR-044,Il y a lieu de croire que c'est le reste d'un an- cien tombeau ; mais je n'ose vous en donner l'explication.,fr,4499,1.28015,-34.77128
LTR-044,"Sur la pierre qui est à gauche, on lit une belle inscription ; mais le Grec en est trop ancien pour que Milord M*** puisse l'expliquer.",fr,4500,-53.93786,-41.099907
LTR-044,"J'avois bien envie d'acheter cette pierre que les pauvres habitans auroient certainement donnée pour peu de chose ; mais notre Capitaine me dit qu'il faudroit des machines faites exprès pour la transporter sur le bord de la mer, & que d'ailleurs la chaloupe étoit trop petite pour la contenir.",fr,4501,3.8713994,55.659218
LTR-044,Les ruines de cette grande Ville sont habitées aujourd'hui par de pauvres Paysans Grecs vétus à la Sciote.,fr,4502,-43.093998,-28.74942
LTR-044,"Les femmes portent des juppes fort courtes, qui sont attachées autour de leurs épaules avec des cordons de cuir ; les manches de leurs chemises sont de toile assez blanche, & fort larges ; elles ont des bas & des souliers assez propres ; leur tête est couverte d'un grand morceau de mousseline qui tombe sur leurs épaules en formant plusieurs plis.",fr,4503,-74.38404,-26.025784
LTR-044,"M. Sands, dont l'Ouvrage vous est connu, & qui est un des meilleurs Auteurs dans son genre, prétend que ces ruines sont les fondemens d'une Ville que Constantin avoit eu le projet de bâtir, & qu'il abandonna pour ne s'occuper que de Constantinople : je ne suis pas de son sentiment ; elles me paroissent beaucoup plus anciennes.",fr,4504,-7.037347,-37.639145
LTR-044,"De ce Promontoire, nous découvrîmes aisément le Simoïs, qui prend sa source au Mont Ida, & traverse un vallée très-spacieuse : c'est cette grande Riviere qu'on appelle aujourd'hui Simores.",fr,4505,-66.09079,30.444525
LTR-044,"Ses eaux se joignent, dans la Vallée dont je viens de parler, à celles du Scamandre qui n'est qu'un foible ruisseau tout rempli de vase : peut-être est-il plus considé- ble l'hiver.",fr,4506,-67.786964,29.900837
LTR-044,"C'est ce fameux Xantus qu'Homere place parmi les Dieux, & que la Nymphe Œnone invoqua dans son Epître à Paris.",fr,4507,-25.877054,-53.5304
LTR-044,"Les Vierges Troyennes étoient obligées d'offrir leurs premieres faveurs au Scamandre, & ce fut l'aventure si agréablement racontée par M. de la Fontaine, qui mit fin à cette cérémonie payenne.",fr,4508,-33.048344,62.61153
LTR-044,"Les eaux du Scamandre & du Simoïs, vont ensemble se décharger dans la mer.",fr,4509,24.038431,61.246212
LTR-044,"Il ne reste de Troye que le terrein sur lequel elle étoit bâtie ; & je crois que les antiquités qui se trouvent dans les environs sont bien plus modernes : c'est, si je ne me trompe, le sentiment de Strabon.",fr,4510,-11.5160265,-37.593548
LTR-044,"Quoi qu'il en soit, j'ai vu, avec plaisir, cette fameuse Vallée où Ménélas & Pâris se livrerent un combat singulier, & où la plus grande Ville du Monde étoit située.",fr,4511,-15.681932,-43.927902
LTR-044,"La Capitale d'un vaste Empire seroit certainement très-bien placée dans ce lieu , même plus avantageusement que Constantinople ; le Port pourroit recevoir toutes sortes de Vaisseaux de toutes les Parties du Monde, & en tout tems ; & il régne six mois de l'année à celui de Constantinople un vent de Nord qui empêche les Vaisseaux d'y aborder pendant ce tems.",fr,4512,-34.267735,9.612732
LTR-044,"Au nord du Promontoire de Sigée nous vîmes celui de Rhete, qui est renommé par le tombeau d'Ajax ; j'examinois ces lieux avec une sérieuse attention, & ne pouvois m'empêcher d'admirer en même tems l'éxactitude avec laquelle Homere, que j'avois à la main, les a décrits : chaque épithete qu'il a donnée à une plaine ou à une montagne, peut encore lui être apliquée.",fr,4513,-17.84133,-42.336987
LTR-044,J'ai passé là plusieurs heures dans une méditation aussi agréable que celle que fit Don Quichotte sur le mont Montesinos.,fr,4514,-5.8632474,-44.632477
LTR-044,Enfin nous fîmes voile la nuit suivante vers l'endroit où l'on dit qu'étoit positivement située la fameuse Ville de Troye.,fr,4515,-61.752575,39.143654
LTR-044,"Je me levai à deux heures du matin pour en visiter les ruines, qu'on montre aux Etrangers avec beaucoup de complaisance.",fr,4516,-14.528812,43.576378
LTR-044,"Les Turcs les appellent Eski Stamboul, c'est-à-dire, ancienne Constantinople; cette dénomination, jointe à plusieurs autres raisons, m'a fait conjecturer que ce pouvoient être les restes de cette Ville, commencée par Constantin.",fr,4517,-6.3230624,-37.837685
LTR-044,"Je pris un âne de louage, car c'est la seule voiture qu'on trouve dans ce pays : j'avançai quelques milles * dans les terres, & fis le tour des murailles, qui sont d'une vaste étendue; nous trouvâmes sur une mon- tagne les débris d'un Château, & ceux d'un autre dans une vallée, outre plusieurs colonnes brisées : je lus sur deux pieds-d'estaux deux Inscriptions Latines que voici :   DIVI AUG.",fr,4518,-40.769295,-3.268188
LTR-044,COL.,fr,4519,31.667376,-65.585884
LTR-044,ET.,fr,4520,44.91005,-35.836056
LTR-044,COL.,fr,4521,31.669739,-65.58938
LTR-044,JUL.,fr,4522,35.56869,-61.249725
LTR-044,PHILIPPENSIS.,fr,4523,46.59535,-62.684742
LTR-044,EORUMDEM ET PRINCIP.,fr,4524,49.594753,-61.212715
LTR-044,AM.,fr,4525,38.58846,-64.315155
LTR-044,COL.,fr,4526,31.66291,-65.59487
LTR-044,JUL.,fr,4527,35.56869,-61.249725
LTR-044,PARIANÆ.,fr,4528,46.095066,-60.150585
LTR-044,TRIBUN.,fr,4529,43.725872,-59.20784
LTR-044,MILIT.,fr,4530,39.67963,-58.906265
LTR-044,COH.,fr,4531,33.779453,-67.51311
LTR-044,XXXII.,fr,4532,57.156208,-53.024406
LTR-044,VOLUNTAR.,fr,4533,39.317932,-55.345284
LTR-044,TRIB.,fr,4534,43.165726,-59.739983
LTR-044,MILIT.,fr,4535,39.67963,-58.906265
LTR-044,LEG.,fr,4536,36.41803,-64.29768
LTR-044,XIII.,fr,4537,54.36766,-53.418106
LTR-044,GEM.,fr,4538,38.64338,-66.37309
LTR-044,PRÆFECTO EQUIT.,fr,4539,45.296543,-65.542885
LTR-044,ALAE.,fr,4540,38.420757,-62.66436
LTR-044,I.  SCUBULORUM.,fr,4541,45.03619,-50.95902
LTR-044,VIC.,fr,4542,44.942284,-55.01332
LTR-044,VIII.,fr,4543,51.58298,-53.08608
LTR-044,DIVI JULI.,fr,4544,36.342785,-58.70831
LTR-044,"FLAMINI, C. ANTONIO M. F. VOLT.",fr,4545,40.81808,-51.451004
LTR-044,RUFO.,fr,4546,42.0727,-65.309616
LTR-044,FLAMIN.,fr,4547,44.340378,-62.222183
LTR-044,DIV.,fr,4548,36.31878,-57.474762
LTR-044,AUG.,fr,4549,35.8649,-62.58856
LTR-044,COL.,fr,4550,31.669739,-65.58938
LTR-044,CL.,fr,4551,30.279987,-65.86545
LTR-044,"APRENS, ET COL.",fr,4552,30.242876,-64.20998
LTR-044,JUL.,fr,4553,35.56869,-61.249725
LTR-044,PHILIPPENSIS.,fr,4554,46.597126,-62.686436
LTR-044,EORUMDEM ET PRINCIP.,fr,4555,49.594635,-61.21271
LTR-044,ITEM.,fr,4556,40.665604,-61.28447
LTR-044,COL.,fr,4557,31.66291,-65.59487
LTR-044,JUL.,fr,4558,35.56869,-61.249725
LTR-044,PARIANÆ TRIB.,fr,4559,46.6346,-59.128647
LTR-044,MILIT.,fr,4560,39.28702,-59.33024
LTR-044,COH.,fr,4561,33.779453,-67.51311
LTR-044,XXXII.,fr,4562,57.156208,-53.024406
LTR-044,VOLUNTARIOR.,fr,4563,39.493034,-55.47014
LTR-044,TRIB.,fr,4564,43.165726,-59.739983
LTR-044,MILIT.,fr,4565,39.28702,-59.33024
LTR-044,XIII.,fr,4566,54.36766,-53.418106
LTR-044,GEM.,fr,4567,38.646385,-66.37334
LTR-044,PRAEF.,fr,4568,43.159065,-63.878105
LTR-044,EQUIT.,fr,4569,40.91268,-61.846508
LTR-044,ALÆ.,fr,4570,38.25556,-62.89293
LTR-044,I. SCUBULORUM.,fr,4571,45.040443,-50.958282
LTR-044,VIC.,fr,4572,44.942284,-55.01332
LTR-044,VII.,fr,4573,51.62782,-54.101635
LTR-044,Il paroît que les ruines qu'on trouve dans les environs sont celles d'un temple consacré à Auguste ; & je ne sais pourquoi M. Sands prétend qu'elles sont d'un temple Chrétien ; il est incontestable que les Romains ont bâti dans ces endroits.,fr,4574,-8.675113,-37.09336
LTR-044,"On y voit plusieurs tombeaux de beau marbre, & des piéces d'Architecture d'une grandeur & d'une grosseur immense ; mais elles diminuent tous les jours, parce que les Turcs en tirent leurs boutels.",fr,4575,-51.53826,-25.216106
LTR-044,"Nous passâmes le soir devant l'Isle de Ténedos, qui étoit autrefois sous la protection d'Apollon.",fr,4576,-64.99804,40.73535
LTR-044,"Il la mit lui-même dans l'état de ses biens, lorsqu'il faisoit sa cour à Daphne.",fr,4577,-64.97085,42.041245
LTR-044,"Elle n'a que dix milles de circuit ; mais outre qu'elle est bien peuplée, que ses habitans sont riches, elle est encore célebre par la bonté de ses vins.",fr,4578,-60.31675,11.952554
LTR-044,"Je ne vous parlerai point de Tenes d'où elle tire son nom ; nous passâmes ensuite à Mytylene : je ne puis m'empêcher de vous dire quelque chose de Lesbos, où regna Pittacus, & où Sapho composa ses premiers Vers.",fr,4579,-8.769998,-46.835518
LTR-044,"Cette Isle est encore célebre pour avoir donné la naissance à Alcée, à Théophraste & à Arion ; ces grands Maîtres, en Poësie, en Philosophie & en Musique.",fr,4580,-9.060984,-46.14718
LTR-044,Ce fut une des Isles que les Chrétiens conserverent le plus long-tems après la prise de Constantinople par les Turcs.,fr,4581,-51.965576,49.669746
LTR-044,"Il est inutile que je vous parle de Constantinople, &c.",fr,4582,11.900407,-28.767897
LTR-044,Vous savez aussi-bien que moi l'histoire des Empereurs Grecs.,fr,4583,14.913838,-34.92903
LTR-044,"Je fus fâchée de voir qu'en quittant cette Isle nous faisions voile tout droit dans la mer Egée, aujourd'hui l'Archipel, & que nous laissions sur notre gauche Scio, qui est l'ancienne Chios.",fr,4584,-68.86845,35.562927
LTR-044,"C'est la plus riche & la plus peuplée de toutes les Isles de l'Archipel : elle est abondante en grains, en soie & en coton : on y trouve d'agréables bosquets formés par des orangers & des citroniers : le Mont Arvoisin, si célebre par le Nectar, dont parle Virgile, est dans cette Isle.",fr,4585,-56.952427,-4.1197653
LTR-044,"La meilleure Manufacture en soie de toute la Turquie est à Scio : la Ville est assez bien bâtie ; les femmes y font très-belles, & ont le visage découvert comme dans la Chrétienté.",fr,4586,-55.122025,-23.998512
LTR-044,"Il y a beaucoup de familles très-riches ; mais elles ont grand soin de n'en rien laisser paroître dans l'extérieur de leurs maisons, pour ne pas causer de jalousies aux Turcs qui y entretiennent un Bassa.",fr,4587,-43.932156,14.102302
LTR-044,"Tous les ha- bitans jouissent, cependant, d'une honnête liberté ; & comme le climat semble les exciter à faire de l'exercice, ils passent leur vie dans les jeux, la danse & les festins.",fr,4588,-41.744854,4.73597
LTR-044,"Enfin leurs chaînes, quoique nouvelles, ne sont pas pesantes : ils ne sont soumis aux Turcs que depuis l'an 1566.",fr,4589,-46.612335,63.08115
LTR-044,"& peut-être n'est-il pas plus dur pour eux d'obéir au Grand-Seigneur qu'à l'état de Gènes, auquel un Empereur Grec avoit vendu leur pays.",fr,4590,-26.935349,-6.0091143
LTR-044,"Mais je m'embarrasse toujours dans l'histoire, ce qui ne convient gueres, sur-tout lorsque je vous écris en passant le détroit qui est entre les Isles d'Andros & d'Achaïe, aujourd'hui Libiadia ; nous découvrîmes le promontoire de Lunium, connu sous le nom de Cap Colonne.",fr,4591,-66.56636,36.530323
LTR-044,"On y voit encore des colonnes d'une grandeur & d'une grosseur prodigieuse, qu'on prétend avoir servi à un temple de Minerve.",fr,4592,-53.15692,-25.804474
LTR-044,"Ce lieu m'inspira de la vénération, & me rappella l'idée de ce magnifique Temple de Thésée qui étoit à Athè- nes, & qui subsisteroit vraisembla- blement encore presque tout entier sans l'accident qui lui arriva par l'imprudence des Turcs : pendant la derniere campagne de la Morée, ils en firent leur magazin à poudre ; le feu y prit & il sauta en l'air.",fr,4593,-15.805805,-39.71497
LTR-044,"J'avois bien envie, comme vous pouvez le croire, de mettre pied à terre dans le fameux Péloponese, pour goûter le plaisir de voir les rivieres d'Asopus, de Percée, d'Inachus & d'Eurotas ; les campagnes d'Arcadie, enfin tous ces lieux si connus dans l'ancienne My- thologie ; mais on me dit, ce qui est assez vraisemblable, qu'au lieu de Héros & de demi-Dieux, l'on n'y trou- voit plus que des brigands, entre les mains desquels je pourrois très-bien tomber si j'avançois dans un pays si désert.",fr,4594,-11.135674,-45.792885
LTR-044,"Je conserve, cependant, pour lui tant de vénération, que je suis tentée de vous en faire l'histoire, depuis la fondation de Nicanie & de Corinthe, jusqu'à la derniere campagne des Turcs ; mais je résiste à cette envie, aussi-bien qu'à celle d'y mettre pied à terre.",fr,4595,-3.6539905,11.180621
LTR-044,"Nous fîmes voile vers le Cap Angelo, autrefois Malea : je n'y vis aucuns vestiges du fameux Temple d'Apollon.",fr,4596,-66.43082,39.02777
LTR-044,Le soir même nous découvrîmes l'Isle de Candie : c'est un Pays fort montagneux.,fr,4597,-62.411407,30.23781
LTR-044,Virgile dit qu'il y avoit cent Villes:  Centum urbes habitant magnas.,fr,4598,-1.2276012,-42.27466
LTR-044,"La principale, qui étoit, pour ainsi dire, le séjour des plus horribles passions, fut d'abord conquise par Metellus ; son Jupiter y avoit pris naissance...",fr,4599,-49.503925,52.427895
LTR-044,Elle tomba ensuite sous la domination de ....,fr,4600,-46.999184,50.577644
LTR-044,"Mais si je ne prends garde, je vais vous faire l'histoire de Candie, jusqu'au tems où elle fut assiégée par les Turcs.",fr,4601,16.701626,-28.094208
LTR-044,"Je suis si mécontente de moi, que je ne vous parlerai point des autres Isles.",fr,4602,19.457739,-21.136972
LTR-044,"Je vous dirai seulement, en général, que ce voyage auroit été bien agréable pour moi, il y a deux ou trois mille ans : le matin, j'aurois pris le thé avec Sapho ; le soir j'aurois été visiter le temple d'Homere à Chios, & j'aurois toujours eu soin de lever les plans des temples magnifiques, de dessiner les statues miraculeuses : quelle satisfaction j'aurois goûtée, en outre, de converser avec les hommes les plus gais & les plus polis !",fr,4603,-9.508959,21.876375
LTR-044,Aujourd'hui les Arts ne sont plus dans cette partie du Monde ; on n'y trouve que les merveilles de la Nature.,fr,4604,-29.172453,-18.85048
LTR-044,"A plusieurs lieues en mer, on voit les flammes du Mont Etna ; elles donnent lieu à mille réflexions : mais je respecte trop la Philosophie, pour vouloir renverser le systême d'Empedocles, & jamais Lucien ne me fera mépriser un homme dont Lucrece a dit :  .... Vix humanâ videtur stirpe creatus.",fr,4605,-8.321142,7.218434
LTR-044,"Après avoir passé Trinacria, au- jourd'hui la Sicile, sans entendre le chant des Syrenes, dont parle Ho- mere, & sans échouer contre Scylla ni contre Charybde, nous arriva- mes sains & saufs à l'Isle de Malte, nommée autrefois Melita, parce qu'elle étoit abondante en miel.",fr,4606,-62.094704,36.09615
LTR-044,C'est un rocher sur lequel il y a un peu de terre.,fr,4607,-70.175735,19.021929
LTR-044,Le Grand-Maître y vit en Prin- ce souverain ; ses forces maritimes sont aujourd'hui peu de chose.,fr,4608,-43.901123,45.389896
LTR-044,Les fortifications de cette Isle passent pour les meilleures du Monde : elles ont été creusées dans le roc vif; ce qui a dû coûter beaucoup de travail & d'argent.,fr,4609,-52.573814,-23.293213
LTR-044,"Aux environs de Malte nous essuyâmes une violente tempête, & nous nous trouvâmes fort heureux de pouvoir relâcher, au bout de huit jours, à Porta Farine, sur la côte d'Afrique, où notre Vaisseau est encore à la rade.",fr,4610,-60.076813,32.41837
LTR-044,"Le Consul Anglois qui réside à Tunis, est venu nous faire des offres de service.",fr,4611,-8.489221,54.935043
LTR-044,"J'ai accepté de bon coeur sa maison pour quelques jours, étant fort curieuse de voir cette partie du Monde, & principalement les ruines de Carthage.",fr,4612,-12.845321,43.004486
LTR-044,"Je montai dans sa chaise de poste à neuf heures du soir, parce que la chaleur est à présent si grande, qu'on ne peut voyager que la nuit.",fr,4613,11.397579,43.989998
LTR-044,"Comme la Lune étoit dans son plein, je voyois le Pays où je passois presqu'aussi-bien que s'il avoit fait jour.",fr,4614,-1.6711876,-11.902648
LTR-044,"Le Le terrein, quoique sabloneux, est fertile en dattes, en figues & en olives, qui viennent sans qu'on les cultive : ce sont, en général, de très-bons fruits.",fr,4615,-55.94817,-3.0897572
LTR-044,"Les vignobles & les champs où l'on seme les melons, sont entourés de haies faites avec ce que nous appellons figuiers d'Inde : elles sont si fortes que les bêtes fauves ne peuvent passer au travers.",fr,4616,-55.6055,-1.3016657
LTR-044,"Ces figuiers d'Inde montent fort haut & garnissent beaucoup ; ils ont des épines qui sont aussi longues & aussi pointues que des poinçons ; ils portent des fruits qui sont assez agréables au goût, & dont le Paysan fait une grande consommation.",fr,4617,-53.264782,-6.2833557
LTR-044,"C'est à présent le Ramadan ou Carême des Turcs ; comme tout le monde professe ici la Religion Mahométane, l'on ne voit manger personne pendant le jour ; mais on passe la nuit dans les festins.",fr,4618,-45.853825,3.1969473
LTR-044,"Nous avons vû plusieurs troupes de Paysans sous des arbres : une partie s'occupoit à manger, pendant que l'autre dansoit & chantoit.",fr,4619,-75.164795,12.202566
LTR-044,"Ce sont des mulâtres, & je vous jure que je n'ai point vu de figures humaines aussi hideuses.",fr,4620,-12.802356,-14.57234
LTR-044,"Ils sont presque tout nuds, n'ayant pour vêtement qu'un morceau de serge dans laquelle ils s'enveloppent ; mais les femmes ont un ornement singulier : elles s'impriment avec de la poudre à canon, des fleurs, des étoiles, enfin toutes fortes de figures sur le visage, sur le cou, sur les épaules & sur les bras ; ce qui n'augmente pas leur difformité naturelle.",fr,4621,-73.61594,2.8969774
LTR-044,Je ne crois pas qu'elles puissent se procurer ces agrémens sans souffrir beaucoup.,fr,4622,-9.861059,-5.99331
LTR-044,"Nous vîmes, environ à six milles de Tunis, les restes de ce fameux aqueduc qui conduisoit l'eau à Carthage par dessus plusieurs hautes montagnes : il avoit plus de quarante milles de longueur.",fr,4623,-61.574642,21.661842
LTR-044,On voit encore des arches qui sont entieres.,fr,4624,-66.03274,-47.6568
LTR-044,"Nous passâmes deux heures à le visiter, & Milord M*** m'assura que celui de Rome n'étoit pas, à beaucoup près, si beau.",fr,4625,-0.89135814,48.02722
LTR-044,"Les pierres, quoique d'une prodigieuse grosseur, sont si polies & si adaptées les unes aux autres, qu'il paroît qu'on n'eut pas besoin de beaucoup de ciment pour les joindre ensemble.",fr,4626,-57.7825,-25.729399
LTR-044,Ces ruines subsisteront encore mille ans ; si l'on n'emploie pas l'art pour les détruire.,fr,4627,-42.549564,-50.435776
LTR-044,Nous arrivâmes à Tunis vers le point du jour.,fr,4628,-59.60817,40.223427
LTR-044,"Cette Ville est bâtie de pierres blanches ; il n'y a point de jardin : on dit que les Turcs les détruisirent la premiere fois qu'ils la prirent, & qu'on n'y en a pas fait depuis.",fr,4629,-57.145473,6.5624666
LTR-044,"Les sables arides font un coup d'œil désagréable, & la chaleur naturelle du climat, qui n'est tempérée que par très-peu d'ombre, est insupportable, Il seroit même impossible de vivre ici sans une brise qui vient tous les jours à midi de la mer, & qui rafraîchit l'air.",fr,4630,-30.123232,-28.482473
LTR-044,Il n'y a que de l'eau de citernes qu'on a soin de ramasser des pluies abondantes qui tombent en Septembre.,fr,4631,-60.872383,15.205054
LTR-044,On dit que les femmes de Tunis sont assez jolies; mais elles ont toujours sur le visage un voile de crêpe noir.,fr,4632,-66.756355,-27.897978
LTR-044,Louis IX.,fr,4633,52.87594,-53.44953
LTR-044,"Roi de France, assiégea cette Ville en 1270. mais il mourut sous ses murs d'une fiévre maligne.",fr,4634,-50.158527,54.94501
LTR-044,"Son fils Philippe, & Edouard, un de nos Princes, fils de Henri III.",fr,4635,-42.286858,52.649097
LTR-044,"leverent le Siége, mais à des conditions honorables.",fr,4636,16.863497,66.40487
LTR-044,"Elle resta sous la domination de ses Rois Africains, jusqu'au tems où elle fut livrée par trahison à Barbe-Rousse, Amiral de Soliman le Magnifique.",fr,4637,-45.956203,52.86533
LTR-044,"Barbe-Rousse en fut chassé à son tour par Charles-Quint: mais les Turcs, commandés par le Bassa Sinan, la reprirent sous Selim II.",fr,4638,-46.56982,56.440113
LTR-044,"Depuis ce tems, elle a toujous été tributaire du Grand-Seigneur.",fr,4639,-47.01832,50.0336
LTR-044,"Elle est gouvernée par un Bey qui a le titre de Sujet des Turcs, quoiqu'il se soit soustrait à leur domination, & qu'il leur paye très-rarement tribut.",fr,4640,-43.04649,48.12886
LTR-044,"Celui qui commande à Bagdat est dans le même cas, & le Grand-Seigneur laisse ces deux rebelles tranquilles, dans la crainte de perdre encore le titre de Souverain de ces Pays.",fr,4641,-37.50457,51.746788
LTR-044,"J'allai hier au matin, après avoir pris un peu de repos, voir les ruines de Carthage.",fr,4642,-13.689239,43.59211
LTR-044,"Quoique je fusse à moitié grillée par l'ardeur du Soleil, j'eus cependant le courage de continuer ma route.",fr,4643,15.07855,35.153778
LTR-044,On me conduisit dans des salles qui sont sous terre ; on les appelle étables aux Eléphans.,fr,4644,-43.99239,-7.165315
LTR-044,"Je vis dans plusieurs des morceaux de colonne de très-beau marbre, d'autres de porphire : je ne crois pas qu'on eût mis de si belles colonnes dans ces lieux, s'ils avoient été uniquement destinés pour l'usage des Eléphans.",fr,4645,-21.302334,-33.092827
LTR-044,"Je suis persuadée, au contraire, qu'ils servoient d'appartemens d'été, & qu'on les avoit construits sous quelques Palais, pour y être à l'abri des chaleurs excessives qu'on endure dans ce Pays : ils servent aujourd'hui de greniers aux Paysans.",fr,4646,-25.754826,-29.84438
LTR-044,"Je venois de la Ville de Tents qui, à la vérité, n'en est pas fort éloignée ; mais j'étois lasse, & je m'y arrêtai quelque tems pour me reposer.",fr,4647,8.012063,28.771667
LTR-044,Je ne tardai pas à être environnée d'une quantité assez considérable de femmes qui étoient venues pour me voir.,fr,4648,2.9602163,28.434462
LTR-044,"Il est certain que nous étions, les unes pour les autres, un spectacle assez divertissant.",fr,4649,-8.847594,-26.74343
LTR-044,"Leur façon de s'asseoir, la couleur de leur peau, leurs cheveux noirs & plats, tombant sur les deux côtés de leur visage : leurs traits, enfin la forme de leurs membres les rendent si semblables à ces grands singes qui sont répandus dans l'Afrique, qu'il est difficile de les distinguer les uns d'avec les autres, & je suis persuadée qu'ils ont autrefois habité ensemble.",fr,4650,-32.935886,-36.353725
LTR-044,"Lorsque je fus délassée, & que j'eus pris du lait & des fruits que ces femmes m'apporterent, je montai sur la petite colline où étoit autrefois le Château de Byrsa.",fr,4651,-43.351273,-1.6711199
LTR-044,J'y découvris distinctement le lieu où la fameuse Ville de Carthage étoit située : c'est un Isthme qui est baigné de la mer des deux côtés : on n'y voit plus aujourd'hui que des étangs salés.,fr,4652,-43.53684,-3.1438417
LTR-044,Strabon dit que cette fameuse Ville avoit deux milles de circonférence : il n'en reste que ce que je viens de vous dire.,fr,4653,-1.326967,-41.615128
LTR-044,L'Histoire en est trop connue pour que je vous en fasse l'abrégé.,fr,4654,22.580496,-17.651545
LTR-044,"Com- me je suis persuadée que vous préférez l'obéissance aux complimens, je les ai reservés pour la fin de ma Lettre, & suis entrée dans tous les détails que vous m'avez demandés.",fr,4655,23.187954,5.5111833
LTR-044,"Je compte partir demain d'ici, continuer mon voyage par l'Italie & la France.",fr,4656,19.065536,32.989933
LTR-044,"J'espere vous dire de bouche dans quelqu'un de ces Pays, que je suis, &c.",fr,4657,35.822998,13.155819
LTR-045,"JE vous demande pardon, ma chere Soeur, de ne vous avoir pas écrit de Tunis ; c'est la seule occasion que j'ai eue de le faire depuis mon départ de Constantinople: mais la chaleur y étoit si excessive ; la lumiere y est si pernicieuse pour la vue, que j'ai pensé devenir aveugle en écrivant une Lettre à l'Abbé ***, & je n'ai osé en écrire d'autres ; d'ailleurs, qu'aurois-je pu vous mander de satisfaisant d'un pays barbare?",fr,4658,16.530098,-3.7276015
LTR-045,Je suis à présent environnée d'objets agréables : l'Italie est un très-beau Pays ; & je me crois obligée de lui donner des éloges en reconnoissan- ce du plaisir que j'y goûte.,fr,4659,-7.331992,-10.410291
LTR-045,"Je dois le même tribut à Madame Davenant, chez laquelle je suis logée à Saint Pierre d'Arena : sa politesse, sa gaieté contribuent beaucoup à me rendre le séjour de Gènes agréable.",fr,4660,-5.4108644,15.23922
LTR-045,"Cette Ville est située dans une Baye sur la pente d'une montagne : les jardins, la beauté des bâtiments font une très-belle perspective du côté de la mer.",fr,4661,-65.63336,22.870045
LTR-045,"Ce spectacle m'a cependant fait peu d'impression, sans doute, parce que mes yeux étoient accoutumés à celui de Constantinople.",fr,4662,-4.649552,-35.66876
LTR-045,"Les Génois étoient autrefois maîtres de plusieurs Isles de l'Archipel, & de cette partie de Constantinople, appellée Galata.",fr,4663,-53.878654,49.8032
LTR-045,"Ils ont bien mérité ce qui leur est arrivé; même la perte de toutes leurs conquêtes du côté de l'Orient, pour avoir abandonné si lâchement la cause des Chrétiens, & facilité aux Infideles la prise de Constantinople.",fr,4664,-36.350403,60.20276
LTR-045,"Ils font aujourd'hui pauvres, & les François les méprisent depuis que le dernier Roi força le Doge d'aller à Paris lui faire excuse d'une iusulte qui lui avoit été faite : on avoit couvert de fumier pendant la nuit, les Armes de France qui étoient sur la porte de l'Envoyé de cette Nation.",fr,4665,-34.3876,54.499294
LTR-045,"Cette insulte avoit été faite par quelqu'un de la faction Espagnole qui est encore dominante ici, quoiqu'on n'ose le dire publiquement.",fr,4666,-0.14414525,-45.299507
LTR-045,"Les Dames s'habillent à la Françoise, & font beaucoup plus jolies que leurs modèles.",fr,4667,-34.253067,-8.224574
LTR-045,Je crois que les Cizisbeys sont en partie cause de cet air agréable qu'on leur trouve.,fr,4668,8.324824,-39.925262
LTR-045,"Vous n'avez, sans doute, jamais entendu parler des Cizisbeys.",fr,4669,8.064294,-37.31665
LTR-045,"Ce sont des êtres si singuliers qu'il faut que je les voye, pour croire qu'ils existent.",fr,4670,-12.726687,-14.622429
LTR-045,"On en a vu d'abord à Gènes, ensuite ils se sont répandus par toute l'Italie , où les maris ne sont pas si Jaloux qu'on nous le dit : aucun ne blâme les Cizisbeys, qui semblent avoir été établis par la politique.",fr,4671,-29.285965,-5.1021
LTR-045,"Je suis persuadée que le Sénat imagina cet expédient pour donner de l'occupation aux jeunes gens qui n'en avoient point d'autre que celle de se couper la gorge, & pour mettre fin aux disputes de familles qui avoient mis l'Etat à deux doigts de sa perte : ce reméde a été si efficace, que, depuis ce tems, l'union regne parmi les familles, & la tranquillité dans l'Etat.",fr,4672,-11.915638,17.350212
LTR-045,Un Cizisbey est un jeune homme qui se voue entierement au service de quelque femme ; car les filles sont toutes enfermées dans des Couvents.,fr,4673,-38.596783,26.753914
LTR-045,"Il est obligé de l'accompagner par-tout où elle va ; il se place derriere sa chaise, se charge de ses gants & de son éventail : lorsqu'elle sort de chez elle, ou qu'elle y re tourne, il marche à côté de sa chaise comme un domestique.",fr,4674,-70.223595,12.194882
LTR-045,"Il ne manque jamais de lui faire un présent le jour de sa fête, ou de quelque réjouissance publique.",fr,4675,-43.521835,29.057264
LTR-045,"Enfin il est obligé de lui consacrer tout son tems, & de dépenser pour elle tout son argent : la Dame lui accorde ce qu'on croit bien qu'il lui demande, & l'occasion s'en présente très-souvent ; car le Mari n'ose faire paroître le moindre soupçon de jalousie.",fr,4676,-25.320026,31.314013
LTR-045,"Il est vrai qu'il tâche de lui en donner un à son goût : mais s'il n'est pas à celui de la femme, ce qui arrive assez souvent, elle s'y prend si bien qu'elle en obtient un qui lui plaise.",fr,4677,-23.274107,22.784172
LTR-045,"Dans les commencemens, une femme avoit huit ou dix de ces humbles serviteurs ; mais aujourd'hui les hommes sont plus rares, & moins traitables : chaque femme est obligée de se contenter d'un seul.",fr,4678,-44.958763,21.410234
LTR-045,"On voit régner ici la liberté républicaine : c'est cependant un Gouvernement Aristocratique, car le peuple y est dans un vil esclavage.",fr,4679,-44.27723,4.635962
LTR-045,"On élit un Doge tous les deux ans ; celui qui occupe cette place a très-peu d'autorité sur les anciens Nobles, & sa femme n'a aucune distinction parmi les autres.",fr,4680,-37.142918,23.008196
LTR-045,"La famille d'André Doria, ce grand homme, auquel les Génois doivent la liberté dont ils jouissent, a seule quelques priviléges.",fr,4681,-46.814312,-52.433075
LTR-045,"Par exemple, lorsque le Sénat fait publier une Loi somptuaire, elle n'y est point soumise, & fait toute la dépense qu'elle juge à propos.",fr,4682,-25.117506,30.359
LTR-045,"J'ai contemplé avec plaisir la Statue de ce Héros, qui est dans la cour du Duc Doria.",fr,4683,-25.612823,-38.45389
LTR-045,"A propos de Palais, il y en a ici de superbes, mais je ne me crois pas capable d'en faire la description, je vous dirai seulement qu'ils font construits sur les desseins du Pal- ladio.",fr,4684,-1.202416,-33.593475
LTR-045,"Dans la rue Strada nova, on voit la plus belle enfilade de bâtimens qui soit peut-être au Monde.",fr,4685,-47.126152,-12.110233
LTR-045,"Les vastes Palais de Durazzo, des deux Balbi, qui sont joints ensemble par une magnifique colonnade : le Palais Impérial & celui de Doria, font dignes de toute l'attention des curieux.",fr,4686,-45.43793,-13.849732
LTR-045,"Toute la perfection de l'Architecture paroît en dehors, & on trouve en-dedans la plus grande magnificence jointe au goût & à l'élégance.",fr,4687,-36.41384,-17.849321
LTR-045,"Mais rien ne m'a fait plus de plaisir que la collection de Tableaux qui sont tous de Raphaël, de Paul Veronese, du Titien, du Carache, de Michel Ange, du Guide & du Correge.",fr,4688,-12.2049055,-49.818672
LTR-045,"Je mets ces deux-ci les derniers, parcequ'ils sont mes Peintres favoris.",fr,4689,-43.43023,-34.547714
LTR-045,"Je n'aime point les Tableaux qui représentent des objets d'horreur, & plus un martyr est peint au naturel, plus il est désagréable à mes yeux.",fr,4690,-6.368796,-15.821759
LTR-045,"Le Guide & le Corrége présentent toujours la Nature dans son beau, & l'imitent parfaitement.",fr,4691,-36.121483,-20.343851
LTR-045,J'ai été frappée d'étonnement à la vue d'une Lucrece qui est dans le Palais Balbi.,fr,4692,-6.791112,-13.168349
LTR-045,"La beauté de son visage, l'expression qui y est, son sein, en un mot, tout inspire dans ce Tableau les mêmes sentimens de pitié & d'admiration, qu'on sentiroit à la lecture d'un beau Poëme sur cette matiere.",fr,4693,-5.3879437,-12.1859255
LTR-045,"On y voit encore une Cléopâtre de la même main ; elle mérite aussi beaucoup d'éloges, & je lui en donnerois, si Lucrece n'avoit d'abord captivé mon admiration.",fr,4694,-13.462495,20.423397
LTR-045,Il y a en outre quelques Bustes anciens qui sont d'une beauté surprenante.,fr,4695,-46.451283,-32.872303
LTR-045,L'Eglise de Saint Laurent est bâtie de marbre blanc & noir.,fr,4696,-46.3977,-18.696312
LTR-045,"On y garde cette fameuse assiette, qui est d'une émeraude.",fr,4697,-72.32259,-16.548512
LTR-045,On ne permet à personne d'y toucher depuis qu'on a découvert le projet qui avoit été formé de la laisser tomber pour la casser.,fr,4698,-46.033,18.601233
LTR-045,"On accuse de cette méchanceté le Roi de Sicile, qui vouloit se venger, dit-on, de ce que l'on avoit refusé de la lui vendre.",fr,4699,-23.642645,36.3367
LTR-045,"L'Eglise de l'Annonciation est toute de marbre en dedans : celui des piliers est blanc & rouge ; les Jésuites ont très-bien décoré celle de Saint Ambroise ; mais toutes les Eglises qui sont ici, ne méritent pas, en général, qu'on y fasse attention, lorsqu'on a vu Sainte Sophie.",fr,4700,-45.950626,-17.952549
LTR-045,Vous conviendrez que j'ai bien employé mon tems pour avoir vu tant de choses depuis que nous sommes sortis de quarantaine.,fr,4701,27.48095,-7.476742
LTR-045,"Tous ceux qui viennent du Levant sont obligés de la faire : la nôtre, à la vérité, a été bien abrégée ; d'ailleurs, je l'ai passée agréablement avec Madame Davenant au Village de S.",fr,4702,-7.967798,29.79909
LTR-045,"Pierre d'Arena, qui est environ à un mille de Gènes.",fr,4703,-70.76954,20.9539
LTR-045,Nous étions logés dans une Maison extrêmement belle & commode en même tems : elle a été bâtie par le Palladio.,fr,4704,-55.142574,31.111795
LTR-045,"Nous avons reçu la visite de quelques Anglois ; ils étoient accompagnés d'un Noble Génois, qui avoit la commission de nous empêcher de nous toucher.",fr,4705,-7.898372,55.497932
LTR-045,"Je compte rester encore quelques jours à Gènes, & je voudrois bien y passer le reste de ma vie ; mais je ne suis pas destinée à une si grande tranquillité.",fr,4706,8.517132,29.155415
LTR-045,"Je suis, &c.",fr,4707,42.578537,18.355816
LTR-046,"JE suis venue de Gènes ici en deux jours, par le plus beau chemin du monde.",fr,4708,15.883088,40.511734
LTR-046,"J'ai déja vu tout ce qu'on montre aux Etrangers de curieux dans Turin, & je n'y ai rien trouvé qui mérite une description particuliere.",fr,4709,3.9984279,-21.17071
LTR-046,Le Saint Mouchoir ne me paroît pas une chose assez respectable pour que je vous en entretienne.,fr,4710,37.70714,-1.6304741
LTR-046,"Les Eglises sont belles; le Palais du Roi a quelque chose de majestueux: mais les chefs-d'œuvres d'Architecture que j'ai vus depuis peu, m'ont rendue si difficile, que je ne fais pas grande attention aux bâtimens qui sont ici.",fr,4711,-46.5294,-23.228043
LTR-046,La Ville de Turin est bien construite : elle est située dans une belle plaine sur les bords du Pô.,fr,4712,-64.83643,23.49757
LTR-046,"Les Palais de la Venerie & de la Valentine, qui en font à peu de distance, peuvent être regardés comme des édifices assez agréables.",fr,4713,-48.815815,-18.086052
LTR-046,"Nous avons pris notre logement sur la place Royale, qui est un des beaux carrés que j'aye jamais vûs : elle est entourée d'arcades en pierres blanches.",fr,4714,-60.985325,-3.0971375
LTR-046,"Le Chevalier *** que vous avez vu en Angleterre, est venu nous voir.",fr,4715,-10.105045,54.532436
LTR-046,"Il nous a offert de nous présenter à la Cour, qui est actuellement à Rivoli, à une lieue de Turin.",fr,4716,-11.247619,55.894753
LTR-046,"J'y allai hier, & j'eus l'honneur d'être présentée à la Reine par sa premiere Dame d'honneur.",fr,4717,-15.890777,49.422916
LTR-046,"Sa Majesté étoit dans un appartement magnifique, environnée des Dames de sa suite qui sont toutes assez jolies : elles avoient des robes longues ; il étoit fort aisé de distinguer parmi elles la belle Princesse de Carignan.",fr,4718,-54.937054,27.663975
LTR-046,La Reine a beaucoup de bon sens : elle m'a parlé avec douceur & avec bonté.,fr,4719,-9.651643,34.64044
LTR-046,"Elle se souvient toujours qu'il coule du sang Anglois dans ses veines, & même s'en glorifie.",fr,4720,-6.453906,25.335197
LTR-046,Elle m'a dit qu'elle étoit fort attachée à cette Nation.,fr,4721,-4.184217,25.796598
LTR-046,"Pour répondre à sa bonté, je lui ai donné, aussi souvent qu'il m'a été possible, le titre de Majesté : je crains qu'on ne le lui donne pas long-tems.",fr,4722,3.2600188,34.37441
LTR-046,Le Roi a les yeux pleins de feu ; le jeune Prince de Piémont est d'une figure fort agréable : mais la grande dévotion dans laquelle cette Cour est plongée ne lui permet aucun des divertissemens convenables à son âge.,fr,4723,-31.452583,41.761604
LTR-046,Il n'y a ici de magnificence que dans les Processions & les Messes.,fr,4724,-34.38994,-19.786816
LTR-046,La galanterie y est regardée comme un crime irrémissible.,fr,4725,-14.574883,1.1353108
LTR-046,"Le pauvre Comte de *** qui étoit lié avec nous à Londres, est disgracié, pour avoir eu la hardiesse de faire des propositions à une Dame d'honneur de la Reine.",fr,4726,-12.817076,53.840633
LTR-046,"Je compte me mettre en route demain, & traverser ces redoutables Alpes, dont il est tant parlé.",fr,4727,20.105326,35.11782
LTR-046,"Si j'ai le bonheur de les passer sans accident, je vous donnerai de mes nouvelles.",fr,4728,31.734735,12.462498
LTR-046,"Je suis, &c.",fr,4729,42.35837,19.266973
LTR-047,"EN arrivant ici, j'ai reçu vos deux Lettres, & celles de plusieurs de mes amis, lesquelles m'avoient été adressées à Constantinople.",fr,4730,23.433676,-3.2704246
LTR-047,"Notre Marchand de Marseille, sçachant que nous étions ici, nous les y a adressées.",fr,4731,-9.389178,53.96202
LTR-047,"Ma sœur n'étoit point alors en Angleterre ; je crains qu'elle n'ait pas reçu la Lettre que je lui ai écrite de Turin, & comme je n'ai point reçu de ses nouvelles, je ne sçais où lui adresser les miennes.",fr,4732,19.877178,-4.454626
LTR-047,"J'ai gardé le lit pendant plusieurs jours ; j'arrivai ici le 17 de ce mois : je fus prise d'une fiévre si violente, que je me crus toucher au moment où tous mes voyages seroient finis : il n'est pas étonnant que mes fatigues ayent produit cet effet.",fr,4733,10.254452,31.51739
LTR-047,"Pour aller de Turin à Novalasse, nous avons traversé un très-beau pays ; il est bien planté : l'art & la nature se sont réunis pour l'embellir.",fr,4734,-61.47711,17.850899
LTR-047,"Le jour suivant nous commençâmes de monter le Mont Cénis ; nous fîmes démonter nos chaises : nous les mîmes sur des mulets, & nous nous plaçâmes dans de petites chaises d'osier passées dans des bâtons que des hommes portent sur leurs épaules.",fr,4735,-74.519165,33.356686
LTR-047,"L'aspect de ces Montagnes, couvertes d'une neige éternelle, des nuages suspendus au-dessous de nous, des torrens qui se précipitent de rocher en rocher, avec un fracas horrible, & formant des cascades d'autant plus belles, qu'elles sont naturelles, auroient fixé toute mon attention, si je n'avois pas enduré un un froid excessif.",fr,4736,-28.681578,-30.15883
LTR-047,"Un brouillard épais qui regne continuellement sur cette Montagne, pénétra l'épaisse fourrure qui m'enveloppoit, & me causa un froid si violent, que j'étois à demi-morte avant de parvenir au bas de cette Montagne ; nous n'y arrivâmes cependant que deux heures après le Soleil couché.",fr,4737,8.906803,50.664036
LTR-047,"Sur le sommet du Mont Cénis, on trouve une vaste plaine, au milieu de laquelle est un Lac.",fr,4738,-66.92841,23.342255
LTR-047,"La descente de cette Montagne est si rapide & si glissante, que j'étois étonnée de voir nos porteurs marcher d'un pas aussi ferme que s'ils avoient été sur un terrein plat.",fr,4739,-63.687794,14.490672
LTR-047,"Je craignois, cependant, moins de me casser le cou que de tomber malade, & l'événement a prouvé que j'avois raison.",fr,4740,15.144892,23.963827
LTR-047,On peut passer toutes les autres Montagnes en chaise : elles sont abondantes en vignes & en pâturages : on y voit une quantité prodigieuse de très-belles chevres.,fr,4741,-53.864185,-3.8548057
LTR-047,La derniere de ces Montagnes s'appelle Acquebelle.,fr,4742,-67.494194,13.650363
LTR-047,"Peu après l'avoir descendue, nous arrivâmes à Pont-Beauvoisin, Ville frontiere de la France ; le pont sert de séparation entre ce Royaume & celui de Savoye.",fr,4743,-55.532986,39.56521
LTR-047,"Nous continuâmes notre route jusqu'à Lyon où nous entrames la nuit, Depuis que j'y suis, je n'ai été occupée que du soin de ma santé ; je crois cependant être hors de danger, & je ne compte pas garder encore la chambre long-tems, quoique j'aye toujours un violent mal de gorge.",fr,4744,12.071078,31.386898
LTR-047,"Je suis impatiente de voir les curiosités de cette fameuse Ville, & encore plus d'arriver à Paris, d'où je vous écrirai une Lettre plus amusante que celle-ci.",fr,4745,14.111458,-6.2738733
LTR-047,"La maladie m'a affoibli l'esprit ; d'ailleurs la mau- vaise Auberge où nous sommes, les bouteilles d'Apothicaire dont ma chambre est remplie, me donnent de l'humeur.",fr,4746,6.29372,44.15096
LTR-047,"Je suis, &c.",fr,4747,43.35594,18.451847
LTR-048,"VOTRE Lettre m'a été adressée ici, & je l'ai reçue.",fr,4748,25.93071,-2.4867048
LTR-048,"Vous me marquez que vous avez appris mon retour avec plaisir : je devrois vous en remercier, il est vrai ; mais je ne puis vous pardonner de vous réjouir d'une chose qui m'afflige : ce compliment doit vous paroître extraordinaire.",fr,4749,17.450275,4.4490356
LTR-048,"Il est cependant certain que je reverrai mes amis avec beaucoup de satisfaction ; mais, quand je fais réflexion que je serai obligée de voir & d'écouter en même tems mille impostures, de recevoir, de rendre des visites, de faire des complimens, d'assiter aux tables de thé, & d'y essuyer une foule de questions ; d'un autre côté ne me trouvant pas capable de rendre service à mes compatriotes, pour lesquels je ne puis former que des vœux impuissans, je regrette de n'être pas restée dans un lieu où j'aurois trouvé le repos & la tranquillité, si convenables à mon indolence.",fr,4750,-7.6544514,14.894722
LTR-048,"Je tomberois certainement dans la mélancolie, si je vous écrivois encore une ligne sur ce ton.",fr,4751,31.603304,-5.492014
LTR-048,J'aime mieux remplir le reste de ma Lettre avec les inscriptions qui sont sur des tables d'airain qu'on voit aux deux côtés de la Maison de Ville.,fr,4752,25.929762,-23.435863
LTR-048,TABLE PREMIERE.,fr,4753,48.982235,-60.38699
LTR-048,Mærerum.,fr,4754,59.696865,-1.6454306
LTR-048,noster::: sii::::: Equidem primam.,fr,4755,44.812332,-21.081053
LTR-048,omnium.,fr,4756,58.907883,-19.62441
LTR-048,illam.,fr,4757,59.945644,23.608683
LTR-048,cogitationem.,fr,4758,102.44234,-0.7526144
LTR-048,hominum quam.,fr,4759,81.15166,17.824528
LTR-048,maxime primam.,fr,4760,62.460014,-8.4874935
LTR-048,oc-cursam.,fr,4761,46.482147,-26.339445
LTR-048,mihi.,fr,4762,57.607273,33.120155
LTR-048,provideo.,fr,4763,94.21471,-17.269
LTR-048,deprecor.,fr,4764,84.29358,-6.3798065
LTR-048,ne.,fr,4765,52.760513,48.332794
LTR-048,quasi.,fr,4766,77.06735,-42.284817
LTR-048,"novam, istam.",fr,4767,65.96734,38.84868
LTR-048,rem.,fr,4768,88.135605,-23.239363
LTR-048,introduci.,fr,4769,99.13645,-5.160614
LTR-048,ex-horrescatis.,fr,4770,73.59686,-13.399877
LTR-048,sed.,fr,4771,52.01426,-17.139471
LTR-048,illa.,fr,4772,64.199394,22.98621
LTR-048,potius.,fr,4773,61.23682,-10.689207
LTR-048,cogitetis.,fr,4774,102.07009,-0.73370326
LTR-048,quam.,fr,4775,72.78939,-40.258945
LTR-048,multa.,fr,4776,64.48968,-10.397993
LTR-048,in.,fr,4777,53.057117,-33.12924
LTR-048,hac.,fr,4778,62.98651,19.325315
LTR-048,civitate.,fr,4779,89.64519,22.69169
LTR-048,novata.,fr,4780,67.16317,39.888798
LTR-048,sint.,fr,4781,72.3445,25.458977
LTR-048,&.,fr,4782,38.87389,-33.77503
LTR-048,quidem.,fr,4783,55.570297,-12.544328
LTR-048,statim.,fr,4784,75.444954,-29.114809
LTR-048,ab.,fr,4785,55.311348,-36.307487
LTR-048,origine.,fr,4786,69.53487,10.553649
LTR-048,ur-bis.,fr,4787,76.57334,3.246683
LTR-048,nostræ.,fr,4788,78.53712,0.38274902
LTR-048,in.,fr,4789,52.42345,-31.481503
LTR-048,quod.,fr,4790,65.41921,-40.620945
LTR-048,formas.,fr,4791,68.830414,-3.4838421
LTR-048,statusque.,fr,4792,81.968636,29.957315
LTR-048,res.,fr,4793,53.159885,-10.775822
LTR-048,P. vestra.,fr,4794,51.68287,33.313496
LTR-048,diducta.,fr,4795,86.10486,-15.318119
LTR-048,fit.,fr,4796,91.54881,-3.0171392
LTR-048,Quondam.,fr,4797,73.1011,-46.892178
LTR-048,Reges.,fr,4798,84.8887,26.917501
LTR-048,hanc.,fr,4799,60.534927,17.895771
LTR-048,tenuere.,fr,4800,88.60546,-10.608519
LTR-048,ur-bem.,fr,4801,77.066216,3.4908955
LTR-048,ne.,fr,4802,52.760513,48.332794
LTR-048,tamen.,fr,4803,53.319317,-16.326452
LTR-048,domesticis.,fr,4804,72.52286,14.367112
LTR-048,successori-bus.,fr,4805,90.92963,-15.640824
LTR-048,eam.,fr,4806,59.756477,23.56233
LTR-048,tradere.,fr,4807,81.61711,-13.507494
LTR-048,contigit.,fr,4808,95.229324,-9.227661
LTR-048,supervenère alieni.,fr,4809,71.67187,-12.137932
LTR-048,&.,fr,4810,39.03603,-35.320274
LTR-048,quidam.,fr,4811,62.289604,-44.627506
LTR-048,externi.,fr,4812,71.61129,-13.569496
LTR-048,ut.,fr,4813,71.54752,-17.846678
LTR-048,Numa.,fr,4814,56.91615,44.034492
LTR-048,Romulo.,fr,4815,57.421112,0.99675
LTR-048,successerit.,fr,4816,92.002335,-6.544386
LTR-048,ex.,fr,4817,49.64601,-37.730118
LTR-048,Sabinis.,fr,4818,54.87236,13.708509
LTR-048,veniens.,fr,4819,102.56713,-5.5631437
LTR-048,vicinus.,fr,4820,75.855385,16.074858
LTR-048,quidem.,fr,4821,55.25759,-12.059515
LTR-048,sed.,fr,4822,52.2969,-17.68653
LTR-048,tunc externus.,fr,4823,71.1655,-14.174885
LTR-048,ut.,fr,4824,70.310776,-17.935986
LTR-048,Anco.,fr,4825,52.758057,5.8828483
LTR-048,Marcio.,fr,4826,56.141277,4.1323676
LTR-048,Priscus.,fr,4827,64.41144,6.006104
LTR-048,Tarquinius.,fr,4828,56.42113,8.009918
LTR-048,propter.,fr,4829,73.229256,-24.201092
LTR-048,temeratum.,fr,4830,83.83389,-3.4086995
LTR-048,sanguinem.,fr,4831,82.244446,13.837148
LTR-048,quod.,fr,4832,65.41921,-40.620945
LTR-048,patre.,fr,4833,74.70334,11.019323
LTR-048,de.,fr,4834,58.17946,-35.274124
LTR-048,marato.,fr,4835,70.83347,-1.329084
LTR-048,Corinthio.,fr,4836,58.785076,5.9120016
LTR-048,natus.,fr,4837,97.54694,5.8224177
LTR-048,erat.,fr,4838,70.37719,32.416164
LTR-048,&.,fr,4839,39.593655,-34.384212
LTR-048,Tarquiniensi.,fr,4840,56.70244,8.113391
LTR-048,matre.,fr,4841,73.15834,10.064019
LTR-048,generosa.,fr,4842,80.26248,6.286427
LTR-048,sed.,fr,4843,52.300575,-17.771458
LTR-048,inopi.,fr,4844,79.80772,3.2084553
LTR-048,ut quæ.,fr,4845,64.430244,-42.866833
LTR-048,tali.,fr,4846,74.64934,-6.728833
LTR-048,marito.,fr,4847,78.26552,15.773848
LTR-048,necesse.,fr,4848,67.561455,-20.392117
LTR-048,ha- buerit.,fr,4849,90.36456,-7.284694
LTR-048,succumbere.,fr,4850,87.16928,-8.711791
LTR-048,cum.,fr,4851,78.335365,-38.0056
LTR-048,domi.,fr,4852,71.4241,14.346423
LTR-048,repellere- tur.,fr,4853,86.43849,-18.413012
LTR-048,à. gerendis.,fr,4854,93.60484,-22.39515
LTR-048,honoribus.,fr,4855,91.156334,8.665819
LTR-048,post.,fr,4856,97.45012,-27.244703
LTR-048,quam.,fr,4857,72.1574,-41.016552
LTR-048,Romam.,fr,4858,59.505615,2.251867
LTR-048,migravit.,fr,4859,77.57856,-14.44049
LTR-048,Regnum.,fr,4860,86.11966,27.8137
LTR-048,adeptus.,fr,4861,94.661064,-6.6213493
LTR-048,est.,fr,4862,67.67389,27.1118
LTR-048,huic.,fr,4863,60.31529,19.18881
LTR-048,eoque.,fr,4864,46.81907,-30.52038
LTR-048,&.,fr,4865,38.87389,-33.77503
LTR-048,filio.,fr,4866,79.60804,11.633748
LTR-048,nepotive.,fr,4867,81.73042,0.61983085
LTR-048,ejus.,fr,4868,59.409492,25.49639
LTR-048,nam.,fr,4869,54.785027,35.61035
LTR-048,&.,fr,4870,39.593655,-34.384212
LTR-048,hoc.,fr,4871,61.497578,17.541075
LTR-048,inter.,fr,4872,55.08566,-28.027664
LTR-048,auctores.,fr,4873,100.8387,8.438889
LTR-048,discrepat.,fr,4874,83.41808,-15.915293
LTR-048,insertus.,fr,4875,98.0294,-5.1068625
LTR-048,Servius.,fr,4876,79.0545,22.136076
LTR-048,Tullius.,fr,4877,35.224323,-53.460724
LTR-048,si nostros.,fr,4878,52.42039,36.114918
LTR-048,se- quimur.,fr,4879,62.59286,28.650146
LTR-048,captiva.,fr,4880,98.17705,-12.694889
LTR-048,natus.,fr,4881,97.54784,5.823313
LTR-048,ocrefia.,fr,4882,75.2143,-11.541058
LTR-048,si tus- cos cæli.,fr,4883,76.206,-8.80399
LTR-048,quondam.,fr,4884,73.17741,-29.243095
LTR-048,vivenuæ.,fr,4885,74.03796,6.163
LTR-048,sodalis.,fr,4886,98.11851,12.199891
LTR-048,fi- delissimus.,fr,4887,70.67455,4.84236
LTR-048,omnis.,fr,4888,58.72307,-20.236073
LTR-048,que.,fr,4889,65.93029,-43.66725
LTR-048,ejus.,fr,4890,59.744648,25.866528
LTR-048,casus.,fr,4891,77.64708,-24.490177
LTR-048,co- mes.,fr,4892,81.29,-35.377876
LTR-048,postquam.,fr,4893,70.703224,-31.032635
LTR-048,varia.,fr,4894,80.2746,-16.014387
LTR-048,fortuna.,fr,4895,85.81166,7.163398
LTR-048,exactus.,fr,4896,54.68572,-8.615568
LTR-048,cum.,fr,4897,77.648605,-37.074574
LTR-048,omnibus.,fr,4898,58.44728,-19.428251
LTR-048,reliquis.,fr,4899,76.2461,-17.41764
LTR-048,Cæliani.,fr,4900,31.548664,-51.205837
LTR-048,exerci- tus.,fr,4901,81.38692,-19.128338
LTR-048,Etruria.,fr,4902,64.92826,9.219495
LTR-048,excessit.,fr,4903,68.402176,-13.869088
LTR-048,montem.,fr,4904,68.25946,-6.8892274
LTR-048,Cælium.,fr,4905,31.531015,-51.236336
LTR-048,occupavit.,fr,4906,93.83697,-8.025898
LTR-048,&.,fr,4907,39.03603,-35.320274
LTR-048,à. duce.,fr,4908,71.200745,-21.204498
LTR-048,fuo.,fr,4909,69.239204,5.082139
LTR-048,Cælio.,fr,4910,31.485813,-51.241566
LTR-048,ita appellitatus.,fr,4911,105.12793,-14.942066
LTR-048,mutatoque.,fr,4912,79.20938,-15.138459
LTR-048,nomine.,fr,4913,61.523003,41.152447
LTR-048,nam.,fr,4914,54.78479,35.60999
LTR-048,tusce.,fr,4915,75.22664,-4.3698635
LTR-048,mastarna.,fr,4916,72.58898,-3.050864
LTR-048,ei.,fr,4917,53.369625,47.706284
LTR-048,nomen.,fr,4918,61.111015,40.468056
LTR-048,erat.,fr,4919,70.37719,32.416164
LTR-048,ita. ap- pellatus.,fr,4920,65.93714,13.603619
LTR-048,est.,fr,4921,67.245636,26.605892
LTR-048,ut dixi.,fr,4922,64.26685,-21.637691
LTR-048,&.,fr,4923,38.408367,-34.450012
LTR-048,regnum.,fr,4924,87.11247,27.719294
LTR-048,summa.,fr,4925,81.94383,-29.44649
LTR-048,cum.,fr,4926,78.567566,-36.60179
LTR-048,reip.,fr,4927,86.25322,-21.943195
LTR-048,utilitate.,fr,4928,88.18785,5.302787
LTR-048,obtinuit.,fr,4929,93.303955,-6.408087
LTR-048,"deinde, postquam.",fr,4930,70.10065,-31.066816
LTR-048,Tarquini.,fr,4931,56.33554,7.949085
LTR-048,Superbi.,fr,4932,62.15735,-2.7855108
LTR-048,mores.,fr,4933,70.577805,-4.4781585
LTR-048,in- visi.,fr,4934,53.782772,-30.374348
LTR-048,civitati.,fr,4935,90.652374,22.21697
LTR-048,nostræ.,fr,4936,78.53651,0.38299426
LTR-048,esse.,fr,4937,70.51499,29.337778
LTR-048,cœperunt.,fr,4938,91.62142,-10.336616
LTR-048,qua.,fr,4939,66.23616,-33.68071
LTR-048,ipsius.,fr,4940,61.061787,26.743162
LTR-048,qua.,fr,4941,65.80639,-33.938423
LTR-048,filiolum.,fr,4942,79.70105,11.115553
LTR-048,ejus.,fr,4943,59.409492,25.49639
LTR-048,nempe.,fr,4944,54.048126,46.341026
LTR-048,per- tæsum.,fr,4945,63.769455,-32.595547
LTR-048,est.,fr,4946,68.77581,27.220299
LTR-048,mentes.,fr,4947,80.92007,1.7472785
LTR-048,regni.,fr,4948,87.24482,26.988865
LTR-048,&.,fr,4949,39.593655,-34.384212
LTR-048,ad.,fr,4950,99.28263,-22.77034
LTR-048,consu- les.,fr,4951,92.28391,-9.118509
LTR-048,annuos.,fr,4952,60.693336,-26.541405
LTR-048,Magistratus.,fr,4953,101.35228,13.855046
LTR-048,administratio.,fr,4954,90.4176,30.434551
LTR-048,reip.,fr,4955,86.25322,-21.943195
LTR-048,translata.,fr,4956,79.03964,-12.8527565
LTR-048,est.,fr,4957,68.12015,27.245956
LTR-048,Quid.,fr,4958,67.27251,-47.52181
LTR-048,nunc.,fr,4959,76.90516,-29.985006
LTR-048,commemorem.,fr,4960,83.03592,-34.246906
LTR-048,dictaturæ hoc.,fr,4961,87.80838,32.08011
LTR-048,ipfo.,fr,4962,69.23346,3.4419813
LTR-048,confulari.,fr,4963,94.89526,-12.98786
LTR-048,imperium.,fr,4964,89.42896,28.870806
LTR-048,Valentius.,fr,4965,38.113083,-53.964527
LTR-048,repertum.,fr,4966,96.3179,-6.805006
LTR-048,apud.,fr,4967,55.965042,-32.491787
LTR-048,majores.,fr,4968,65.31745,-5.850553
LTR-048,noftros.,fr,4969,79.51533,0.4780043
LTR-048,quo.,fr,4970,68.38489,-40.29413
LTR-048,in.,fr,4971,53.528828,-32.03431
LTR-048,afperioribus.,fr,4972,74.51063,-12.385456
LTR-048,bellis.,fr,4973,73.87763,-0.92460316
LTR-048,aut. in.,fr,4974,51.00176,-26.078873
LTR-048,civili.,fr,4975,88.96567,19.169939
LTR-048,motu.,fr,4976,71.472115,-6.3615174
LTR-048,difficiliore.,fr,4977,81.784515,-3.2529428
LTR-048,uterentur.,fr,4978,73.13825,-14.291215
LTR-048,aut. in auxilium.,fr,4979,51.549717,-23.51482
LTR-048,plebis.,fr,4980,85.70584,16.648493
LTR-048,creatos.,fr,4981,100.4244,4.823862
LTR-048,tribunos.,fr,4982,89.224594,0.81407297
LTR-048,plebei.,fr,4983,85.35494,16.098457
LTR-048,quid.,fr,4984,66.474205,-45.310925
LTR-048,à. confulibus.,fr,4985,93.66843,-22.040995
LTR-048,ad decemviros.,fr,4986,65.63872,-27.887463
LTR-048,tranflatum.,fr,4987,79.022095,-12.043503
LTR-048,imperium.,fr,4988,89.118675,29.02322
LTR-048,folutoque.,fr,4989,75.96154,-1.7052782
LTR-048,poftea.,fr,4990,106.58564,-8.495045
LTR-048,decemvirali.,fr,4991,65.808945,-28.205664
LTR-048,regno.,fr,4992,86.72353,27.064259
LTR-048,ad.,fr,4993,99.64708,-23.432463
LTR-048,confules.,fr,4994,95.04316,-13.183137
LTR-048,rurfus.,fr,4995,88.1192,-19.225195
LTR-048,reditum.,fr,4996,88.62471,-17.92027
LTR-048,quid.,fr,4997,66.474205,-45.310925
LTR-048,ire :::: v. ris.,fr,4998,46.015137,-22.040895
LTR-048,diftributum.,fr,4999,84.07414,-15.0856905
LTR-048,confulare.,fr,5000,94.68411,-13.830305
LTR-048,imperium.,fr,5001,89.4249,28.873005
LTR-048,tribunofque.,fr,5002,89.61192,0.75126827
LTR-048,militum.,fr,5003,84.90195,20.787312
LTR-048,confulari.,fr,5004,94.89545,-12.987369
LTR-048,imperio.,fr,5005,88.83087,28.02507
LTR-048,appellatos.,fr,5006,104.05744,-14.835374
LTR-048,qui.,fr,5007,68.50454,-42.09
LTR-048,feni.,fr,5008,86.62129,0.045930266
LTR-048,& octoni.,fr,5009,41.87874,-31.444342
LTR-048,crearentur.,fr,5010,100.83666,4.2210402
LTR-048,qui communicatos.,fr,5011,96.85755,-15.325052
LTR-048,poftremo.,fr,5012,82.689316,-9.254534
LTR-048,cum.,fr,5013,78.95884,-36.996742
LTR-048,plebe.,fr,5014,85.31423,16.5219
LTR-048,honores.,fr,5015,91.1112,8.355334
LTR-048,non imperi.,fr,5016,49.87698,47.451927
LTR-048,folum.,fr,5017,75.97999,-1.6799123
LTR-048,fed.,fr,5018,93.38692,-4.2256784
LTR-048,facerdotiorum.,fr,5019,82.10539,-18.699759
LTR-048,quoque.,fr,5020,59.072533,-14.416364
LTR-048,jam.,fr,5021,87.296295,-28.95886
LTR-048,fi.,fr,5022,69.57906,4.683052
LTR-048,narrem.,fr,5023,78.89343,-1.8676833
LTR-048,bella.,fr,5024,77.74362,5.7113023
LTR-048,à. quibus.,fr,5025,62.49501,-38.33671
LTR-048,cœperint.,fr,5026,91.30775,-10.817577
LTR-048,majores noftri.,fr,5027,64.318054,-5.442253
LTR-048,&.,fr,5028,38.23882,-35.136833
LTR-048,quo.,fr,5029,68.3861,-40.294918
LTR-048,procefferimus.,fr,5030,82.61786,-10.810604
LTR-048,vereor.,fr,5031,74.30284,1.7318274
LTR-048,ne nimio.,fr,5032,50.400627,47.221634
LTR-048,infolentior.,fr,5033,98.29828,-1.2430773
LTR-048,effe.,fr,5034,69.32747,3.6668012
LTR-048,videar.,fr,5035,93.35541,-0.6159769
LTR-048,&.,fr,5036,39.593655,-34.384212
LTR-048,quæfiffe.,fr,5037,104.68894,-9.951984
LTR-048,jactationem.,fr,5038,87.292336,-13.486828
LTR-048,gloriæ.,fr,5039,89.21032,8.349926
LTR-048,prolati.,fr,5040,80.85764,-8.939267
LTR-048,imperi.,fr,5041,89.09885,26.901543
LTR-048,ultra.,fr,5042,66.11384,-13.44382
LTR-048,Oceanum.,fr,5043,59.022617,13.137111
LTR-048,fed.,fr,5044,93.38726,-4.2257113
LTR-048,illo.,fr,5045,61.47747,23.188097
LTR-048,C. Parius.,fr,5046,44.755585,-44.16221
LTR-048,revertar.,fr,5047,87.287445,-18.71278
LTR-048,civitatem.,fr,5048,88.951324,22.136312
LTR-048,TABLE II.,fr,5049,48.262398,-50.84281
LTR-048,:::::::: :::::::::::::: sane :::::::::::::: ::::::::: :: novo :: divus : Aug : : no : lus.,fr,5050,43.726543,-22.070555
LTR-048,&.,fr,5051,39.593655,-34.384212
LTR-048,patruus.,fr,5052,75.64176,9.420179
LTR-048,Ti.,fr,5053,50.54879,26.130335
LTR-048,Cæsar.,fr,5054,79.52123,25.176022
LTR-048,omnem.,fr,5055,58.33084,-20.168907
LTR-048,florem ubi- que.,fr,5056,69.47414,-36.52564
LTR-048,coloniarum.,fr,5057,93.4512,21.021984
LTR-048,ac.,fr,5058,45.06359,-29.376104
LTR-048,municipiorum.,fr,5059,90.29858,21.03513
LTR-048,bo- norum.,fr,5060,77.55477,3.5244486
LTR-048,scilicet.,fr,5061,56.575245,-9.183448
LTR-048,virorum.,fr,5062,80.52258,16.975424
LTR-048,&.,fr,5063,39.03603,-35.320274
LTR-048,locupletium.,fr,5064,89.82975,-2.2840836
LTR-048,in hac curia.,fr,5065,59.659523,16.990334
LTR-048,esse voluit.,fr,5066,107.26302,-7.913834
LTR-048,quid.,fr,5067,65.83665,-46.00352
LTR-048,ergo.,fr,5068,64.5715,12.979887
LTR-048,non.,fr,5069,51.956806,47.05534
LTR-048,italicus.,fr,5070,67.66872,7.736843
LTR-048,Senator.,fr,5071,101.926796,18.236513
LTR-048,provinciali.,fr,5072,92.52868,25.42856
LTR-048,potior.,fr,5073,83.826584,-6.9734106
LTR-048,est.,fr,5074,68.005745,26.302355
LTR-048,jam.,fr,5075,86.47968,-28.72628
LTR-048,vobis.,fr,5076,51.704594,28.526611
LTR-048,cum.,fr,5077,78.02615,-36.294834
LTR-048,hanc.,fr,5078,60.53223,17.931051
LTR-048,partem.,fr,5079,58.908806,-41.24556
LTR-048,censuræ approbare.,fr,5080,88.67656,-4.967228
LTR-048,cœpero.,fr,5081,91.24489,-10.884117
LTR-048,quid.,fr,5082,66.840454,-46.03828
LTR-048,de.,fr,5083,58.17926,-35.273354
LTR-048,fa.,fr,5084,69.44621,4.533604
LTR-048,re.,fr,5085,88.534386,-21.059471
LTR-048,sen- tiam.,fr,5086,72.56209,-32.07652
LTR-048,rebus.,fr,5087,79.20603,-22.643469
LTR-048,ostendam.,fr,5088,100.19951,-10.086684
LTR-048,sed.,fr,5089,51.406776,-17.007357
LTR-048,ne.,fr,5090,51.74032,48.05063
LTR-048,provin- ciales.,fr,5091,92.217094,25.158329
LTR-048,quidem.,fr,5092,55.46864,-12.178807
LTR-048,si modo.,fr,5093,58.320393,-6.801702
LTR-048,ornare.,fr,5094,92.99009,2.5760186
LTR-048,curiam.,fr,5095,82.12089,-5.3660483
LTR-048,poterint.,fr,5096,76.50288,33.25801
LTR-048,rejiciendos.,fr,5097,90.911224,-19.522453
LTR-048,puto.,fr,5098,78.486145,-8.1085615
LTR-048,Amatissima.,fr,5099,62.937527,-0.48685768
LTR-048,ecce.,fr,5100,67.09544,17.884556
LTR-048,colonia.,fr,5101,94.369995,21.018414
LTR-048,valentissi- maque.,fr,5102,67.568924,0.09945312
LTR-048,Renniensium.,fr,5103,60.890884,7.0490274
LTR-048,quam.,fr,5104,71.418755,-40.593197
LTR-048,longo.,fr,5105,65.58625,-17.571226
LTR-048,jam.,fr,5106,87.296295,-28.95886
LTR-048,tempore.,fr,5107,74.542595,-32.765953
LTR-048,Senatores.,fr,5108,101.340965,18.754396
LTR-048,huic.,fr,5109,60.316208,19.189577
LTR-048,curiæ.,fr,5110,82.45922,7.8810873
LTR-048,confert.,fr,5111,94.74202,-12.285412
LTR-048,ex.,fr,5112,49.64601,-37.730118
LTR-048,qua.,fr,5113,65.59658,-33.78392
LTR-048,colonia.,fr,5114,94.27038,20.576834
LTR-048,inter.,fr,5115,54.792942,-27.84209
LTR-048,paucos.,fr,5116,84.670105,12.281858
LTR-048,eques- tris.,fr,5117,73.145584,3.7007992
LTR-048,ordinis.,fr,5118,92.74692,15.118696
LTR-048,ornamentum.,fr,5119,93.01876,4.3180466
LTR-048,L. Restinum.,fr,5120,41.475323,-44.605747
LTR-048,familiarissime.,fr,5121,73.51453,17.624348
LTR-048,diligo.,fr,5122,79.58768,-5.1078205
LTR-048,&.,fr,5123,39.897358,-35.25189
LTR-048,hodie.,fr,5124,56.386715,18.580967
LTR-048,in.,fr,5125,52.431152,-32.151146
LTR-048,re- bus.,fr,5126,88.755714,-19.351795
LTR-048,meis.,fr,5127,58.633663,33.800365
LTR-048,detineo.,fr,5128,80.65038,9.367914
LTR-048,cujus.,fr,5129,67.6184,-41.73901
LTR-048,liberi.,fr,5130,73.0334,-9.194302
LTR-048,fruan- tur.,fr,5131,68.51872,-23.92664
LTR-048,quæso.,fr,5132,105.36832,-10.732764
LTR-048,primo.,fr,5133,67.83242,-24.33667
LTR-048,Sacerdotiorum.,fr,5134,97.83417,16.154562
LTR-048,gra- du.,fr,5135,88.33047,8.136998
LTR-048,post.,fr,5136,97.45012,-27.244703
LTR-048,modo.,fr,5137,58.98823,-6.6229997
LTR-048,cum.,fr,5138,77.81802,-38.054996
LTR-048,annis.,fr,5139,61.125954,-27.29505
LTR-048,promoturi.,fr,5140,84.459305,-9.937366
LTR-048,dignitatis.,fr,5141,91.46703,9.511079
LTR-048,suæ.,fr,5142,89.82468,-26.831598
LTR-048,incrementa.,fr,5143,85.50114,-12.147213
LTR-048,ut.,fr,5144,71.54637,-17.486427
LTR-048,dirum.,fr,5145,81.20481,-6.627705
LTR-048,nomen.,fr,5146,61.471268,40.526615
LTR-048,latronis.,fr,5147,70.93267,0.9763875
LTR-048,taceam.,fr,5148,73.87873,21.627739
LTR-048,&.,fr,5149,39.03603,-35.320274
LTR-048,odi.,fr,5150,73.79184,-16.77296
LTR-048,illude.,fr,5151,94.64709,-2.6248164
LTR-048,Palestricum.,fr,5152,65.70137,3.683804
LTR-048,prodiguum.,fr,5153,83.392204,-11.569305
LTR-048,quod.,fr,5154,65.13634,-41.12856
LTR-048,ante.,fr,5155,68.41803,-25.110552
LTR-048,in.,fr,5156,52.222225,-32.95408
LTR-048,Domum.,fr,5157,70.774254,14.531162
LTR-048,Consulatum.,fr,5158,98.27635,22.367529
LTR-048,intulit.,fr,5159,96.35878,-3.9079075
LTR-048,quam.,fr,5160,71.487465,-39.704174
LTR-048,colonia.,fr,5161,94.27038,20.576834
LTR-048,sua.,fr,5162,55.905872,26.95932
LTR-048,solidum.,fr,5163,82.29489,4.79298
LTR-048,civitatis.,fr,5164,89.54588,22.286951
LTR-048,Romanæ.,fr,5165,60.017696,2.0317135
LTR-048,beneficium.,fr,5166,88.5455,4.0292473
LTR-048,consecuta.,fr,5167,89.50284,-12.648032
LTR-048,est.,fr,5168,67.995255,26.75816
LTR-048,idem.,fr,5169,43.41473,25.588884
LTR-048,de.,fr,5170,58.179256,-35.27321
LTR-048,fratre.,fr,5171,77.33206,11.686435
LTR-048,ejus.,fr,5172,59.409492,25.49639
LTR-048,possum.,fr,5173,76.13088,34.790237
LTR-048,dicere.,fr,5174,64.24621,-21.45335
LTR-048,miserabili.,fr,5175,84.161674,-1.9447787
LTR-048,quidem.,fr,5176,55.014565,-12.998259
LTR-048,indignissimoque.,fr,5177,82.81065,-0.4706354
LTR-048,hoc.,fr,5178,61.636475,18.237864
LTR-048,casu.,fr,5179,77.1162,-25.402838
LTR-048,ut.,fr,5180,70.33432,-17.597116
LTR-048,vobis.,fr,5181,52.433685,28.88682
LTR-048,utilis.,fr,5182,87.69302,5.002695
LTR-048,senator.,fr,5183,101.46882,17.555048
LTR-048,esse.,fr,5184,70.89762,28.902466
LTR-048,non.,fr,5185,52.94436,47.03867
LTR-048,possit.,fr,5186,76.31947,33.76777
LTR-048,Tempus.,fr,5187,76.17197,-33.17545
LTR-048,est.,fr,5188,67.28248,26.998604
LTR-048,jam.,fr,5189,87.296295,-28.95886
LTR-048,Ti.,fr,5190,50.54849,26.130377
LTR-048,Cæsar.,fr,5191,79.52123,25.176022
LTR-048,Germanice.,fr,5192,61.377056,3.5713675
LTR-048,detegere.,fr,5193,86.34742,-5.0557947
LTR-048,te.,fr,5194,52.582256,26.148775
LTR-048,patribus.,fr,5195,74.112625,12.376201
LTR-048,conscriptis.,fr,5196,97.11208,-10.690257
LTR-048,quo tendat.,fr,5197,68.6496,-39.148132
LTR-048,oratio.,fr,5198,101.14695,-16.160425
LTR-048,tua.,fr,5199,72.15062,8.00724
LTR-048,jam.,fr,5200,87.296295,-28.95886
LTR-048,enim.,fr,5201,71.30563,-23.73312
LTR-048,ad.,fr,5202,100.367935,-23.009607
LTR-048,extremos.,fr,5203,68.87308,-11.379619
LTR-048,fines.,fr,5204,87.33599,0.4297495
LTR-048,Galliæ.,fr,5205,31.532536,-54.76612
LTR-048,Narbonensis.,fr,5206,60.449368,9.331516
LTR-048,venisti.,fr,5207,101.61627,-5.8898764
LTR-048,Tot.,fr,5208,56.524094,-20.46164
LTR-048,ecce.,fr,5209,67.09349,17.882904
LTR-048,insignes.,fr,5210,92.8818,7.19272
LTR-048,juvenes.,fr,5211,83.008255,10.299949
LTR-048,quot.,fr,5212,72.89326,-44.056038
LTR-048,intueor.,fr,5213,98.13746,-3.1021736
LTR-048,non.,fr,5214,52.293377,46.378296
LTR-048,magis.,fr,5215,61.716522,-10.880755
LTR-048,sunt.,fr,5216,67.290596,30.496346
LTR-048,pænitendi.,fr,5217,84.73217,4.2779484
LTR-048,senatores.,fr,5218,100.70893,18.12613
LTR-048,quam.,fr,5219,72.08033,-40.076202
LTR-048,pænitet.,fr,5220,85.04174,4.7106314
LTR-048,Persicum.,fr,5221,64.05173,5.4840417
LTR-048,Nobilissimum.,fr,5222,64.8582,-1.3546826
LTR-048,verum.,fr,5223,53.993122,-10.866358
LTR-048,amicum.,fr,5224,76.19419,17.8105
LTR-048,meum.,fr,5225,58.87968,33.143574
LTR-048,inter.,fr,5226,55.04223,-27.77371
LTR-048,imagines.,fr,5227,103.25581,0.6583132
LTR-048,majorum.,fr,5228,64.95468,-6.686366
LTR-048,suorum.,fr,5229,76.09742,0.6552284
LTR-048,Allobrogici.,fr,5230,56.587955,-1.7890958
LTR-048,nomen.,fr,5231,60.891766,40.880833
LTR-048,elegere.,fr,5232,100.9223,-10.440199
LTR-048,quod.,fr,5233,64.73383,-40.15027
LTR-048,hæc.,fr,5234,62.31402,17.229988
LTR-048,ita. esse.,fr,5235,65.538086,14.468799
LTR-048,contenti.,fr,5236,91.27801,-4.571432
LTR-048,is.,fr,5237,67.622215,28.139944
LTR-048,quid.,fr,5238,66.783775,-45.65854
LTR-048,ultra.,fr,5239,66.11384,-13.44382
LTR-048,desidera- tis.,fr,5240,107.425545,-8.594196
LTR-048,quam.,fr,5241,72.1574,-41.016552
LTR-048,ut.,fr,5242,71.21942,-17.36467
LTR-048,vobis.,fr,5243,52.512733,28.188755
LTR-048,digito.,fr,5244,95.76474,1.7655581
LTR-048,demonstrem.,fr,5245,107.50173,-0.11841076
LTR-048,solum.,fr,5246,61.172405,-16.842707
LTR-048,ipsum.,fr,5247,62.241814,27.6973
LTR-048,ultra.,fr,5248,65.87677,-13.990129
LTR-048,fines.,fr,5249,87.33599,0.4297495
LTR-048,Provinciæ.,fr,5250,91.66676,26.567339
LTR-048,Narbonensis.,fr,5251,60.449368,9.331516
LTR-048,jam.,fr,5252,87.296295,-28.95886
LTR-048,vobis.,fr,5253,51.704594,28.526611
LTR-048,Senatores.,fr,5254,101.340965,18.754396
LTR-048,mittere.,fr,5255,70.04849,-9.169204
LTR-048,quando.,fr,5256,74.16212,-34.95355
LTR-048,ex.,fr,5257,49.517803,-37.938263
LTR-048,Lugduno.,fr,5258,35.41482,-49.016052
LTR-048,habere.,fr,5259,73.57152,30.024075
LTR-048,nos.,fr,5260,55.367004,40.153954
LTR-048,nostri.,fr,5261,54.094795,37.25478
LTR-048,ordinis.,fr,5262,92.74692,15.118696
LTR-048,viros.,fr,5263,80.4205,16.912401
LTR-048,non.,fr,5264,52.94436,47.03867
LTR-048,pænitet.,fr,5265,85.04137,4.710704
LTR-048,timide.,fr,5266,81.03469,-1.4193888
LTR-048,quidem.,fr,5267,55.014565,-12.998259
LTR-048,P. C. egressus.,fr,5268,46.75542,-41.711353
LTR-048,adsuetos.,fr,5269,97.49996,-19.131763
LTR-048,familiaresque.,fr,5270,73.47078,15.444147
LTR-048,vobis.,fr,5271,51.704594,28.526611
LTR-048,Provinciarum.,fr,5272,92.151634,26.168783
LTR-048,terminos.,fr,5273,74.946045,-32.451584
LTR-048,sum.,fr,5274,82.706474,-30.073936
LTR-048,Sed.,fr,5275,50.309006,-17.846115
LTR-048,destricte.,fr,5276,85.208565,-6.626863
LTR-048,jam.,fr,5277,86.63551,-29.50685
LTR-048,comatæ.,fr,5278,82.35417,-34.582275
LTR-048,Galliæ.,fr,5279,31.5325,-54.76619
LTR-048,causa.,fr,5280,74.35071,-24.200623
LTR-048,agenda.,fr,5281,101.53255,-19.39048
LTR-048,est.,fr,5282,68.48783,27.373213
LTR-048,in.,fr,5283,53.007694,-31.564274
LTR-048,qua.,fr,5284,65.72986,-33.286
LTR-048,si.,fr,5285,52.70791,24.140862
LTR-048,quis.,fr,5286,69.20707,-43.376507
LTR-048,hoc.,fr,5287,61.73695,17.921413
LTR-048,intuetur.,fr,5288,97.070076,-4.3615966
LTR-048,quod.,fr,5289,64.782845,-41.107258
LTR-048,bello.,fr,5290,76.90627,5.783506
LTR-048,per.,fr,5291,62.152016,-32.898
LTR-048,decem.,fr,5292,65.239716,-28.215822
LTR-048,annos.,fr,5293,61.495655,-26.758179
LTR-048,exercuerunt.,fr,5294,89.93911,-8.06764
LTR-048,divum.,fr,5295,78.73993,-4.2712502
LTR-048,Julium.,fr,5296,34.298637,-60.352478
LTR-048,idem.,fr,5297,43.41473,25.588884
LTR-048,opponat.,fr,5298,94.756996,-10.327367
LTR-048,centum annorum.,fr,5299,62.83314,-27.456306
LTR-048,immobilem.,fr,5300,82.83439,2.5943356
LTR-048,fidem.,fr,5301,86.75038,9.87762
LTR-048,obsequiumque.,fr,5302,91.35174,4.3793564
LTR-048,multis.,fr,5303,64.88357,-10.093322
LTR-048,trepidis.,fr,5304,78.415695,-9.825917
LTR-048,rebus.,fr,5305,79.20229,-22.648209
LTR-048,nostris.,fr,5306,53.32708,37.33074
LTR-048,plusquam.,fr,5307,61.26068,-11.654828
LTR-048,expertum.,fr,5308,104.97131,6.6763687
LTR-048,illi.,fr,5309,63.083008,24.273634
LTR-048,patri.,fr,5310,74.319435,11.62865
LTR-048,meo.,fr,5311,59.24643,33.763287
LTR-048,Druso.,fr,5312,35.22912,-46.2962
LTR-048,Germaniam.,fr,5313,62.058384,3.2893412
LTR-048,subigenti.,fr,5314,92.45836,-13.468168
LTR-048,tutam.,fr,5315,82.208626,-27.100863
LTR-048,quiete.,fr,5316,84.88791,1.8325866
LTR-048,sua securamque.,fr,5317,58.30568,28.084858
LTR-048,a. tergo.,fr,5318,93.486336,-23.167555
LTR-048,pacem.,fr,5319,78.22382,-8.845391
LTR-048,præstiterunt.,fr,5320,97.614944,15.16767
LTR-048,&.,fr,5321,38.408367,-34.450012
LTR-048,quidem.,fr,5322,54.94343,-12.064053
LTR-048,cum.,fr,5323,78.88332,-37.799683
LTR-048,ad.,fr,5324,99.28263,-22.77034
LTR-048,sensus.,fr,5325,100.497894,-1.4386556
LTR-048,novo.,fr,5326,66.18396,39.475822
LTR-048,tum.,fr,5327,74.90847,-20.71872
LTR-048,opere.,fr,5328,80.67159,-19.412514
LTR-048,&.,fr,5329,38.408367,-34.450012
LTR-048,in.,fr,5330,53.007694,-31.564274
LTR-048,adsueto.,fr,5331,97.68119,-19.368782
LTR-048,Galliis.,fr,5332,31.572306,-54.836918
LTR-048,ad.,fr,5333,99.64708,-23.432463
LTR-048,bellum.,fr,5334,84.36888,22.823915
LTR-048,advocatus.,fr,5335,102.225555,12.376757
LTR-048,esset.,fr,5336,71.2089,31.792002
LTR-048,quod.,fr,5337,65.30692,-41.094276
LTR-048,opus.,fr,5338,80.256096,-19.921103
LTR-048,quam.,fr,5339,72.698524,-40.957058
LTR-048,arduum.,fr,5340,70.417336,-27.138773
LTR-048,fit.,fr,5341,91.54881,-3.0171392
LTR-048,nobis.,fr,5342,53.945457,35.577267
LTR-048,nunc.,fr,5343,76.904945,-29.984877
LTR-048,cum.,fr,5344,78.96397,-37.371864
LTR-048,maxime.,fr,5345,63.210476,-8.512965
LTR-048,quamvis.,fr,5346,54.098988,-16.370514
LTR-048,nihil.,fr,5347,50.58799,44.913036
LTR-048,ultra.,fr,5348,65.87677,-13.990129
LTR-048,quam.,fr,5349,72.66501,-39.537674
LTR-048,ut.,fr,5350,71.712395,-18.09491
LTR-048,publice.,fr,5351,88.42894,17.244436
LTR-048,notæ.,fr,5352,53.542316,45.299732
LTR-048,fint.,fr,5353,78.11652,4.7827125
LTR-048,facultates.,fr,5354,94.07773,11.020145
LTR-048,nostræ.,fr,5355,78.53759,0.38250804
LTR-048,exqui- ratur.,fr,5356,103.27643,-10.368795
LTR-048,nimis.,fr,5357,63.244205,-13.009489
LTR-048,magno.,fr,5358,65.266205,-7.1880155
LTR-048,experimento.,fr,5359,106.68799,4.4650855
LTR-048,cognoscimus.,fr,5360,98.79571,-0.10063687
LTR-048,"/ On voit près la Porte de S. Justin les débris d'un Aquéduc qui avoit été bâti par les Romains, & derriere le Couvent de Sainte Marie on trouve les ruines d'un Palais Impérial, où l'Empereur Claude naquit.",fr,5361,-43.534386,-12.657745
LTR-048,Il fut habité par Septime Severe.,fr,5362,-47.595905,52.644035
LTR-048,"La Cathédrale est sous l'invocation de Saint Jean : c'est un grand Edifice, d'une Architecture Gothique.",fr,5363,-42.953835,-22.963165
LTR-048,"Il y a une horloge, dont les Allemands font beaucoup de cas.",fr,5364,-35.07891,-46.34019
LTR-048,On voit dans une Place publique la Statue du feu Roi.,fr,5365,-46.0037,-27.669754
LTR-048,"A propos de cette Statue, je vous dirai que je trouve le goût des François assez singulier : ils ont coutume de charger la tête de celui qu'ils représentent d'une grosse perruque dorée & bien frisée : c'est donner à un Héros l'air coquet.",fr,5366,-31.36358,-38.688274
LTR-048,"On a tant écrit sur Lyon, que je me crois dispensée de vous en parler.",fr,5367,18.528936,-19.28426
LTR-048,"Les maisons sont assez bien construites, le cours est beau & bien planté.",fr,5368,-54.350006,-13.511924
LTR-048,On y découvre le confluent du Rhône & de la Saône.,fr,5369,-69.218315,23.893867
LTR-048,"Ubi Rhodanus ingens amne prærapido fluit, Ararque dubitans quò suos fluctus agat.",fr,5370,-15.372089,-65.22705
LTR-048,"J'ai eu le tems de voir toutes les curiosités de cette ville: un mal de gorge qui m'étoit resté d'une fiévre occasionnée par le froid que j'avois enduré en traversant les Alpes, m'a forcée d'y séjourner.",fr,5371,6.7801847,26.418636
LTR-048,"Les Médecins de ce pays me menacent de toutes sortes de maladies si je les quitte ; mais mon mal est si opiniâtre, que j'imagine qu'il m'est aussi possible de faire le voyage de Paris avec lui, que de me promener dans les rues de Lyon.",fr,5372,14.681042,29.332525
LTR-048,"Enfin, quoi qu'en disent ces Docteurs & les Apothicaires, je suis déterminée à me mettre en route demain avec mon mal de gorge.",fr,5373,19.466026,33.87019
LTR-048,"Quand vous verrez Milady, dites-lui, je vous prie, que j'ai reçu sa Lettre & que je lui ferai réponse de Paris, d'où elle recevra des nouvelles avec plus de plaisir, que de partout ailleurs.",fr,5374,31.622274,6.808813
LTR-048,"Je suis, &c.",fr,5375,42.990654,19.138395
LTR-049,"VOus écrire du sein des plaisirs, c'est vous prouver, ma chere Milady, combien je vous suis attachée.",fr,5376,26.413246,2.7179108
LTR-049,"Je suis accablée de visites: on me fait tant de complimens, que je n'ai pas même le tems d'y répondre.",fr,5377,22.950657,-7.2391896
LTR-049,"L'Ambassadeur de France à Constantinople a beaucoup de parens ici; ils viennent tous me voir, & m'importunent par leurs questions éternelles.",fr,5378,-7.1620035,52.335983
LTR-049,"L'air de Paris m'est favorable: je n'ai jamais joui d'une si bonne santé, quoique j'aye été fort incommodée pendant la route, qui étoit assez désagréable par elle-même.",fr,5379,12.27563,29.684013
LTR-049,"Pendant que nous changions de chevaux, les Paysans venoient en foule nous demander l'aumône : leur air & leurs habits annonçoient une misere extrême.",fr,5380,-77.47761,10.83784
LTR-049,En arrivant à Fontainebleau j'examinai le Palais du Roi : les Appartemens sont vastes & bien dorés; mais l'Architecture & les Peintures n'ont rien de remarquable.,fr,5381,-46.81066,-21.379316
LTR-049,"La grande Galerie, que fit bâtir Henri IV, est d'un goût antique.",fr,5382,-52.084606,-47.962517
LTR-049,"Le Parc est charmant : on y voit de très-beaux arbres, & des étangs magnifiques, où il y a des carpes privées, dont quelques-unes ont, dit-on, plus de quatre-vingts ans.",fr,5383,-56.892456,-8.927069
LTR-049,Le feu Roi avoit coutume de passer tous les ans quelques mois dans ce Palais.,fr,5384,-44.49491,1.5423973
LTR-049,"Les Sentences qu'on trouve sur toutes les pierres des environs, annoncent que la dévotion étoit alors fort à la mode dans cette Cour ; mais on n'en voit plus aucuns restes à Paris ; on n'y respire que les plaisirs.",fr,5385,-45.626945,-0.020692028
LTR-049,"La foire Saint Laurent est à présent ouverte : vous imaginez bien que j'y ai été : les boutiques y font rangées avec tant de régularité, & sont si bien illuminées, qu'elles font un agréable Spectacle.",fr,5386,-50.036644,-12.243411
LTR-049,"La grossiereté du Harlequin m'a déplu, & la musique Françoise a choqué mes oreilles qui sont accoutumées à celle d'Italie.",fr,5387,-1.9869257,5.195183
LTR-049,"La salle de l'Opéra n'est qu'une loge en comparaison de la nôtre du Hai-Market ; & celle de la Comédie n'est pas comparable à celle de Lincols-Junfields ; mais j'avouerai, à la louange des François, que leurs Acteurs tragiques sont beaucoup meilleurs que les nôtres : à peine Mademoiselle O-D pourroit servir de confidente à la ***.",fr,5388,-27.15732,-33.53341
LTR-049,"J'ai vu re- présenter Bajazet sur le théâtre François : elle fut si bien jouée, que je puis vous assurer que nos Acteurs ne savent que parler, & que ceux-ci savent sentir.",fr,5389,-6.073882,-22.176004
LTR-049,"L'ame est certainement plus émue en voyant un homme dont le malheur est peint sur sa figure, que lorsqu'il le raconte avec un air tranquille.",fr,5390,-5.2667356,-14.33784
LTR-049,"A propos d'air, je vous dirai que j'ai vu celles qui passent pour des Beautés parmi les Dames Françoises : elles sont en vérité dégoûtantes, ( pardonnez-moi l'expression, ) par leur façon de se mettre, & par le fard dont elles couvrent leur visage : leurs cheveux courts & frisés ressemblent à de la laine blanche ; & avec leur visage couleur de feu, elles n'ont même pas la figure humaine ; on les prendroit volontiers pour des moutons nouvellement écorchés.",fr,5391,-31.442686,-38.52379
LTR-049,"Je me rappelle avec plaisir mes jolies Compatriotes ; & si j'écrivois à d'autre qu'à vous, je dirois que ces figures grotesquement barbouillées relevent beaucoup, dans mon idée, les graces naturelles de ma chere Lady R***.",fr,5392,3.8446126,4.919086
LTR-049,Post-Scriptum.,fr,5393,97.01303,-29.289654
LTR-049,"J'AI rencontré ici l'Abbé, qui m'a chargée de vous faire ses complimens.",fr,5394,24.246017,42.5504
LTR-050,"JE vous avois promis de vous écrire de Paris, & vous voyez que je vous tiens parole; ç'a été pour moi une agréable surprise de trouver ici ma sœur : comme elle n'avoit pas reçu mes dernieres lettres, ç'en a été une aussi pour elle de m'y voir.",fr,5395,19.152237,-2.6946251
LTR-050,Cette rencontre seroit fort agréable sous la plume de Scuderi : mais je n'imiterai pas son style au point de vous dire combien de fois nous nous sommes embrassées ; combien de fois elle m'a demandé par quel hazard j'étois de retour de Constantinople ; je lui ai répondu en lui demandant ce qui l'avoit attirée à Paris.,fr,5396,-2.3690348,20.252615
LTR-050,"Enfin, pour nous abréger l'histoire de nos demandes, de nos réponses & de nos complimens, nous convinmes que nous visiterions ensemble les environs de Paris : nous avons été, en conséquence, à Versailles, à Trianon, à Marli, & à S. Cloud.",fr,5397,-13.081625,-53.927036
LTR-050,On avoit ordre de faire jouer les eaux pour nous : tous les Anglois qui étoient à Paris nous suivirent.,fr,5398,0.7054531,59.379986
LTR-050,Je vous avoue que Versailles m'a paru plus vaste que magnifique ; son irrégularité est même choquante pour quelqu'un qui a vû les justes propor- tions des bâtimens Italiens.,fr,5399,-22.429508,-26.772997
LTR-050,Le cabinet du Roi contient une très-belle collection d'antiques & de médailles.,fr,5400,-51.76585,-18.370525
LTR-050,"L'apothéose de Germanicus, qui est sur une grande agathe, est la plus belle chose que j'aye jamais vue dans ce genre.",fr,5401,-20.418655,-43.794384
LTR-050,On trouve en outre d'anciennes statues qui font d'une rare beauté : la grande galerie est un monument du rare mérite de le Brun.,fr,5402,-46.64732,-32.963867
LTR-050,"Je ne vous ferai point la description du grand appartement, des fontaines qui font en grand nombre, du théâtre d'eau, des bosquets, & des fables d'Esope ; assez de François l'ont faite.",fr,5403,4.1257963,-35.329212
LTR-050,"Trianon dans sa petitesse m'a paru préférable à Versailles ; Marli, à Trianon ; & S. Cloud, à tous les trois.",fr,5404,-14.4298725,-52.74212
LTR-050,Il a l'avantage d'être situé sur le bord de la Seine qui coule au pied des jardins & de la grande cascade.,fr,5405,-68.005165,22.65082
LTR-050,"Si vous voulez savoir le nombre des statues, & à combien de pieds elles jettent l'eau, vous pouvez consulter les Livres dont je vous ai parlé ci-dessus.",fr,5406,17.717749,-31.45496
LTR-050,"Nous avons vu les tableaux du Roi qui font dans le bel Hôtel du Duc d'Antin, à qui la garde en est confiée jusqu'à la majorité du Monarque.",fr,5407,-48.00031,36.09573
LTR-050,Ils font en petit nombre ; mais des meilleurs Maîtres.,fr,5408,-52.556316,-34.813984
LTR-050,"J'ai vu avec beaucoup de plaisir l'Archange de Raphaël, où le sentiment de ces êtres supérieurs font aussi-bien exprimés que dans Milton.",fr,5409,-13.748753,-41.98909
LTR-050,"Pour ce qui regarde les Thuilleries, je vous dirai en général qu'elles font plus belles que notre S. James, & que le Cours est plus agréable que Hide-Park : les arbres y donnent de l'ombre dans les grandes chaleurs.",fr,5410,-29.285381,-32.78316
LTR-050,J'ai vu le Roi au Louvre : il étoit accompagné du Duc Régent.,fr,5411,-20.3803,48.77178
LTR-050,Ce Monarque est grand & bien pris dans sa taille.,fr,5412,-40.251427,-21.566175
LTR-050,"En parlant de la Cour de Fran- ce, je vous avouerai que j'ai vu avec un singulier plaisir, un Anglois, ou au moins un sujet du Roi d'An-gleterre, faire la loi dans Paris.",fr,5413,-6.3935328,-19.461746
LTR-050,"Je parle de M. Law, qui traite les Ducs & Pairs d'une maniere fort dure, pendant que, de leur côté, ils ne l'abordent qu'avec respect & sou-mission.",fr,5414,-8.224925,11.134761
LTR-050,Je ne vous parlerai point de la place des Victoires; j'aurois trop à faire si j'entreprenois toutes ces descriptions.,fr,5415,19.134773,-23.82576
LTR-050,"Il me semble que Paris est préférable à Londres pour la netteté du pavé, pour la régula-rité des rues, pour les illuminations pendant la nuit; d'ailleurs toutes les maisons sont bâties en pierre, & cel-les des gens de qualité sont ornées de jardins: Londres est cependant de moitié plus grand, & je crois que c'est toute la supériorité qu'elle a sur Paris.",fr,5416,-48.726795,-4.257774
LTR-050,"Je ne ferai pas ici un long sé- jour ; envoyez-moi donc promptement les commissions dont vous comptez me charger, afin que je puisse m'en acquitter.",fr,5417,20.747389,-7.779996
LTR-050,"Je suis, &c.",fr,5418,42.990654,19.138395
LTR-051,JE compte que vous me saurez gré de vous avoir averti le plutôt qu'il m'a été possible de mon arrivée en Angleterre.,fr,5419,26.041716,-6.592793
LTR-051,"Je suis entrée ce matin dans Douvres ; mais j'ai essuyé une si terrible tempête pendant la nuit dans le Paquebot, que le Capitaine lui-même a été effrayé : il n'a pu s'empêcher de nous avertir que nous étions dans un très-grand danger.",fr,5420,4.183461,51.72937
LTR-051,Nous avons donné le signal à un petit batteau de pêcheur qui a eu beaucoup de peine à arriver à notre bord.,fr,5421,1.4731758,55.739532
LTR-051,"La consternation enfin étoit si grande, que tout l'Equipage imploroit la protection du Ciel.",fr,5422,-19.819754,44.218273
LTR-051,"Quoique ce spectacle fût horrible, & que j'euf- se peur d'être noyée, je ne pus m'empêcher de rire du double embarras dans lequel se trouva une Angloise ; une Dame qui passoit avec nous, & qui me pria de la recevoir dans ma chambre, pendant la traversée.",fr,5423,5.007411,39.599407
LTR-051,Elle avoit acheté une très-belle coëffure qu'elle vouloit cacher aux Commis de la Douane.,fr,5424,-35.34055,66.84642
LTR-051,"Lorsque le vent commença à s'élever, & qu'elle entendit notre bâtiment craquer de toutes parts, elle oublia sa coëffure pour prier Dieu : mais dès qu'elle le vit diminuer, cette chere coëffure lui revint à l'idée.",fr,5425,-12.056373,39.99062
LTR-051,"« Ma chere Dame, » me dit-elle, prenez soin de mon » point ; si je le perdois... Ah !",fr,5426,32.56177,24.586945
LTR-051,"mon » Dieu, nous allons tous périr : Mon » Dieu, ayez pitié de mon ame !",fr,5427,32.575863,26.78827
LTR-051,"Ma » Dame, ayez soin de ma coëffure, » je vous en prie.",fr,5428,32.250526,24.528793
LTR-051,» Les soins qu'elle prenoit de sa coëffure & de son ame tour-à-tour ; les in-quiétudes quiétudes que l'une & l'autre lui causoient m'ont fait douter à laquelle des deux elle donnoit la préférence.,fr,5429,-18.82349,26.92119
LTR-051,"Cette scène n'étoit cependant pas assez divertissante pour me faire oublier le danger où j'étois moi-même : je désirois beaucoup d'être à bord, & j'y suis arrivée saine & sauve.",fr,5430,13.424856,24.06197
LTR-051,"La Nature nous donne, sans doute, de l'amour pour notre patrie, afin de nous y arrêter, de nous empêcher de parcourir le Monde, & de chercher à acquérir des connoissances pour lesquelles elle ne nous a pas créés.",fr,5431,-15.318399,13.767709
LTR-051,"Le seul fruit que nous rapportons de nos Voyages, c'est le desir de jouir de tous les plaisirs, de toutes les commodités que nous avons trouvés dans les différens climats ; mais qu'on ne peut réunir dans un seul.",fr,5432,-3.9755857,-55.482727
LTR-051,J'ai lu tout ce qu'on peut lire dans les différentes Langues que je possede ; je me suis affoibli la vûe en travaillant la nuit : en suis-je plus contente aujourd'hui ?,fr,5433,7.512984,-5.1649513
LTR-051,"Non ; je porte envie à cette heureuse tranquillité dont jouit une simple laitiere : aucuns doutes , aucuns scrupules ne s'élevent dans son esprit ; elle entend le sermon avec humilité, & ne confond point le devoir réel avec les subtilités de l'Ecole.",fr,5434,-10.269499,15.518939
LTR-051,"Si elle en savoit davantage , elle n'en seroit pas moins ignorante.",fr,5435,9.816482,20.24762
LTR-051,"Moi qui ai vû une partie de l'Asie , de l'Afrique , qui ai fait presque le tour de l'Europe, je me trouve moins heureuse qu'un honnête Gentilhomme Anglois , qui croit fermement que les meilleurs vins de Grèce ne valent pas la bierre de Mars , que les pommes de reinette sont préférables aux fruits d'Afrique, que les becfigues d'Italie n'ont pas le goût si agréable qu'un cimier de bœuf ; enfin, que hors de l'Angleterre, on ne peut goûter des plaisirs réels.",fr,5436,-13.897891,8.129992
LTR-051,"Je demande à Dieu la grace de me donner cette façon de penser le reste de ma vie, & de me faire oublier l'admirable clarté du Soleil de Constantinople, pour me contenter de la foible lumiere dont nous jouissons ici.",fr,5437,26.289791,23.622608
LTR-051,"Je suis, &c.",fr,5438,42.990654,19.138395
LTR-052,JE reçois dans le moment votre Lettre qui m'a été envoyée de Paris.,fr,5439,25.360155,-2.9559586
LTR-052,"Je compte vous revoir bientôt, aussi-bien que M. Congreve: mais je crois ne pouvoir mieux employer mon tems, qu'à vous faire réponse, pendant qu'on dispose mes bagages, pour mon retour à Londres.",fr,5440,18.100096,-6.929438
LTR-052,"Je ne puis m'empêcher d'applaudir à vos généreux sentimens de supposer que vos Amans de village, appellés vulgairement Faneurs, auroient passé leur vie dans l'union & les plaisirs, si la foudre n'en eût arrêté le cours, Car pourquoi s'imaginer que Jean Hughes & Sara-Drew eussent été plus sages & plus vertueux que leurs voisins ?",fr,5441,21.601736,-42.730755
LTR-052,"Il n'est pas étonnant qu'un homme de vingt-cinq ans ait eu envie d'épouser une brune de dix-huit ; & je ne doute point que s'ils se fussent unis par les liens du mariage, ils n'eussent vécu ensemble comme les autres paysans.",fr,5442,-29.75541,29.375957
LTR-052,"La précaution que prit Jean Hughes de mettre sa maitresse à l'abri de l'orage est si naturelle, qu'il y a lieu de croire qu'en pareil cas il en eût fait autant pour son cheval.",fr,5443,-20.887962,33.211563
LTR-052,Je ne crois point que leur amour réciproque ait été la cause de leur mort.,fr,5444,-7.9525304,-6.303516
LTR-052,"Vous sa- vez que les Juifs furent réprouvès pour avoir pensé qu'un Village avoit été détruit par le feu du Ciel, parce qu'il étoit plus criminel que les au-tres.",fr,5445,-18.70732,-53.463177
LTR-052,"Tous les hommes en général sont exposés aux effets du hasard ; puisque vous voulez que je fasse l'é-pitaphe de ces deux pauvres Amans, en voici une qui, sans être si poëtique que la vôtre, est peut-être plus juste.",fr,5446,3.049745,-0.64666635
LTR-052,» Ci gissent Jean Hughes & Sara » Drew.,fr,5447,22.125149,-44.131615
LTR-052,"Que vous importe, direz- » vous peut-être ?",fr,5448,41.697124,5.999667
LTR-052,"Il y auroit, ami, » beaucoup de choses à dire sur ce » pauvre couple.",fr,5449,35.081097,36.928406
LTR-052,Ils devoient se ma- » rier Dimanche prochain : voyez la » bizarrerie du destin !,fr,5450,-30.123146,70.81529
LTR-052,"Il plut, fit des » éclairs Jeudi dernier, & ces tendres » amans, fort effrayés, se mirent » sous un tas de foin : mais le ton- » nerre, qui, sans doute, étoit en- » voyé à dessein, les surprit dans les » transports de leur passion, & les » envoya parmi les Morts.",fr,5451,-62.256207,55.4316
LTR-052,"Ce fut » peut-être un bonheur pour eux ; » car s'ils eussent encore vécu une » année, le mari eût sans doute été » cocu, la femme battue, & tous les » deux auroient maudit le mariage.",fr,5452,-28.167871,30.560562
LTR-052,» Cependant Pope a daigné écrire sur » leur tombe; ne font-ils pas heu- » reux dans leur malheur ?,fr,5453,-0.15295987,9.58694
LTR-052,J'avoue que ces sentimens ne sont pas si nobles que les vôtres ; mais j'espere que vous les excuserez en faveur des deux derniers vers.,fr,5454,19.582804,0.9651028
LTR-052,"Vous voyez à quel prix je mets l'honneur que vous leur avez fait ; je ne désire cependant point que vous me le rendiez en pareil cas : j'aime mieux vivre votre très-humble servante, que d'être chantée après ma mort par les plus célèbres plumes de l'Europe.",fr,5455,0.6539273,7.704336
LTR-052,Je n'écrirai point à M.,fr,5456,51.141994,49.84395
LTR-052,***.,fr,5457,54.39465,-41.605362
LTR-052,"Je vous prie de lui faire part de ma Lettre, s'il vous demande de mes nouvelles.",fr,5458,31.69216,8.552135
LTR-052,Fin de la seconde & derniere Partie.,fr,5459,37.020958,-41.369698
