letter_idx,sentence,top_emotion,top_emotion_score,joy,neutral,sadness,surprise,anger,fear,disgust,second_emotion_score,confidence_gap,second_emotion
0,"I FLATTER, myself, dear sister, that I shall give you some pleasure in letting you know that I have safely passed the sea, though we had the ill fortune of a storm.",joy,0.967958927154541,0.967958927154541,0.017891759052872658,0.006394340191036463,0.003316138405352831,0.001776458928361535,0.0013899023178964853,0.0012724592816084623,0.017891759052872658,0.9500671681016684,neutral
0,"We were persuaded by the captain of the yacht to set out in a calm, and he pretended there was nothing so easy as to tide it over; but, after two days slowly moving, the wind blew so hard, that none of the sailors could keep their feet, and we were all Sunday night tossed very handsomely.",anger,0.37339890003204346,0.05528762564063072,0.1702508181333542,0.16323256492614746,0.05496210604906082,0.37339890003204346,0.033108945935964584,0.14975903928279877,0.1702508181333542,0.20314808189868927,neutral
0,I never saw a man more frighted (sic) than the captain.,fear,0.9823507070541382,0.0009284951374866068,0.006064228247851133,0.0016036839224398136,0.002939920173957944,0.003022572258487344,0.9823507070541382,0.003090426791459322,0.006064228247851133,0.976286478806287,neutral
0,"For my part, I have been so lucky, neither to suffer from fear nor seasickness; though, I confess, I was so impatient to see myself once more upon dry land, that I would not stay till the yacht could get to Rotterdam, but went in the long-boat to Helvoetsluys, where we had voitures to carry us to the Briel.",fear,0.7772514224052429,0.016552748158574104,0.010789373889565468,0.18129369616508484,0.0027608692180365324,0.008752341382205486,0.7772514224052429,0.0025995448231697083,0.18129369616508484,0.5959577262401581,sadness
0,I was charmed with the neatness of that little town; but my arrival at Rotterdam presented me a new scene of pleasure.,joy,0.9901397824287415,0.9901397824287415,0.0026014945469796658,0.0014097021194174886,0.0008527657482773066,0.0014249406522139907,0.000436982634710148,0.0031343523878604174,0.0031343523878604174,0.987005430040881,disgust
0,"All the streets are paved with broad stones, and before many of the meanest artificers doors are placed seats of various coloured marbles, so neatly kept, that, I assure you, I walked almost all over the town yesterday, _incognito_,  in my slippers without receiving one spot of dirt; and you may see the Dutch maids washing the pavement of the street, with more application than ours do our bed-chambers.",disgust,0.4438871741294861,0.01697457768023014,0.1551288664340973,0.1924068182706833,0.0893070250749588,0.09068416804075241,0.011611388996243477,0.4438871741294861,0.1924068182706833,0.2514803558588028,sadness
0,"The town seems so full of people, with such busy faces, all in motion, that I can hardly fancy it is not some celebrated fair; but I see it is every day the same.",surprise,0.6989019513130188,0.014359419234097004,0.23291021585464478,0.011067365296185017,0.6989019513130188,0.010352912358939648,0.005177525337785482,0.027230581268668175,0.23291021585464478,0.465991735458374,neutral
0,'Tis certain no town can be more advantageously situated for commerce.,neutral,0.944022536277771,0.009764326736330986,0.944022536277771,0.009488662704825401,0.016863521188497543,0.0044563026167452335,0.007286917418241501,0.008117697201669216,0.016863521188497543,0.9271590150892735,surprise
0,"Here are seven large canals, on which the merchants ships come up to the very doors of their houses.",neutral,0.8928142786026001,0.006712596397846937,0.8928142786026001,0.0027078231796622276,0.052044276148080826,0.009581409394741058,0.006680546328425407,0.029459036886692047,0.052044276148080826,0.8407700024545193,surprise
0,"The shops and warehouses are of a surprising neatness and magnificence, filled with an incredible quantity of fine merchandise, and so much cheaper than what we see in England, that I have much ado to persuade myself I am still so near it.",surprise,0.929538369178772,0.02549036778509617,0.030427072197198868,0.0013607093133032322,0.929538369178772,0.00453906087204814,0.004565201234072447,0.004079190082848072,0.030427072197198868,0.8991112969815731,neutral
0,Here is neither dirt nor beggary to be seen.,disgust,0.7378792762756348,0.003457958111539483,0.1710483580827713,0.04737553745508194,0.0038609288167208433,0.02795526571571827,0.008422674611210823,0.7378792762756348,0.1710483580827713,0.5668309181928635,neutral
0,"One is not shocked with those loathsome cripples, so common in London, nor teased with the importunity of idle fellows and wenches, that chuse (sic) to be nasty and lazy.",disgust,0.6615444421768188,0.0027994192205369473,0.05824143812060356,0.07516435533761978,0.12547576427459717,0.06622105091810226,0.010553569532930851,0.6615444421768188,0.12547576427459717,0.5360686779022217,surprise
0,"The common servants, and little shop-women, here, are more nicely clean than most of our ladies; and the great variety of neat dresses (every woman dressing her head after her own fashion) is an additional pleasure in seeing the town.",joy,0.8591021299362183,0.8591021299362183,0.10076282918453217,0.004371072165668011,0.009317468851804733,0.0034245438873767853,0.0006506288191303611,0.022371329367160797,0.10076282918453217,0.7583393007516861,neutral
0,"You see, hitherto, I make no complaints, dear sister; and if I continue to like travelling as I do at present, I shall not repent my project.",anger,0.2625758945941925,0.0615379773080349,0.20830337703227997,0.2426927238702774,0.0023838209453970194,0.2625758945941925,0.005558577831834555,0.21694763004779816,0.2426927238702774,0.0198831707239151,sadness
0,"It will go a great way in making me satisfied with it, if it affords me an opportunity of entertaining you.",joy,0.9399396777153015,0.9399396777153015,0.04496579244732857,0.0032999434042721987,0.0029382093343883753,0.0040253871120512486,0.00037753122160211205,0.004453422501683235,0.04496579244732857,0.894973885267973,neutral
0,But it is not from Holland that you may expect a _disinterested_ offer.,neutral,0.9113561511039734,0.002629144350066781,0.9113561511039734,0.007508696056902409,0.06152443587779999,0.007471132092177868,0.0022473118733614683,0.007263037376105785,0.06152443587779999,0.8498317152261734,surprise
0,"I can write enough in the stile (sic) of Rotterdam, to tell you plainly, in one word that I expect returns of all the London news.",neutral,0.9039137363433838,0.02764611504971981,0.9039137363433838,0.007075715810060501,0.04037994518876076,0.009687410667538643,0.006346697453409433,0.004950351547449827,0.04037994518876076,0.863533791154623,surprise
0,"You see I have already learnt to make a good bargain; and that it is not for nothing I will so much as tell you, I am your affectionate sister.",joy,0.6699538230895996,0.6699538230895996,0.17393429577350616,0.023216605186462402,0.011244487017393112,0.04553811624646187,0.002612223383039236,0.07350045442581177,0.17393429577350616,0.49601952731609344,neutral
1,"I MAKE haste to tell you, dear Madam, that, after all the dreadful fatigues you threatened me with, I am hitherto very well pleased with my journey.",fear,0.9631620645523071,0.027476737275719643,0.00307476706802845,0.0025550147984176874,0.0007312462548725307,0.001735858852043748,0.9631620645523071,0.0012642651563510299,0.027476737275719643,0.9356853272765875,joy
1,"We take care to make such short stages every day, that I rather fancy myself upon parties of pleasure, than upon the road; and sure nothing can be more agreeable than travelling in Holland.",neutral,0.570196807384491,0.3609166741371155,0.570196807384491,0.018490580841898918,0.008600764907896519,0.016302090138196945,0.005532241892069578,0.019960861653089523,0.3609166741371155,0.2092801332473755,joy
1,"The whole country appears a large garden; the roads are well paved, shaded on each side with rows of trees, and bordered with large canals, full of boats, passing and repassing.",neutral,0.7572113871574402,0.016890503466129303,0.7572113871574402,0.016812773421406746,0.03871248662471771,0.024853387847542763,0.010547895915806293,0.13497157394886017,0.13497157394886017,0.62223981320858,disgust
1,"Every twenty paces gives you the prospect of some villa, and every four hours that of a large town, so surprisingly neat, I am sure you would be charmed with them.",surprise,0.47046422958374023,0.3752393424510956,0.14159144461154938,0.0022176518104970455,0.47046422958374023,0.0057894084602594376,0.0024854715447872877,0.0022123968228697777,0.3752393424510956,0.09522488713264465,joy
1,The place I am now at is certainly one of the finest villages in the world.,joy,0.582353413105011,0.582353413105011,0.36328476667404175,0.005325299222022295,0.03056614100933075,0.0025778121780604124,0.0027674855664372444,0.013125079683959484,0.36328476667404175,0.21906864643096924,neutral
1,"Here are several squares finely built, and (what I think a particular beauty) the whole set with thick large trees.",neutral,0.7117176055908203,0.21194057166576385,0.7117176055908203,0.004560696892440319,0.052574388682842255,0.005045887548476458,0.000991404289379716,0.013169513083994389,0.21194057166576385,0.49977703392505646,joy
1,"The _Vour-hout_ is, at the same time, the Hyde-Park and Mall of the people of quality; for they take the air in it both on foot and in coaches.",neutral,0.9053090214729309,0.028703827410936356,0.9053090214729309,0.00484370207414031,0.0075300997123122215,0.01885206811130047,0.0033134871628135443,0.031447820365428925,0.031447820365428925,0.873861201107502,disgust
1,"There are shops for wafers, cool liquors, &c.--I have been to see several of the most celebrated gardens, but I will not teaze (sic) you with their descriptions.",neutral,0.651505708694458,0.21651339530944824,0.651505708694458,0.023652883246541023,0.0892791822552681,0.01154839713126421,0.0018956414423882961,0.005604823585599661,0.21651339530944824,0.43499231338500977,joy
1,I dare say you think my letter already long enough.,anger,0.6054862141609192,0.023808812722563744,0.171051025390625,0.01018101628869772,0.09009703993797302,0.6054862141609192,0.025967609137296677,0.07340830564498901,0.171051025390625,0.4344351887702942,neutral
1,"But I must not conclude without begging your pardon, for not obeying your commands, in sending the lace you ordered me.",anger,0.5859946012496948,0.004758370108902454,0.1136631965637207,0.16359777748584747,0.0017468949081376195,0.5859946012496948,0.01508585549890995,0.11515327543020248,0.16359777748584747,0.42239682376384735,sadness
1,"Upon my word, I can yet find none, that is not dearer than you may buy it at London.",neutral,0.8879768252372742,0.004475275985896587,0.8879768252372742,0.016302691772580147,0.06727621704339981,0.0070294104516506195,0.003307795152068138,0.013631682842969894,0.06727621704339981,0.8207006081938744,surprise
1,"If you want any India goods, here are great variety of penny-worths; and I shall follow your orders with great pleasure and exactness; being,              Dear Madam, &c. &c.",joy,0.516270101070404,0.516270101070404,0.417098730802536,0.012901592999696732,0.03459795191884041,0.012926907278597355,0.003151567419990897,0.0030531855300068855,0.417098730802536,0.09917137026786804,neutral
2,"I AM extremely sorry, my dear S. that your fears of disobliging your relations, and their fears for your health and safety, have hindered me from enjoying the happiness of your company, and you the pleasure of a diverting journey.",sadness,0.9647673964500427,0.005461844615638256,0.015582595951855183,0.9647673964500427,0.0018939264118671417,0.001469614333473146,0.006581626832485199,0.004242976661771536,0.015582595951855183,0.9491848004981875,neutral
2,"I receive some degree of mortification from every agreeable novelty, or pleasing prospect, by the reflection of your having so unluckily missed the delight which I know it would have given you.",sadness,0.4725976288318634,0.010372151620686054,0.05166587233543396,0.4725976288318634,0.001436025951988995,0.04741549864411354,0.0045563532039523125,0.41195645928382874,0.41195645928382874,0.06064116954803467,disgust
2,"If you were with me in this town, you would be ready to expect to receive visits from your Nottingham friends.",neutral,0.9325025081634521,0.03903261199593544,0.9325025081634521,0.0021813102066516876,0.012935739941895008,0.006460071541368961,0.004204140044748783,0.002683561062440276,0.03903261199593544,0.8934698961675167,joy
2,"No two places were ever more resembling; one has but to give the Maese the name of the Trent, and there is no distinguishing the prospect.",neutral,0.9170346856117249,0.0060066943988204,0.9170346856117249,0.009535998106002808,0.024425748735666275,0.006315448321402073,0.004859250970184803,0.03182220831513405,0.03182220831513405,0.8852124772965908,disgust
2,"The houses, like those of Nottingham, are built one above another, and are intermixed in the same manner with trees and gardens.",neutral,0.9086446166038513,0.005463869776576757,0.9086446166038513,0.0115648889914155,0.031701136380434036,0.010610612109303474,0.003038636175915599,0.02897625043988228,0.031701136380434036,0.8769434802234173,surprise
2,"The tower they call Julius Caesar's, has the same situation with Nottingham castle; and I cannot help fancying, I see from it the Trentfield, Adboulton, places so well known to us.",neutral,0.8431121110916138,0.021928567439317703,0.8431121110916138,0.00740129454061389,0.06669473648071289,0.013844585046172142,0.013256648555397987,0.033762115985155106,0.06669473648071289,0.7764173746109009,surprise
2,"'Tis true, the fortifications make a considerable difference.",neutral,0.9239374995231628,0.01081087440252304,0.9239374995231628,0.006080699618905783,0.010450320318341255,0.010064885020256042,0.006340054329484701,0.032315656542778015,0.032315656542778015,0.8916218429803848,disgust
2,"All the learned in the art of war bestow great commendations on them; for my part, that know nothing of the matter, I shall content myself with telling you, 'tis a very pretty walk on the ramparts, on  which there is a tower, very deservedly called the Belvidera; where people go to drink coffee, tea, &c. and enjoy one of the finest prospects in the world.",joy,0.952544629573822,0.952544629573822,0.032487910240888596,0.0034889131784439087,0.003324233228340745,0.004808562807738781,0.0008310709963552654,0.0025146743282675743,0.032487910240888596,0.9200567193329334,neutral
2,"The public walks have no great beauty but the thick shade of the trees, which is solemnly delightful.",joy,0.6754270792007446,0.6754270792007446,0.0890335962176323,0.18718621134757996,0.0029744054190814495,0.0033730813302099705,0.009945116005837917,0.03206053748726845,0.18718621134757996,0.4882408678531647,sadness
2,"But I must not forget to take notice of the bridge, which appeared very surprising to me.",surprise,0.9807722568511963,0.002351879607886076,0.006245202384889126,0.0008821937954053283,0.9807722568511963,0.0026207754854112864,0.005501898005604744,0.0016257277457043529,0.006245202384889126,0.9745270544663072,neutral
2,"It is large enough to hold hundreds of men, with horses and carriages.",neutral,0.7124217748641968,0.011072889901697636,0.7124217748641968,0.0119485417380929,0.13366171717643738,0.022734465077519417,0.03674488514661789,0.07141576707363129,0.13366171717643738,0.5787600576877594,surprise
2,"They give the value of an English two-pence to get upon it, and then away they go, bridge and all, to the other side of the river, with so slow a motion, one is hardly sensible of any at all.",neutral,0.8356650471687317,0.0027027134783566,0.8356650471687317,0.007796359248459339,0.025035254657268524,0.037969984114170074,0.02337794378399849,0.06745270639657974,0.06745270639657974,0.768212340772152,disgust
2,"I was yesterday at the French church, and stared very much at their manner of service.",disgust,0.7498233914375305,0.012191063724458218,0.07040107250213623,0.01720448210835457,0.04205746948719025,0.06124652922153473,0.04707597568631172,0.7498233914375305,0.07040107250213623,0.6794223189353943,neutral
2,"The parson clapped on a broad-brimmed hat in the first place, which gave him entirely the air of _what d'ye call him_, in Bartholomew fair, which he kept up by extraordinary antic gestures, and preaching much such stuff as the other talked to the puppets.",neutral,0.6973530650138855,0.08851318806409836,0.6973530650138855,0.007990122772753239,0.025972099974751472,0.029256215319037437,0.006233970168977976,0.14468128979206085,0.14468128979206085,0.5526717752218246,disgust
2,"However, the congregation seemed to receive it with great devotion; and I was informed by some of his flock, that he is a person of particular fame amongst them.",neutral,0.5093126893043518,0.05882483348250389,0.5093126893043518,0.024820171296596527,0.040845878422260284,0.026449449360370636,0.002968591172248125,0.3367783725261688,0.3367783725261688,0.17253431677818298,disgust
2,"I believe, by this time, you are as much tired with my account of him, as I was with his sermon; but I am sure your brother will excuse a digression in favour of the church of England.",neutral,0.8189328908920288,0.006452844478189945,0.8189328908920288,0.02315116487443447,0.044689737260341644,0.031049219891428947,0.0059626721777021885,0.06976150721311569,0.06976150721311569,0.7491713836789131,disgust
2,"You know speaking disrespectfully of the Calvinists, is the same thing as speaking honourably of the church.",disgust,0.6306036710739136,0.0019686182495206594,0.15077143907546997,0.006384457461535931,0.0020859732758253813,0.20326288044452667,0.00492292083799839,0.6306036710739136,0.20326288044452667,0.4273407906293869,anger
2,"Adieu, my dear S. always remember me; and be assured I can never forget you, &c. &c.",joy,0.416311115026474,0.416311115026474,0.36906665563583374,0.17979313433170319,0.02367646060883999,0.004554474260658026,0.0032343356870114803,0.0033638007007539272,0.36906665563583374,0.04724445939064026,neutral
3,"IF my lady ---- could  have any notion of the fatigues that I have suffered these two last days, I am sure she would own it a great proof of regard, that I now sit down to write to her.",neutral,0.8144216537475586,0.07276445627212524,0.8144216537475586,0.05305102467536926,0.03618854656815529,0.007993584498763084,0.007028007414191961,0.008552729152143002,0.07276445627212524,0.7416571974754333,joy
3,"We hired horses from Nimeguen hither, not having the conveniency (sic) of the post, and found but very indifferent accommodations at Reinberg, our first stage; but it was nothing to what I suffered yesterday.",disgust,0.4445134103298187,0.0037306547164916992,0.040484122931957245,0.4083539843559265,0.003460655687376857,0.0957874283194542,0.0036696549504995346,0.4445134103298187,0.4083539843559265,0.03615942597389221,sadness
3,"We were in hopes to reach Cologn; our horses tired at Stamel, three hours from it, where I was forced to pass the night in my clothes, in a room not at all better than a hovel; for though I have my bed with me, I had no mind to undress, where the wind came from a thousand places.",fear,0.49265897274017334,0.0035391312558203936,0.03111174702644348,0.06727587431669235,0.02771196886897087,0.09893130511045456,0.49265897274017334,0.27877092361450195,0.27877092361450195,0.2138880491256714,disgust
3,"We left this wretched lodging at day-break, and about six this morning came safe here, where I got immediately into bed.",fear,0.4804888665676117,0.003527833381667733,0.06698273122310638,0.10303603112697601,0.01057832408696413,0.013992386870086193,0.4804888665676117,0.3213936984539032,0.3213936984539032,0.1590951681137085,disgust
3,"I slept so well for three hours, that I found myself perfectly recovered, and have had spirits enough to go and see all that is curious in the town, that is to say, the churches, for here is nothing else worth seeing.",neutral,0.6719475984573364,0.14518411457538605,0.6719475984573364,0.029822638258337975,0.12171778082847595,0.0034586256369948387,0.005863485857844353,0.022005822509527206,0.14518411457538605,0.5267634838819504,joy
3,"This is a very large town, but the most part of it is old built.",neutral,0.7068982124328613,0.0038948296569287777,0.7068982124328613,0.07010165601968765,0.07539189606904984,0.01286989077925682,0.01228202786296606,0.1185615137219429,0.1185615137219429,0.5883366987109184,disgust
3,"The Jesuits church, which is the neatest, was shewed (sic) me, in a very complaisant manner, by a handsome young Jesuit; who, not knowing who I was, took a liberty in his compliments and railleries, which very much diverted me.",disgust,0.4982321858406067,0.11074330657720566,0.26209625601768494,0.0219157375395298,0.0506519079208374,0.0495433509349823,0.006817193236202002,0.4982321858406067,0.26209625601768494,0.23613592982292175,neutral
3,"Having never before seen any thing of that nature, I could not enough admire the magnificence of the altars, the rich images of the saints (all massy silver) and the _enchassures_ of the relicks (sic); though I could not help murmuring, in my heart, at the profusion of pearls, diamonds, and rubies, bestowed on the adornment of rotten teeth, and dirty rags.",disgust,0.9850651621818542,0.0007338699069805443,0.0038384164217859507,0.004365068394690752,0.0008352698641829193,0.003948872908949852,0.0012134402059018612,0.9850651621818542,0.004365068394690752,0.9807000937871635,sadness
3,"I own that I had wickedness enough to covet St Ursula's pearl necklaces; though perhaps this was no wickedness at all, an image not being certainly one's neighbour's; but I went yet farther, and wished the wench herself converted into dressing-plate.",disgust,0.7941541075706482,0.003056229092180729,0.011981675401329994,0.03791205585002899,0.0014617047272622585,0.14645978808403015,0.004974416457116604,0.7941541075706482,0.14645978808403015,0.647694319486618,anger
3,"I should also gladly see converted into silver, a great St Christopher, which I imagine would look very well in a cistern.",joy,0.9230339527130127,0.9230339527130127,0.055480677634477615,0.002473845612257719,0.004267237149178982,0.0036529318895190954,0.0006446042680181563,0.010446767322719097,0.055480677634477615,0.8675532750785351,neutral
3,"These were my pious reflections: though I was very well satisfied to see, piled up to the honour of our nation, the skulls of the eleven thousand virgins.",disgust,0.49074020981788635,0.3606072962284088,0.09024794399738312,0.021034887060523033,0.0034696427173912525,0.03211072087287903,0.001789269968867302,0.49074020981788635,0.3606072962284088,0.13013291358947754,joy
3,"I have seen some hundreds of relicks here of no less, consequence; but I will not imitate the common stile (sic) of travellers so far, as to give you a list of them; being persuaded, that you have no manner of curiosity for the titles given to jaw-bones and bits of worm-eaten wood.--Adieu, I am just going to supper, where I shall drink your health in an admirable sort of Lorrain (sic) wine, which I am sure is the same you call Burgundy in London, &c. &c.",neutral,0.7956954836845398,0.05665511265397072,0.7956954836845398,0.015826240181922913,0.027761152014136314,0.016625691205263138,0.013961641117930412,0.07347458600997925,0.07347458600997925,0.7222208976745605,disgust
4,"AFTER five days travelling post, I could not sit down to write on any other occasion, than to tell my dear lady, that I have not forgot her obliging command, of sending her some account of my travels.",neutral,0.7328377962112427,0.04428418353199959,0.7328377962112427,0.07330488413572311,0.04623189568519592,0.056089334189891815,0.026495179161429405,0.02075674571096897,0.07330488413572311,0.6595329120755196,sadness
4,"I have already passed a large part of Germany, have seen all that is remarkable in Cologn, Frankfort, Wurtsburg, and this place.",surprise,0.8487347364425659,0.006358189973980188,0.12831823527812958,0.0020542454440146685,0.8487347364425659,0.0051771788857877254,0.004664309788495302,0.004693151451647282,0.12831823527812958,0.7204165011644363,neutral
4,"'Tis impossible not to observe the difference between the free towns and those under the government of absolute princes, as all the little sovereigns of Germany are.",neutral,0.46636104583740234,0.010077127255499363,0.46636104583740234,0.04614883288741112,0.062436677515506744,0.0700862929224968,0.0723298117518425,0.272560179233551,0.272560179233551,0.19380086660385132,disgust
4,"In the first, there appears an air of commerce and plenty.",neutral,0.9367719292640686,0.01822124607861042,0.9367719292640686,0.0016134165925905108,0.017436839640140533,0.003089743899181485,0.002905040979385376,0.019961828365921974,0.019961828365921974,0.9168101008981466,disgust
4,"The streets are well-built, and full of people, neatly and plainly dressed.",neutral,0.6734076142311096,0.23126624524593353,0.6734076142311096,0.005698737222701311,0.007739309687167406,0.01391266193240881,0.0020214831456542015,0.06595396250486374,0.23126624524593353,0.4421413689851761,joy
4,"The shops are loaded with merchandise, and the commonalty are clean and cheerful.",joy,0.9585253000259399,0.9585253000259399,0.024872617796063423,0.0031795573886483908,0.0025842362083494663,0.002443893114104867,0.0003752326883841306,0.008019194938242435,0.024872617796063423,0.9336526822298765,neutral
4,"In the other you see a sort of shabby finery, a number of dirty people of quality tawdered (sic) out; narrow nasty streets out of repair, wretchedly thin of inhabitants, and above half of the common sort asking alms.",disgust,0.9690640568733215,0.0005385946133174002,0.009817159734666348,0.010560663416981697,0.0014522719429805875,0.0034058070741593838,0.005161565728485584,0.9690640568733215,0.010560663416981697,0.9585033934563398,sadness
4,"I cannot help fancying one under the figure of a clean Dutch citizen's wife, and the other like a poor town lady of pleasure, painted and ribboned out in her head-dress, with tarnished silver-laced shoes, a ragged under-petticoat, a miserable mixture of vice and poverty.--They have sumptuary laws in this town, which distinguish their rank by their dress, prevent the excess which ruins so many other cities, and has a more agreeable effect to the eye of a stranger, than our fashions.",disgust,0.538468062877655,0.008191365748643875,0.052992090582847595,0.3813151717185974,0.004048277623951435,0.009793591685593128,0.005191420670598745,0.538468062877655,0.3813151717185974,0.15715289115905762,sadness
4,"I need not be ashamed to own, that I wish these laws were in force in other parts of the world.",neutral,0.37839582562446594,0.004616203252226114,0.37839582562446594,0.26462793350219727,0.028618212789297104,0.006705854088068008,0.04525871202349663,0.2717772126197815,0.2717772126197815,0.10661861300468445,disgust
4,"When one considers impartially, the merit of a rich suit of clothes in most places, the respect and the smiles of favour it procures, not to speak of the envy and the sighs it occasions (which is very often the principal charm to the wearer), one is forced to confess, that there is need of an uncommon understanding to resift the temptation of pleasing friends and mortifying rivals; and that it is natural to young people to fall into a folly, which betrays them to that want of money which is the source of a thousand basenesses (sic).",disgust,0.7992936372756958,0.004791557788848877,0.04268930107355118,0.056779880076646805,0.0020015144255012274,0.08500690013170242,0.00943726021796465,0.7992936372756958,0.08500690013170242,0.7142867371439934,anger
4,"What numbers of men have begun the world with generous inclinations, that have afterwards been the instruments of bringing misery on a whole people, being led by vain expence (sic) into debts that they could clear no other way but by the forfeit of their honour, and which they never could have contracted, if the respect the multitude pays to habits, was fixed by law, only to a particular colour or cut of plain cloth!",disgust,0.5305565595626831,0.008135288953781128,0.04913443699479103,0.1338997632265091,0.020378122106194496,0.24328988790512085,0.014605880714952946,0.5305565595626831,0.24328988790512085,0.28726667165756226,anger
4,These reflections draw after them others that are too melancholy.,sadness,0.9674551486968994,0.002098517259582877,0.01996670663356781,0.9674551486968994,0.00293941842392087,0.0007792457472532988,0.0018077342538163066,0.004953308030962944,0.01996670663356781,0.9474884420633316,neutral
4,"I will make haste to put them out of your head by the farce of relicks, with which I have been entertained in all Romish churches.",neutral,0.5141417384147644,0.013936012051999569,0.5141417384147644,0.011431364342570305,0.011313184164464474,0.04309278354048729,0.38325560092926025,0.02282935194671154,0.38325560092926025,0.13088613748550415,fear
4,THE Lutherans are not quite free from these follies.,neutral,0.9645056128501892,0.002427882282063365,0.9645056128501892,0.009094363078474998,0.013264728710055351,0.003276187926530838,0.0027873606886714697,0.004643789958208799,0.013264728710055351,0.9512408841401339,surprise
4,"I have seen here, in the principal church, a large piece of the cross set in jewels, and the point of the spear, which they told me very gravely, was the same that pierced the side of our Saviour.",disgust,0.5981041193008423,0.0015244651585817337,0.013248106464743614,0.3184886872768402,0.00350138614885509,0.018444741144776344,0.04668843746185303,0.5981041193008423,0.3184886872768402,0.2796154320240021,sadness
4,"But I was particularly diverted in a little Roman Catholic church which is permitted here, where the professors of that religion are not very rich, and consequently cannot adorn their images in so rich a manner as their neighbour.",neutral,0.7504985332489014,0.010892137885093689,0.7504985332489014,0.04674607142806053,0.04726831242442131,0.018516715615987778,0.005366891156882048,0.1207112967967987,0.1207112967967987,0.6297872364521027,disgust
4,"For, not to be quite destitute of all finery, they have dressed up an image of our Saviour over the altar, in a fair full-bottomed wig very well powdered.",disgust,0.6568754315376282,0.038765694946050644,0.26977261900901794,0.01588454470038414,0.004878630395978689,0.011032872833311558,0.0027902736328542233,0.6568754315376282,0.26977261900901794,0.38710281252861023,neutral
4,"I imagine I see your lady ship stare at this article, of which you very much doubt the veracity; but, upon my word, I have not yet made use of the privilege of a traveller; and my whole account is written with the same plain sincerity of heart, with which I assure you that I am, dear Madam, yours, &c. &c.",neutral,0.768123984336853,0.04282315820455551,0.768123984336853,0.007851711474359035,0.015441679395735264,0.08882161974906921,0.04159948602318764,0.03533840551972389,0.08882161974906921,0.6793023645877838,anger
5,"I HAD the pleasure of receiving yours, but the day before I left London.",joy,0.8289065361022949,0.8289065361022949,0.016371943056583405,0.12944068014621735,0.006374457851052284,0.004650253802537918,0.002575553022325039,0.011680523864924908,0.12944068014621735,0.6994658559560776,sadness
5,"I give you a thousand thanks for your good wishes, and have such an opinion of their efficacy that, I am persuaded, I owe in part, to them, the good luck of having proceeded so far on my long journey without any ill accident.",joy,0.9320783019065857,0.9320783019065857,0.04656584933400154,0.00432624900713563,0.003162387991324067,0.006773166824132204,0.0014448133297264576,0.005649134051054716,0.04656584933400154,0.8855124525725842,neutral
5,"For I don't reckon it any, to have been stopped a few days in this town by a cold, since it has not only given me an opportunity of seeing all that is curious in it, but of making some acquaintance with the ladies, who have all been to see me with great civility, particularly _Madame_ ----, the wife of our king's envoy from Hanover.",neutral,0.7937756180763245,0.03706915304064751,0.7937756180763245,0.010318390093743801,0.10788041353225708,0.01112748496234417,0.002734303241595626,0.03709454461932182,0.10788041353225708,0.6858952045440674,surprise
5,"She has carried me to all the assemblies, and I have been magnificently entertained at her house, which is one of the finest here.",joy,0.8485733866691589,0.8485733866691589,0.1113395169377327,0.00505304429680109,0.0067077381536364555,0.004094302654266357,0.0012284689582884312,0.023003574460744858,0.1113395169377327,0.7372338697314262,neutral
5,"You know, that all the nobility of this place are envoys from different states.",neutral,0.9135802388191223,0.007417825981974602,0.9135802388191223,0.005721314810216427,0.01353059709072113,0.009177634492516518,0.0015818169340491295,0.048990510404109955,0.048990510404109955,0.8645897284150124,disgust
5,"Here are a great number of them, and they might pass their time agreeably enough, if they were less delicate on the point of ceremony.",neutral,0.9669854044914246,0.0141121381893754,0.9669854044914246,0.0032425185199826956,0.005294672213494778,0.0035044571850448847,0.0009304845007136464,0.005930300336331129,0.0141121381893754,0.9528732663020492,joy
5,"But instead of joining in the design of making the town as pleasant to one another as they can, and improving their little societies, they amuse themselves no other way than with perpetual quarrels, which they take care to eternize (sic), by leaving them to their successors; and an envoy to Ratisbon receives, regularly, half a dozen quarrels, among the perquisites of his employment.",disgust,0.33139199018478394,0.07716187089681625,0.2318977415561676,0.06223321333527565,0.009128858335316181,0.286367803812027,0.001818490563891828,0.33139199018478394,0.286367803812027,0.04502418637275696,anger
5,"You may be sure the ladies are not wanting, on their side, in cherishing and improving  these important _picques_, which divide the town almost into as many parties, as there are families.",neutral,0.7555567622184753,0.0524740107357502,0.7555567622184753,0.10723821818828583,0.03243283927440643,0.026754597201943398,0.00472676008939743,0.0208168625831604,0.10723821818828583,0.6483185440301895,sadness
5,"They chuse rather to suffer the mortification of sitting almost alone on their assembly nights, than to recede one jot from their pretensions.",disgust,0.6505558490753174,0.006191635504364967,0.11274728178977966,0.1828184574842453,0.0013924400554969907,0.03806491568684578,0.008229460567235947,0.6505558490753174,0.1828184574842453,0.4677373915910721,sadness
5,"I have not been here above a week, and yet I have heard from almost every one of them the whole history of their wrongs, and dreadful complaint of the injustice of their neighbours, in hopes to draw me to their party.",disgust,0.4293433725833893,0.005680806469172239,0.008587677963078022,0.0940449982881546,0.0017800566274672747,0.13690350949764252,0.32365959882736206,0.4293433725833893,0.32365959882736206,0.10568377375602722,fear
5,"But I think it very prudent to remain neuter, though, if I was to stay amongst them, there would be no possibility of continuing so, their quarrels running so high, that they will not be civil to those that visit their adversaries.",neutral,0.6873664855957031,0.03003014624118805,0.6873664855957031,0.03851662576198578,0.0018799054669216275,0.14800482988357544,0.01556934043765068,0.07863268256187439,0.14800482988357544,0.5393616557121277,anger
5,"The foundation of these everlasting disputes, turns entirely upon rank, place, and the title of Excellency, which they all pretend to; and, what is very hard, will give it to no body.",neutral,0.6659882068634033,0.009396065026521683,0.6659882068634033,0.03327539935708046,0.006991754285991192,0.12853366136550903,0.014610000886023045,0.14120492339134216,0.14120492339134216,0.5247832834720612,disgust
5,"For my part, I could not forbear advising them, (for the public good) to give the title of Excellency to every body; which would include the receiving it from every body; but the very mention of such a dishonourable peace, was received with as much indignation, as Mrs Blackaire did the motion of a reference.",anger,0.9660758972167969,0.0007128224242478609,0.006236473098397255,0.0023394047748297453,0.0009200710337609053,0.9660758972167969,0.0009048517094925046,0.02281058020889759,0.02281058020889759,0.9432653170078993,disgust
5,"And indeed, I began to think myself ill-natured, to offer to take from them, in a town where there are so few diversions, so entertaining an amusement.",disgust,0.5452827215194702,0.17131316661834717,0.046548087149858475,0.18044514954090118,0.004185700323432684,0.042344268411397934,0.00988088734447956,0.5452827215194702,0.18044514954090118,0.36483757197856903,sadness
5,"I know that my peaceable disposition already gives me a very ill figure, and that 'tis _publicly_ whispered as a piece of impertinent pride in me, that I have hitherto been saucily civil to every body, as if I thought nobody good enough to quarrel with.",sadness,0.5114861130714417,0.039831407368183136,0.08664761483669281,0.5114861130714417,0.003895833157002926,0.1403210312128067,0.07280918210744858,0.14500883221626282,0.14500883221626282,0.36647728085517883,disgust
5,"I should be obliged to change my behaviour, if I did not intend to pursue my journey in a few days.",sadness,0.39992889761924744,0.009469657205045223,0.10931748896837234,0.39992889761924744,0.0022440534085035324,0.24481402337551117,0.14922024309635162,0.08500557392835617,0.24481402337551117,0.15511487424373627,anger
5,"I have been to see the churches here, and had the permission of touching the relicks, which was never suffered in places where I was not known.",neutral,0.702812135219574,0.0962374284863472,0.702812135219574,0.07686437666416168,0.02867380902171135,0.0050996895879507065,0.021128861233592033,0.06918375194072723,0.0962374284863472,0.6065747067332268,joy
5,"I had, by this privilege, the opportunity of making an observation, which I doubt not might have been made in all the other churches, that the emeralds and rubies which they show round their relicks and images are most of them false; though they tell you that many of the _Crosses_ and _Madonas_ (sic), set round with these stones, have been the gifts of emperors and other great princes.",neutral,0.8706054091453552,0.005723332054913044,0.8706054091453552,0.015547588467597961,0.03335338830947876,0.02336883544921875,0.006771906279027462,0.0446295365691185,0.0446295365691185,0.8259758725762367,disgust
5,"I don't doubt, indeed, but they were at first jewels of value; but the good fathers have found it convenient to apply them to other uses, and the people are just as well satisfied with bits of glass amongst these relicks.",neutral,0.4899449348449707,0.4411434829235077,0.4899449348449707,0.00433569448068738,0.011022748425602913,0.022486573085188866,0.0010409016394987702,0.03002563677728176,0.4411434829235077,0.04880145192146301,joy
5,"They shewed me a prodigious claw set in gold, which they called the claw of a griffin; and I could not forbear asking the reverend priest that shewed it, Whether the griffin was a saint?",disgust,0.9160221815109253,0.00071140710497275,0.019299181178212166,0.0032338411547243595,0.01375298947095871,0.034490033984184265,0.012490376830101013,0.9160221815109253,0.034490033984184265,0.881532147526741,anger
5,"The question almost put him beside his gravity; but he answered, They only kept it as a curiosity.",neutral,0.8896819949150085,0.0019576875492930412,0.8896819949150085,0.007906659506261349,0.04716040566563606,0.00862076599150896,0.0037527931854128838,0.04091963171958923,0.04716040566563606,0.8425215892493725,surprise
5,"I was very much scandalised at a large silver image of the _Trinity_, where the _Father_ is represented under the figure of a decrepit old man, with a beard down to his knees, and triple crown on his head, holding in his arms the _Son_, fixed on the cross, and the _Holy Ghost_, in the shape of a dove, hovering over him.",disgust,0.9673373103141785,0.0007729422650299966,0.0071037281304597855,0.010554959997534752,0.0019102877704426646,0.010524162091314793,0.001796641736291349,0.9673373103141785,0.010554959997534752,0.9567823503166437,sadness
5,"Madam ---- is come this minute to call me to the assembly, and forces me to tell you, very abruptly, that I am ever your, &c. &c.",surprise,0.7664379477500916,0.004703381098806858,0.1005299910902977,0.01017074752599001,0.7664379477500916,0.04186879098415375,0.07283319532871246,0.003455954138189554,0.1005299910902977,0.6659079566597939,neutral
6,"I AM now, my dear sister, safely arrived at Vienna; and, I thank God, have not at all suffered in my health, nor (what is dearer to me) in that of my child, by all our fatigues.",joy,0.7998759746551514,0.7998759746551514,0.07975032180547714,0.09317900240421295,0.020397739484906197,0.0018544398481026292,0.002638088073581457,0.0023044664412736893,0.09317900240421295,0.7066969722509384,sadness
6,"We travelled by water from Ratisbon, a journey perfectly agreeable, down the Danube, in one of those little vessels, that they, very properly, call wooden houses, having in them all the conveniences of a palace, stoves in the chambers, kitchens, &c.  They are rowed by twelve men each, and move with such incredible swiftness, that in the same day you have the pleasure of a vast variety of prospects; and, within the space of a few hours, you have the pleasure of seeing a populous city adorned with magnificent palaces, and the most romantic solitudes, which appear distant from the commerce of mankind, the banks of the Danube being charmingly diversified with woods, rocks, mountains covered with vines, fields of corn, large cities, and ruins of ancient castles.",joy,0.581841766834259,0.581841766834259,0.34644174575805664,0.0037015583366155624,0.026630088686943054,0.007369393482804298,0.011432044208049774,0.022583382204174995,0.34644174575805664,0.2354000210762024,neutral
6,"I saw the great towns of Passau and Lintz, famous for the retreat of the imperial court, when Vienna was besieged.",fear,0.8725139498710632,0.0030179638415575027,0.020422352477908134,0.007152614649385214,0.018288686871528625,0.04818306863307953,0.8725139498710632,0.030421292409300804,0.04818306863307953,0.8243308812379837,anger
6,"This town, which has the honour of being the emperor's residence, did not at all answer my expectation, nor ideas of it, being much less than I expected to find it; the streets are very close, and so narrow, one cannot observe the fine fronts of the palaces, though many of them very well deserve observation, being truly magnificent.",neutral,0.3564361035823822,0.040948498994112015,0.3564361035823822,0.05351648107171059,0.31780749559402466,0.03189486637711525,0.04878285899758339,0.1506136804819107,0.31780749559402466,0.038628607988357544,surprise
6,"They are built of fine white stone, and are excessive high.",neutral,0.8426500558853149,0.003859827993437648,0.8426500558853149,0.011808836832642555,0.026576803997159004,0.023811139166355133,0.0016131141455844045,0.08968029171228409,0.08968029171228409,0.7529697641730309,disgust
6,"For as the town is too little for the number of the people that desire to live in it, the builders seem to have projected to repair that misfortune, by clapping one town on the top of another, most of the houses being of five, and some of them six stories.",neutral,0.7249951958656311,0.007029846776276827,0.7249951958656311,0.14751793444156647,0.08342886716127396,0.005887107457965612,0.0061630490235984325,0.0249779149889946,0.14751793444156647,0.5774772614240646,sadness
6,"You may easily imagine, that the streets being so narrow, the rooms are extremely dark; and, what is an inconveniency much more intolerable, in my opinion, there is no house has so few as five or six families in it.",disgust,0.509798526763916,0.0021167942322790623,0.30852580070495605,0.06795235723257065,0.02231990545988083,0.03950114548206329,0.04978545010089874,0.509798526763916,0.30852580070495605,0.20127272605895996,neutral
6,"The apartments of the greatest ladies, and even of the ministers of state, are divided, but by a partition, from that of a taylor (sic) or shoemaker; and I know no body that has above two floors in any house, one for their own use, and one higher for their servants.",neutral,0.5396056771278381,0.010706228204071522,0.5396056771278381,0.04851246252655983,0.07333451509475708,0.04216974973678589,0.018466388806700706,0.26720497012138367,0.26720497012138367,0.27240070700645447,disgust
6,"Those that have houses of their own, let Out the rest of them to whoever will take them; and thus the great stairs, (which are all of stone) are as common and as dirty as the street.",disgust,0.9366981983184814,0.0009148106328211725,0.029005948454141617,0.01606476865708828,0.0030568765942007303,0.008536837995052338,0.005722563248127699,0.9366981983184814,0.029005948454141617,0.9076922498643398,neutral
6,"'Tis true, when you have once travelled through them, nothing can be more surprisingly magnificent than the apartments.",surprise,0.9638183116912842,0.00619884766638279,0.01808222010731697,0.0010195359354838729,0.9638183116912842,0.004693312104791403,0.003844689577817917,0.0023430411238223314,0.01808222010731697,0.9457360915839672,neutral
6,"They are commonly a _suite_ of eight or ten large rooms, all inlaid, the doors and windows richly carved and gilt, and the furniture, such as is seldom seen in the palaces of sovereign princes in other countries.",neutral,0.8800883889198303,0.006605110596865416,0.8800883889198303,0.008294717408716679,0.0629153698682785,0.008508342318236828,0.0025674377102404833,0.031020637601614,0.0629153698682785,0.8171730190515518,surprise
6,"Their apartments are adorned with hangings of the finest tapestry of Brussels, prodigious large looking glasses in silver frames, fine japan tables, beds, chairs, canopies, and window curtains of the richest Genoa damask or velvet, almost covered with gold lace or embroidery.",neutral,0.8151863813400269,0.06579293310642242,0.8151863813400269,0.006288605742156506,0.05607515200972557,0.010386906564235687,0.0029695979319512844,0.043300434947013855,0.06579293310642242,0.7493934482336044,joy
6,"All this is made gay by pictures, and vast jars of japan china, and large lustres of rock crystal.",neutral,0.8564212322235107,0.0144454101100564,0.8564212322235107,0.0070270877331495285,0.02710532769560814,0.010703503154218197,0.0009018404525704682,0.0833955854177475,0.0833955854177475,0.7730256468057632,disgust
6,"I have already had the honour of being invited to dinner by several of the first people of quality; and I must do them the justice to say, the good taste and magnificence of their tables, very well answered to that of their furniture.",joy,0.6134011149406433,0.6134011149406433,0.2689831554889679,0.005866106133908033,0.010113394819200039,0.022929495200514793,0.0019151506712660193,0.07679163664579391,0.2689831554889679,0.3444179594516754,neutral
6,"I have been more than once entertained with fifty dishes of meat all served in silver, and well dressed; the desert (sic) proportionable, served in the finest china.",joy,0.8565471172332764,0.8565471172332764,0.08460322767496109,0.0052347262389957905,0.011133594438433647,0.0068839965388178825,0.0011985823512077332,0.03439876064658165,0.08460322767496109,0.7719438895583153,neutral
6,"But the variety and richness of their wines, is what appears the most surprising.",surprise,0.9762868285179138,0.004166844766587019,0.012177926488220692,0.0010630273027345538,0.9762868285179138,0.0022869494277983904,0.0018614510772749782,0.002156942617148161,0.012177926488220692,0.9641089020296931,neutral
6,"The constant way is, to lay a list of their names upon the plates of the guests, along with the napkins; and I have counted several times to the number of eighteen different sorts, all exquisite in their kinds.",neutral,0.8801831007003784,0.009271997958421707,0.8801831007003784,0.004853967111557722,0.05458196625113487,0.007014911621809006,0.002944129053503275,0.04114984720945358,0.05458196625113487,0.8256011344492435,surprise
6,"I was yesterday at Count Schoonbourn, the vice-chancellor's garden, where I was invited to dinner.",joy,0.9799962043762207,0.9799962043762207,0.0038587762974202633,0.0037500476464629173,0.008463061414659023,0.0013467734679579735,0.0008167405030690134,0.0017684600315988064,0.008463061414659023,0.9715331429615617,surprise
6,"I must own, I never saw a place so perfectly delightful as the Fauxburg (sic) of Vienna.",neutral,0.3516625761985779,0.30939552187919617,0.3516625761985779,0.01958751119673252,0.2672283351421356,0.0034034508280456066,0.009988370351493359,0.03873421624302864,0.30939552187919617,0.042267054319381714,joy
6,"It is very large, and almost wholly composed of delicious palaces.",joy,0.6819390654563904,0.6819390654563904,0.22102949023246765,0.005694685038179159,0.013574748300015926,0.003173565026372671,0.0018430298659950495,0.07274546474218369,0.22102949023246765,0.46090957522392273,neutral
6,"If the emperor found it proper to permit the gates of the town to be laid open, that the Fauxburg might be joined to it, he would have one of the largest and best built cities in Europe.",neutral,0.764862060546875,0.1558888852596283,0.764862060546875,0.007018032483756542,0.0280864629894495,0.025383135303854942,0.002941730199381709,0.015819640830159187,0.1558888852596283,0.6089731752872467,joy
6,"Count Schoonbourn's villa is one of the most magnificent; the furniture all rich brocades, so well fancied and fitted up, nothing can look more gay and splendid; not to speak of a gallery, full of rarities of coral, mother of pearl, and, throughout the whole house, a profusion of gilding, carving, fine paintings, the most beautiful porcelain, statues of alabaster and ivory, and vast orange and lemon trees in gilt pots.",joy,0.34077224135398865,0.34077224135398865,0.2600138187408447,0.014544342644512653,0.0523449182510376,0.009662958793342113,0.003920508548617363,0.3187412619590759,0.3187412619590759,0.02203097939491272,disgust
6,"The dinner was perfectly fine and well ordered, and made still more agreeable by the good humour of the Count.",joy,0.9347298741340637,0.9347298741340637,0.030420564115047455,0.005846375599503517,0.001395536120980978,0.004126552492380142,0.0007525731925852597,0.022728506475687027,0.030420564115047455,0.9043093100190163,neutral
6,"I have not yet been at court, being forced to stay for my gown, without which there is no waiting on the empress; though I am not without great impatience to see a beauty that has been the admiration of so many different nations.",anger,0.9260327219963074,0.0032747574150562286,0.02808038704097271,0.0068964725360274315,0.013897883705794811,0.9260327219963074,0.008916893042623997,0.01290089264512062,0.02808038704097271,0.8979523349553347,neutral
6,"When I have had that honour, I will not fail to let you know my real thoughts, always taking a particular pleasure in communicating them to my dear sister.",joy,0.7138224840164185,0.7138224840164185,0.12147628515958786,0.02660791575908661,0.0018409162294119596,0.057302288711071014,0.0028002120088785887,0.07614977657794952,0.12147628515958786,0.5923461988568306,neutral
7,PERHAPS you'll laugh at me for thanking you very gravely for all the obliging concern you express for me.,fear,0.5412499308586121,0.036653853952884674,0.2582327127456665,0.11112764477729797,0.01133703626692295,0.029492203146219254,0.5412499308586121,0.011906687170267105,0.2582327127456665,0.28301721811294556,neutral
7,"'Tis certain that I may, if I please, take the fine things you say to me for wit and raillery; and, it may be, it would be taking them right.",neutral,0.8556374311447144,0.023199530318379402,0.8556374311447144,0.012344207614660263,0.0029311031103134155,0.04303396865725517,0.011619518510997295,0.051234204322099686,0.051234204322099686,0.8044032268226147,disgust
7,"But I never, in my life, was half so well disposed to take you in earnest as I am at present; and that distance which makes the continuation of your friendship improbable, has very much increased my faith in it.",fear,0.8152081370353699,0.10621421784162521,0.04257815703749657,0.013066498562693596,0.010702702216804028,0.006919271312654018,0.8152081370353699,0.005311065819114447,0.10621421784162521,0.7089939191937447,joy
7,"I find that I have, (as well as the rest of my sex) whatever face I set on't, a strong disposition to believe in miracles.",neutral,0.6597232222557068,0.29500144720077515,0.6597232222557068,0.009669897146522999,0.011799308471381664,0.006145608611404896,0.004399521742016077,0.01326104998588562,0.29500144720077515,0.36472177505493164,joy
7,"Don't fancy, however, that I am infected by the air of these popish countries; I have, indeed, so far wandered from the discipline of the church of England, as to have been last Sunday at the opera, which was performed in the garden of the Favorita; and I was so much pleased with it, I have not yet repented my seeing it.",disgust,0.4083685874938965,0.3116086721420288,0.2055249810218811,0.04693964123725891,0.005653176922351122,0.014031346887350082,0.007873625494539738,0.4083685874938965,0.3116086721420288,0.09675991535186768,joy
7,"Nothing of that kind ever was more magnificent; and I can easily believe what I am told, that the decorations and habits cost the emperor thirty thousand pounds Sterling.",surprise,0.739876925945282,0.15011464059352875,0.07227542251348495,0.0031806144397705793,0.739876925945282,0.014554090797901154,0.0048941015265882015,0.015104216523468494,0.15011464059352875,0.5897622853517532,joy
7,"The stage was built over a very large canal, and, at the beginning of the second act, divided into two parts, discovering the water, on which there immediately came, from different parts, two fleets of little gilded vessels, that gave the representation of a naval fight.",neutral,0.4149821698665619,0.03177869692444801,0.4149821698665619,0.00553371524438262,0.0936383530497551,0.049389999359846115,0.04499181732535362,0.35968518257141113,0.35968518257141113,0.05529698729515076,disgust
7,"It is not easy to imagine the beauty of this scene, which I took particular notice of.",neutral,0.4382532835006714,0.06790053099393845,0.4382532835006714,0.00473336735740304,0.37982457876205444,0.010166474618017673,0.011658072471618652,0.08746375888586044,0.37982457876205444,0.05842870473861694,surprise
7,But all the rest were perfectly fine in their kind.,neutral,0.8996661901473999,0.019694345071911812,0.8996661901473999,0.006788937840610743,0.0032777024898678064,0.041454534977674484,0.002162638120353222,0.026955649256706238,0.041454534977674484,0.8582116551697254,anger
7,"The story of the opera is the enchantment of Alcina, which gives opportunities for great variety of machines, and changes of the scenes, which are performed with a surprising swiftness.",surprise,0.9288201928138733,0.026441488415002823,0.03194129839539528,0.0012880153954029083,0.9288201928138733,0.004706068895757198,0.004940183367580175,0.0018627147655934095,0.03194129839539528,0.896878894418478,neutral
7,"The theatre is so large, that it is hard to carry the eye to the end of it, and the habits in the utmost magnificence, to the number of one hundred and eight.",neutral,0.7783080339431763,0.034115176647901535,0.7783080339431763,0.015703879296779633,0.1149257943034172,0.006641212850809097,0.005415015853941441,0.04489091783761978,0.1149257943034172,0.6633822396397591,surprise
7,"No house could hold such large decorations: but the ladies all sitting in the open air, exposes them to great inconveniences; for there is but one canopy for the imperial family; and the first night it was represented, a shower of rain happening, the opera was broke off, and the company crowded away in such confusion, that I was almost squeezed to death.--But if their operas are thus delightful, their comedies are in as high a degree ridiculous.",joy,0.5330439209938049,0.5330439209938049,0.09815702587366104,0.07665670663118362,0.023438874632120132,0.030743952840566635,0.07863626629114151,0.15932326018810272,0.15932326018810272,0.3737206608057022,disgust
7,"They have but one play-house, where I had the curiosity to go to a German comedy, and was very glad it happened to be the story of Amphitrion (sic).",joy,0.9809485673904419,0.9809485673904419,0.006748618558049202,0.0019512834260240197,0.008003050461411476,0.0010955901816487312,0.0002732124412432313,0.0009797475067898631,0.008003050461411476,0.9729455169290304,surprise
7,"As that subject has been already handled by a Latin, French, and English poet, I was curious to see what an Austrian author would make of it.",surprise,0.6392598152160645,0.0041486104018986225,0.3390315771102905,0.00247036200016737,0.6392598152160645,0.005105340853333473,0.0028870110400021076,0.007097283378243446,0.3390315771102905,0.3002282381057739,neutral
7,"I understand enough of that language to comprehend the greatest part of it; and besides, I took with me a lady, that had the goodness to explain to me every word.",neutral,0.6849048733711243,0.19076254963874817,0.6849048733711243,0.005084875505417585,0.03171556442975998,0.022999554872512817,0.003657833207398653,0.06087469309568405,0.19076254963874817,0.4941423237323761,joy
7,"The way is, to take a box, which holds four, for yourself and company.",neutral,0.9228302240371704,0.023162370547652245,0.9228302240371704,0.0036232881247997284,0.028299815952777863,0.006476816721260548,0.0011729459511116147,0.01443446520715952,0.028299815952777863,0.8945304080843925,surprise
7,The fixed price is a gold ducat.,neutral,0.9479225873947144,0.005934528075158596,0.9479225873947144,0.005101099144667387,0.023729057982563972,0.004982193931937218,0.001466893358156085,0.010863658972084522,0.023729057982563972,0.9241935294121504,surprise
7,"I thought the house very low and dark; but I confess, the comedy admirably recompensed that defect.",joy,0.33525463938713074,0.33525463938713074,0.06731751561164856,0.2107209414243698,0.003206639550626278,0.05879746004939079,0.005163769703358412,0.31953898072242737,0.31953898072242737,0.01571565866470337,disgust
7,I never laughed so much in my life.,neutral,0.3077116906642914,0.27897125482559204,0.3077116906642914,0.11853472888469696,0.11739609390497208,0.051218319684267044,0.004039801191538572,0.12212804704904556,0.27897125482559204,0.02874043583869934,joy
7,"It began with Jupiter's falling in love out of a peep-hole in the clouds, and ended with the birth of Hercules.",neutral,0.5745488405227661,0.32090041041374207,0.5745488405227661,0.017865588888525963,0.030769964680075645,0.011865946464240551,0.018838882446289062,0.02521035075187683,0.32090041041374207,0.25364843010902405,joy
7,"But what was most pleasant, was the use Jupiter made of his metamorphosis; for you no sooner saw him under the figure of Amphitrion, but, instead of flying to Alcmena, with the raptures Mr Dryden puts into his mouth, he sends for Amphitrion's taylor, and cheats him of a laced coat, and his banker of a bag of money, a Jew of a diamond ring, and bespeaks a great supper in his name; and the greatest part of the comedy turns upon poor Amphitrion's being tormented by these people for their debts.",joy,0.5012514591217041,0.5012514591217041,0.036914750933647156,0.354633629322052,0.0032889049034565687,0.006697321776300669,0.00630990881472826,0.09090405702590942,0.354633629322052,0.1466178297996521,sadness
7,Mercury uses Sofia in the same manner.,neutral,0.9269227981567383,0.004192196764051914,0.9269227981567383,0.013165161944925785,0.01696642115712166,0.009946051985025406,0.004297167528420687,0.024510204792022705,0.024510204792022705,0.9024125933647156,disgust
7,"But I could not easily pardon the liberty the poet has taken of larding his play with, not only indecent expressions, but such gross words, as I don't think Our mob would suffer from a mountebank.",disgust,0.9763153791427612,0.00038279773434624076,0.00623846473172307,0.0022719514090567827,0.0006527924560941756,0.011533685028553009,0.002604822162538767,0.9763153791427612,0.011533685028553009,0.9647816941142082,anger
7,"Besides, the two Sofias very fairly let down their breeches in the direct view of the boxes, which were full of people of the first rank, that seemed very well pleased with their entertainment, and assured me, this was a celebrated piece.",joy,0.9746835231781006,0.9746835231781006,0.011656870134174824,0.002100842772051692,0.002244977978989482,0.0035573523491621017,0.0002602968306746334,0.005496106576174498,0.011656870134174824,0.9630266530439258,neutral
7,"I shall conclude my letter with this remarkable relation, very well worthy the serious consideration of Mr Collier.",joy,0.4760805666446686,0.4760805666446686,0.08148395270109177,0.045372478663921356,0.06859863549470901,0.04068390652537346,0.27621644735336304,0.011564034037292004,0.27621644735336304,0.19986411929130554,fear
7,"I won't trouble you with farewel (sic) compliments, which I think generally as impertinent, as courtesies at leaving the room, when the visit had been too long already.",neutral,0.7521481513977051,0.016387298703193665,0.7521481513977051,0.042467959225177765,0.0035593663342297077,0.06154772639274597,0.018571577966213226,0.10531788319349289,0.10531788319349289,0.6468302682042122,disgust
8,"THOUGH I have so lately troubled you, my dear sister, with a long letter, yet I will keep my promise in giving you an account of my first going to court.",sadness,0.7818227410316467,0.05261079967021942,0.059951651841402054,0.7818227410316467,0.0025018455926328897,0.018417231738567352,0.04455650597810745,0.040139224380254745,0.059951651841402054,0.7218710891902447,neutral
8,"In order to that ceremony, I was squeezed up in a gown, and adorned with a gorget and the other implements thereunto belonging; a dress very inconvenient, but which certainly shows the neck and shape to great advantage.",disgust,0.8666033744812012,0.0070820883847773075,0.03698517009615898,0.05151214078068733,0.014468291774392128,0.011136298067867756,0.012212553061544895,0.8666033744812012,0.05151214078068733,0.8150912337005138,sadness
8,"I cannot forbear giving you some description of the fashions here, which are more monstrous, and contrary to all common sense and reason, than 'tis possible for you to imagine.",disgust,0.9044379591941833,0.0009298683726228774,0.005062535405158997,0.0029014998581260443,0.0033916195388883352,0.02664734236896038,0.05662929639220238,0.9044379591941833,0.05662929639220238,0.847808662801981,fear
8,"They build certain fabrics of gauze on their heads, about a yard high, consisting of three or four stories, fortified with numberless yards of heavy ribbon.",neutral,0.80986088514328,0.002198360627517104,0.80986088514328,0.005759248975664377,0.010694267228245735,0.03703141212463379,0.015917306765913963,0.11853845417499542,0.11853845417499542,0.6913224309682846,disgust
8,"The foundation of this structure is a thing they call a _Bourle_, which is exactly of the same shape and kind, but about four times as big as those rolls our prudent milk-maids make use of to fix their pails upon.",neutral,0.9421848654747009,0.004624300170689821,0.9421848654747009,0.00493696378543973,0.02800208143889904,0.008564365096390247,0.0020522007253021,0.009635093621909618,0.02800208143889904,0.9141827840358019,surprise
8,"This machine they cover With their own hair, which they mix with a great deal of false, it being a particular beauty to have their heads too large to go into a moderate tub.",neutral,0.8807705044746399,0.0030581271275877953,0.8807705044746399,0.00931625347584486,0.037062905728816986,0.009273700416088104,0.004468951374292374,0.05604957416653633,0.05604957416653633,0.8247209303081036,disgust
8,"Their hair is prodigiously powdered to conceal the mixture, and set out with three or four rows of bodkins (wonderfully large, that stick out two or three inches from their hair) made of diamonds, pearls, red, green, and yellow stones, that it certainly requires as much art and experience to carry the load upright, as to dance upon May-day with the garland.",neutral,0.883224368095398,0.020277608186006546,0.883224368095398,0.005992894060909748,0.01975736953318119,0.007076094392687082,0.0023025302216410637,0.06136913597583771,0.06136913597583771,0.8218552321195602,disgust
8,"Their whale-bone petticoats outdo ours by several yards, circumference, and cover some acres of ground.",neutral,0.8916726112365723,0.005621898919343948,0.8916726112365723,0.009160660207271576,0.036167874932289124,0.02400818094611168,0.007575917523354292,0.025792833417654037,0.036167874932289124,0.8555047363042831,surprise
8,"You may easily suppose how this extraordinary dress sets off and improves the natural ugliness, with which God Almighty has been pleased to endow them, generally speaking.",neutral,0.8193846940994263,0.07502136379480362,0.8193846940994263,0.00469842879101634,0.02586856484413147,0.009547063149511814,0.0024685929529368877,0.06301138550043106,0.07502136379480362,0.7443633303046227,joy
8,"Even the lovely empress herself is obliged to comply, in some degree, with these absurd fashions, which they would not quit for all the world.",neutral,0.510878324508667,0.013446930795907974,0.510878324508667,0.01718524470925331,0.008044697344303131,0.19548751413822174,0.008448191918432713,0.24650916457176208,0.24650916457176208,0.2643691599369049,disgust
8,"I had a private audience (according to ceremony) of half an hour, and then all the other ladies were permitted to come and make their court.",neutral,0.829744815826416,0.018187379464507103,0.829744815826416,0.008731645531952381,0.01822894625365734,0.029660552740097046,0.011383982375264168,0.08406265825033188,0.08406265825033188,0.7456821575760841,disgust
8,"I was perfectly charmed with the empress; I cannot however tell you that her features are regular; her eyes are not large, but have a lively look full of sweetness; her complexion the finest I ever saw; her nose and forehead well made, but her mouth has ten thousand charms, that touch the soul.",joy,0.9112033247947693,0.9112033247947693,0.05454355105757713,0.008381446823477745,0.00448205741122365,0.0020111282356083393,0.0007095648907124996,0.018668940290808678,0.05454355105757713,0.8566597737371922,neutral
8,"When she smiles, 'tis with a beauty and sweetness that forces adoration.",joy,0.9132061004638672,0.9132061004638672,0.05691894516348839,0.00884600356221199,0.0029331299010664225,0.003929313737899065,0.00046385539462789893,0.013702715747058392,0.05691894516348839,0.8562871553003788,neutral
8,"She has a vast quantity of fine fair hair; but then her person!--one must speak of it poetically to do it rigid justice; all that the poets have said of the mien of Juno, the air of Venus, come not up to the truth.",neutral,0.631623387336731,0.004154739901423454,0.631623387336731,0.03648269921541214,0.06304258108139038,0.03770580142736435,0.02051343023777008,0.20647737383842468,0.20647737383842468,0.4251460134983063,disgust
8,The Graces move with her; the famous statue of Medicis was not formed with more delicate proportions; nothing can be added to the beauty of her neck and hands.,neutral,0.8233595490455627,0.005986772943288088,0.8233595490455627,0.021565059199929237,0.028683315962553024,0.014612599276006222,0.020834682509303093,0.08495796471834183,0.08495796471834183,0.7384015843272209,disgust
8,"Till I saw them, I did not believe there were any in nature so perfect, and I was almost sorry that my rank here did not permit me to kiss them; but they are kissed sufficiently; for every body that waits on her pays that homage at their entrance, and when they take leave.",neutral,0.38266268372535706,0.06106017529964447,0.38266268372535706,0.37293678522109985,0.04207170382142067,0.014356453903019428,0.026171434670686722,0.10074073821306229,0.37293678522109985,0.009725898504257202,sadness
8,"When the ladies were come in, she sat down to Quinze.",disgust,0.8018260598182678,0.00786226149648428,0.12088853865861893,0.008263221941888332,0.0033825859427452087,0.007652650121599436,0.05012476071715355,0.8018260598182678,0.12088853865861893,0.6809375211596489,neutral
8,"I could not play at a game I had never seen before, and she ordered me a seat at her right hand, and had the goodness to talk to me very much, with that grace so natural to her.",disgust,0.4111967086791992,0.01327952928841114,0.2687950134277344,0.01778784580528736,0.05702604725956917,0.22389204800128937,0.008022788912057877,0.4111967086791992,0.2687950134277344,0.14240169525146484,neutral
8,"I expected every moment, when the men were to come in to pay their court; but this drawing-room is very different from that of England; no man enters it but the grand-master, who comes in to advertise the empress of the approach of the emperor.",surprise,0.4022415578365326,0.008272502571344376,0.3821879029273987,0.01087233517318964,0.4022415578365326,0.02532021328806877,0.02991902083158493,0.14118649065494537,0.3821879029273987,0.02005365490913391,neutral
8,His imperial majesty did me the honour of speaking to me in a very obliging manner; but he never speaks to any of the other ladies; and the whole passes with a gravity and air of ceremony that has something very formal in it.,neutral,0.6045404672622681,0.020328201353549957,0.6045404672622681,0.014770672656595707,0.010398981161415577,0.02604227513074875,0.004499674309045076,0.3194197118282318,0.3194197118282318,0.28512075543403625,disgust
8,"The empress Amelia, dowager of the late emperor Joseph, came this evening to wait on the reigning empress, followed by the two arch-duchesses her daughters, who are very agreeable young princesses.",joy,0.6409738063812256,0.6409738063812256,0.29167115688323975,0.011226220987737179,0.0329894945025444,0.004332861863076687,0.001780852791853249,0.01702563278377056,0.29167115688323975,0.34930264949798584,neutral
8,"Their imperial majesties rose and went to meet her at the door of the room, after which she was seated in an armed (sic) chair, next the empress, and in the same manner at supper, and there the men had the permission of paying their court.",disgust,0.6322241425514221,0.024324197322130203,0.1326942890882492,0.011602827347815037,0.02065267041325569,0.052460767328739166,0.12604111433029175,0.6322241425514221,0.1326942890882492,0.4995298534631729,neutral
8,The arch-duchesses sat on chairs with backs without arms.,disgust,0.8995404839515686,0.0033089229837059975,0.06782316416501999,0.015174687840044498,0.0027142546605318785,0.0058096894063055515,0.005628643557429314,0.8995404839515686,0.06782316416501999,0.8317173197865486,neutral
8,"The table was entirely served, and all the dishes set on by the empress's maids of honour, which are twelve young ladies of the first quality.",neutral,0.5722198486328125,0.20549499988555908,0.5722198486328125,0.008331694640219212,0.03880970552563667,0.010496864095330238,0.0022110759746283293,0.16243578493595123,0.20549499988555908,0.3667248487472534,joy
8,"They have no salary, but their chamber at court, where they live in a sort of confinement, not being suffered to go to the assemblies or public places in town, except in compliment to the wedding of a sister maid, whom the empress always presents with her picture set in diamonds.",disgust,0.45752957463264465,0.010469725355505943,0.45191144943237305,0.035945381969213486,0.005225868429988623,0.032787103205919266,0.00613095797598362,0.45752957463264465,0.45191144943237305,0.0056181252002716064,neutral
8,"The three first of them are called _Ladies of the Key_, and wear gold keys by their sides; but what I find most pleasant, is the custom, which obliges them, as long as they live, after they have left the empress's service, to make her some present every year on the day of her feast.",joy,0.6179712414741516,0.6179712414741516,0.26029840111732483,0.011782217770814896,0.006802353076636791,0.008577725850045681,0.0011551626957952976,0.09341292083263397,0.26029840111732483,0.3576728403568268,neutral
8,"Her majesty is served by no married women but the _grande maitresse_, who is generally a widow of the first quality, always very old, and is at the same time groom of the stole, and mother of the maids.",neutral,0.7254766821861267,0.04500715807080269,0.7254766821861267,0.04477004334330559,0.0364990159869194,0.023569006472826004,0.0053189704194664955,0.11935912072658539,0.11935912072658539,0.6061175614595413,disgust
8,"The dressers are not, at all, in the figure they pretend to in England, being looked upon no otherwise than as downright chambermaids.",disgust,0.8454040288925171,0.002361317863687873,0.12374768406152725,0.0043845996260643005,0.002982407808303833,0.014335866086184978,0.006784149445593357,0.8454040288925171,0.12374768406152725,0.7216563448309898,neutral
8,"I had an audience next day Of the empress mother, a princess of great virtue and goodness, but who picques herself too much on a violent devotion.",disgust,0.7092500925064087,0.0032149001490324736,0.004480429459363222,0.012870409525930882,0.0033458268735557795,0.2587950825691223,0.008043162524700165,0.7092500925064087,0.2587950825691223,0.4504550099372864,anger
8,"She is perpetually performing extraordinary acts of penance, without having ever done any thing to deserve them.",disgust,0.505561351776123,0.002580283908173442,0.2734128534793854,0.01372271403670311,0.023165883496403694,0.1793060004711151,0.0022507975809276104,0.505561351776123,0.2734128534793854,0.23214849829673767,neutral
8,"She has the same number of maids of honour, whom she suffers to go in colours; but she herself never quits her mourning; and sure nothing can be more dismal than the mourning here, even for a brother.",sadness,0.9712873697280884,0.002370097441598773,0.012277209199965,0.9712873697280884,0.0020022334065288305,0.0014667693758383393,0.002368916990235448,0.008227406069636345,0.012277209199965,0.9590101605281234,neutral
8,There is not the least bit of linen to be seen; all black crape (sic) instead of it.,neutral,0.6918765902519226,0.002926723100244999,0.6918765902519226,0.022043148055672646,0.028473371639847755,0.014729699119925499,0.004228489473462105,0.23572199046611786,0.23572199046611786,0.45615459978580475,disgust
8,"The neck, ears and side of the face are covered with a plaited piece of the same stuff, and the face that peeps out in the midst of it, looks as if it were pilloried.",disgust,0.576363205909729,0.000935439660679549,0.35302048921585083,0.017197318375110626,0.01697424054145813,0.026106152683496475,0.009403053671121597,0.576363205909729,0.35302048921585083,0.22334271669387817,neutral
8,"The widows wear over and above, a crape forehead cloth; and, in this solemn weed, go to all the public places of diversion without scruple.",neutral,0.38775941729545593,0.08719825744628906,0.38775941729545593,0.29273486137390137,0.003302749479189515,0.014948180876672268,0.017436804249882698,0.19661970436573029,0.29273486137390137,0.09502455592155457,sadness
8,"The next day I was to wait on the empress Amelia, who is now at her palace of retirement, half a mile from the town.",neutral,0.7413665056228638,0.08023124188184738,0.7413665056228638,0.07513866573572159,0.05832906439900398,0.006801231764256954,0.018016505986452103,0.020116763189435005,0.08023124188184738,0.6611352637410164,joy
8,"I had there the pleasure of seeing a diversion wholly new to me, but which is the common amusement of this court.",joy,0.979213535785675,0.979213535785675,0.003282429650425911,0.006898657884448767,0.001768110552802682,0.002077678684145212,0.0004797025176230818,0.006279819179326296,0.006898657884448767,0.9723148779012263,sadness
8,"The empress herself was seated on a little throne at the end of the fine alley in the garden, and on each side of her were ranged two parties of her ladies of quality, headed by two Young archduchesses, all dressed in their hair, full of jewels, with fine light guns in their hands; and at proper distances were placed three oval pictures, which were the marks to be shot at.",disgust,0.5738911628723145,0.040598366409540176,0.3024451434612274,0.015027392655611038,0.03564319759607315,0.01964768022298813,0.012747066095471382,0.5738911628723145,0.3024451434612274,0.27144601941108704,neutral
8,"The first was that of a CUPID, filling a bumper of Burgundy, and the motto, _'Tis easy to be valiant here_.",neutral,0.8715251088142395,0.012077871710062027,0.8715251088142395,0.004239170346409082,0.030357275158166885,0.015805628150701523,0.012024762108922005,0.053970109671354294,0.053970109671354294,0.8175549991428852,disgust
8,"The second a FORTUNE, holding a garland in her hand, the motto, _For her whom Fortune favours_.",neutral,0.6961740851402283,0.05235292762517929,0.6961740851402283,0.015726175159215927,0.08265981823205948,0.06031888350844383,0.013909498229622841,0.07885860651731491,0.08265981823205948,0.6135142669081688,surprise
8,"The third was a SWORD, with a laurel wreath on the point, the motto, _Here is no shame to be vanquished_.--Near the empress was a gilded trophy wreathed with flowers, and made of little crooks, on which were hung rich Turkish handkerchiefs, tippets, ribbons, laces, &c. for the small prizes.",disgust,0.449150949716568,0.13281814754009247,0.3185732364654541,0.04657226428389549,0.02202913910150528,0.02426382713019848,0.0065923454239964485,0.449150949716568,0.3185732364654541,0.1305777132511139,neutral
8,"The empress gave the first with her own hand, which was a fine ruby ring set round with diamonds, in a gold snuff-box.",neutral,0.8473641276359558,0.022962462157011032,0.8473641276359558,0.005847536493092775,0.0645466223359108,0.019572965800762177,0.0017608103808015585,0.037945449352264404,0.0645466223359108,0.782817505300045,surprise
8,"There was for the second, a little Cupid set with brilliants, and besides these a set of fine china for the tea-table, enchased in gold, japan trunks, fans, and many gallantries of the same nature.",neutral,0.7615475654602051,0.1833571195602417,0.7615475654602051,0.006564002018421888,0.0316324308514595,0.005509770475327969,0.0007668879115954041,0.010622158646583557,0.1833571195602417,0.5781904458999634,joy
8,"All the men of quality at Vienna were spectators; but the ladies only had permission to shoot, and the arch-duchess Amelia carried off the first prize.",neutral,0.7128674983978271,0.1303226202726364,0.7128674983978271,0.01714189536869526,0.019682422280311584,0.06674721837043762,0.004360965918749571,0.04887731745839119,0.1303226202726364,0.5825448781251907,joy
8,"I was very well pleased with having seen this entertainment, and I do not know but it might make as good a figure as the prize-shooting in the Eneid, if I could write  as well as Virgil.",joy,0.9886593818664551,0.9886593818664551,0.00393057381734252,0.0019568968564271927,0.001795625314116478,0.00125229568220675,0.000574752688407898,0.0018304778495803475,0.00393057381734252,0.9847288080491126,neutral
8,"This is the favourite pleasure of the emperor, and there is rarely a week without some feast of this kind, which makes the young ladies skilful enough to defend a fort.",joy,0.9157940745353699,0.9157940745353699,0.06194812059402466,0.003264115657657385,0.002170681022107601,0.003167245537042618,0.000996291171759367,0.01265950221568346,0.06194812059402466,0.8538459539413452,neutral
8,They laughed very much to see me afraid to handle a gun.,fear,0.709498405456543,0.17197763919830322,0.07057195156812668,0.010750256478786469,0.005831397604197264,0.013374317437410355,0.709498405456543,0.01799609512090683,0.17197763919830322,0.5375207662582397,joy
8,"My dear sister, you will easily pardon an abrupt conclusion.",neutral,0.8122736215591431,0.08580290526151657,0.8122736215591431,0.0046452549286186695,0.03181280568242073,0.03484170883893967,0.008597821928560734,0.022025829181075096,0.08580290526151657,0.7264707162976265,joy
8,"I believe, by this time, you are ready to think I shall never conclude at all.",neutral,0.9239190816879272,0.01709068939089775,0.9239190816879272,0.0022023478522896767,0.03505488112568855,0.009959881193935871,0.005814461037516594,0.005958660040050745,0.03505488112568855,0.8888642005622387,surprise
9,"I AM extremely rejoiced, but not at all surprised, at the long, delightful letter, you have had the goodness to send me.",surprise,0.6977169513702393,0.2788701355457306,0.010704806074500084,0.005095629952847958,0.6977169513702393,0.004810338374227285,0.0017311859410256147,0.0010709890630096197,0.2788701355457306,0.41884681582450867,joy
9,"I know that you can think of an absent friend even in the midst of a court, and you love to oblige, where you can have no view of a return; and I expect from you that you should love me, and think of me, when you don't see me.",anger,0.48301464319229126,0.033101290464401245,0.23396776616573334,0.04398387670516968,0.00439773453399539,0.48301464319229126,0.015575574710965157,0.18595917522907257,0.23396776616573334,0.24904687702655792,neutral
9,"I have compassion for the mortifications that you tell me befel (sic) our little old friend, and I pity her much more, since I know, that they are only owing to the barbarous customs of our country.",disgust,0.7563471794128418,0.004228903446346521,0.029714176431298256,0.12938527762889862,0.004332598298788071,0.07146328687667847,0.004528593271970749,0.7563471794128418,0.12938527762889862,0.6269619017839432,sadness
9,"Upon my word, if she were here, she would have no other fault but that of being something too young for the fashion, and she has nothing to do but to transplant herself hither about seven years hence, to be again a young and blooming beauty.",neutral,0.865718424320221,0.04638197645545006,0.865718424320221,0.02218002825975418,0.037746280431747437,0.011018025688827038,0.0035376152954995632,0.0134176230058074,0.04638197645545006,0.8193364478647709,joy
9,"I can assure you, that wrinkles, or a small stoop in the shoulders, nay, even gray-hairs (sic), are no objection to the making new conquests.",neutral,0.8277223706245422,0.02061040885746479,0.8277223706245422,0.039548780769109726,0.0034862125758081675,0.029891110956668854,0.012124105356633663,0.0666169747710228,0.0666169747710228,0.7611053958535194,disgust
9,"I know you cannot easily figure to yourself, a young fellow of five and twenty, ogling my lady S-ff--k with passion, or pressing to hand the countess of O----d from an opera.",disgust,0.9649984240531921,0.001589273102581501,0.01046737376600504,0.0032533106859773397,0.0022511365823447704,0.01165697630494833,0.005783312954008579,0.9649984240531921,0.01165697630494833,0.9533414477482438,anger
9,"But such are the sights I see every day, and I don't perceive any body surprized (sic) at them but myself.",neutral,0.601218044757843,0.016319500282406807,0.601218044757843,0.04980878904461861,0.0730888620018959,0.07056569308042526,0.005310116335749626,0.18368898332118988,0.18368898332118988,0.41752906143665314,disgust
9,"A woman, till five and thirty, is only looked upon as a raw girl, and can possibly make no noise in the world, till about forty.",disgust,0.9500585198402405,0.001251115812920034,0.024462711066007614,0.00907620508223772,0.0027962983585894108,0.007628577761352062,0.004726671613752842,0.9500585198402405,0.024462711066007614,0.9255958087742329,neutral
9,"I don't know what your ladyship may think of this matter; but 'tis a considerable comfort to me, to know there is upon earth such a paradise for old women; and I am content to be insignificant at present, in the design of returning when I am fit to appear no where else.",joy,0.8472785949707031,0.8472785949707031,0.053557295352220535,0.08093398064374924,0.002436736598610878,0.0029736405704170465,0.0024135210551321507,0.010406210087239742,0.08093398064374924,0.7663446143269539,sadness
9,"I cannot help, lamenting, on  this occasion, the pitiful case of too many English ladies, long since retired to prudery and ratafia, who, if their stars had luckily conducted hither, would shine in the first rank of beauties.",sadness,0.9866824150085449,0.002306783339008689,0.005522293038666248,0.9866824150085449,0.001429439871571958,0.0005892679328098893,0.0011729307007044554,0.002296842634677887,0.005522293038666248,0.9811601219698787,neutral
9,"Besides, that perplexing word _reputation_, has quite another meaning here than what you give it at London; and getting a lover is so far from losing, that 'tis properly getting reputation; ladies being much more respected in regard to the rank of their lovers, than that of their husbands.",neutral,0.3636763095855713,0.3226916790008545,0.3636763095855713,0.00989754218608141,0.2338390350341797,0.046258460730314255,0.003891235450282693,0.019745659083127975,0.3226916790008545,0.0409846305847168,joy
9,"BUT what you'll think very odd, the two sects that divide our whole nation of petticoats, are utterly unknown in this place.",surprise,0.6869314312934875,0.0031155874021351337,0.18399764597415924,0.0036082793958485126,0.6869314312934875,0.013620764948427677,0.0076865265145897865,0.10103975981473923,0.18399764597415924,0.5029337853193283,neutral
9,Here are neither coquettes nor prudes.,neutral,0.943104088306427,0.012950588017702103,0.943104088306427,0.008368014357984066,0.015461751259863377,0.0024401326663792133,0.0013175077037885785,0.016357891261577606,0.016357891261577606,0.9267461970448494,disgust
9,No woman dares appear coquette enough to encourage two lovers at a time.,disgust,0.5261034965515137,0.007967513054609299,0.40482088923454285,0.01908918097615242,0.00439300574362278,0.030292309820652008,0.007333629298955202,0.5261034965515137,0.40482088923454285,0.12128260731697083,neutral
9,"And I have not seen any such prudes as to pretend fidelity to their husbands, who are certainly the best natured set of people in the world, and look upon their wives' gallants as favourably as men do upon their deputies, that take the troublesome part of their business off their hands.",disgust,0.5474458932876587,0.012696171179413795,0.33405351638793945,0.008089957758784294,0.0036124279722571373,0.08949697762727737,0.004604927264153957,0.5474458932876587,0.33405351638793945,0.21339237689971924,neutral
9,"They have not however the less to do on that account; for they are generally deputies in another place themselves; in one word, 'tis the established custom for every lady to have two husbands, one that bears the name, and another that performs the duties.",neutral,0.9096074104309082,0.011522378772497177,0.9096074104309082,0.013743394054472446,0.022413570433855057,0.017587032169103622,0.005044047720730305,0.020082123577594757,0.022413570433855057,0.8871938399970531,surprise
9,"And the engagements are so well known, that it would be a downright affront, and publicly resented, if you invited a woman of quality to dinner, without, at the same time, inviting her two attendants of lover and husband, between whom she sits in state with great gravity.",disgust,0.7398333549499512,0.0011363653466105461,0.01744055561721325,0.010152558796107769,0.0014085856964811683,0.22807341814041138,0.0019550914876163006,0.7398333549499512,0.22807341814041138,0.5117599368095398,anger
9,"The sub-marriages generally last twenty years together, and the lady often commands the poor lover's estate, even to the utter ruin of his family.",disgust,0.404232382774353,0.005297116003930569,0.321493536233902,0.2291182428598404,0.004744804929941893,0.028979236260056496,0.006134582683444023,0.404232382774353,0.321493536233902,0.08273884654045105,neutral
9,"These connections, indeed, are as seldom begun by any real passion as other matches; for a man makes but an ill figure that is not in some commerce of this nature; and a woman looks out for a lover as soon as she's married, as part of her equipage, without which she could not be genteel; and the first article of the treaty is establishing the pension, which remains to the lady, in case the gallant should prove inconstant.",disgust,0.4659433364868164,0.04158184304833412,0.3011179268360138,0.12055022269487381,0.009228406473994255,0.037385936826467514,0.02419229783117771,0.4659433364868164,0.3011179268360138,0.1648254096508026,neutral
9,"This chargeable point of honour, I look upon as the real foundation of so many wonderful influences of constancy.",neutral,0.6284549832344055,0.23707735538482666,0.6284549832344055,0.012681180611252785,0.030273817479610443,0.029932087287306786,0.029928840696811676,0.031651753932237625,0.23707735538482666,0.39137762784957886,joy
9,"I really know some women of the first quality, whose pensions are as well known as their annual rents, and yet nobody esteems them the less; on the contrary, their discretion would be called in question, if they should be suspected to be mistresses for nothing.",disgust,0.5192667841911316,0.002382635371759534,0.24688269197940826,0.03567974269390106,0.03220010921359062,0.15656714141368866,0.0070208292454481125,0.5192667841911316,0.24688269197940826,0.2723840922117233,neutral
9,"A great part of their emulation consists in trying who shall get most; and having no intrigue at all, is so far a disgrace, that, I'll assure you, a lady, who is very much my friend here, told me but yesterday, how much I was obliged to her for justifying my conduct in a conversation relating to me, where it was publicly asserted, that I could not possibly have common sense, since I had been in town above a fortnight, and had made no steps towards commencing an amour.",disgust,0.7143559455871582,0.005372027866542339,0.1088876947760582,0.07138838618993759,0.01964062824845314,0.07166299968957901,0.008692403323948383,0.7143559455871582,0.1088876947760582,0.6054682508111,neutral
9,"My friend pleaded for me, that my stay was uncertain, and she believed that was the cause of my seeming stupidity; and this was all she could find to say in my justification.",anger,0.6476306319236755,0.00837854016572237,0.1824856698513031,0.04443591088056564,0.004530059639364481,0.6476306319236755,0.05275946110486984,0.05977972596883774,0.1824856698513031,0.46514496207237244,neutral
9,"But one of the pleasantest adventures I ever met with in my life was last night, and it will give you a just idea in what a delicate manner the _belles passions_ are managed in this country.",joy,0.9602007865905762,0.9602007865905762,0.028247220441699028,0.002979731885716319,0.004021560773253441,0.0013933919835835695,0.0007054518791846931,0.0024518545251339674,0.028247220441699028,0.9319535661488771,neutral
9,"I was at the assembly of the countess of -----, and the young count of ----- leading me down stairs, asked me how long I was to stay at Vienna?",fear,0.37737834453582764,0.016110403463244438,0.2077825963497162,0.03479062765836716,0.20437082648277283,0.043014273047447205,0.37737834453582764,0.11655294895172119,0.2077825963497162,0.16959574818611145,neutral
9,"I made answer, that my stay depended on the emperor, and it was not in my power to determine it.",neutral,0.6389917135238647,0.014418055303394794,0.6389917135238647,0.09454921633005142,0.004245534539222717,0.1078760102391243,0.041278742253780365,0.09864065796136856,0.1078760102391243,0.5311157032847404,anger
9,"Well, madam, (said he) whether your time here is to be longer or shorter, I think you ought to pass it agreeably, and to that end you must engage in a _little affair of the heart_.--My heart, (answered I gravely enough) does not engage very easily, and I have no design of parting with it.",sadness,0.8397040963172913,0.0068360622972249985,0.0888245701789856,0.8397040963172913,0.003980693407356739,0.0207571629434824,0.021395815536379814,0.018501602113246918,0.0888245701789856,0.7508795261383057,neutral
9,"I see, madam, (said he sighing) by the ill nature of that answer, I am not to hope for it, which is a great mortification to me that am charmed with you.",joy,0.520852267742157,0.520852267742157,0.15246239304542542,0.13885141909122467,0.005724410526454449,0.022160250693559647,0.0068092504516243935,0.15314002335071564,0.15314002335071564,0.36771224439144135,disgust
9,"But, however, I am still devoted to your service; and since I am not worthy of entertaining you myself, do me the honour of letting me know whom you like best amongst us, and I'll engage to manage the affair entirely to your satisfaction.",neutral,0.357478529214859,0.27404189109802246,0.357478529214859,0.16219255328178406,0.003948049619793892,0.10756241530179977,0.009179625660181046,0.085596963763237,0.27404189109802246,0.08343663811683655,joy
9,"You may judge in what manner I should have received this compliment in my own country; but I was well enough acquainted with the way of this, to know that he really intended me an obligation, and I thanked him with a very grave courtesy for his zeal to serve me, and only assured him, I had no occasion to make use of it.",neutral,0.6242954730987549,0.11648992449045181,0.6242954730987549,0.032503969967365265,0.010562176816165447,0.07005048543214798,0.00480147497728467,0.14129656553268433,0.14129656553268433,0.48299890756607056,disgust
9,"Thus you see, my dear, that gallantry and good-breeding are as different, in different climates, as morality and religion.",neutral,0.9051814675331116,0.036527253687381744,0.9051814675331116,0.004264629911631346,0.009847254492342472,0.01184845995157957,0.0016179177910089493,0.03071293793618679,0.036527253687381744,0.8686542138457298,joy
9,"Who have the rightest (sic) notions of both, we shall never know till the day of judgment; for which great day of _eclaircissement_, I own there is very little impatience in your, &c. &c.",anger,0.5887794494628906,0.008905230090022087,0.31392985582351685,0.010705421678721905,0.047675490379333496,0.5887794494628906,0.022597696632146835,0.007406873162835836,0.31392985582351685,0.2748495936393738,neutral
10,I WAS never more agreeably surprised than by your obliging letter.,surprise,0.9847835898399353,0.0037441723980009556,0.0049177114851772785,0.0011887215077877045,0.9847835898399353,0.0030849180184304714,0.0015575928846374154,0.0007233690703287721,0.0049177114851772785,0.979865878354758,neutral
10,"'Tis a peculiar mark of my esteem that I tell you so; and I can assure you, that if I loved you one grain less than I do, I should be very sorry to see it so diverting as it is.",sadness,0.9329442381858826,0.002122262492775917,0.027783764526247978,0.9329442381858826,0.011309939436614513,0.0019098486518487334,0.010232281871140003,0.013697687536478043,0.027783764526247978,0.9051604736596346,neutral
10,"The mortal aversion I have to writing, makes me tremble at the thoughts of a new correspondent; and I believe I have disobliged no less than a dozen of my London acquaintance by refusing to hear from them, though I did verily think they intended to send me very entertaining letters.",fear,0.9933919310569763,0.001226653577759862,0.0011399241629987955,0.0016105774557217956,0.0008143758168444037,0.0008528954931534827,0.9933919310569763,0.0009637007606215775,0.0016105774557217956,0.9917813536012545,sadness
10,"But I had rather lose the pleasure of reading several witty things, than be forced to write many stuped (sic) ones.",neutral,0.3040146827697754,0.22490432858467102,0.3040146827697754,0.16972647607326508,0.00713945971801877,0.03271106258034706,0.0025091201532632113,0.25899484753608704,0.25899484753608704,0.045019835233688354,disgust
10,"Yet, in spite of these considerations, I am charmed with the proof of your friendship, and beg a continuation of the same goodness, though I fear the dulness of this will make you immediately repent of it.",fear,0.5158877968788147,0.08472539484500885,0.1418188065290451,0.059273961931467056,0.0020222868770360947,0.12757451832294464,0.5158877968788147,0.06869720667600632,0.1418188065290451,0.3740689903497696,neutral
10,"It is not from Austria that one can write with vivacity, and I am already infected with the phlegm of the country.",disgust,0.8551971912384033,0.0012038127752020955,0.08493691682815552,0.013982435688376427,0.004298696760088205,0.013009983114898205,0.027370953932404518,0.8551971912384033,0.08493691682815552,0.7702602744102478,neutral
10,"Even their amours and their quarrels are carried on with a surprising temper, and they are never lively but upon points of ceremony.",surprise,0.9353235363960266,0.009379594586789608,0.0363197848200798,0.0016269318293780088,0.9353235363960266,0.010738600045442581,0.0014535735826939344,0.0051579526625573635,0.0363197848200798,0.8990037515759468,neutral
10,"There, I own, they shew all their passions; and 'tis not long since two coaches, meeting in a narrow street at night, the ladies in them not being able to adjust the ceremonial of which should go back, sat there, with equal gallantry till two in the morning, and were both so fully determined to die upon the spot rather than yield, in a point of that importance, that the street would never have been cleared till their deaths, if the emperor had not sent his guards to part them; and even then they refused to stir, till the expedient could be found out of taking them both out in chairs, exactly in the same moment.",neutral,0.3440120816230774,0.01251726783812046,0.3440120816230774,0.0652657076716423,0.012181570753455162,0.2873188555240631,0.05834245681762695,0.22036200761795044,0.2873188555240631,0.05669322609901428,anger
10,"After the ladies were agreed, it was with some difficulty that the pass was decided between the two coachmen, no less tenacious of their rank than the ladies.",neutral,0.6081298589706421,0.04297308623790741,0.6081298589706421,0.024724774062633514,0.0068956408649683,0.11736024171113968,0.028268838301301003,0.17164760828018188,0.17164760828018188,0.4364822506904602,disgust
10,"This passion is so omnipotent in the breasts of the women, that even their husbands never die but they are ready to break their hearts, because that fatal hour puts an end to their rank, no widows having any place at Vienna.",anger,0.47333839535713196,0.003568399464711547,0.13119158148765564,0.24222101271152496,0.003862453857436776,0.47333839535713196,0.03243419528007507,0.11338390409946442,0.24222101271152496,0.231117382645607,sadness
10,"The men are not much less touched with this point of honour, and they do not only scorn to marry, but even to make love to any woman of a family not as illustrious as their own; and the pedigree is much more considered by them, than either the complexion of features of their mistresses.",disgust,0.6517411470413208,0.003677143482491374,0.1586625725030899,0.01604234240949154,0.0038788404781371355,0.16368316113948822,0.0023147338069975376,0.6517411470413208,0.16368316113948822,0.4880579859018326,anger
10,"Happy are the she's (sic) that can number amongst their ancestors, counts of the empire; they have neither occasion for beauty, money, nor good conduct to get them husbands.",joy,0.857420027256012,0.857420027256012,0.04274497926235199,0.020981978625059128,0.07280469685792923,0.00416284054517746,0.00043425598414614797,0.001451365533284843,0.07280469685792923,0.7846153303980827,surprise
10,"'Tis true, as to money, 'tis seldom any advantage to the man they marry; the laws of Austria confine the woman's portion to two thousand florins (about two hundred pounds English), and whatever they have beside, remains in their own possession and disposal.",neutral,0.7004207372665405,0.02767515927553177,0.7004207372665405,0.0552416667342186,0.018240654841065407,0.0713782086968422,0.021250005811452866,0.1057935580611229,0.1057935580611229,0.5946271792054176,disgust
10,"Thus, here are many ladies much richer than their husbands, who are however obliged to allow them pin-money agreeable to their quality; and I attribute to this considerable branch of prerogative, the liberty that they take upon other occasions.",neutral,0.7112550139427185,0.16993804275989532,0.7112550139427185,0.010603467002511024,0.04418978840112686,0.025151170790195465,0.0028174107428640127,0.036045175045728683,0.16993804275989532,0.5413169711828232,joy
10,"I am sure, you, that know my laziness, and extreme indifference on this subject, will pity me, entangled amongst all these ceremonies, which are a wonderful burden to me, though I am the envy of the whole town, having, by their own customs, the pass before them all.",disgust,0.4814186990261078,0.041365284472703934,0.18494267761707306,0.17272548377513885,0.027903353795409203,0.08884256333112717,0.002801862545311451,0.4814186990261078,0.18494267761707306,0.29647602140903473,neutral
10,"They indeed, so revenge, upon the poor envoys, this great respect shewn to ambassadors, that (with all my indifference) I should be very uneasy to suffer it.",fear,0.9064856171607971,0.0019297393737360835,0.021647391840815544,0.014052676036953926,0.0019844211637973785,0.0209907665848732,0.9064856171607971,0.0329093299806118,0.0329093299806118,0.8735762871801853,disgust
10,"Upon days of ceremony they have no entrance at court, and on other days must content themselves with walking after every soul, and being the very last taken notice of.",neutral,0.8564252257347107,0.018659207969903946,0.8564252257347107,0.009647641330957413,0.002757926471531391,0.03867298364639282,0.0067748515866696835,0.0670621246099472,0.0670621246099472,0.7893631011247635,disgust
10,"But I must write a volume to let you know all the ceremonies, and I have already said too much on so dull a subject, which however employs the whole care of the people here.",sadness,0.819110631942749,0.007895126938819885,0.0706002414226532,0.819110631942749,0.00915455911308527,0.006177704781293869,0.0027843238785862923,0.08427739143371582,0.08427739143371582,0.7348332405090332,disgust
10,"I need not, after this, tell you how agreeably time slides away with me; you know as well as I do the taste of, Your's, &c. &c.",neutral,0.9433924555778503,0.016379356384277344,0.9433924555778503,0.009357322938740253,0.011005298234522343,0.009255416691303253,0.0030686582904309034,0.007541426457464695,0.016379356384277344,0.927013099193573,joy
11,"YOU desire me, madam, to send you some accounts of the customs here, and at the same time a description of Vienna.",neutral,0.7461527585983276,0.007756881415843964,0.7461527585983276,0.01260885875672102,0.03724538907408714,0.15120217204093933,0.005313531961292028,0.03972038999199867,0.15120217204093933,0.5949505865573883,anger
11,"I am always willing to obey your commands; but you must, upon this occasion, take the will for the deed.",neutral,0.6016493439674377,0.11249151825904846,0.6016493439674377,0.03031550720334053,0.002884702989831567,0.1373632699251175,0.03151987865567207,0.08377570658922195,0.1373632699251175,0.46428607404232025,anger
11,"If I should undertake to tell you all the particulars, in which the manners here differ from ours, I must write a whole quire of the dullest stuff that ever was read, or printed without being read.",sadness,0.7841980457305908,0.008620277978479862,0.06513191759586334,0.7841980457305908,0.010177011601626873,0.003546537598595023,0.005593976471573114,0.1227322593331337,0.1227322593331337,0.6614657863974571,disgust
11,"Their dress agrees with the French or English in no one article, but wearing petticoats.",neutral,0.9265622496604919,0.006881876848638058,0.9265622496604919,0.006218064110726118,0.005469293333590031,0.00873568095266819,0.001962829614058137,0.04416999593377113,0.04416999593377113,0.8823922537267208,disgust
11,"They have many fashions peculiar to themselves; they think it indecent for a widow ever to wear green or rose colour, but all the other gayest colours at her own discretion.",disgust,0.4937323331832886,0.005635873880237341,0.4336506128311157,0.010162938386201859,0.003889774903655052,0.03843830153346062,0.014490112662315369,0.4937323331832886,0.4336506128311157,0.06008172035217285,neutral
11,"The assemblies here are the only regular diversion, the operas being always at court, and commonly on some particular occasion.",neutral,0.8647451996803284,0.03622324764728546,0.8647451996803284,0.038308870047330856,0.006385827902704477,0.013218991458415985,0.007134283892810345,0.0339834950864315,0.038308870047330856,0.8264363296329975,sadness
11,"Madam Rabutin has the assembly constantly every night at her house; and the other ladies, whenever they have a mind to display the magnificence of their apartments, or oblige a friend by complimenting them on the day of their saint, they declare, that on such a day the assembly shall be at their house in honour of the feast of the count or countess--_such a one_.",neutral,0.3973332941532135,0.3253406286239624,0.3973332941532135,0.012442067265510559,0.024323010817170143,0.09209991991519928,0.011678218841552734,0.13678281009197235,0.3253406286239624,0.0719926655292511,joy
11,"These days are called days of Gala, and all the friends or relations of the lady, whose saint it is, are obliged to appear in their best clothes, and all their jewels.",neutral,0.7533556818962097,0.04722798988223076,0.7533556818962097,0.009782161563634872,0.014968585222959518,0.024302469566464424,0.007767176255583763,0.14259594678878784,0.14259594678878784,0.6107597351074219,disgust
11,"The mistress of the house takes no particular notice of any body, nor returns any body's visit; and, whoever pleases, may go, without the formality of being presented.",disgust,0.3680003583431244,0.024604327976703644,0.3212571442127228,0.08387068659067154,0.003292892361059785,0.190328910946846,0.00864564161747694,0.3680003583431244,0.3212571442127228,0.04674321413040161,neutral
11,"The company are entertained with ice in several forms, winter and summer; afterwards they divide into several parties of ombre, piquet, or conversation, all games of hazard being forbid.",neutral,0.8235482573509216,0.07113752514123917,0.8235482573509216,0.01084107719361782,0.0045598759315907955,0.024832013994455338,0.011475920677185059,0.053605325520038605,0.07113752514123917,0.7524107322096825,joy
11,"I SAW t'other day the Gala for Count Altheim, the emperor's favourite, and never in my life saw so many fine clothes ill-fancied.",sadness,0.46135812997817993,0.15864533185958862,0.04349059239029884,0.46135812997817993,0.03543451428413391,0.009686323814094067,0.02028995379805565,0.2710951268672943,0.2710951268672943,0.19026300311088562,disgust
11,"They embroider the richest gold stuffs; and provided they can make their clothes expensive enough, that is all the taste they shew in them.",neutral,0.8367511630058289,0.011778539977967739,0.8367511630058289,0.007289404049515724,0.013111340813338757,0.023300254717469215,0.0021212990395724773,0.1056479811668396,0.1056479811668396,0.7311031818389893,disgust
11,"On other days, the general dress is a scarf, and what you please under it.",neutral,0.8695785999298096,0.004542966838926077,0.8695785999298096,0.01147032342851162,0.009858028031885624,0.015354068018496037,0.006706662476062775,0.08248942345380783,0.08248942345380783,0.7870891764760017,disgust
11,"BUT now I am speaking of Vienna, I am sure you expect I should say something of the convents; they are of all sorts and sizes, but I am best pleased with that of St Lawrence, where the ease and neatness they seem to live with, appears to be much more edifying than those stricter orders, where perpetual penance and nastiness must breed discontent and wretchedness.",neutral,0.26386570930480957,0.23442088067531586,0.26386570930480957,0.2240399718284607,0.004325845744460821,0.016562242060899734,0.005290101282298565,0.25149524211883545,0.25149524211883545,0.012370467185974121,disgust
11,The Nuns are all of quality.,neutral,0.9472035765647888,0.020384177565574646,0.9472035765647888,0.0051514822989702225,0.012285565957427025,0.0051164887845516205,0.0008389744907617569,0.009019886143505573,0.020384177565574646,0.9268193989992142,joy
11,I think there are to the number of fifty.,neutral,0.8939215540885925,0.010445186868309975,0.8939215540885925,0.004244351293891668,0.07928679138422012,0.006512963213026524,0.0021950288210064173,0.003394261933863163,0.07928679138422012,0.8146347627043724,surprise
11,"They have each of them a little cell perfectly clean, the walls of which are covered with pictures more or less fine, according to their quality.",neutral,0.9557218551635742,0.007150197401642799,0.9557218551635742,0.004031188320368528,0.008068826980888844,0.006464086007326841,0.0010090068681165576,0.0175547506660223,0.0175547506660223,0.9381671044975519,disgust
11,"A long white stone gallery runs by all of them, furnished With the pictures of exemplary sisters; the chapel is extremely neat and richly adorned.",joy,0.5078946352005005,0.5078946352005005,0.39011120796203613,0.01233361754566431,0.03343595936894417,0.006746739614754915,0.0028512580320239067,0.04662659019231796,0.39011120796203613,0.11778342723846436,neutral
11,"But I could not forbear laughing at their shewing me a wooden head of our Saviour, which, they assured me, spoke during the siege of Vienna; and, as a proof of it, bid me mark his mouth, which had been open ever since.",disgust,0.7041160464286804,0.07622630149126053,0.1585461050271988,0.008718189783394337,0.0031830582302063704,0.042337145656347275,0.0068731592036783695,0.7041160464286804,0.1585461050271988,0.5455699414014816,neutral
11,Nothing can be more becoming than the dress of these Nuns.,neutral,0.6899179220199585,0.05225824564695358,0.6899179220199585,0.015157613903284073,0.026753516867756844,0.018761957064270973,0.0033905375748872757,0.1937602162361145,0.1937602162361145,0.496157705783844,disgust
11,"It is a white robe, the sleeves of which are turned up with fine white callico (sic), and their head-dress the same, excepting a small veil of black crape that falls behind.",neutral,0.8573018908500671,0.006208743434399366,0.8573018908500671,0.009183937683701515,0.018717510625720024,0.0073479413986206055,0.004039926920086145,0.09720002114772797,0.09720002114772797,0.7601018697023392,disgust
11,"They have a lower sort of serving Nuns, that wait on them as their chambermaids.",neutral,0.9666027426719666,0.002161355223506689,0.9666027426719666,0.004975949879735708,0.0061506289057433605,0.00488769868388772,0.0016724348533898592,0.013549061492085457,0.013549061492085457,0.9530536811798811,disgust
11,"They receive all visits of women, and play at ombre in their chambers, with permission of their abbess, which is very easy to be obtained.",neutral,0.747139573097229,0.09075944870710373,0.747139573097229,0.004439892712980509,0.0070489151403307915,0.03838306665420532,0.0029870946891605854,0.1092420443892479,0.1092420443892479,0.6378975287079811,disgust
11,"I never saw an old woman so good-natured; she is near fourscore, and yet shews very little sign of decay, being still lively and cheerful.",joy,0.7273790836334229,0.7273790836334229,0.14299553632736206,0.0447545163333416,0.0067672086879611015,0.007401675917208195,0.0010583626572042704,0.06964360177516937,0.14299553632736206,0.5843835473060608,neutral
11,"She caressed me as if I had been her daughter, giving me some pretty things of her own work, and sweetmeats in abundance.",neutral,0.8124697804450989,0.06909457594156265,0.8124697804450989,0.011172241531312466,0.013226725161075592,0.010737248696386814,0.002581868087872863,0.08071763068437576,0.08071763068437576,0.7317521497607231,disgust
11,"The grate is not of the most rigid; it is not very hard to put a head through, and I don't doubt but a man, a little  more slender than ordinary, might squeeze in his whole person.",disgust,0.5237999558448792,0.004626130219548941,0.3118746876716614,0.02194102667272091,0.06149287521839142,0.01978341117501259,0.05648181959986687,0.5237999558448792,0.3118746876716614,0.21192526817321777,neutral
11,"The young count of Salamis came to the grate, while I was there, and the abbess gave him her hand to kiss.",disgust,0.9728848338127136,0.003049955703318119,0.005535728298127651,0.004110895562916994,0.0008664658525958657,0.006463116966187954,0.007089029997587204,0.9728848338127136,0.007089029997587204,0.9657958038151264,fear
11,"But I was surprised to find here, the only beautiful young woman I have seen at Vienna, and not only beautiful but genteel, witty, and agreeable, of a great family, and who had been the admiration of the town.",surprise,0.9791570901870728,0.006470798514783382,0.008198454976081848,0.0009970099199563265,0.9791570901870728,0.002189532620832324,0.0011963811703026295,0.001790809677913785,0.008198454976081848,0.9709586352109909,neutral
11,I could not forbear shewing my surprise at seeing a Nun like her.,surprise,0.975640058517456,0.0069747925736010075,0.005076038185507059,0.0017803021473810077,0.975640058517456,0.002844434231519699,0.005691251717507839,0.0019930615089833736,0.0069747925736010075,0.968665265943855,joy
11,"She made me a thousand obliging compliments, and desired me to come often.",joy,0.6244932413101196,0.6244932413101196,0.26895782351493835,0.009681562893092632,0.010378331877291203,0.04809688776731491,0.001609116792678833,0.036783039569854736,0.26895782351493835,0.3555354177951813,neutral
11,"It will be an infinite pleasure to me, (said she, sighing) but I avoid, with the greatest care, seeing any of my former acquaintance, and whenever they come to our convent, I lock myself in my cell.",joy,0.39321568608283997,0.39321568608283997,0.2781135141849518,0.22143730521202087,0.0034815254621207714,0.02151358872652054,0.0229644775390625,0.059273913502693176,0.2781135141849518,0.11510217189788818,neutral
11,"I observed tears come into her eyes, which touched me extremely, and I began to talk to her in that strain of tender pity she inspired me with; but she would not own to me, that she is not perfectly happy.",sadness,0.8644191026687622,0.017863882705569267,0.0664476528763771,0.8644191026687622,0.005265871994197369,0.011036645621061325,0.0008515162626281381,0.034115299582481384,0.0664476528763771,0.7979714497923851,neutral
11,"I have since endeavoured to learn the real cause of her retirement, without being able to get any other account, but that every body was surprised at it, and no body guessed the reason.",surprise,0.9835125803947449,0.002067587338387966,0.006813193205744028,0.0016389365773648024,0.9835125803947449,0.003595115849748254,0.0011327777756378055,0.0012398394756019115,0.006813193205744028,0.9766993871890008,neutral
11,I have been several times to see her; but it gives me too much melancholy to see so agreeable a young creature buried alive.,sadness,0.9790634512901306,0.004117598757147789,0.00871061161160469,0.9790634512901306,0.0023767997045069933,0.0006170640117488801,0.0005793889285996556,0.004535122774541378,0.00871061161160469,0.9703528396785259,neutral
11,"I am not surprised that Nuns have so often inspired violent passions; the pity one naturally feels for them, when they seem worthy of another destiny, making an easy way for yet more tender sentiments.",sadness,0.6320867538452148,0.008759784512221813,0.036708567291498184,0.6320867538452148,0.20943808555603027,0.06813382357358932,0.0011652299435809255,0.04370777681469917,0.20943808555603027,0.42264866828918457,surprise
11,"I never in my life had so little charity for the Roman Catholick (sic) religion, as since I see the misery it occasions; so many poor unhappy women!",sadness,0.9783309698104858,0.0017631499795243144,0.006855532061308622,0.9783309698104858,0.0027026121970266104,0.0025666148867458105,0.001618091599084437,0.006163001526147127,0.006855532061308622,0.9714754377491772,neutral
11,"and then the gross superstition of the common people, who are some or other of them, day and night, offering bits of candle to the wooden figures that are set up almost in every street.",disgust,0.9499123096466064,0.000658725097309798,0.006444493308663368,0.001583302509970963,0.002592876786366105,0.03093506023287773,0.007873277179896832,0.9499123096466064,0.03093506023287773,0.9189772494137287,anger
11,"The processions I see very often, are a pageantry, as offensive, and apparently contradictory to common sense, as the pagods (sic) of China.",disgust,0.8195643424987793,0.001074464526027441,0.017206374555826187,0.0036581787280738354,0.0024236601311713457,0.15257443487644196,0.0034985316451638937,0.8195643424987793,0.15257443487644196,0.6669899076223373,anger
11,"God knows whether it be the _womanly_ spirit of contradiction that works in me; but there never before was such zeal against popery in the heart of, Dear madam, &c. &c.",neutral,0.5182846784591675,0.05670398846268654,0.5182846784591675,0.029456965625286102,0.045724134892225266,0.2664282023906708,0.04252975061535835,0.04087228327989578,0.2664282023906708,0.2518564760684967,anger
12,I DESERVE not all the reproaches you make me.,anger,0.6166315674781799,0.002034717006608844,0.14052587747573853,0.04415114223957062,0.0036433290224522352,0.6166315674781799,0.012529995292425156,0.1804834008216858,0.1804834008216858,0.43614816665649414,disgust
12,"If I have some time without answering your letter, it is not, that I don't know how many thanks are due to you for it; or that I am stupid enough to prefer any amusements to the pleasure of hearing from you; but after the professions of esteem you have so obligingly made me, I cannot help delaying, as long as I can, shewing you that you are mistaken.",neutral,0.42290374636650085,0.01664278283715248,0.42290374636650085,0.129013329744339,0.008568620309233665,0.2674543261528015,0.040497567504644394,0.11491977423429489,0.2674543261528015,0.15544942021369934,anger
12,"If you are sincere, when you say you expect to be extremely entertained by my letters, I ought to be mortified at the disappointment that I am sure you will receive when you hear from me; though I have done my best endeavours to find out something worth writing to you.",disgust,0.49052906036376953,0.019241388887166977,0.025121036916971207,0.3188534677028656,0.0074888356029987335,0.11006387323141098,0.0287023838609457,0.49052906036376953,0.3188534677028656,0.17167559266090393,sadness
12,"I have seen every thing that was to be seen with a very, diligent curiosity.",neutral,0.9238324165344238,0.009124230593442917,0.9238324165344238,0.003887897590175271,0.017355192452669144,0.008174053393304348,0.006090507842600346,0.03153576701879501,0.03153576701879501,0.8922966495156288,disgust
12,"Here are some fine villas, particularly the late prince of Litchtenstein's (sic); but the statues are all modern, and the pictures not of the first hands.",neutral,0.864225447177887,0.01965193822979927,0.864225447177887,0.034350018948316574,0.0605505034327507,0.0042795296758413315,0.003180000465363264,0.013762450776994228,0.0605505034327507,0.8036749437451363,surprise
12,"'Tis true, the emperor has some of great value.",neutral,0.9424554109573364,0.005708201322704554,0.9424554109573364,0.008040697313845158,0.0060294074937701225,0.009400725364685059,0.002130917040631175,0.02623452991247177,0.02623452991247177,0.9162208810448647,disgust
12,"I was yesterday to see the repository, which they call his Treasure, where they seem to have been more diligent in amassing a great quantity of things, than in the choice of them.",neutral,0.7635254263877869,0.023660898208618164,0.7635254263877869,0.007915744557976723,0.18812544643878937,0.005853353999555111,0.0010397281730547547,0.009879347868263721,0.18812544643878937,0.5753999799489975,surprise
12,"I spent above five hours there, and yet there were very few things that stopped me long to consider them.",surprise,0.5754958987236023,0.005749683361500502,0.3849213421344757,0.01034982968121767,0.5754958987236023,0.008508737199008465,0.006919200997799635,0.008055320009589195,0.3849213421344757,0.1905745565891266,neutral
12,"But the number is prodigious, being a very long gallery filled on both sides, and five large rooms.",surprise,0.7408002018928528,0.041745737195014954,0.17058400809764862,0.0029617089312523603,0.7408002018928528,0.017108295112848282,0.005172027740627527,0.021628081798553467,0.17058400809764862,0.5702161937952042,neutral
12,"There is a vast quantity of paintings, amongst which are many fine miniatures; but the most valuable pictures, are a few of Corregio (sic), those of Titian being at the Favorita.",neutral,0.910728394985199,0.015582835301756859,0.910728394985199,0.007265822030603886,0.04779667779803276,0.004288200754672289,0.001677130814641714,0.012660995125770569,0.04779667779803276,0.8629317171871662,surprise
12,THE cabinet of jewels did not appear to me so rich as I expected to see it.,surprise,0.8217936158180237,0.005703505128622055,0.13446137309074402,0.00917794369161129,0.8217936158180237,0.010463742539286613,0.0037439274601638317,0.014655840583145618,0.13446137309074402,0.6873322427272797,neutral
12,"They shewed me here a cup, about the size of a tea dish, of one entire emerald, which they had so particular a respect for, that only the emperor has the liberty of touching it.",neutral,0.6791821122169495,0.00438360869884491,0.6791821122169495,0.009664338082075119,0.023970093578100204,0.02211057022213936,0.005445610731840134,0.25524359941482544,0.25524359941482544,0.423938512802124,disgust
12,"There is a large cabinet full of curiosities of clock-work, only one of which I thought worth observing, that was a craw-fish, with all the motions so natural, that it was hard to distinguish it from the life.",neutral,0.36503151059150696,0.003376713953912258,0.36503151059150696,0.016736021265387535,0.33453527092933655,0.00826943852007389,0.00991875771433115,0.2621322274208069,0.33453527092933655,0.03049623966217041,surprise
12,"THE next cabinet was a large collection of agates, some of them extremely beautiful, and of an uncommon size, and several vases of Lapis Lazuli.",neutral,0.6120981574058533,0.03644714877009392,0.6120981574058533,0.004719091113656759,0.3091171085834503,0.006948854308575392,0.0028235474601387978,0.027846045792102814,0.3091171085834503,0.30298104882240295,surprise
12,"I was surprised to see the cabinet of medals so poorly furnished; I did not remark one of any value, and they are kept in a most ridiculous disorder.",surprise,0.9718918800354004,0.0014034595806151628,0.007589155808091164,0.0023678820580244064,0.9718918800354004,0.007469480391591787,0.0015072728274390101,0.007770797237753868,0.007770797237753868,0.9641210827976465,disgust
12,"As to the antiques, very few of them deserve that name.",neutral,0.7866699695587158,0.004224392119795084,0.7866699695587158,0.05387625843286514,0.06361611932516098,0.03450522571802139,0.0017763307550922036,0.05533166229724884,0.06361611932516098,0.7230538502335548,surprise
12,"Upon my saying they were modern, I could not forbear laughing at the answer of the profound antiquary that shewed them, that _they were ancient enough; for, to his knowledge, they had been there these forty years_.",neutral,0.4846494197845459,0.16119316220283508,0.4846494197845459,0.01852600648999214,0.033126283437013626,0.042642541229724884,0.023114195093512535,0.23674839735031128,0.23674839735031128,0.24790102243423462,disgust
12,"But the next cabinet diverted me yet better, being nothing else but a parcel of wax babies, and toys in ivory, very well worthy to be presented children of five years old.",neutral,0.37117892503738403,0.3025110363960266,0.37117892503738403,0.12351910769939423,0.10626523196697235,0.019508328288793564,0.001984280999749899,0.07503307610750198,0.3025110363960266,0.06866788864135742,joy
12,"Two of the rooms were wholly filled with these trifles of all kinds, set in jewels, amongst which I was desired to observe a crucifix, that they assured me had spoke very wisely to the emperor Leopold.",neutral,0.6228500008583069,0.016886092722415924,0.6228500008583069,0.011039821431040764,0.041967444121837616,0.013945849612355232,0.010117366909980774,0.2831933796405792,0.2831933796405792,0.33965662121772766,disgust
12,I won't trouble you with a catalogue of the rest of the lumber; but I must not forget to mention a small piece of loadstone that held up an anchor of steel too heavy for me to lift.,neutral,0.7920061945915222,0.01271825097501278,0.7920061945915222,0.043231669813394547,0.05819758027791977,0.01875106245279312,0.013917160220444202,0.06117810308933258,0.06117810308933258,0.7308280915021896,disgust
12,This is what I thought most curious in the whole treasure.,surprise,0.9099554419517517,0.004704877734184265,0.0672738179564476,0.0012689911527559161,0.9099554419517517,0.002902582986280322,0.005452470853924751,0.008441771380603313,0.0672738179564476,0.8426816239953041,neutral
12,There are some few heads of ancient statues; but several of them are defaced by modern additions.,neutral,0.6536171436309814,0.0031312210485339165,0.6536171436309814,0.03683377802371979,0.029125357046723366,0.030206823721528053,0.0035932043101638556,0.24349240958690643,0.24349240958690643,0.410124734044075,disgust
12,"I foresee that you will be very little satisfied with this letter, and I dare hardly ask you to be good-natured enough to charge the dulness (sic) of it on the barrenness of the subject, and to overlook the stupidity of,                                       Your, &c. &c.",sadness,0.35081997513771057,0.2666427195072174,0.11608228087425232,0.35081997513771057,0.06977437436580658,0.10137555003166199,0.08023060858249664,0.015074470080435276,0.2666427195072174,0.08417725563049316,joy
13,"I HOPE my dear sister wants no new proofs of my sincere affection for her: but I am sure, if you do, I could not give you a stronger than writing at this time, after three days, or, more properly speaking, three nights and days, hard post-travelling.--The kingdom of Bohemia is the most desert of any I have seen in Germany.",neutral,0.5289623737335205,0.03692984953522682,0.5289623737335205,0.23068882524967194,0.012064431793987751,0.053318288177251816,0.0172540545463562,0.12078220397233963,0.23068882524967194,0.29827354848384857,sadness
13,"The villages are so poor, and the post-houses so miserable, that clean straw and fair water are blessings not always to be met with, and better accommodation not to be hoped for.",sadness,0.8986866474151611,0.0023288880474865437,0.024077942594885826,0.8986866474151611,0.0014630296500399709,0.00527495052665472,0.005390359088778496,0.06277820467948914,0.06277820467948914,0.835908442735672,disgust
13,"Though I carried my own bed with me, I could not sometimes find a place to set it up in; and I rather chose to travel all night, as cold as it is, wrapped up in my furs, than go into the common stoves, which are filled with a mixture of all sorts of ill scents.",disgust,0.7161194682121277,0.006056664511561394,0.15303370356559753,0.07013604044914246,0.002814966719597578,0.017267173156142235,0.034572046250104904,0.7161194682121277,0.15303370356559753,0.5630857646465302,neutral
13,"THIS town was once the royal seat of the Bohemian king, and is still the capital of the kingdom.",neutral,0.9059983491897583,0.011987598612904549,0.9059983491897583,0.013202554546296597,0.02185504324734211,0.011469587683677673,0.003768099704757333,0.03171877935528755,0.03171877935528755,0.8742795698344707,disgust
13,"There are yet some remains of its former splendour, being one of the largest towns in Germany, but, for the most part, old built, and thinly inhabited, which makes the houses very cheap.",neutral,0.8718125224113464,0.07778273522853851,0.8718125224113464,0.011309199035167694,0.007775049190968275,0.004463613498955965,0.0010147512657567859,0.02584216184914112,0.07778273522853851,0.7940297871828079,joy
13,"Those people of quality, who cannot easily bear the expence of Vienna, chuse to reside here, where they have assemblies, music, and all other diversions, (those of a court excepted) at very moderate rates, all things being here in great abundance, especially the best wild-fowl I ever tasted.",neutral,0.697966992855072,0.23365727066993713,0.697966992855072,0.01100944448262453,0.011483103968203068,0.007397251669317484,0.0016410361276939511,0.036844898015260696,0.23365727066993713,0.4643097221851349,joy
13,"I have already been visited by some of the most considerable ladies, whose relations I know at Vienna.",joy,0.851870059967041,0.851870059967041,0.06072511896491051,0.00910906307399273,0.022651255130767822,0.0048982216976583,0.007868110202252865,0.04287813603878021,0.06072511896491051,0.7911449410021305,neutral
13,"They are dressed after the fashions there, after the manner that the people at Exeter imitate those of London; that is, their imitation is more excessive than the original.",neutral,0.6890658736228943,0.004805644974112511,0.6890658736228943,0.008132020011544228,0.024654747918248177,0.025268899276852608,0.004291902761906385,0.2437809556722641,0.2437809556722641,0.4452849179506302,disgust
13,'Tis not easy to describe what extraordinary figures they make.,surprise,0.6391470432281494,0.005034222267568111,0.25502145290374756,0.012919473461806774,0.6391470432281494,0.009755861014127731,0.05816368758678436,0.019958272576332092,0.25502145290374756,0.38412559032440186,neutral
13,"The person is so much lost between head-dress and petticoat, that they have as much occasion to write upon their backs, ""_This is a Woman_,"" for the information of travellers, as ever sign-post painter had to write, _""This is a Bear_.""",neutral,0.784122884273529,0.010196486487984657,0.784122884273529,0.022500349208712578,0.07062651962041855,0.037107545882463455,0.020359862595796585,0.05508643761277199,0.07062651962041855,0.7134963646531105,surprise
13,"I will not forget to write to you again from Dresden and Leipzig, being much more solicitous to content your curiosity, than to indulge my own repose.",joy,0.7741771936416626,0.7741771936416626,0.1355397254228592,0.00660282839089632,0.003679384710267186,0.034257374703884125,0.00806603766977787,0.03767739608883858,0.1355397254228592,0.6386374682188034,neutral
13,"I am, &c.",neutral,0.5486242175102234,0.09043106436729431,0.5486242175102234,0.25931715965270996,0.06395100057125092,0.00836352538317442,0.019875166937708855,0.009437836706638336,0.25931715965270996,0.2893070578575134,sadness
14,"I BELIEVE, dear sister, you will easily forgive my not writing to you from Dresden, as I promised, when I tell you, that I never went out of my chaise from Prague to this place.",joy,0.4642942249774933,0.4642942249774933,0.4069591164588928,0.018807433545589447,0.009623640216886997,0.057854022830724716,0.006571048870682716,0.035890594124794006,0.4069591164588928,0.057335108518600464,neutral
14,"You may imagine how heartily I was tired with twenty-four hours post-travelling, without sleep or refreshment (for I can never sleep in a coach, however fatigued.)",sadness,0.7977620959281921,0.0025471975095570087,0.02948724664747715,0.7977620959281921,0.06891114264726639,0.01738012209534645,0.07569659501314163,0.008215576410293579,0.07569659501314163,0.7220655009150505,fear
14,"We passed, by moon-shine, the frightful precipices that divide Bohemia from Saxony, at the bottom, of which runs the river Elbe; but I cannot say, that I had reason to fear drowning in it, being perfectly convinced, that in case of a tumble, it was utterly impossible to come alive to the bottom.",fear,0.9917880892753601,0.0015362417325377464,0.002266146708279848,0.0016525276005268097,0.001179828541353345,0.0008971189963631332,0.9917880892753601,0.0006800327682867646,0.002266146708279848,0.9895219425670803,neutral
14,"In many places, the road is so narrow, that I could not discern an inch of space between the wheels and the precipice.",fear,0.38131338357925415,0.002594870049506426,0.11933862417936325,0.02460961975157261,0.2884616255760193,0.01672801375389099,0.38131338357925415,0.1669538915157318,0.2884616255760193,0.09285175800323486,surprise
14,"Yet I was so good a wife, as not to wake Mr W----y, who was fast asleep by my side, to make him share in my fears, since the danger was unavoidable, till I perceived, by the bright light of the moon, our postilions nodding on horse-back, while the horses were on a full gallop.",fear,0.9643184542655945,0.0067329611629247665,0.012164397165179253,0.008759167976677418,0.0021313277538865805,0.0034677856601774693,0.9643184542655945,0.002425977261736989,0.012164397165179253,0.9521540571004152,neutral
14,Then indeed I thought it very convenient to call out to desire them to look where they were going.,neutral,0.8140859603881836,0.08056046813726425,0.8140859603881836,0.006721969693899155,0.07285650074481964,0.00908758956938982,0.003792872652411461,0.01289468351751566,0.08056046813726425,0.7335254922509193,joy
14,"My calling waked (sic) Mr W----Y, and he was much more surprised than myself at the situation we were in, and assured me, that he passed the Alps five times in different places, without ever having gone a road so dangerous.",surprise,0.9758595824241638,0.0014783923979848623,0.010750017128884792,0.0016024658689275384,0.9758595824241638,0.005280699115246534,0.0029601871501654387,0.002068678382784128,0.010750017128884792,0.965109565295279,neutral
14,"I have been told since, that 'tis common to find the bodies of travellers in the Elbe; but, thank God, that was not our destiny; and we came safe to Dresden, so much tired with fear and fatigue, it was not possible for me to compose myself to write.",fear,0.9472885727882385,0.006308595649898052,0.012373608537018299,0.02517615258693695,0.0035079943481832743,0.004026502370834351,0.9472885727882385,0.0013185094576328993,0.02517615258693695,0.9221124202013016,sadness
14,"After passing these dreadful rocks, Dresden appeared to me a wonderfully agreeable situation, in a fine large plain on the banks of the Elbe.",fear,0.9233271479606628,0.031826313585042953,0.007787128910422325,0.01138722337782383,0.001972127938643098,0.0018108176300302148,0.9233271479606628,0.021889299154281616,0.031826313585042953,0.8915008343756199,joy
14,I was very glad to stay there a day to rest myself.,joy,0.9855330586433411,0.9855330586433411,0.0037937387824058533,0.0063475691713392735,0.0026592076756060123,0.0005389655707404017,0.00032357400050386786,0.0008038256200961769,0.0063475691713392735,0.9791854894720018,sadness
14,"The town is the neatest I have seen in Germany; most of the houses are new built; the elector's palace is very handsome, and his repository full of curiosities of different kinds, with a collection of medals very much esteemed.",joy,0.77370285987854,0.77370285987854,0.16562996804714203,0.004964989610016346,0.019026122987270355,0.006088061723858118,0.0012226663529872894,0.029365329071879387,0.16562996804714203,0.608072891831398,neutral
14,"Sir ----, our king's envoy, came to see me here, and Madame de L----, whom I knew in London, when her husband was minister to the king of Poland there.",joy,0.5632607936859131,0.5632607936859131,0.21960130333900452,0.04095950722694397,0.026985734701156616,0.012594321742653847,0.005028719548135996,0.13156962394714355,0.21960130333900452,0.34365949034690857,neutral
14,"She offered me all things in her power to entertain me, and brought some ladies with her, whom she presented to me.",neutral,0.35311856865882874,0.3418000638484955,0.35311856865882874,0.00909759197384119,0.013702565804123878,0.08535034209489822,0.0028838401194661856,0.19404703378677368,0.3418000638484955,0.011318504810333252,joy
14,"The Saxon ladies resemble the Austrian no more than the Chinese do those of London; they are very genteelly dressed, after the English and French modes, and have generally pretty faces, but they are the most determined _minaudieres_ in the whole world.",neutral,0.6932063102722168,0.23288938403129578,0.6932063102722168,0.01514409575611353,0.008081560023128986,0.010250738821923733,0.0013169058365747333,0.039111051708459854,0.23288938403129578,0.460316926240921,joy
14,"They would think it a mortal sin against good-breeding, if they either spoke or moved in a natural manner.",disgust,0.8043553233146667,0.0012634453596547246,0.07701330631971359,0.01977522112429142,0.001563191064633429,0.08121094107627869,0.014818587340414524,0.8043553233146667,0.08121094107627869,0.7231443822383881,anger
14,"They all affect a little soft lisp, and a pretty pitty-pat step; which female frailties ought, however, to be forgiven them, in favour of their civility and good nature to strangers, which I have a great deal of reason to praise.",neutral,0.7132563591003418,0.11956218630075455,0.7132563591003418,0.036179590970277786,0.004815389402210712,0.028760481625795364,0.0014112343778833747,0.09601479768753052,0.11956218630075455,0.5936941727995872,joy
14,"THE countess of Cozelle is kept prisoner in a melancholy castle, some leagues from hence; and I cannot forbear telling you what I have heard of her, because it seems to me very extraordinary, though I foresee I shall swell my letter to the size of a pacquet.--She was mistress to the king of Poland, (elector of Saxony) with so absolute a dominion over him, that never any lady had so much power in that court.",sadness,0.9710129499435425,0.00309251737780869,0.008511924184858799,0.9710129499435425,0.009362644515931606,0.001045562094077468,0.0021716265473514795,0.004802820738404989,0.009362644515931606,0.9616503054276109,surprise
14,"They tell a pleasant story of his majesty's first declaration of love, which he made in a visit to her, bringing in one hand a bag of a hundred thousand crowns, and in the other a horse-shoe, which he snapped asunder before her face, leaving her to draw the consequences of such remarkable proofs of strength and liberality.",joy,0.39823994040489197,0.39823994040489197,0.382766991853714,0.006989307701587677,0.00854823924601078,0.03355003148317337,0.001993263838812709,0.16791222989559174,0.382766991853714,0.015472948551177979,neutral
14,"I know not which charmed her most; but she consented to leave her husband, and to give herself up to him entirely, being divorced publicly, in such a manner, as, by their laws, permits either party to marry again.",anger,0.3105732202529907,0.052831780165433884,0.27569228410720825,0.08465117961168289,0.00645824009552598,0.3105732202529907,0.00757190678268671,0.2622213065624237,0.27569228410720825,0.03488093614578247,neutral
14,"God knows whether it was at this time, or in some other fond fit, but 'tis certain, the king had the weakness to make her a formal contract of marriage; which, though it could signify nothing during the life of the queen, pleased her so well, that she could not be contented, without telling it to all the people she saw, and giving herself the airs of a queen.",joy,0.7106292247772217,0.7106292247772217,0.13555750250816345,0.024571457877755165,0.0036008197348564863,0.025348830968141556,0.001383914495818317,0.0989082008600235,0.13555750250816345,0.5750717222690582,neutral
14,"Men endure every thing while they are in love; but when the excess of passion was cooled by long possession, his majesty began to reflect on the ill consequences of leaving such a paper in her hands, and desired to have it restored to him.",disgust,0.49750879406929016,0.01683175191283226,0.23373109102249146,0.21583369374275208,0.002906376961618662,0.021903928369283676,0.011284351348876953,0.49750879406929016,0.23373109102249146,0.2637777030467987,neutral
14,"But she rather chose to endure all the most violent effects of his anger, than give it up; and though she is one of the richest and most avaricious ladies of her country, she has refused the offer of the continuation of a large pension, and the security of a vast sum of money she has amassed; and has, at last, provoked the king to confine her person to a castle, where she endures all the terrors of a strait imprisonment, and remains still inflexible, either to threats or promises.",anger,0.7844973802566528,0.002110969740897417,0.03706154599785805,0.018299950286746025,0.0011764930095523596,0.7844973802566528,0.07670329511165619,0.08015028387308121,0.08015028387308121,0.7043470963835716,disgust
14,"Her violent passions have brought her indeed into fits, which 'tis supposed, will soon put an end to her life.",anger,0.7062192559242249,0.002848308766260743,0.019634371623396873,0.18410901725292206,0.0030017809476703405,0.7062192559242249,0.03551574423909187,0.04867145046591759,0.18410901725292206,0.5221102386713028,sadness
14,"I cannot forbear having some compassion for a woman that suffers for a point of honour, however mistaken, especially in a country where points of honour are not over scrupulously observed among ladies.",disgust,0.5531928539276123,0.019988924264907837,0.2044009417295456,0.03003818169236183,0.002425092039629817,0.16756708920001984,0.022386843338608742,0.5531928539276123,0.2044009417295456,0.3487919121980667,neutral
14,I COULD have wished Mr W----y's business had permitted him a longer stay at Dresden.,sadness,0.6741381883621216,0.015517122112214565,0.25206682085990906,0.6741381883621216,0.029810113832354546,0.007237497717142105,0.005103129427880049,0.016127105802297592,0.25206682085990906,0.4220713675022125,neutral
14,PERHAPS I am partial to a town where they profess the protestant religion; but every thing seemed to me with quite another air of politeness than I have found in other places.,neutral,0.604401171207428,0.2621208429336548,0.604401171207428,0.01057412289083004,0.01160685159265995,0.01296597346663475,0.002280974993482232,0.09605008363723755,0.2621208429336548,0.3422803282737732,joy
14,"Leipzig, where I am at present, is a town very considerable for its trade, and I take this opportunity of buying pages liveries, gold stuffs for myself, &c. all things of that kind being at least double the price at Vienna; partly because of the excessive customs, and partly through want of genius and industry in the people, who make no one sort of thing there; so that the ladies are obliged to send, even for their shoes, out of Saxony.",joy,0.4218541085720062,0.4218541085720062,0.23087003827095032,0.03164523094892502,0.026973143219947815,0.14652599394321442,0.015478517860174179,0.12665286660194397,0.23087003827095032,0.1909840703010559,neutral
14,"The fair here is one of the most considerable in Germany, and the resort of all the people of quality, as well as of the merchants.",joy,0.5900456309318542,0.5900456309318542,0.32518595457077026,0.006299259606748819,0.03907102346420288,0.005812297575175762,0.004987543914467096,0.028598250821232796,0.32518595457077026,0.264859676361084,neutral
14,"This is also a fortified town, but I avoid ever mentioning fortifications, being sensible that I know not how to speak of them.",neutral,0.9349538683891296,0.0018623218638822436,0.9349538683891296,0.007786995731294155,0.007453159894794226,0.008616883307695389,0.010827749036252499,0.028499053791165352,0.028499053791165352,0.9064548145979643,disgust
14,"I am the more easy Under my ignorance, when I reflect that I am sure you'll willingly forgive the omission; for if I made you the most exact description of all the ravelins and bastions I see in my travels, I dare swear you would ask me, What is a ravelin?",anger,0.5043573975563049,0.03540818393230438,0.3001982271671295,0.012475205585360527,0.00631905859336257,0.5043573975563049,0.014293263666331768,0.126948744058609,0.3001982271671295,0.20415917038917542,neutral
14,"and, What is a bastion?",anger,0.515433669090271,0.0023188190534710884,0.02990218997001648,0.013951564207673073,0.21616068482398987,0.515433669090271,0.017914267256855965,0.2043188214302063,0.21616068482398987,0.29927298426628113,surprise
14,"Adieu, my dear sister.",sadness,0.7769653797149658,0.0590263232588768,0.052586235105991364,0.7769653797149658,0.0036649638786911964,0.008384782820940018,0.007322905585169792,0.09204939752817154,0.09204939752817154,0.6849159821867943,disgust
15,"I AM just come to Brunswick, a very old town, but which has the advantage of being the capital of the duke of Wolsenbuttle's dominions, a family (not to speak of its ancient honours) illustrious, by having its younger branch on the throne of England, and having given two empresses to Germany.",neutral,0.47278866171836853,0.38453155755996704,0.47278866171836853,0.027051610872149467,0.09936840832233429,0.004572857171297073,0.00268977927044034,0.008997181430459023,0.38453155755996704,0.08825710415840149,joy
15,"I have not forgot to drink your health here in mum, which I think very well deserves its reputation of being the best in the world.",neutral,0.7123098373413086,0.2325071096420288,0.7123098373413086,0.006434704177081585,0.02097603864967823,0.0118301035836339,0.000960025645326823,0.01498214527964592,0.2325071096420288,0.4798027276992798,joy
15,"This letter is the third I have writ to you during my journey; and I declare to you, that if you don't send me immediately a full and true account of all the changes and chances among our London acquaintance, I will not write you any description of Hanover (where I hope to be to-night) though I know you have more curiosity to hear of that place than any other.",neutral,0.6912528276443481,0.008789068087935448,0.6912528276443481,0.05677587538957596,0.009525320492684841,0.15075767040252686,0.03683958575129509,0.04605971276760101,0.15075767040252686,0.5404951572418213,anger
16,"I RECEIVED your ladyship's letter, but the day before I left Vienna, though, by the date, I ought to have had it much sooner; but nothing was ever worse  regulated than the post in most parts of Germany.",disgust,0.4277511537075043,0.01870913617312908,0.16443076729774475,0.14006376266479492,0.037694692611694336,0.14976836740970612,0.061582230031490326,0.4277511537075043,0.16443076729774475,0.2633203864097595,neutral
16,"I can assure you, the pacquet at Prague was behind my chaise, and in that manner conveyed to Dresden, so that the secrets of half the country were at my mercy, if I had had any curiosity for them.",neutral,0.8947733044624329,0.016324352473020554,0.8947733044624329,0.013916848227381706,0.007403162773698568,0.019144771620631218,0.03055880218744278,0.017878714948892593,0.03055880218744278,0.8642145022749901,fear
16,"I would not longer delay my thanks for yours, though the number of my acquaintances here, and my duty of attending at court, leave me hardly any time to dispose of.",neutral,0.39576563239097595,0.1291010081768036,0.39576563239097595,0.33230236172676086,0.0036678179167211056,0.04053882509469986,0.006516558583825827,0.09210775792598724,0.33230236172676086,0.06346327066421509,sadness
16,"I am extremely pleased that I can tell you, without flattery or partiality, that our young prince [Footnote: The father of his present Majesty.]",joy,0.9849121570587158,0.9849121570587158,0.003496465040370822,0.0021533805411309004,0.0015901352744549513,0.0030643544159829617,0.00047676562098786235,0.004306701011955738,0.004306701011955738,0.9806054560467601,disgust
16,"has all the accomplishments that 'tis possible to have at his age, with an air of sprightliness and understanding, and something so very engaging and easy in his behaviour, that he needs not the advantage of his rank to appear charming.",joy,0.883937656879425,0.883937656879425,0.09340866655111313,0.00733832037076354,0.003457751590758562,0.003792747389525175,0.0012233571615070105,0.006841619964689016,0.09340866655111313,0.7905289903283119,neutral
16,"I had the honour of a long conversation with him last night, before the king came in.",neutral,0.6260051131248474,0.11823158711194992,0.6260051131248474,0.011988530866801739,0.009786946699023247,0.02040291577577591,0.034344688057899475,0.17924024164676666,0.17924024164676666,0.44676487147808075,disgust
16,"His governor retired on purpose (as he told me afterwards) that I might make some judgment of his genius, by hearing him speak without constraint; and I was surprised at the quickness and politeness that appeared in every thing he said; joined to a person perfectly agreeable, and the fine fair hair of the princess.",surprise,0.9828736186027527,0.002025399822741747,0.0069209011271595955,0.0009464749018661678,0.9828736186027527,0.003661488415673375,0.001363814459182322,0.0022083453368395567,0.0069209011271595955,0.9759527174755931,neutral
16,THIS town is neither large nor handsome; but the palace is capable of holding a much greater court than that of St James's.,neutral,0.8632648587226868,0.016950177028775215,0.8632648587226868,0.008999171666800976,0.0862981304526329,0.0038209976628422737,0.0014503701822832227,0.019216272979974747,0.0862981304526329,0.7769667282700539,surprise
16,"The king has had the goodness to appoint us a lodging in one part of it, without which we should have been very ill accommodated; for the vast number of English, crowds the town so much, 'tis very good luck to get one sorry room in a miserable tavern.",sadness,0.9771506786346436,0.0068181827664375305,0.005772689823061228,0.9771506786346436,0.002031525829806924,0.0013911551795899868,0.0016931577119976282,0.005142620764672756,0.0068181827664375305,0.970332495868206,joy
16,"I dined to-day with the Portuguese ambassador, who thinks himself very happy to have two wretched parlours in an inn.",disgust,0.599177360534668,0.1609351933002472,0.0302157923579216,0.19489698112010956,0.0032145418226718903,0.0065390802919864655,0.005021143704652786,0.599177360534668,0.19489698112010956,0.4042803794145584,sadness
16,"I have now made the tour of Germany, and cannot help observing a considerable difference between travelling here and in England.",sadness,0.4966925084590912,0.07827266305685043,0.18548963963985443,0.4966925084590912,0.06706279516220093,0.01795162260532379,0.10608771443367004,0.04844304174184799,0.18548963963985443,0.31120286881923676,neutral
16,"One sees none of those fine seats of noblemen, so common amongst us, nor any thing like a country gentleman's house, though they have many situations perfectly fine.",neutral,0.9167842268943787,0.006405457854270935,0.9167842268943787,0.013014574535191059,0.0116884121671319,0.010781376622617245,0.002083137631416321,0.039242856204509735,0.039242856204509735,0.8775413706898689,disgust
16,"But the whole people are divided into absolute sovereignties, where all the riches and magnificence are at Court, or into communities of merchants, such as Nurenburg (sic) and Frankfort, where they live always in town for the convenience of trade.",neutral,0.9337106943130493,0.00703798234462738,0.9337106943130493,0.009384917095303535,0.01739698275923729,0.014250276610255241,0.0035512191243469715,0.01466789934784174,0.01739698275923729,0.916313711553812,surprise
16,The king's company of French comedians play here every night.,neutral,0.7188670039176941,0.21978817880153656,0.7188670039176941,0.006435333285480738,0.026915306225419044,0.005944097880274057,0.0059438967145979404,0.0161062590777874,0.21978817880153656,0.49907882511615753,joy
16,"They are very well dressed, and some of them not ill actors.",neutral,0.7553215622901917,0.07913688570261002,0.7553215622901917,0.019524667412042618,0.012333272956311703,0.004273278173059225,0.0028999322094023228,0.12651044130325317,0.12651044130325317,0.6288111209869385,disgust
16,His majesty dines and sups constantly in public.,neutral,0.8044602274894714,0.01516235712915659,0.8044602274894714,0.010906253941357136,0.013923493213951588,0.009568163193762302,0.01714780554175377,0.12883174419403076,0.12883174419403076,0.6756284832954407,disgust
16,"The court is very numerous, and his affability and goodness make it one of the most agreeable places in the world.",joy,0.6866702437400818,0.6866702437400818,0.27468374371528625,0.00752959493547678,0.005898934323340654,0.004816018510609865,0.0007468335097655654,0.019654734060168266,0.27468374371528625,0.41198650002479553,neutral
16,"Dear madam, your, &c. &c.",neutral,0.43833670020103455,0.026531122624874115,0.43833670020103455,0.2862423360347748,0.17485353350639343,0.060527995228767395,0.00495122279971838,0.00855712965130806,0.2862423360347748,0.15209436416625977,sadness
17,"I AM very glad, my  dear lady R----, that you have been so well pleased, as you tell me, at the report of my returning to England; though, like other pleasures, I can assure you it has no real foundation.",joy,0.991104245185852,0.991104245185852,0.0020556270610541105,0.0023378997575491667,0.0028448086231946945,0.0008577802800573409,0.00024964017211459577,0.0005499193212017417,0.0028448086231946945,0.9882594365626574,surprise
17,I hope you know me enough to take my word against any report concerning me.,neutral,0.5007681250572205,0.021081479266285896,0.5007681250572205,0.05550665408372879,0.002551265759393573,0.14946596324443817,0.22546705603599548,0.04515945538878441,0.22546705603599548,0.275301069021225,fear
17,"'Tis true, as to distance of place, I am much nearer to London than I was some weeks ago; but, as to the thoughts of a return, I never was farther off in my life.",neutral,0.37727367877960205,0.05148286372423172,0.37727367877960205,0.19230210781097412,0.030175525695085526,0.00676623173058033,0.3308508098125458,0.011148769408464432,0.3308508098125458,0.046422868967056274,fear
17,"I own, I could with great joy indulge the pleasing hopes of seeing you, and the very few others that share my esteem; but while Mr W---- is determined to proceed in his design, I am determined to follow him.",joy,0.9678472280502319,0.9678472280502319,0.010374532081186771,0.010385822504758835,0.0007647099555470049,0.005017217248678207,0.0009336499497294426,0.004676814656704664,0.010385822504758835,0.9574614055454731,sadness
17,"I am running on upon my own affairs, that is to say, I am going to write very dully, as most people do when they write of themselves.",fear,0.6805712580680847,0.005372314248234034,0.10053844749927521,0.04629457741975784,0.002756861736997962,0.03648297116160393,0.6805712580680847,0.12798354029655457,0.12798354029655457,0.5525877177715302,disgust
17,"I will make haste to change the disagreeable subject, by telling you, that I am now got into the region of beauty.",neutral,0.6859066486358643,0.009504338726401329,0.6859066486358643,0.013258254155516624,0.008676913566887379,0.09424557536840439,0.166026771068573,0.02238152176141739,0.166026771068573,0.5198798775672913,fear
17,"All the women have (literally) rosy cheeks, snowy foreheads and bosoms, jet eye-brows, and scarlet lips, to which they generally add coal-black hair.",neutral,0.8886525630950928,0.051900800317525864,0.8886525630950928,0.022013802081346512,0.013191689737141132,0.005858903750777245,0.001084567280486226,0.01729765720665455,0.051900800317525864,0.8367517627775669,joy
17,"Those perfections never leave them, till the hour of their deaths, and have a very fine effect by candle light; but I could wish they were handsome with a little more variety.",neutral,0.7480518817901611,0.03758519887924194,0.7480518817901611,0.12323923408985138,0.056160155683755875,0.004825285170227289,0.01002173125743866,0.020116517320275307,0.12323923408985138,0.6248126477003098,sadness
17,"They resemble one another as much as Mrs Salmon's court of Great Britain, and are in as much danger of melting away, by too near approaching the fire, which they for that reason carefully avoid, though 'tis now such excessive cold weather, that I believe they suffer extremely by that piece of self-denial.",neutral,0.5545939803123474,0.015781361609697342,0.5545939803123474,0.17317943274974823,0.004069412127137184,0.02526332065463066,0.16033262014389038,0.06677988171577454,0.17317943274974823,0.3814145475625992,sadness
17,"The snow is already very deep, and the people begin to slide about in their traineaus.",disgust,0.3201213777065277,0.0038471478037536144,0.31540346145629883,0.06915831565856934,0.04380873590707779,0.06389357149600983,0.18376745283603668,0.3201213777065277,0.31540346145629883,0.004717916250228882,neutral
17,This is a favourite diversion all over Germany.,joy,0.6151371598243713,0.6151371598243713,0.3338811695575714,0.006377893965691328,0.01305628102272749,0.009373774752020836,0.001748270238749683,0.020425396040081978,0.3338811695575714,0.2812559902667999,neutral
17,"They are little machines fixed upon a sledge, that hold a lady and gentleman, and are drawn by one horse.",neutral,0.9266424775123596,0.0032099122181534767,0.9266424775123596,0.0051432945765554905,0.020783593878149986,0.00978852715343237,0.004088341258466244,0.030343856662511826,0.030343856662511826,0.8962986208498478,disgust
17,"The gentleman has the honour of driving, and they move with a prodigious swiftness.",neutral,0.885292649269104,0.02046705037355423,0.885292649269104,0.0027365610003471375,0.016430413350462914,0.03427093103528023,0.006657215766608715,0.03414518013596535,0.03427093103528023,0.8510217182338238,anger
17,"The lady, the horse, and the traineau, are all as fine as they can be made; and when there are many of them together, 'tis a very agreeable show.",joy,0.9286386370658875,0.9286386370658875,0.04381385073065758,0.0069472030736505985,0.0022198359947651625,0.006387532688677311,0.0006346431327983737,0.011358294636011124,0.04381385073065758,0.8848247863352299,neutral
17,"At Vienna, where all pieces of magnificence are carried to excess, there are sometimes machines of this kind, that cost five or six hundred pounds English.",neutral,0.9276363253593445,0.004571299068629742,0.9276363253593445,0.005032720509916544,0.033412788063287735,0.006946084555238485,0.0018890798091888428,0.02051164023578167,0.033412788063287735,0.8942235372960567,surprise
17,"The duke of Wolfenbuttle is now at this court; you know he is nearly related to our king, and uncle to the reigning empress, who is, I believe, the most beautiful princess upon earth.",neutral,0.4292715787887573,0.2179376631975174,0.4292715787887573,0.006526834797114134,0.3231220841407776,0.0070554777048528194,0.004360573831945658,0.011725840158760548,0.3231220841407776,0.10614949464797974,surprise
17,"She is now with child, which is all the consolation of the imperial court, for the loss of the archduke.",sadness,0.6482713222503662,0.24045157432556152,0.0894487053155899,0.6482713222503662,0.006985153537243605,0.0032993387430906296,0.002245094394311309,0.009298804216086864,0.24045157432556152,0.4078197479248047,joy
17,"I took my leave of her the day before I left Vienna, and she began to speak to me with so much grief and tenderness, of the death of that young prince, I had much ado to withhold my tears.",sadness,0.8998010158538818,0.06676337867975235,0.021368971094489098,0.8998010158538818,0.002389727858826518,0.002580390777438879,0.001464526867493987,0.005631997715681791,0.06676337867975235,0.8330376371741295,joy
17,"You know that I am not at all partial to people for their titles; but I own, that I love that charming princess, (if I may use so familiar an expression) and if I had not, I should have been very much moved at the tragical end of an only son, born, after being so long desired, and at length killed by want of good management, weaning him in the beginning of the winter.",joy,0.7220946550369263,0.7220946550369263,0.12748898565769196,0.1275758296251297,0.011818301863968372,0.00501299649477005,0.002020101761445403,0.003989062737673521,0.1275758296251297,0.5945188254117966,sadness
17,"Adieu, dear lady R----; continue to write to me, and believe none of your goodness is lost upon   Your, &c.",neutral,0.40772759914398193,0.10143491625785828,0.40772759914398193,0.32984796166419983,0.019344033673405647,0.061241406947374344,0.062493402510881424,0.017910661175847054,0.32984796166419983,0.0778796374797821,sadness
18,"I RECEIVED your's, dear sister, the very day I left Hanover.",joy,0.55284184217453,0.55284184217453,0.27570536732673645,0.030882827937602997,0.014823190867900848,0.0479000099003315,0.002678921911865473,0.07516788691282272,0.27570536732673645,0.2771364748477936,neutral
18,You may easily imagine I was then in too great a hurry to answer it; but you see I take the first opportunity of doing myself that pleasure.,joy,0.5456146001815796,0.5456146001815796,0.3604443371295929,0.0039824494160711765,0.03792890906333923,0.032793693244457245,0.006184474565088749,0.013051497749984264,0.3604443371295929,0.1851702630519867,neutral
18,"I came here the 15th, very late at night, after a terrible journey, in the worst roads and weather that ever poor traveller suffered.",fear,0.9870433211326599,0.0005250322283245623,0.0010323083261027932,0.0026904717087745667,0.0013847453519701958,0.0016431600088253617,0.9870433211326599,0.005680878646671772,0.005680878646671772,0.9813624424859881,disgust
18,"I have taken this little fatigue merely to oblige the reigning empress, and carry a message from her imperial majesty to the duchess of Blankenburg, her mother, who is a princess of great address and good-breeding, and may be still called a fine woman.",neutral,0.795884907245636,0.11939742416143417,0.795884907245636,0.01513632945716381,0.00488914642482996,0.021195894107222557,0.0016059899935498834,0.041890282183885574,0.11939742416143417,0.6764874830842018,joy
18,"It was so late when I came to this town, I did not think it proper to disturb the duke and duchess with the news of my arrival; so I took up my quarters in a miserable inn: but as soon as I had sent my compliments to their highnesses, they immediately sent me their own coach and six horses, which had however enough to do to draw us up the very high hill on which the castle is situated.",sadness,0.9712490439414978,0.006061313673853874,0.0036246830131858587,0.9712490439414978,0.0012678599450737238,0.0028826582711189985,0.0065904585644602776,0.008324076421558857,0.008324076421558857,0.962924967519939,disgust
18,"The duchess is extremely obliging to me, and this little court is not without its diversions.",neutral,0.7131079435348511,0.0482264906167984,0.7131079435348511,0.011308972723782063,0.005453316494822502,0.06323689967393875,0.0019242871785536408,0.15674203634262085,0.15674203634262085,0.5563659071922302,disgust
18,"The duke taillys (sic) at basset every night; and the duchess tells me, she is so well pleased with my company, that it makes her play less than she used to do.",joy,0.982220470905304,0.982220470905304,0.008010742254555225,0.00299154338426888,0.001745706656947732,0.0019062370993196964,0.0002889056922867894,0.0028363880701363087,0.008010742254555225,0.9742097286507487,neutral
18,"I should find it very difficult to steal time to write, if she was not now at church, where I cannot wait on her, not understanding the language enough to pay my devotions in it.",neutral,0.8357316255569458,0.002438011346384883,0.8357316255569458,0.054576873779296875,0.00781521201133728,0.04002168029546738,0.025759296491742134,0.0336572527885437,0.054576873779296875,0.7811547517776489,sadness
18,"You will not forgive me, if I do not say something of Hanover; I cannot tell you that the town is either large or magnificent.",neutral,0.3645705580711365,0.13043653964996338,0.3645705580711365,0.05028064548969269,0.013327998109161854,0.10983294248580933,0.004685554653406143,0.32686567306518555,0.32686567306518555,0.03770488500595093,disgust
18,"The opera house, which was built by the late elector, is much finer than that of Vienna.",neutral,0.728269636631012,0.11676352471113205,0.728269636631012,0.013364896178245544,0.060812585055828094,0.009986508637666702,0.004745278507471085,0.06605759263038635,0.11676352471113205,0.6115061119198799,joy
18,"I was very sorry that the ill weather did not permit me to see Hernhausen in all its beauty; but in spite of the snow, I thought the gardens very fine.",sadness,0.9635670781135559,0.014208651147782803,0.010180499404668808,0.9635670781135559,0.004650365561246872,0.0007225711597129703,0.003145509632304311,0.0035253330133855343,0.014208651147782803,0.9493584269657731,joy
18,"I was particularly surprised at the vast number of orange trees, much larger than any I have ever seen in England, though this climate is certainly colder.",surprise,0.9817102551460266,0.0019650133326649666,0.008658956736326218,0.0010933937737718225,0.9817102551460266,0.003280336270108819,0.0015231444267556071,0.0017689119558781385,0.008658956736326218,0.9730512984097004,neutral
18,"But I had more reason to wonder that night at the king's table, to see a present from a gentleman of this country, of two large baskets full of ripe oranges and lemons of different sorts, many of which were quite new to me; and what I thought worth all the rest, two ripe ananasses (sic), which, to my taste, are a fruit perfectly delicious.",surprise,0.8774764537811279,0.0709393098950386,0.0336456373333931,0.002328974660485983,0.8774764537811279,0.004892338532954454,0.0030023986473679543,0.0077148983255028725,0.0709393098950386,0.8065371438860893,joy
18,"You know they are naturally the growth of Brazil, and I could not imagine how they came here, but by enchantment.",surprise,0.9177702069282532,0.005108634941279888,0.05754527822136879,0.0014361392240971327,0.9177702069282532,0.00977112166583538,0.004751900210976601,0.0036166829522699118,0.05754527822136879,0.8602249287068844,neutral
18,"Upon inquiry, I learnt that they have brought their stoves to such perfection, they lengthen their summer as long as they please, giving to every plant the degree of heat it would receive from the sun in its native soil.",neutral,0.906767725944519,0.016983460634946823,0.906767725944519,0.01175316609442234,0.008986401371657848,0.017092423513531685,0.0021614907309412956,0.03625529631972313,0.03625529631972313,0.8705124296247959,disgust
18,The effect is very near the same; I am surprised we do not practise (sic) in England so useful an invention.,surprise,0.9832894206047058,0.0015313561307266355,0.007209137547761202,0.0011528752511367202,0.9832894206047058,0.0037156296893954277,0.0011437356006354094,0.0019578966312110424,0.007209137547761202,0.9760802830569446,neutral
18,"This reflection leads me to consider our obstinacy in shaking with cold, five months in the year rather than make use of stoves, which are certainly one of the greatest conveniencies (sic) of life.",fear,0.9776228070259094,0.0017972703790292144,0.011039217002689838,0.003196416888386011,0.0015232883160933852,0.0016592963365837932,0.9776228070259094,0.0031617407221347094,0.011039217002689838,0.9665835900232196,neutral
18,"Besides, they are so far from spoiling the form of a room, that they add very much to the magnificence of it, when they are painted and gilt, as they are at Vienna, or at Dresden, where they are often in the shapes of china jars, statues, or fine cabinets, so naturally represented, that they are not to be distinguished.",neutral,0.6904369592666626,0.016576360911130905,0.6904369592666626,0.008637369610369205,0.01734982058405876,0.016347838565707207,0.004556294996291399,0.24609535932540894,0.24609535932540894,0.44434159994125366,disgust
18,"If ever I return, in defiance to the fashion, you shall certainly see one in the chamber of,     Dear sister, your, &c. I WILL write often, since you desire it: but I must beg you to be a little more particular in your's; you fancy me at forty miles distance, and forget, that, after so long an absence, I can't understand hints.",neutral,0.3019231855869293,0.04429606720805168,0.3019231855869293,0.13803303241729736,0.05159401148557663,0.28096556663513184,0.1293090134859085,0.053879085928201675,0.28096556663513184,0.020957618951797485,anger
19,"I HAVE just received here at Vienna, your ladyship's compliments on my return to England, sent me from Hanover.",joy,0.6114806532859802,0.6114806532859802,0.2629619538784027,0.008274145424365997,0.10507078468799591,0.00834911409765482,0.001820260426029563,0.0020431310404092073,0.2629619538784027,0.3485186994075775,neutral
19,"You see, madam, all things that are asserted with confidence are not absolutely true; and that you have no sort of reason to complain of me for making my designed return a mystery to you, when you say, all the world are informed of it.",neutral,0.5411281585693359,0.004580929409712553,0.5411281585693359,0.022943945601582527,0.020222928375005722,0.27922868728637695,0.015444036573171616,0.11645126342773438,0.27922868728637695,0.261899471282959,anger
19,"You may tell all the world in my name, that they are never so well informed of my affairs as I am myself; that I am very positive I am at this time at Vienna, where the carnival is begun, and all sorts of diversions are carried to the greatest height, except that of masquing (sic), which is never permitted during a war with the Turks.",joy,0.8175252676010132,0.8175252676010132,0.1361914873123169,0.005682539660483599,0.0066432831808924675,0.008022753521800041,0.003560620592907071,0.022373974323272705,0.1361914873123169,0.6813337802886963,neutral
19,"The balls are in public places, where the men pay a gold ducat at entrance, but the ladies nothing.",disgust,0.8288988471031189,0.0036719669587910175,0.12800495326519012,0.0101636853069067,0.003952130675315857,0.021761972457170486,0.0035464430693536997,0.8288988471031189,0.12800495326519012,0.7008938938379288,neutral
19,"I am told, that these houses get sometimes a thousand ducats in a night.",neutral,0.7963985800743103,0.00588662875816226,0.7963985800743103,0.01409284770488739,0.1374501883983612,0.01280415989458561,0.010622738860547543,0.02274496853351593,0.1374501883983612,0.6589483916759491,surprise
19,"They are very magnificently furnished, and the music good, if they had not that detestible (sic) custom of mixing hunting horns with it, that almost deafen the company.",disgust,0.665629506111145,0.03040081262588501,0.22281576693058014,0.007595682982355356,0.0030098820570856333,0.05390230193734169,0.016645973548293114,0.665629506111145,0.22281576693058014,0.4428137391805649,neutral
19,"But that noise is so agreeable here, they never make a concert without them.",neutral,0.7924462556838989,0.12324026972055435,0.7924462556838989,0.02735903672873974,0.008155892603099346,0.00685945013538003,0.0026538055390119553,0.03928527608513832,0.12324026972055435,0.6692059859633446,joy
19,"The ball always concludes with English country dances, to the number of thirty or forty couple, and so ill danced, that there is very little pleasure in them.",neutral,0.5210622549057007,0.13671056926250458,0.5210622549057007,0.1670534461736679,0.013359956443309784,0.009965597651898861,0.006826898083090782,0.1450212597846985,0.1670534461736679,0.3540088087320328,sadness
19,"They know but half a dozen, and they have danced them over and over these fifty years: I would fain have taught them some new ones, but I found it would be some months labour to make them comprehend them.",neutral,0.8786361217498779,0.01451797317713499,0.8786361217498779,0.016001906245946884,0.06863147765398026,0.007542761974036694,0.0034084341023117304,0.011261298321187496,0.06863147765398026,0.8100046440958977,surprise
19,Last night there was an Italian comedy acted at court.,joy,0.7342833280563354,0.7342833280563354,0.12097606807947159,0.005290955305099487,0.04586999863386154,0.008447314612567425,0.005966328550130129,0.07916595041751862,0.12097606807947159,0.6133072599768639,neutral
19,"The scenes were pretty, but the comedy itself such intolerable low farce, without either wit or humour, that I was surprised how all the court could sit there attentively for four hours together.",surprise,0.9686172604560852,0.0033050153870135546,0.008861265145242214,0.001843885169364512,0.9686172604560852,0.005015178583562374,0.0019354531541466713,0.01042200718075037,0.01042200718075037,0.9581952532753348,disgust
19,"No women are suffered to act on the stage, and the men dressed like them, were such awkward figures, they very much added to the ridicule of the spectacle.",disgust,0.8744463324546814,0.0038068401627242565,0.05676746368408203,0.04417921230196953,0.003597012022510171,0.006029980257153511,0.011173260398209095,0.8744463324546814,0.05676746368408203,0.8176788687705994,neutral
19,"What completed the diversion, was the excessive cold, which was so great, I thought I should have died there.",surprise,0.3556002974510193,0.0030062890145927668,0.09649718552827835,0.20452076196670532,0.3556002974510193,0.049827560782432556,0.14764881134033203,0.14289909601211548,0.20452076196670532,0.15107953548431396,sadness
19,"It is now the very extremity of the winter here; the Danube is entirely frozen, and the weather not to be supported without stoves and furs; but, however, the air so clear, almost every body is well, and colds not half so common as in England.",neutral,0.4529501497745514,0.024668013677001,0.4529501497745514,0.22016304731369019,0.0278380885720253,0.09107790887355804,0.03561105206608772,0.1476917266845703,0.22016304731369019,0.2327871024608612,sadness
19,"I am persuaded there cannot be a purer air, nor more wholesome, than that of Vienna.",joy,0.6914510726928711,0.6914510726928711,0.17803898453712463,0.03846895694732666,0.012089329771697521,0.00793155562132597,0.0374557226896286,0.03456439450383186,0.17803898453712463,0.5134120881557465,neutral
19,"The plenty and excellence of all sorts of provisions are greater here than in any place I ever was before, and 'tis not very expensive to keep a splendid table.",joy,0.6722536087036133,0.6722536087036133,0.19532200694084167,0.0859123021364212,0.026210110634565353,0.006989485118538141,0.0029888467397540808,0.010323583148419857,0.19532200694084167,0.4769316017627716,neutral
19,"'Tis really a pleasure to pass through the markets, and see the abundance of what we should think rarities, of fowls and venison, that are daily brought in from Hungary and Bohemia.",joy,0.8393062353134155,0.8393062353134155,0.031525950878858566,0.007883856073021889,0.0067526185885071754,0.004041088744997978,0.00496717169880867,0.10552315413951874,0.10552315413951874,0.7337830811738968,disgust
19,"They want nothing but shell-fish, and are so fond of oysters, that they have them sent from Venice, and eat them very greedily, stink or not stink.",disgust,0.8745729327201843,0.0017375899478793144,0.05324190855026245,0.005345470737665892,0.0013433975400403142,0.05997394025325775,0.0037848225329071283,0.8745729327201843,0.05997394025325775,0.8145989924669266,anger
19,"Thus I obey your commands, madam, in giving you an account of Vienna, though I know you will not be satisfied with it.",anger,0.7088222503662109,0.008201109245419502,0.13934560120105743,0.02348286285996437,0.0016613005427643657,0.7088222503662109,0.0059099565260112286,0.11257673799991608,0.13934560120105743,0.5694766491651535,neutral
19,"You chide me for my laziness, in not telling you a thousand agreeable and surprising things, that you say you are sure I have seen and heard.",joy,0.664434015750885,0.664434015750885,0.17720426619052887,0.0059221601113677025,0.12346301227807999,0.019855275750160217,0.0014466771390289068,0.0076746284030377865,0.17720426619052887,0.48722974956035614,neutral
19,"Upon my Word, madam, 'tis my regard to truth, and not laziness, that I do not entertain you with as many prodigies as other travellers use to divert their readers with.",neutral,0.4512196481227875,0.09696586430072784,0.4512196481227875,0.1486133337020874,0.01490699965506792,0.07467340677976608,0.013240005820989609,0.20038080215454102,0.20038080215454102,0.25083884596824646,disgust
19,"I might easily pick up wonders in every town I pass through, or tell you a long series of popish miracles; but I cannot fancy, that there is any thing new in letting you know that priests will lie, and the mob believe, all the world over.",neutral,0.8856239318847656,0.00443628616631031,0.8856239318847656,0.0035729468800127506,0.05860621854662895,0.02088102698326111,0.010520078241825104,0.016359413042664528,0.05860621854662895,0.8270177133381367,surprise
19,"Then as for news, that you are so inquisitive about, how can it be entertaining to you (that don't know the people) that the prince of ---- has forsaken the countess of ----?",neutral,0.7834987640380859,0.00561627559363842,0.7834987640380859,0.008354168385267258,0.11819807440042496,0.026083294302225113,0.017075350508093834,0.041173990815877914,0.11819807440042496,0.665300689637661,surprise
19,"or that the prince such a one, has an intrigue with the countess such a one?",neutral,0.7828982472419739,0.002623047912493348,0.7828982472419739,0.01792049966752529,0.12017371505498886,0.03236238658428192,0.014660847373306751,0.029361262917518616,0.12017371505498886,0.662724532186985,surprise
19,Would you have me write novels like the countess of D'----?,neutral,0.7999853491783142,0.008318634703755379,0.7999853491783142,0.013400287367403507,0.10279854387044907,0.025136170908808708,0.014163960702717304,0.03619694337248802,0.10279854387044907,0.6971868053078651,surprise
19,"and is it not better to tell you a plain truth,                                That I am, &c.",sadness,0.36789971590042114,0.26012206077575684,0.08754577487707138,0.36789971590042114,0.15170155465602875,0.03832719102501869,0.0868699699640274,0.007533675990998745,0.26012206077575684,0.1077776551246643,joy
20,"I AM now, dear sister, to take leave of you for a long time, and of Vienna for ever; designing to-morrow, to begin my journey through Hungary, in spite of the excessive cold, and deep snows, which are enough to damp a greater courage than I am mistress of.",joy,0.5050970911979675,0.5050970911979675,0.21365219354629517,0.11912879347801208,0.00402223551645875,0.025283081457018852,0.10686547309160233,0.025951087474822998,0.21365219354629517,0.29144489765167236,neutral
20,"But my principles of _passive obedience_, carries me through every thing.",neutral,0.8092634677886963,0.08706124871969223,0.8092634677886963,0.007021366152912378,0.002872133394703269,0.044405676424503326,0.007803382817655802,0.04157263785600662,0.08706124871969223,0.7222022190690041,joy
20,I have had my audience of leave of the empress.,neutral,0.3659878671169281,0.04221705347299576,0.3659878671169281,0.30805182456970215,0.008000558242201805,0.11732618510723114,0.012245414778590202,0.14617107808589935,0.30805182456970215,0.05793604254722595,sadness
20,"His imperial majesty was pleased to be present, when I waited on the reigning empress; and, after a very obliging conversation, both their imperial majesties invited me to take Vienna in my road back; but I have no thoughts of enduring, over again, so great a fatigue.",joy,0.9365330338478088,0.9365330338478088,0.016965068876743317,0.026934068650007248,0.0020851059816777706,0.004691757261753082,0.000679135206155479,0.012111803516745567,0.026934068650007248,0.9095989651978016,sadness
20,I delivered a letter from the duchess of Blankenburg.,joy,0.588277280330658,0.588277280330658,0.1643325686454773,0.07607497274875641,0.021677222102880478,0.09397394210100174,0.0037270986940711737,0.05193696543574333,0.1643325686454773,0.42394471168518066,neutral
20,"I stayed but a few days at that court, though her highness pressed me very much to stay; and when I left her, engaged me to write to her.",anger,0.5050630569458008,0.04493141174316406,0.13570590317249298,0.18390284478664398,0.004289391450583935,0.5050630569458008,0.016697954386472702,0.10940945893526077,0.18390284478664398,0.3211602121591568,sadness
20,"I wrote you a long letter from thence, which I hope you have received, though you don't mention it; but I believe I forgot to tell you one curiosity in all the German courts, which I cannot forbear taking notice of:  All the princes keep favourite dwarfs.",neutral,0.4983299970626831,0.009275700896978378,0.4983299970626831,0.0740240067243576,0.3644571006298065,0.013862743973731995,0.025829395279288292,0.01422110665589571,0.3644571006298065,0.1338728964328766,surprise
20,"The emperor and empress have two of these little monsters, as ugly as devils, especially the female; but they are all bedaubed with diamonds, and stand at her majesty's elbow, in all public places.",disgust,0.9559556245803833,0.0009408037294633687,0.02656153403222561,0.0046935551799833775,0.0014266717480495572,0.007037006784230471,0.0033849510364234447,0.9559556245803833,0.02656153403222561,0.9293940905481577,neutral
20,"The duke of Wolfenbuttle has one, and the duchess of Blankenburg is not without hers, but indeed the most proportionable I ever saw.",neutral,0.9001592397689819,0.01970914751291275,0.9001592397689819,0.005501143168658018,0.05675790458917618,0.0071364277973771095,0.0008255469147115946,0.009910725988447666,0.05675790458917618,0.8434013351798058,surprise
20,"I am told the king of Denmark has so far improved upon this fashion, that his dwarf is his chief minister.",neutral,0.9242965579032898,0.010761481709778309,0.9242965579032898,0.004022716544568539,0.017337016761302948,0.006240397226065397,0.0016805711202323437,0.03566116467118263,0.03566116467118263,0.8886353932321072,disgust
20,"I can assign no reason for their fondness for these pieces of deformity, but the opinion all the absolute princes have, that it is below them to converse with the rest of mankind; and not to be quite alone, they are forced to seek their companions among the refuse of human nature, these creatures being the only part of their court privileged to talk freely to them.",disgust,0.5955235362052917,0.0103116100654006,0.28936612606048584,0.039726629853248596,0.003481080988422036,0.04740624502301216,0.014184813015162945,0.5955235362052917,0.28936612606048584,0.3061574101448059,neutral
20,"I am at present confined to my chamber by a sore throat; and am really glad of the excuse, to avoid seeing people, that I love well enough, to be very much mortified when I think I am going to part with them for ever.",anger,0.7561001181602478,0.013778038322925568,0.0031722404528409243,0.17559902369976044,0.002002978464588523,0.7561001181602478,0.028372757136821747,0.020974893122911453,0.17559902369976044,0.5805010944604874,sadness
20,"'Tis true, the Austrians are not commonly the most polite people in the world, nor the most agreeable.",neutral,0.7970017790794373,0.0190410353243351,0.7970017790794373,0.013609252870082855,0.008224260061979294,0.015215319581329823,0.003016673494130373,0.14389164745807648,0.14389164745807648,0.6531101316213608,disgust
20,"But Vienna is inhabited by all nations, and I had formed to myself a little society of such as were perfectly to my own taste.",neutral,0.9264525175094604,0.021503282710909843,0.9264525175094604,0.009585336782038212,0.013929122127592564,0.008524537086486816,0.0037853079847991467,0.016219906508922577,0.021503282710909843,0.9049492347985506,joy
20,"And though the number was not very great, I could never pick up, in any other place, such a number of reasonable, agreeable people.",neutral,0.7022494673728943,0.1241338849067688,0.7022494673728943,0.036542363464832306,0.09571893513202667,0.007579789496958256,0.006263406481593847,0.027512168511748314,0.1241338849067688,0.5781155824661255,joy
20,"We were almost always together, and you know I have ever been of opinion, that a chosen conversation, composed of a few that one esteems, is the greatest happiness of life.",neutral,0.7613893151283264,0.19451986253261566,0.7613893151283264,0.008286395110189915,0.009528491646051407,0.00794211309403181,0.001371403457596898,0.016962498426437378,0.19451986253261566,0.5668694525957108,joy
20,"Here are some Spaniards of both sexes, that have all the vivacity and generosity of sentiments anciently ascribed to their nation; and could I believe that the whole kingdom were like them, I would with nothing more than to end my days there.",neutral,0.8181330561637878,0.0614536888897419,0.8181330561637878,0.011665763333439827,0.04552914574742317,0.03746333718299866,0.0018461253494024277,0.023908916860818863,0.0614536888897419,0.7566793672740459,joy
20,"The ladies of my acquaintance have so much goodness for me, they cry whenever they see me, since I have determined to undertake this journey.",sadness,0.9164206981658936,0.02767776884138584,0.0379176065325737,0.9164206981658936,0.006868673022836447,0.0014519875403493643,0.003734869183972478,0.0059283082373440266,0.0379176065325737,0.8785030916333199,neutral
20,"And, indeed, I am not very easy when I reflect on what I am going to suffer.",sadness,0.8417897820472717,0.005214371718466282,0.061031583696603775,0.8417897820472717,0.0038931441958993673,0.003530095098540187,0.056196242570877075,0.02834477834403515,0.061031583696603775,0.780758198350668,neutral
20,Almost every body I see frights me with some new difficulty.,neutral,0.43093401193618774,0.005474038887768984,0.43093401193618774,0.038991257548332214,0.03272055462002754,0.08449491113424301,0.25923582911491394,0.14814937114715576,0.25923582911491394,0.1716981828212738,fear
20,"Prince Eugene has been so good as to say all the things he could, to persuade me to stay till the Danube is thawed, that I may have the conveniency of going by water; assuring me, that the houses in Hungary are such, as are no defence against the weather; and that I shall be obliged to travel three or four days between Buda and Essek, without finding any house at all, through desert plains covered with snow; where the cold is so violent, many have been killed by it.",anger,0.8983296155929565,0.0013053269358351827,0.0058169132098555565,0.012337404303252697,0.0015317846555262804,0.8983296155929565,0.04230514541268349,0.03837382420897484,0.04230514541268349,0.8560244701802731,fear
20,"I own these terrors have made a very deep impression on my mind, because I believe he tells me things truly as they are, and no body can be better informed of them.",fear,0.8219029903411865,0.002793044550344348,0.11083639413118362,0.018242444843053818,0.014989512972533703,0.006620252039283514,0.8219029903411865,0.024615416303277016,0.11083639413118362,0.7110665962100029,neutral
20,"NOW I have named that great man, I am sure you expect I should say Something particular of him, having the advantage of seeing him very often; but I am as unwilling to speak of him at Vienna, as I should be to talk of Hercules in the court of Omphale, if I had seen him there.",disgust,0.31814688444137573,0.010497234761714935,0.29694193601608276,0.09531193971633911,0.016788192093372345,0.02826717495918274,0.23404666781425476,0.31814688444137573,0.29694193601608276,0.02120494842529297,neutral
20,"I don't know what comfort other people find in considering the weakness of great men, (because, perhaps, it brings them nearer to their level) but 'tis always a mortification to me, to observe that there is no perfection in humanity.",sadness,0.4633626341819763,0.016356222331523895,0.038829535245895386,0.4633626341819763,0.006306997500360012,0.007707872893661261,0.05769669637084007,0.40974006056785583,0.40974006056785583,0.05362257361412048,disgust
20,"The young prince of Portugal is the admiration of the whole court; he is handsome and polite, with a great vivacity.",disgust,0.40125903487205505,0.3048085570335388,0.25754448771476746,0.007160074543207884,0.008561939001083374,0.018881285563111305,0.0017846296541392803,0.40125903487205505,0.3048085570335388,0.09645047783851624,joy
20,All the officers tell wonders of his gallantry the last campaign.,neutral,0.45073482394218445,0.03701801970601082,0.45073482394218445,0.019175034016370773,0.4409332573413849,0.006553863640874624,0.010261922143399715,0.035323113203048706,0.4409332573413849,0.00980156660079956,surprise
20,"He is lodged at court with all the honours due to his rank.--Adieu, dear sister: this is the last account you will have from me of Vienna.",neutral,0.490525484085083,0.02951028011739254,0.490525484085083,0.2396053969860077,0.07007011771202087,0.12073364853858948,0.037531230598688126,0.01202390156686306,0.2396053969860077,0.2509200870990753,sadness
20,"If I survive my journey, you shall hear from me again.",joy,0.7637661695480347,0.7637661695480347,0.16813543438911438,0.029615260660648346,0.006752945948392153,0.005273583345115185,0.02249905653297901,0.003957515582442284,0.16813543438911438,0.5956307351589203,neutral
20,"I can say, with great truth, in the words of Moneses (sic), _I have long learnt to hold myself as nothing_; but when I think of the fatigue my poor infant must suffer, I have all a mother's fondness in my eyes, and all her tender passions in my heart.",sadness,0.45114022493362427,0.41771259903907776,0.10125987976789474,0.45114022493362427,0.005024741869419813,0.004619983956217766,0.0034980971831828356,0.016744475811719894,0.41771259903907776,0.03342762589454651,joy
20,_P.,neutral,0.8903363347053528,0.008396734483540058,0.8903363347053528,0.028651410713791847,0.05748699977993965,0.008005212992429733,0.0014623007737100124,0.005661037750542164,0.05748699977993965,0.8328493349254131,surprise
20,"S._ I have written a letter to my lady ----, that I believe she won't like; and, upon cooler reflection, I think I had done better to have let it alone; but I was downright peevish at all her questions, and her ridiculous imagination, that I have certainly seen abundance of wonders which I keep to myself out of mere malice.",anger,0.3099420964717865,0.03392776474356651,0.3004639446735382,0.04109843820333481,0.05512896180152893,0.3099420964717865,0.010721322149038315,0.2487175017595291,0.3004639446735382,0.009478151798248291,neutral
20,She is very angry that I won't lie like other travellers.,anger,0.9637150764465332,0.0007137549691833556,0.01398443803191185,0.0035083924885839224,0.003598702372983098,0.9637150764465332,0.0061030215583741665,0.008376550860702991,0.01398443803191185,0.9497306384146214,neutral
20,"I verily believe she expects I should tell her of the _Anthropophagi_, men whose heads grow below their shoulders; however, pray say Something to pacify her.",neutral,0.7582888603210449,0.1524198204278946,0.7582888603210449,0.02349688671529293,0.020055832341313362,0.018024545162916183,0.014866636134684086,0.012847407720983028,0.1524198204278946,0.6058690398931503,joy
21,"I HAVE not time to answer your letter, being in the hurry of preparing for my journey; but, I think, I ought to bid adieu to my friends with the same solemnity as if I was going to mount a breach, at least, if I am to believe the information of the people here, who denounce all sorts of terrors to me; and, indeed, the weather is at present such, as very few ever set out in.",neutral,0.2906462848186493,0.18593822419643402,0.2906462848186493,0.15219877660274506,0.001979994820430875,0.034673210233449936,0.22427134215831757,0.11029215902090073,0.22427134215831757,0.06637494266033173,fear
21,"I am threatened at the same time, with being frozen to death, buried in the snow, and taken by the Tartars, who ravage that part of Hungary I am to pass.",fear,0.9937047362327576,0.0007730002980679274,0.000982457771897316,0.0014570720959454775,0.000519361172337085,0.001922155381180346,0.9937047362327576,0.0006412426009774208,0.001922155381180346,0.9917825808515772,anger
21,"'Tis true, we shall have a considerable _escorte_ (sic), so that possibly I may be diverted with a new scene, by finding myself in the midst of a battle.",neutral,0.723454475402832,0.008663518354296684,0.723454475402832,0.1025729700922966,0.03725837916135788,0.03310840576887131,0.0773145779967308,0.017627714201807976,0.1025729700922966,0.6208815053105354,sadness
21,"How my adventures will conclude, I leave entirely to Providence; if comically, you shall hear of them.--Pray be so good as to tell Mr ---- I have received his letter.",joy,0.935412585735321,0.935412585735321,0.03448937460780144,0.01854095421731472,0.005717213731259108,0.0021643952932208776,0.0014464192790910602,0.002229101490229368,0.03448937460780144,0.9009232111275196,neutral
21,"Make him my adieus; if I live, I will answer it.",neutral,0.7995445728302002,0.007431847043335438,0.7995445728302002,0.020170539617538452,0.006302654277533293,0.12284839153289795,0.021213039755821228,0.022488916292786598,0.12284839153289795,0.6766961812973022,anger
21,The same compliment to my lady R----.,disgust,0.7493245601654053,0.006248353514820337,0.1504683941602707,0.011613775976002216,0.011496865190565586,0.068649522960186,0.0021984975319355726,0.7493245601654053,0.1504683941602707,0.5988561660051346,neutral
22,"AT length, dear sister I am safely arrived, with all my family, in good health, at Peterwaradin; having suffered so little from the rigour of the season, (against which we were well provided by furs) and found such tolerable accommodation every where, by the care of sending before, that I can hardly forbear laughing, when I recollect all the frightful ideas that were given me of this journey.",fear,0.9773268103599548,0.013456003740429878,0.004075432661920786,0.002220860216766596,0.0012232438893988729,0.0009439114364795387,0.9773268103599548,0.0007537829806096852,0.013456003740429878,0.963870806619525,joy
22,"These, I see, were wholly owing to the tenderness of my Vienna friends, and their desire of keeping me with them for this winter.",joy,0.8183533549308777,0.8183533549308777,0.12263995409011841,0.011738752946257591,0.004611842799931765,0.010328610427677631,0.0006530285463668406,0.03167455643415451,0.12263995409011841,0.6957134008407593,neutral
22,"Perhaps it will not be disagreeable to you, to give a short journal of my journey, being through a country entirely unknown to you, and very little passed, even by the Hungarians themselves, who generally chuse to take the conveniency of going down the Danube.",neutral,0.5440052151679993,0.015186629258096218,0.5440052151679993,0.027029069140553474,0.003612885484471917,0.05839608237147331,0.0036687462124973536,0.3481013774871826,0.3481013774871826,0.19590383768081665,disgust
22,"We have had the blessing of being favoured with finer weather than is common at this time of the year; though the snow was so deep, we were obliged to have our own coaches fixed upon traineaus, which move so swift and so easily, 'tis by far the most agreeable manner of travelling post.",joy,0.4376322627067566,0.4376322627067566,0.3652087450027466,0.01370805874466896,0.03891919553279877,0.028156792744994164,0.10945282876491547,0.006922079250216484,0.3652087450027466,0.07242351770401001,neutral
22,"We came to Raab (the second day from Vienna) on the seventeenth instant, where Mr W---- sending word of our arrival to the governor, the best house in the town was provided for us, the garrison put under arms, a guard ordered at our door, and all other honours paid to us.",joy,0.45431196689605713,0.45431196689605713,0.15184105932712555,0.006952935364097357,0.039200980216264725,0.12540940940380096,0.01934388466179371,0.20293974876403809,0.20293974876403809,0.25137221813201904,disgust
22,"The governor, and all other officers immediately waited on Mr W----, to know if there was any thing to be done for his service.",neutral,0.9521300196647644,0.004454702138900757,0.9521300196647644,0.007856319658458233,0.01006238255649805,0.008684318512678146,0.00992710143327713,0.0068851662799716,0.01006238255649805,0.9420676371082664,surprise
22,"The bishop of Temeswar came to visit us, with great civility, earnestly pressing us to dine with him next day; which we refusing, as being resolved to pursue our journey, he sent us several baskets of winter fruit, and a great variety of Hungarian wines, with a young hind just killed.",joy,0.6452601552009583,0.6452601552009583,0.07639002799987793,0.017502620816230774,0.004159647040069103,0.0629049763083458,0.003494534408673644,0.19028806686401367,0.19028806686401367,0.4549720883369446,disgust
22,"This is a prelate of great power in this country, of the ancient family of Nadasti, so considerable for many ages, in this kingdom.",neutral,0.5792248845100403,0.005451931152492762,0.5792248845100403,0.006016070954501629,0.1579190492630005,0.0207968782633543,0.003211402567103505,0.22737973928451538,0.22737973928451538,0.3518451452255249,disgust
22,"He is a very polite, agreeable, cheerful old man, wearing the Hungarian habit, with a venerable white beard down to his girdle.--Raab is a strong town, well garrisoned and fortified, and was a long time the frontier town between the Turkish and German empires.",joy,0.9051079154014587,0.9051079154014587,0.04694347083568573,0.008790758438408375,0.0019412353867664933,0.005652850028127432,0.0010748509084805846,0.0304888766258955,0.04694347083568573,0.858164444565773,neutral
22,"It has its name from the River Rab, on which it is situated, just on its meeting with the Danube, in an open champaign (sic) country.",neutral,0.9294286966323853,0.01225410494953394,0.9294286966323853,0.009533768519759178,0.032831814140081406,0.0060351514257490635,0.0037422075401991606,0.006174236070364714,0.032831814140081406,0.8965968824923038,surprise
22,"It was first taken by the Turks, under the command of bassa Sinan, in the reign of sultan Amurath III.",neutral,0.7823646664619446,0.038644272834062576,0.7823646664619446,0.0134101128205657,0.053077515214681625,0.03064173273742199,0.060558196157217026,0.021303454414010048,0.060558196157217026,0.7218064703047276,fear
22,in the year fifteen hundred and ninety-four.,neutral,0.3102279305458069,0.290914386510849,0.3102279305458069,0.09128928929567337,0.06526093184947968,0.08473608642816544,0.1410905420780182,0.016480764374136925,0.290914386510849,0.019313544034957886,joy
22,"The governor, being supposed to have betrayed it, was afterwards beheaded by the emperor's command.",disgust,0.6060158014297485,0.000983352423645556,0.011764632537961006,0.06907577812671661,0.001967895310372114,0.304095059633255,0.006097409408539534,0.6060158014297485,0.304095059633255,0.30192074179649353,anger
22,"The counts of Swartzenburg; and Palsi retook it by surprise, 1598; since which time it has remained in the hands of the Germans, though the Turks once more attempted to gain it by stratagem in 1642.",surprise,0.9446027278900146,0.008024460636079311,0.026465395465493202,0.003538520773872733,0.9446027278900146,0.010117546655237675,0.005923268850892782,0.0013280789135023952,0.026465395465493202,0.9181373324245214,neutral
22,"The cathedral is large and well built, which is all I saw remarkable in the town.",surprise,0.7991285920143127,0.042313892394304276,0.11336853355169296,0.003519507125020027,0.7991285920143127,0.0034454530104994774,0.019042979925870895,0.019181009382009506,0.11336853355169296,0.6857600584626198,neutral
22,"Leaving Comora on the other side the river, we went the eighteenth to Nosmuhl, a small village, where however, we made shift to find tolerable accommodation.",neutral,0.3008863627910614,0.14098116755485535,0.3008863627910614,0.02339761145412922,0.005031632725149393,0.03517226502299309,0.25369712710380554,0.2408338487148285,0.25369712710380554,0.04718923568725586,fear
22,"We continued two days travelling between this place and Buda, through the finest plains in the world, as even as if they were paved, and extremely fruitful; but for the most part desert and uncultivated, laid waste by the long wars between the Turk and the Emperor; and the more cruel civil war, occasioned by the barbarous persecution of the protestant religion by the emperor Leopold.",disgust,0.9314290285110474,0.0009393731597810984,0.003730969037860632,0.006414851639419794,0.000750203151255846,0.05321119725704193,0.0035244959872215986,0.9314290285110474,0.05321119725704193,0.8782178312540054,anger
22,"That prince has left behind him the character of an extraordinary piety, and was naturally of a mild merciful temper; but, putting his conscience into the hands of a Jesuit, he was more cruel and treacherous to his poor Hungarian subjects, than ever the Turk has been to the Christians; breaking, without scruple his coronation oath, and his faith, solemnly given in many public treaties.",disgust,0.5500089526176453,0.0021517297718673944,0.017012812197208405,0.01882961206138134,0.001059548812918365,0.39366278052330017,0.01727457344532013,0.5500089526176453,0.39366278052330017,0.1563461720943451,anger
22,"Indeed, nothing can be more melancholy than in travelling through Hungary, to reflect on the former flourishing state of that kingdom, and to see such a noble spot of earth almost uninhabited.",sadness,0.9762853384017944,0.006495586596429348,0.009539170190691948,0.9762853384017944,0.0025517228059470654,0.0005523331346921623,0.0006347758462652564,0.003941038623452187,0.009539170190691948,0.9667461682111025,neutral
22,"Such are also the present circumstances of Buda (where we arrived very early the twenty-second) once the royal seat of the Hungarian kings, whose palace was reckoned one of the most beautiful buildings of the age, now wholly destroyed, no part of the town having been repaired since the last siege, but the fortifications and the castle, which is the present residence of the governor general Ragule, an officer of great merit.",disgust,0.6345224976539612,0.011634986847639084,0.02416994795203209,0.050809357315301895,0.04451934993267059,0.21928204596042633,0.01506184320896864,0.6345224976539612,0.21928204596042633,0.41524045169353485,anger
22,"He came immediately to see us, and carried us in his coach to his house, where I was received by his lady with all possible civility, and magnificently entertained.",joy,0.780653178691864,0.780653178691864,0.08655131608247757,0.005564463324844837,0.003298175521194935,0.017843974754214287,0.0011816774494946003,0.10490720719099045,0.10490720719099045,0.6757459715008736,disgust
22,This city is situated upon a little hill on the south side of the Danube.,fear,0.35521021485328674,0.043065693229436874,0.30019164085388184,0.028850119560956955,0.11690499633550644,0.02851085551083088,0.35521021485328674,0.1272665113210678,0.30019164085388184,0.05501857399940491,neutral
22,"The castle is much higher than the town, and from it the prospect is very noble.",joy,0.8807709813117981,0.8807709813117981,0.07247613370418549,0.008936505764722824,0.0035054697655141354,0.00608693016692996,0.003834465052932501,0.02438945882022381,0.07247613370418549,0.8082948476076126,neutral
22,"Without the walls ly (sic) a vast number of little houses, or rather huts, that they call the Rascian town, being altogether inhabited by that people.",neutral,0.47847267985343933,0.009141172282397747,0.47847267985343933,0.03776797279715538,0.04838233441114426,0.03371647000312805,0.043986015021800995,0.3485333323478699,0.3485333323478699,0.12993934750556946,disgust
22,"The governor assured me, it would furnish twelve thousand fighting men.",neutral,0.5552728772163391,0.37814369797706604,0.5552728772163391,0.016258833929896355,0.0103753125295043,0.014794197864830494,0.005130769219249487,0.020024273544549942,0.37814369797706604,0.17712917923927307,joy
22,"These towns look very odd; their houses stand in rows, many thousands of them so close together, that they appear, at a little distance, like old-fashioned thatched tents.",disgust,0.5115674138069153,0.002756913425400853,0.3485569655895233,0.013201192952692509,0.0604553185403347,0.008682970888912678,0.05477924272418022,0.5115674138069153,0.3485569655895233,0.16301044821739197,neutral
22,"They consist, every one of them, of one hovel above, and another under ground; these are their summer and winter apartments.",neutral,0.953536331653595,0.002596980659291148,0.953536331653595,0.006104141939431429,0.02264483831822872,0.005271805915981531,0.0016675267834216356,0.008178421296179295,0.02264483831822872,0.9308914933353662,surprise
22,"Buda was first taken by Solyman the Magnificent, in 1526, and lost the following year to Ferdinand I, king of Bohemia.",sadness,0.7225481271743774,0.01568731851875782,0.0775223895907402,0.7225481271743774,0.013443680480122566,0.07538296282291412,0.045803844928741455,0.04961171746253967,0.0775223895907402,0.6450257375836372,neutral
22,"Solyman regained it by the treachery of the garrison, and voluntarily gave it into the hands of king John of Hungary; after whose death, his son being an infant, Ferdinand laid siege to it, and the queen mother was forced to call Solyman to her aid.",anger,0.7598767876625061,0.0027639379259198904,0.01683581806719303,0.013331668451428413,0.0012846996542066336,0.7598767876625061,0.060274988412857056,0.14563214778900146,0.14563214778900146,0.6142446398735046,disgust
22,"He indeed raised the siege, but left a Turkish garrison in the town, and commanded her to remove her court from thence, which she was forced to submit to, in 1541.",disgust,0.5556583404541016,0.002418631687760353,0.052259866148233414,0.021485887467861176,0.001897152396850288,0.3552178144454956,0.011062257923185825,0.5556583404541016,0.3552178144454956,0.20044052600860596,anger
22,"It resisted afterwards the sieges laid to it by the marquis of Brandenburg, in the year 1542; count Schwartzenburg, in 1598; General Rosworm, in 1602; and the duke of Lorrain, commander of the emperor's forces, in 1684, to whom it yielded, in 1686, after an obstinate defence, Apti Bassa, the governor, being killed, fighting in the breach with a Roman bravery.",anger,0.7049806714057922,0.0024087512865662575,0.015383563004434109,0.024146288633346558,0.0024524701293557882,0.7049806714057922,0.04455332085490227,0.20607492327690125,0.20607492327690125,0.498905748128891,disgust
22,"The loss of this town was so important, and so much resented by the Turks, that it occasioned the deposing of their emperor Mahomet IV.",anger,0.5925093293190002,0.0032544643618166447,0.04134153574705124,0.15385781228542328,0.0022648689337074757,0.5925093293190002,0.02298595942556858,0.18378600478172302,0.18378600478172302,0.4087233245372772,disgust
22,the year following.,neutral,0.6878259778022766,0.10736549645662308,0.6878259778022766,0.052996400743722916,0.08777003735303879,0.017160149291157722,0.03380293771624565,0.013079021126031876,0.10736549645662308,0.5804604813456535,joy
22,"WE did not proceed on our journey till the twenty-third, when we passed through Adam and Todowar, both considerable towns, when in the hands of the Turks, but now quite ruined.",sadness,0.5733216404914856,0.005659676622599363,0.05018134042620659,0.5733216404914856,0.029209773987531662,0.08128074556589127,0.09331778436899185,0.16702908277511597,0.16702908277511597,0.40629255771636963,disgust
22,"The remains, however, of some Turkish towns, shew something of what they have been.",neutral,0.7768064737319946,0.002754718065261841,0.7768064737319946,0.01797454059123993,0.0187972541898489,0.016459453850984573,0.00913300458341837,0.1580745428800583,0.1580745428800583,0.6187319308519363,disgust
22,"This part of the country is very much overgrown with wood, and little frequented.",disgust,0.47804343700408936,0.003537786193192005,0.41906628012657166,0.028251908719539642,0.012281426228582859,0.04157320037484169,0.01724597066640854,0.47804343700408936,0.41906628012657166,0.0589771568775177,neutral
22,"'Tis incredible what vast numbers of wild-fowl we saw, which often live here to a good old age,--and _undisturb'd by guns, in quiet sleep_.--We came the five and twentieth, to Mohatch, and were shewed the field near it, where Lewis, the young king of Hungary lost his army and his life, being drowned in a ditch, trying to fly from Balybeus, general of Solyman the Magnificent.",fear,0.3207830488681793,0.004951587412506342,0.036623358726501465,0.1887040138244629,0.22272469103336334,0.04418284073472023,0.3207830488681793,0.18203040957450867,0.22272469103336334,0.09805835783481598,surprise
22,"This battle opened the first passage for the Turks into the heart of Hungary.--I don't name to you the little villages, of which I can say nothing remarkable; but I'll assure you, I have always found a warm stove, and great plenty, particularly of wild boar, venison, and all kinds of _gibier_.",neutral,0.38461142778396606,0.18057528138160706,0.38461142778396606,0.014210748486220837,0.04922092705965042,0.03711795061826706,0.03375789523124695,0.30050578713417053,0.30050578713417053,0.08410564064979553,disgust
22,"The few people that inhabit Hungary, live easily enough; they have no money, but the woods and plains afford them provision in great abundance; they were ordered to give us all things necessary, even what horses we pleased to demand, _gratis_; but Mr W----y would not oppress the poor country people, by making use of this order, and always paid them to the full worth of what we had.",neutral,0.5951404571533203,0.08619213849306107,0.5951404571533203,0.025049731135368347,0.008053766563534737,0.15844029188156128,0.004927121568471193,0.1221964955329895,0.15844029188156128,0.43670016527175903,anger
22,"They were so surprised at this unexpected generosity, which they are very little used to, that they always pressed upon us, at parting, a dozen of fat pheasants, or something of that sort, for a present.",surprise,0.974939227104187,0.003337361617013812,0.012709153816103935,0.001142102642916143,0.974939227104187,0.00491113169118762,0.001083579147234559,0.0018774396739900112,0.012709153816103935,0.9622300732880831,neutral
22,"Their dress is very primitive, being only a plain sheep's skin, and a cap and boots of the same stuff.",disgust,0.6808235049247742,0.0009956629946827888,0.2618893086910248,0.009516453370451927,0.010775279253721237,0.028190117329359055,0.007809651084244251,0.6808235049247742,0.2618893086910248,0.4189341962337494,neutral
22,You may easily imagine this lasts them many winters; and thus they have very little occasion for money.,neutral,0.9606516361236572,0.007434434723109007,0.9606516361236572,0.007876621559262276,0.01562821865081787,0.0037775069940835238,0.0012123066699132323,0.00341931008733809,0.01562821865081787,0.9450234174728394,surprise
22,"The twenty-sixth, we passed over the frozen Danube, with all our equipage and carriages.",neutral,0.6179896593093872,0.00902538187801838,0.6179896593093872,0.00904582068324089,0.054147347807884216,0.04483586922287941,0.2213524729013443,0.04360342025756836,0.2213524729013443,0.3966371864080429,fear
22,"We met on the other side general Veterani, who invited us, with great civility, to pass the night at a little castle of his, a few miles off, assuring us we should have a very hard day's journey to reach Essek.",neutral,0.6890332102775574,0.1631675809621811,0.6890332102775574,0.012093923054635525,0.0034432511311024427,0.02318659797310829,0.007705925032496452,0.10136942565441132,0.1631675809621811,0.5258656293153763,joy
22,"This we found but too true, the woods being very dangerous, and scarce passable, from the vast quantity of wolves that hoard in them.",fear,0.5184500813484192,0.0026583741419017315,0.1067718118429184,0.018354779109358788,0.0052568065002560616,0.08236972242593765,0.5184500813484192,0.26613837480545044,0.26613837480545044,0.25231170654296875,disgust
22,"We came, however, safe, though late to Essek, where we stayed a day, to dispatch a courier with letters to the bassa of Belgrade; and I took that opportunity of seeing the town, which is not very large, but fair built, and well fortified.",joy,0.562812089920044,0.562812089920044,0.14424508810043335,0.012155206874012947,0.03247973322868347,0.03792852908372879,0.10606328397989273,0.10431604087352753,0.14424508810043335,0.4185670018196106,neutral
22,"This was a town of great trade, very rich and populous, when in the hands of the Turks.",disgust,0.368111252784729,0.22478313744068146,0.2564171552658081,0.007028863299638033,0.03875868394970894,0.02281217649579048,0.08208872377872467,0.368111252784729,0.2564171552658081,0.1116940975189209,neutral
22,"It is situated on the Drave, which runs into the Danube.",fear,0.3347628116607666,0.022649124264717102,0.2753872573375702,0.06289907544851303,0.03954628109931946,0.09057756513357162,0.3347628116607666,0.1741778403520584,0.2753872573375702,0.05937555432319641,neutral
22,"The bridge was esteemed one of the most extraordinary in the world, being eight thousand paces long, and all built of oak.",neutral,0.6142842769622803,0.02098534069955349,0.6142842769622803,0.010995710268616676,0.3089374005794525,0.00958150066435337,0.017012786120176315,0.018203051760792732,0.3089374005794525,0.30534687638282776,surprise
22,"It was burnt, and the city laid in ashes by count Lesly, 1685, but was again repaired and fortified by the Turks, who, however, abandoned it in 1687.",anger,0.430414617061615,0.0028973021544516087,0.03089001588523388,0.11507533490657806,0.00634972658008337,0.430414617061615,0.010599276050925255,0.40377378463745117,0.40377378463745117,0.02664083242416382,disgust
22,"General Dunnewalt then took possession of it for the emperor, in whose hands it has remained ever since, and is esteemed one of the bulwarks of Hungary.",neutral,0.7844504714012146,0.04159368947148323,0.7844504714012146,0.010965715162456036,0.03787728771567345,0.03476405888795853,0.006342584732919931,0.08400624990463257,0.08400624990463257,0.700444221496582,disgust
22,"The twenty-eighth, we went to Bocorwar, a very large Rascian town, all built after the manner I have described to you.",neutral,0.7937646508216858,0.02275463379919529,0.7937646508216858,0.0054180808365345,0.0650315135717392,0.01381678506731987,0.048575323075056076,0.050638966262340546,0.0650315135717392,0.7287331372499466,surprise
22,"We were met there by colonel ----, who would not suffer us to go any where but to his quarters, where I found his wife, a very agreeable Hungarian lady, and his niece and daughter, two pretty young women, crowded into three or four Rascian houses, cast into one, and made as neat and convenient as those places are capable of being made.",disgust,0.36157506704330444,0.32608363032341003,0.263483464717865,0.01597500592470169,0.013169585727155209,0.017025327309966087,0.002687911270186305,0.36157506704330444,0.32608363032341003,0.03549143671989441,joy
22,The Hungarian ladies are much handsomer than those of Austria.,neutral,0.8579407930374146,0.015007597394287586,0.8579407930374146,0.008604612201452255,0.09440972656011581,0.0038287825882434845,0.002887098351493478,0.017321355640888214,0.09440972656011581,0.7635310664772987,surprise
22,"All the Vienna beauties are of that country; they are generally very fair and well-shaped, and their dress, I think, is extremely becoming.",neutral,0.885279655456543,0.0664384588599205,0.885279655456543,0.004780026618391275,0.016105780377984047,0.006421070545911789,0.0014707455411553383,0.019504254683852196,0.0664384588599205,0.8188411965966225,joy
22,"This lady was in a gown of scarlet velvet, lined and faced with sables, made exact to her shape, and the skirt falling to her feet.",disgust,0.8632665276527405,0.0034577930346131325,0.09973832219839096,0.007512569893151522,0.010815393179655075,0.010229052044451237,0.004980337806046009,0.8632665276527405,0.09973832219839096,0.7635282054543495,neutral
22,"The sleeves are strait to their arms, and the stays buttoned before, with two rows of little buttons of gold, pearl, or diamonds.",neutral,0.8816478848457336,0.013334396295249462,0.8816478848457336,0.012435118667781353,0.05485263466835022,0.01268020924180746,0.003414204576984048,0.02163558080792427,0.05485263466835022,0.8267952501773834,surprise
22,"On their heads they wear a tassel of gold, that hangs low on one side, lined with sable, or some other fine fur.---They gave us a handsome dinner, and I thought the conversation very polite and agreeable.",neutral,0.4461744427680969,0.33881181478500366,0.4461744427680969,0.011000143364071846,0.005644354037940502,0.025095093995332718,0.0018500727601349354,0.17142410576343536,0.33881181478500366,0.10736262798309326,joy
22,They would accompany us part of our way.,disgust,0.37328922748565674,0.019251197576522827,0.2760474979877472,0.020419320091605186,0.004744061268866062,0.057451408356428146,0.2487971931695938,0.37328922748565674,0.2760474979877472,0.09724172949790955,neutral
22,"The twenty-ninth, we arrived here, where we were met by the commanding officer, at the head of all the officers of the garrison.",neutral,0.5411434173583984,0.052392199635505676,0.5411434173583984,0.006037406623363495,0.04203477129340172,0.04759415239095688,0.04854946583509445,0.26224851608276367,0.26224851608276367,0.27889490127563477,disgust
22,"We are lodged in the best apartment of the governor's house, and entertained in a very splendid manner by the emperor's order.",joy,0.8381905555725098,0.8381905555725098,0.11926104873418808,0.007509143557399511,0.0080788005143404,0.005878332071006298,0.0016057513421401381,0.01947636529803276,0.11926104873418808,0.7189295068383217,neutral
22,"We wait here till all points are adjusted, concerning our reception on the Turkish frontiers.",neutral,0.9669017195701599,0.004852099344134331,0.9669017195701599,0.008201930671930313,0.0060836211778223515,0.0047058709897100925,0.005342526361346245,0.003912231884896755,0.008201930671930313,0.9586997888982296,sadness
22,"Mr W----'s courier, which he sent from Essek, returned this morning, with the bassa's answer in a purse of scarlet satin, which the interpreter here has translated.",neutral,0.8582445979118347,0.032455045729875565,0.8582445979118347,0.017507279291749,0.06722188740968704,0.012221419252455235,0.0034465587232261896,0.008903172798454762,0.06722188740968704,0.7910227105021477,surprise
22,'Tis to promise him to be honourably received.,neutral,0.822827935218811,0.10183505713939667,0.822827935218811,0.011030570603907108,0.015367567539215088,0.02015807293355465,0.003399362787604332,0.02538149245083332,0.10183505713939667,0.7209928780794144,joy
22,"I desired him to appoint where he would be met by the Turkish convoy.--He has dispatched the courier back, naming Betsko, a village in the midway between Peterwaradin and Belgrade.",neutral,0.771316647529602,0.0219179168343544,0.771316647529602,0.04687824100255966,0.07661644369363785,0.030491022393107414,0.024233445525169373,0.028546277433633804,0.07661644369363785,0.6947002038359642,surprise
22,"We shall stay here till we receive his answer.--Thus, dear sister, I have given you a very particular, and (I am afraid you'll think) a tedious account of this part of my travels.",fear,0.7757382988929749,0.010724064894020557,0.09292958676815033,0.08319641649723053,0.009088008664548397,0.010780843906104565,0.7757382988929749,0.017542706802487373,0.09292958676815033,0.6828087121248245,neutral
22,"It was not an affectation of shewing my reading that has made me tell you some little scraps of the history of the towns I have passed through; I have always avoided any thing of that kind, when I spoke Of places that I believe you knew the story of as well as myself.",neutral,0.9383233785629272,0.004528790712356567,0.9383233785629272,0.005755565129220486,0.008334035985171795,0.006037319544702768,0.011684568598866463,0.02533639781177044,0.02533639781177044,0.9129869807511568,disgust
22,"But Hungary being a part of the world, which I believe quite new to you, I thought you might read with some pleasure an account of it, which I have been very solicitous to get from the best hands.",joy,0.7257996201515198,0.7257996201515198,0.21255937218666077,0.003574073314666748,0.01317206397652626,0.015209514647722244,0.004797919653356075,0.024887435138225555,0.21255937218666077,0.513240247964859,neutral
22,"However, if you don't like it, 'tis in your power to forbear reading it.",anger,0.34130194783210754,0.003859821241348982,0.1353309154510498,0.14014215767383575,0.0023165298625826836,0.34130194783210754,0.03990449383854866,0.337144136428833,0.337144136428833,0.004157811403274536,disgust
22,"I am, dear sister, &c. I AM promised to have this letter carefully sent to Vienna.",sadness,0.4633485674858093,0.12203004211187363,0.3263721168041229,0.4633485674858093,0.055156923830509186,0.018579253926873207,0.00950187724083662,0.005011287517845631,0.3263721168041229,0.1369764506816864,neutral
23,"I DID verily intend to write you a long letter from Peterwaradin, where I expected to stay three or four days; but the bassa here was in such haste to see us, that he dispatched the courier back (which Mr W---- had sent to know the time he would send the convoy to meet us) without suffering him to pull off his boots.",neutral,0.434445858001709,0.00930446945130825,0.434445858001709,0.14252930879592896,0.06309328228235245,0.2773112952709198,0.011505527421832085,0.061810337007045746,0.2773112952709198,0.15713456273078918,anger
23,"My letters were not thought important enough to stop our journey; and we left Peterwaradin the next day, being waited on by the chief officers of the garrison, and a considerable convoy of Germans and Rascians.",fear,0.5039272308349609,0.008553577587008476,0.0325029119849205,0.0908777117729187,0.011381298303604126,0.2864457964897156,0.5039272308349609,0.06631146371364594,0.2864457964897156,0.21748143434524536,anger
23,"The emperor has several regiments of these people; but, to say the truth, they are rather plunderers than soldiers; having no pay, and being obliged to furnish their own arms and horses; they rather look like vagabond gypsies, or stout beggars, than regular troops.",disgust,0.6881511807441711,0.004279511049389839,0.2391289919614792,0.026106419041752815,0.013822312466800213,0.01924256421625614,0.009269043803215027,0.6881511807441711,0.2391289919614792,0.44902218878269196,neutral
23,"I cannot forbear speaking a word of this race of creatures, who are very numerous all over Hungary.",neutral,0.4418618679046631,0.0031180079095065594,0.4418618679046631,0.01818828471004963,0.021968811750411987,0.023564206436276436,0.06404497474431992,0.42725399136543274,0.42725399136543274,0.014607876539230347,disgust
23,"They have a patriarch of their own at Grand Cairo, and are really of the Greek church; but their extreme ignorance gives their priests occasion to impose several new notions upon them.",neutral,0.6652701497077942,0.002892168238759041,0.6652701497077942,0.029980774968862534,0.03336716070771217,0.031318437308073044,0.005089689511805773,0.23208165168762207,0.23208165168762207,0.4331884980201721,disgust
23,"These fellows, letting their hair and beard grow inviolate, make exactly the figure of the Indian bramins (sic).",neutral,0.6640554070472717,0.007978945039212704,0.6640554070472717,0.007678949274122715,0.013070721179246902,0.01587773859500885,0.003022676333785057,0.2883155345916748,0.2883155345916748,0.3757398724555969,disgust
23,"They are heirs-general to all the money of the laity; for which, in return, they give them formal passports signed and sealed for heaven; and the wives and children only inherit the house and cattle.",neutral,0.7759572267532349,0.07267656922340393,0.7759572267532349,0.026556139811873436,0.010789204388856888,0.06255833059549332,0.002630674047395587,0.048831913620233536,0.07267656922340393,0.7032806575298309,joy
23,"In most other points they follow the Greek church.--This little digression has interrupted my telling you we passed over the fields of Carlowitz, where the last great victory was obtained by prince Eugene over the Turks.",neutral,0.6778268218040466,0.01913313753902912,0.6778268218040466,0.07055984437465668,0.06531301885843277,0.0597570426762104,0.026154354214668274,0.08125574886798859,0.08125574886798859,0.596571072936058,disgust
23,"The marks of that glorious bloody day are yet recent, the field being yet strewed with the skulls and carcasses of unburied men, horses, and camels.",disgust,0.608123242855072,0.0009215780883096159,0.02598656341433525,0.015416744165122509,0.0013154259650036693,0.34186193346977234,0.0063745202496647835,0.608123242855072,0.34186193346977234,0.2662613093852997,anger
23,"I could not look, without horror, on such numbers of mangled human bodies, nor without reflecting on the injustice of war, that makes murder not only necessary but meritorious.",fear,0.9506061673164368,0.001118311076425016,0.0023059933446347713,0.012933124788105488,0.000976475712377578,0.006749407388269901,0.9506061673164368,0.025310514494776726,0.025310514494776726,0.92529565282166,disgust
23,"Nothing seems to be a plainer proof of the _irrationality_ of mankind (whatever fine claims we pretend to reason) than the rage with which they contest for a small spot of ground, when such vast parts of fruitful earth lie quite uninhabited.",anger,0.9562761187553406,0.0010211567860096693,0.01866043545305729,0.004231937229633331,0.0018846729071810842,0.9562761187553406,0.0009003399754874408,0.017025381326675415,0.01866043545305729,0.9376156833022833,neutral
23,"'Tis true, custom has now made it unavoidable; but can there be a greater demonstration of want of reason, than a custom being firmly established, so plainly contrary to the interest of man in general?",disgust,0.38991591334342957,0.0029725409112870693,0.3492424786090851,0.07113935053348541,0.020245902240276337,0.08986428380012512,0.07661955803632736,0.38991591334342957,0.3492424786090851,0.04067343473434448,neutral
23,"I am a good deal inclined to believe Mr Hobbs, that the _state of nature_ is a _state of war_; but thence I conclude human nature, not rational, if the word reason means common sense, as I suppose it does.",neutral,0.6672672033309937,0.05804687365889549,0.6672672033309937,0.05731389671564102,0.010654797777533531,0.09268545359373093,0.03150380030274391,0.08252789825201035,0.09268545359373093,0.5745817497372627,anger
23,"I have a great many admirable arguments to support this refection; I won't however trouble you with them, but return, in a plain style, to the history of my travels.",neutral,0.7298429608345032,0.14290349185466766,0.7298429608345032,0.051187340170145035,0.0025688426103442907,0.03921668976545334,0.017264775931835175,0.017015812918543816,0.14290349185466766,0.5869394689798355,joy
23,"WE were met at Betsko (a village in the midway between Belgrade and Peterwaradin) by an aga of the janizaries, with a body of Turks, exceeding the Germans by one hundred men, though the bassa had engaged to send exactly the same number.",surprise,0.35988491773605347,0.015101222321391106,0.19347646832466125,0.013639167882502079,0.35988491773605347,0.08375215530395508,0.24510370194911957,0.08904244005680084,0.24510370194911957,0.1147812157869339,fear
23,You may judge by this of their fears.,fear,0.5212360620498657,0.004864652641117573,0.4312017261981964,0.012111226096749306,0.010476549156010151,0.009220868349075317,0.5212360620498657,0.010888935066759586,0.4312017261981964,0.09003433585166931,neutral
23,"I am really persuaded, that they hardly thought the odds of one hundred men set them even with the Germans; however, I was very uneasy till they were parted, fearing some quarrel might arise, notwithstanding the parole given.",fear,0.9843863844871521,0.004358949605375528,0.0039714546874165535,0.0025898925960063934,0.0013836080906912684,0.0014525591395795345,0.9843863844871521,0.0018572296248748899,0.004358949605375528,0.9800274348817766,joy
23,"We came late to Belgrade, the deep snows making the ascent to it very difficult.",fear,0.4383271336555481,0.002831141697242856,0.33590462803840637,0.06305594742298126,0.03934492543339729,0.0169121865183115,0.4383271336555481,0.10362409055233002,0.33590462803840637,0.10242250561714172,neutral
23,"It seems a strong city, fortified on the east side by the Danube; and on the south by the river Save, and was formerly the barrier of Hungary.",fear,0.4694810211658478,0.05657769367098808,0.16785059869289398,0.018292797729372978,0.021504515781998634,0.03184982016682625,0.4694810211658478,0.23444350063800812,0.23444350063800812,0.23503752052783966,disgust
23,"It was first taken by Solyman the Magnificent, and since by the emperor's forces, led by the elector of Bavaria.",neutral,0.7521089315414429,0.10733596980571747,0.7521089315414429,0.008738287724554539,0.04818222299218178,0.025434065610170364,0.03207072243094444,0.026129821315407753,0.10733596980571747,0.6447729617357254,joy
23,"The emperor held it only two Years, it being retaken by the grand vizier.",neutral,0.7805799245834351,0.005407455377280712,0.7805799245834351,0.06892114132642746,0.010255055502057076,0.03823591396212578,0.014691011048853397,0.08190958201885223,0.08190958201885223,0.6986703425645828,disgust
23,"It is now fortified with the utmost care and skill the Turks are capable of, and strengthened by a very numerous garrison of their bravest janizaries, commanded by a bassa seraskier (i.e.",neutral,0.5903407335281372,0.25278523564338684,0.5903407335281372,0.008225809782743454,0.02377225272357464,0.050517160445451736,0.03543997183442116,0.03891880065202713,0.25278523564338684,0.33755549788475037,joy
23,"general) though this last expression is not very just; for, to say truth, the seraskier is commanded by the janizaries.",neutral,0.7642976641654968,0.0029594392981380224,0.7642976641654968,0.010433642193675041,0.015513690188527107,0.03314797952771187,0.006643116939812899,0.16700448095798492,0.16700448095798492,0.5972931832075119,disgust
23,"These troops have an absolute authority here, and their conduct carries much more the aspect of rebellion, than the appearance of subordination.",neutral,0.7622102499008179,0.006312346085906029,0.7622102499008179,0.007129680830985308,0.0027736499905586243,0.09730871766805649,0.009423679672181606,0.11484160274267197,0.11484160274267197,0.6473686471581459,disgust
23,"You may judge of this by the following story, which, at the same time, will give you an idea of the _admirable_ intelligence of the governor of Peterwaradin, though so few hours distant.",neutral,0.9618728160858154,0.009158139117062092,0.9618728160858154,0.002035384764894843,0.019505850970745087,0.0034258724190294743,0.0012374062789604068,0.0027644766960293055,0.019505850970745087,0.9423669651150703,surprise
23,"We were told by him at Peterwaradin, that the garrison and inhabitants of Belgrade were so weary of the war, they had killed their bassa about two months ago, in a mutiny, because he had suffered himself to be prevailed upon, by a bribe of five purses (five hundred pounds sterling) to give permission to the Tartars to ravage the German frontiers.",disgust,0.45529139041900635,0.005288572981953621,0.11549748480319977,0.2978108525276184,0.002640671795234084,0.08856548368930817,0.034905511885881424,0.45529139041900635,0.2978108525276184,0.15748053789138794,sadness
23,"We were very well pleased to hear of such favourable dispositions in the people; but when we came hither, we found the governor had been ill-informed, and the real truth of the story to be this.",joy,0.52402263879776,0.52402263879776,0.19183437526226044,0.07271558791399002,0.012916221283376217,0.04031527414917946,0.022722413763403893,0.13547350466251373,0.19183437526226044,0.3321882635354996,neutral
23,"The late bassa fell under the displeasure of his soldiers; for no other reason, but restraining their incursions on the Germans.",anger,0.8087171912193298,0.001204666681587696,0.026910392567515373,0.01893143728375435,0.0015547622460871935,0.8087171912193298,0.004002909176051617,0.1386786699295044,0.1386786699295044,0.6700385212898254,disgust
23,"They took it into their heads, from that mildness, that he had intelligence with the enemy, and sent such information to the grand signior at Adrianople; but, redress not coming quick enough from thence, they assembled themselves in a tumultuous manner, and by force dragged their bassa before the cadi and mufti, and there demanded justice in a mutinous way; one crying out, Why he protected the infidels?",anger,0.9222350120544434,0.0008360176580026746,0.008260306902229786,0.004631114657968283,0.003439950756728649,0.9222350120544434,0.016292337328195572,0.044305458664894104,0.044305458664894104,0.8779295533895493,disgust
23,"Another, Why he squeezed them of their money?",anger,0.4374532997608185,0.0021090777590870857,0.10998433828353882,0.053621239960193634,0.23252931237220764,0.4374532997608185,0.025597725063562393,0.13870497047901154,0.23252931237220764,0.20492398738861084,surprise
23,"The bassa easily guessing their purpose, calmly replied to them, that they asked him too many questions, and that he had but one life, which must answer for all.",neutral,0.7193843126296997,0.1237415298819542,0.7193843126296997,0.009449947625398636,0.0061837597750127316,0.09900376200675964,0.0036461399868130684,0.038590505719184875,0.1237415298819542,0.5956427827477455,joy
23,They then immediately fell upon him with their scimitars (without waiting the sentence of their heads of the law) and in a few moments cut him in pieces.,anger,0.6268463134765625,0.0023024524562060833,0.08606927841901779,0.0030069302301853895,0.018393900245428085,0.6268463134765625,0.07672534137964249,0.18665575981140137,0.18665575981140137,0.44019055366516113,disgust
23,"The present bassa has not dared to punish the murder; on the contrary, he affected to applaud the actors of it, as brave fellows, that knew to do themselves justice.",disgust,0.4293554127216339,0.056661948561668396,0.17634756863117218,0.013282385654747486,0.002562441397458315,0.3165280222892761,0.005262355785816908,0.4293554127216339,0.3165280222892761,0.11282739043235779,anger
23,"He takes all pretences of throwing money among the garrison, and suffers them to make little excursions into Hungary, where they burn some poor Rascian houses.",anger,0.5690147876739502,0.00376167893409729,0.058696795254945755,0.017466090619564056,0.0014092843048274517,0.5690147876739502,0.004073462449014187,0.3455779552459717,0.3455779552459717,0.22343683242797852,disgust
23,"You may imagine, I cannot be very easy in a town which is really under the government of an insolent soldiery.--We expected to be immediately dismissed, after a night's lodging here, but the bassa detains us till he receives orders from Adrianople, which may, possibly be a month a-coming.",sadness,0.8858607411384583,0.004600871820002794,0.02449028566479683,0.8858607411384583,0.004897240083664656,0.04250654578208923,0.02079535648226738,0.016848908737301826,0.04250654578208923,0.843354195356369,anger
23,"In the mean time, we are lodged in one of the best houses, belonging to a very considerable man amongst them, and have a whole chamber of janizaries to guard us.",neutral,0.7356824278831482,0.022681254893541336,0.7356824278831482,0.006762402597814798,0.055138085037469864,0.02061208337545395,0.009271426126360893,0.14985229074954987,0.14985229074954987,0.5858301371335983,disgust
23,"My only diversion is the conversation of our host, Achmet Beg, a title something like that of count in Germany.",neutral,0.6763314008712769,0.010919437743723392,0.6763314008712769,0.029429707676172256,0.010169148445129395,0.032020203769207,0.001971828518435359,0.2391582578420639,0.2391582578420639,0.43717314302921295,disgust
23,"His father was a great bassa, and he has been educated in the most polite eastern learning, being perfectly skilled in the Arabic and Persian languages, and an extraordinary scribe, which they call _effendi_.",neutral,0.7855996489524841,0.11140096932649612,0.7855996489524841,0.006141980178654194,0.015881497412919998,0.03283800557255745,0.0037484329659491777,0.044389501214027405,0.11140096932649612,0.674198679625988,joy
23,"This accomplishment makes way to the greatest preferments; but he has had the good sense to prefer an easy, quiet, secure life, to all the dangerous honours of the Porte.",neutral,0.6342466473579407,0.020390741527080536,0.6342466473579407,0.0613565593957901,0.005717693828046322,0.12310320883989334,0.10133158415555954,0.05385356396436691,0.12310320883989334,0.5111434385180473,anger
23,"He sups with us every night, and drinks wine very freely.",disgust,0.45117881894111633,0.09031223505735397,0.413952112197876,0.00706452177837491,0.003804490901529789,0.029255162924528122,0.004432662855833769,0.45117881894111633,0.413952112197876,0.037226706743240356,neutral
23,You cannot imagine how much he is delighted with the liberty of conversing with me.,joy,0.6996963620185852,0.6996963620185852,0.04881347343325615,0.0028787702322006226,0.207803875207901,0.021322468295693398,0.0015775157371535897,0.01790756545960903,0.207803875207901,0.4918924868106842,surprise
23,"He has explained to me many pieces of Arabian poetry, which, I observe, are in numbers not unlike ours, generally of an alternate verse, and of a very musical sound.",neutral,0.8718713521957397,0.013641892932355404,0.8718713521957397,0.005751604679971933,0.0752209722995758,0.003944804426282644,0.0018258168129250407,0.027743563055992126,0.0752209722995758,0.7966503798961639,surprise
23,Their expressions of love are very passionate and lively.,joy,0.7793080806732178,0.7793080806732178,0.15196539461612701,0.007436709012836218,0.003916258458048105,0.01615140028297901,0.0009714702027849853,0.04025068134069443,0.15196539461612701,0.6273426860570908,neutral
23,"I am so much pleased with them, I really believe I should learn to read Arabic, if I was to stay here a few months.",joy,0.9793385863304138,0.9793385863304138,0.009718099609017372,0.0022153006866574287,0.0030976661946624517,0.002680164994671941,0.0006237965426407754,0.0023264968767762184,0.009718099609017372,0.9696204867213964,neutral
23,"He has a very good library of their books of all kinds; and, as he tells me, spends the greatest part of his life there.",neutral,0.7426446080207825,0.1922052949666977,0.7426446080207825,0.014790316112339497,0.02198374830186367,0.00790377426892519,0.0011345898965373635,0.0193377286195755,0.1922052949666977,0.5504393130540848,joy
23,"I pass for a great scholar with him, by relating to him some of the Persian tales, which I find are genuine.",neutral,0.8988507390022278,0.022112293168902397,0.8988507390022278,0.003457567421719432,0.014733370393514633,0.014133879914879799,0.0015653450973331928,0.04514675587415695,0.04514675587415695,0.8537039831280708,disgust
23,At first he believed I understood Persian.,surprise,0.6659116744995117,0.029775438830256462,0.22902311384677887,0.001943043083883822,0.6659116744995117,0.019022289663553238,0.041962869465351105,0.01236150972545147,0.22902311384677887,0.43688856065273285,neutral
23,"I have frequent disputes with him concerning the difference of our customs, particularly the confinement of women.",anger,0.7066910266876221,0.002518969587981701,0.09705369174480438,0.03868299722671509,0.0027133359108120203,0.7066910266876221,0.023495832458138466,0.12884412705898285,0.12884412705898285,0.5778468996286392,disgust
23,"He assures me, there is nothing at all in it; only, says he, we have the advantage, that when our wives cheat us, nobody knows it.",neutral,0.5195427536964417,0.006950997281819582,0.5195427536964417,0.029222097247838974,0.004825935233384371,0.11405172199010849,0.008915512822568417,0.3164909780025482,0.3164909780025482,0.20305177569389343,disgust
23,"He has wit, and is more polite than many Christian men of quality.",neutral,0.8151273131370544,0.05696410313248634,0.8151273131370544,0.00875625479966402,0.008370857685804367,0.015987340360879898,0.0008753916481509805,0.09391877800226212,0.09391877800226212,0.7212085351347923,disgust
23,"I am very much entertained with him.--He has had the curiosity to make one of our servants set him an alphabet of our letters, and can already write a good Roman hand.",joy,0.7979755401611328,0.7979755401611328,0.10868002474308014,0.02103724703192711,0.008157980628311634,0.015788091346621513,0.0033975110854953527,0.04496350139379501,0.10868002474308014,0.6892955154180527,neutral
23,"But these amusements do not hinder my wishing heartily to be out of this place; though the weather is colder than I believe it ever was, any where, but in Greenland.--We have a very large stove constantly kept hot, and yet the windows of the room are frozen on the inside.--God knows when I may have an opportunity of sending this letter: but I have written it, for the discharge of my own conscience and you cannot now reproach me, that one of yours makes ten of mine.",anger,0.28629517555236816,0.030425751581788063,0.11394862085580826,0.2539728581905365,0.01481199637055397,0.28629517555236816,0.04578162357211113,0.2547638714313507,0.2547638714313507,0.031531304121017456,disgust
23,Adieu.,neutral,0.6417044997215271,0.018116774037480354,0.6417044997215271,0.1381247639656067,0.005157528445124626,0.009587308391928673,0.011286520399153233,0.17602260410785675,0.17602260410785675,0.46568189561367035,disgust
24,"I HAVE now, madam, finished a journey that has not been undertaken by any Christian since the time of the Greek emperors: and I shall not regret all the fatigues I have suffered in it, if it gives me an opportunity of amusing your R. H. by an account of places utterly unknown amongst us; the emperor's ambassadors, and those few English that have come hither, always going on the Danube to Nicopolis.",sadness,0.44177353382110596,0.2108514904975891,0.26682403683662415,0.44177353382110596,0.04831346496939659,0.006082484032958746,0.004734765272587538,0.021420223638415337,0.26682403683662415,0.1749494969844818,neutral
24,"But the river was now frozen, and Mr W---- was so zealous for the service of his Majesty, that he would not defer his journey to wait for the conveniency of that passage.",neutral,0.3467588424682617,0.004692156799137592,0.3467588424682617,0.21508543193340302,0.01958652026951313,0.27278539538383484,0.08748623728752136,0.053605515509843826,0.27278539538383484,0.07397344708442688,anger
24,"We crossed the deserts of Servia (sic), almost quite over-grown with wood, through a country naturally fertile.",neutral,0.7671288251876831,0.012741397134959698,0.7671288251876831,0.01992528699338436,0.03604736924171448,0.03844483569264412,0.019863629713654518,0.10584864020347595,0.10584864020347595,0.6612801849842072,disgust
24,"The inhabitants are industrious; but the oppression of the peasants is so great, they are forced to abandon their houses, and neglect their tillage, all they have being a prey to the janizaries, whenever they please to seize upon it.",disgust,0.6239202618598938,0.0512695237994194,0.1593385487794876,0.03413589671254158,0.003379515139386058,0.12374423444271088,0.004211972001940012,0.6239202618598938,0.1593385487794876,0.4645817130804062,neutral
24,"We had a guard of five hundred of them, and I was almost in tears every day, to see their insolencies (sic) in the poor villages through which we passed.--After seven days travelling through thick woods, we came to Nissa, once the capital of Servia, situated in a fine plain on the river Nissava, in a very good air, and so fruitful a soil, that the great plenty is hardly credible.",sadness,0.39530229568481445,0.013102828525006771,0.030776014551520348,0.39530229568481445,0.0027003074064850807,0.2838389277458191,0.007840815931558609,0.26643887162208557,0.2838389277458191,0.11146336793899536,anger
24,"I was certainly assured, that the quantity of wine last vintage was so prodigious, that they were forced to dig holes in the earth to put it in, not having vessels enough in the town to hold it.",disgust,0.5272829532623291,0.006835483014583588,0.2357148677110672,0.013627455569803715,0.07268502563238144,0.09413626790046692,0.04971796274185181,0.5272829532623291,0.2357148677110672,0.2915680855512619,neutral
24,The happiness of this plenty is scarce perceived by the oppressed people.,neutral,0.39285263419151306,0.042529843747615814,0.39285263419151306,0.1621324121952057,0.011926410719752312,0.15678176283836365,0.005977141670882702,0.22779981791973114,0.22779981791973114,0.16505281627178192,disgust
24,I saw here a new occasion for my compassion.,joy,0.4743179380893707,0.4743179380893707,0.36459651589393616,0.003495303448289633,0.0432184562087059,0.03566325828433037,0.0023808616679161787,0.07632765173912048,0.36459651589393616,0.10972142219543457,neutral
24,"The wretches that had provided twenty waggons for our baggage from Belgrade hither for a certain hire, being all sent back without payment, some of their horses lamed (sic), and others killed, without any satisfaction made for them.",anger,0.7161664366722107,0.0024150421377271414,0.02256745472550392,0.0709141343832016,0.002321701729670167,0.7161664366722107,0.002451288979500532,0.18316392600536346,0.18316392600536346,0.5330025106668472,disgust
24,"The poor fellows came round the house weeping and tearing their hair and beards in a most pitiful manner, without getting any thing but drubs from the insolent soldiers.",sadness,0.8827476501464844,0.00368965114466846,0.019599445164203644,0.8827476501464844,0.0011212974786758423,0.01838553324341774,0.002786917146295309,0.07166944444179535,0.07166944444179535,0.811078205704689,disgust
24,I cannot express to your R. H. how much I was moved at this scene.,surprise,0.4654514491558075,0.01008368656039238,0.39242151379585266,0.04518723487854004,0.4654514491558075,0.018052484840154648,0.0451449379324913,0.02365875616669655,0.39242151379585266,0.07302993535995483,neutral
24,"I would have paid them the money out of my own pocket, with all my heart; but it Would only have been giving so much to the aga, who would have taken it from them without any remorse.",sadness,0.7733480334281921,0.0027619129978120327,0.09877332299947739,0.7733480334281921,0.0078059653751552105,0.04095747694373131,0.0038592207711189985,0.07249411940574646,0.09877332299947739,0.6745747104287148,neutral
24,"After four days journey from this place over the mountains, we came to Sophia, situated in a large beautiful plain on the river Isca, and surrounded with distant mountains.",fear,0.9169979095458984,0.013597208075225353,0.019802570343017578,0.006213511805981398,0.027275320142507553,0.009429044090211391,0.9169979095458984,0.00668433727696538,0.027275320142507553,0.8897225894033909,surprise
24,'Tis hardly possible to see a more agreeable landscape.,neutral,0.5724076628684998,0.021737821400165558,0.5724076628684998,0.1598750650882721,0.06617623567581177,0.007029080297797918,0.022396419197320938,0.15037769079208374,0.1598750650882721,0.41253259778022766,sadness
24,"The city itself is very large, and extremely populous.",neutral,0.7971164584159851,0.11672094464302063,0.7971164584159851,0.010163141414523125,0.03345704451203346,0.00883069820702076,0.006423422135412693,0.027288248762488365,0.11672094464302063,0.6803955137729645,joy
24,"Here are hot baths, very famous for their medicinal virtues.--Four days journey from hence we arrived at Philippopolis, after having passed the ridges between the mountains of Haemus and Rhodope, which are always covered with snow.",joy,0.4785110652446747,0.4785110652446747,0.45010343194007874,0.010076832957565784,0.027067316696047783,0.008123977109789848,0.006077388767153025,0.020039957016706467,0.45010343194007874,0.028407633304595947,neutral
24,"This town is situated on a rising ground near the river Hebrus, and is almost wholly inhabited by Greeks; here are still some ancient Christian churches.",neutral,0.815193772315979,0.012746467255055904,0.815193772315979,0.009864436462521553,0.06264790892601013,0.014026598073542118,0.03297999128699303,0.0525408610701561,0.06264790892601013,0.7525458633899689,surprise
24,"They have a bishop; and several Of the richest Greeks live here; but they are forced to conceal their wealth with great care, the appearance of poverty [which includes part of its inconveniencies (sic)] being all their security against feeling it in earnest.",disgust,0.43350380659103394,0.030355079099535942,0.34409061074256897,0.11574777960777283,0.007850496098399162,0.05762946233153343,0.010822894051671028,0.43350380659103394,0.34409061074256897,0.08941319584846497,neutral
24,"The country from hence to Adrianople, is the finest in the world.",neutral,0.7704602479934692,0.14551790058612823,0.7704602479934692,0.007352349814027548,0.034054506570100784,0.005610827822238207,0.002988736145198345,0.03401542082428932,0.14551790058612823,0.624942347407341,joy
24,Vines grow wild on all the hills; and the perpetual spring they enjoy makes every thing gay and flourishing.,joy,0.6390407681465149,0.6390407681465149,0.3077147901058197,0.006629887968301773,0.009856008924543858,0.023515526205301285,0.0014474469935521483,0.01179560087621212,0.3077147901058197,0.3313259780406952,neutral
24,"But this climate, happy as it seems, can never be preferred to England, with all its frosts and snows, while we are blessed with an easy government, under a king, who makes his own happiness consist in the liberty of his people, and chuses rather to be looked upon as their father than their master.--This theme would carry me very far, and I am sensible, I have already tired out your R. H.'s patience.",joy,0.7402381896972656,0.7402381896972656,0.1570015847682953,0.05919364094734192,0.004187664017081261,0.012436139397323132,0.0014008020516484976,0.02554188296198845,0.1570015847682953,0.5832366049289703,neutral
24,"But my letter is in your hands, and you may make it as short as you please, by throwing it into the fire, when weary of reading it.",sadness,0.3473696708679199,0.004050014074891806,0.2538204491138458,0.3473696708679199,0.0036732929293066263,0.1734692007303238,0.014390569180250168,0.20322683453559875,0.2538204491138458,0.0935492217540741,neutral
24,"I am, madam, With the greatest respect, &c.",anger,0.8859052658081055,0.010021050460636616,0.04223095253109932,0.013370941393077374,0.002788265235722065,0.8859052658081055,0.005222436506301165,0.04046099632978439,0.04223095253109932,0.8436743132770061,neutral
25,"I AM now got into a new world, where every thing I see appears to me a change of scene; and I write to your ladyship with some content of mind, hoping, at least, that you will find the charms of novelty in my letters, and no longer reproach me, that I tell you nothing extraordinary.",surprise,0.4996694028377533,0.1752922683954239,0.26547321677207947,0.005503023974597454,0.4996694028377533,0.01566188596189022,0.02919447049498558,0.009205679409205914,0.26547321677207947,0.23419618606567383,neutral
25,"I won't trouble you with a relation of our tedious journey; but must not omit what I saw remarkable at Sophia, one of the most beautiful towns in the Turkish empire, and famous for its hot baths, that are resorted to both for diversion and health.",neutral,0.4387549161911011,0.41859349608421326,0.4387549161911011,0.01740780845284462,0.0650932639837265,0.007644155062735081,0.008246158249676228,0.04426021873950958,0.41859349608421326,0.020161420106887817,joy
25,"I stopped here one day, on purpose to see them; and, designing to go _incognito_, I hired a Turkish coach.",neutral,0.45036420226097107,0.014162185601890087,0.45036420226097107,0.029489433392882347,0.4261733889579773,0.047451335936784744,0.0052147433161735535,0.02714468352496624,0.4261733889579773,0.024190813302993774,surprise
25,"These voitures are not at all like ours, but much more convenient for the country, the heat being so great, that glasses would be very troublesome.",neutral,0.7339962124824524,0.013981441967189312,0.7339962124824524,0.044949084520339966,0.009105262346565723,0.030660944059491158,0.045922089368104935,0.1213848739862442,0.1213848739862442,0.6126113384962082,disgust
25,"They are made a good deal in the manner of the Dutch stage-coaches, having wooden lattices painted and gilded; the inside being also painted with baskets and nosegays of flowers, intermixed commonly with little poetical mottos.",neutral,0.8045912981033325,0.06667613983154297,0.8045912981033325,0.009448626078665257,0.035376254469156265,0.0072806295938789845,0.0017426945269107819,0.0748843103647232,0.0748843103647232,0.7297069877386093,disgust
25,"They are covered all over with scarlet cloth, lined with silk, and very often richly embroidered and fringed.",disgust,0.7522129416465759,0.00300899101421237,0.1881687045097351,0.008620602078735828,0.004902983549982309,0.03890237584710121,0.004183297045528889,0.7522129416465759,0.1881687045097351,0.5640442371368408,neutral
25,"This covering entirely hides the persons in them, but may be thrown back at pleasure, and thus permits the ladies to peep through the lattices.",neutral,0.48411068320274353,0.03575349599123001,0.48411068320274353,0.015613042749464512,0.0047851004637777805,0.029988542199134827,0.007952509447932243,0.42179664969444275,0.42179664969444275,0.06231403350830078,disgust
25,"They hold four people very conveniently, seated on cushions, but not raised.",neutral,0.8671462535858154,0.012515058740973473,0.8671462535858154,0.020731816068291664,0.06623297929763794,0.00560443289577961,0.0018195214215666056,0.025949979200959206,0.06623297929763794,0.8009132742881775,surprise
25,"IN one of these covered waggons (sic), I went to the bagnio about ten o'clock.",neutral,0.7581149339675903,0.018773699179291725,0.7581149339675903,0.034231577068567276,0.09163712710142136,0.03901948407292366,0.037792857736349106,0.020430272445082664,0.09163712710142136,0.666477806866169,surprise
25,It was already full of women.,neutral,0.5268159508705139,0.01215119007974863,0.5268159508705139,0.007697347551584244,0.39961862564086914,0.008239737711846828,0.01147537212818861,0.03400173410773277,0.39961862564086914,0.12719732522964478,surprise
25,"It is built of stone, in the shape of a dome,  with no windows but in the roof, which gives light enough.",neutral,0.8375930786132812,0.06231134757399559,0.8375930786132812,0.015607926994562149,0.04996146634221077,0.0048710377886891365,0.0030174176208674908,0.026637764647603035,0.06231134757399559,0.7752817310392857,joy
25,"There were five of these domes joined together, the outmost being less than the rest, and serving only as a hall, where the portress stood at the door.",neutral,0.8131330013275146,0.0047991001047194,0.8131330013275146,0.0164934154599905,0.13072171807289124,0.005044128745794296,0.0062760477885603905,0.023532530292868614,0.13072171807289124,0.6824112832546234,surprise
25,Ladies of quality generally give this woman a crown or ten shillings; and I did not forget that ceremony.,neutral,0.9280993938446045,0.02227751351892948,0.9280993938446045,0.00651472108438611,0.020046671852469444,0.006113768555223942,0.0011473111808300018,0.015800658613443375,0.02227751351892948,0.905821880325675,joy
25,"The next room is a very large one paved with marble, and all round it are two raised sofas of marble, one above another.",neutral,0.3918280601501465,0.007304892875254154,0.3918280601501465,0.014244991354644299,0.27239274978637695,0.0180498193949461,0.006684297230094671,0.2894951105117798,0.2894951105117798,0.1023329496383667,disgust
25,"There were four fountains of cold water in this room, falling first into marble basons (sic), and then running on the floor in little channels made for that purpose, which carried the streams into the next room, something less than this, with the same sort of marble sofas, but so hot with steams of sulphur proceeding from the baths joining to it, 'twas impossible to stay there with one's cloaths (sic) on.",neutral,0.4830237627029419,0.01272070873528719,0.4830237627029419,0.08880296349525452,0.09429873526096344,0.10355528444051743,0.03719501942396164,0.1804034560918808,0.1804034560918808,0.3026203066110611,disgust
25,"The two other domes were the hot baths, one of which had cocks of cold water turning into it, to temper it to what degree of warmth the bathers pleased to have.",neutral,0.6954448819160461,0.2192770391702652,0.6954448819160461,0.007897086441516876,0.008632776327431202,0.025512240827083588,0.0009866139153018594,0.04224937781691551,0.2192770391702652,0.47616784274578094,joy
25,"I WAS in my travelling habit, which is a riding dress, and certainly appeared very extraordinary to them.",surprise,0.9568081498146057,0.002320714993402362,0.01639026403427124,0.0009837336838245392,0.9568081498146057,0.002871702890843153,0.015932900831103325,0.004692488815635443,0.01639026403427124,0.9404178857803345,neutral
25,"Yet there was not one of them that shewed the least surprise or impertinent curiosity, but received me with all the obliging civility possible.",surprise,0.9309592843055725,0.010750608518719673,0.04692964255809784,0.0029778634198009968,0.9309592843055725,0.00491521880030632,0.0009845533641055226,0.002482832409441471,0.04692964255809784,0.8840296417474747,neutral
25,"I know no European court, where the ladies would have behaved themselves in so polite a manner to such a stranger.",disgust,0.4871262311935425,0.004962317645549774,0.4605981111526489,0.004836551379412413,0.022951936349272728,0.015510467812418938,0.004014414735138416,0.4871262311935425,0.4605981111526489,0.026528120040893555,neutral
25,"I believe, upon the whole, there were two hundred women, and yet none of those disdainful smiles, and satirical whispers, that never fail in our assemblies, when any body appears that is not dressed exactly in the fashion.",disgust,0.5940482020378113,0.003089314326643944,0.17648747563362122,0.012122582644224167,0.010742254555225372,0.2012140303850174,0.0022961897775530815,0.5940482020378113,0.2012140303850174,0.3928341716527939,anger
25,"They repeated over and over to me; ""UZELLE, PEK UZELLE,"" which is nothing but, _Charming, very Charming_.--The first sofas were covered with cushions and rich carpets, on which sat the ladies; and on the second, their slaves behind them, but without any distinction of rank by their dress, all being in the state of nature, that is, in plain English, stark naked, without any beauty or defect concealed.",disgust,0.5156745910644531,0.0774061307311058,0.3655724823474884,0.01607872173190117,0.01226965431123972,0.009115039370954037,0.003883292665705085,0.5156745910644531,0.3655724823474884,0.15010210871696472,neutral
25,Yet there was not the least wanton smile or immodest gesture amongst them.,disgust,0.7202835083007812,0.015161527320742607,0.21270529925823212,0.012400083243846893,0.008469701744616032,0.02928099036216736,0.0016989540308713913,0.7202835083007812,0.21270529925823212,0.5075782090425491,neutral
25,"They walked and moved with the same majestic grace, which Milton describes our general mother with.",neutral,0.8960964679718018,0.060510508716106415,0.8960964679718018,0.00622025690972805,0.009970609098672867,0.007871913723647594,0.004495738539844751,0.01483447290956974,0.060510508716106415,0.8355859592556953,joy
25,"There were many amongst them, as exactly proportioned as ever any goddess was drawn by the pencil of a Guido or Titian,--and most of their skins shiningly white, only adorned by their beautiful hair divided into many tresses, hanging on their shoulders, braided either with pearl or ribbon, perfectly representing the figures of the Graces.",neutral,0.6495413184165955,0.03592849150300026,0.6495413184165955,0.03935038298368454,0.14101217687129974,0.014811577275395393,0.009945855475962162,0.10941013693809509,0.14101217687129974,0.5085291415452957,surprise
25,"I WAS here convinced of the truth of a reflection I have often made, _That if it were the fashion to go naked, the face would be hardly observed_.",neutral,0.39847075939178467,0.05602693557739258,0.39847075939178467,0.03375925496220589,0.07209157943725586,0.07709253579378128,0.15918020904064178,0.20337878167629242,0.20337878167629242,0.19509197771549225,disgust
25,"I perceived, that the ladies of the most delicate skins and finest shapes had the greatest share of my admiration, though their faces were sometimes less beautiful than those of their companions.",disgust,0.5334734916687012,0.14001911878585815,0.2712138891220093,0.012241149321198463,0.025810059159994125,0.014132579788565636,0.0031097293831408024,0.5334734916687012,0.2712138891220093,0.2622596025466919,neutral
25,"To tell you the truth, I had wickedness enough, to wish secretly, that Mr Gervais could have been there invisible.",disgust,0.47782567143440247,0.007219890598207712,0.06810187548398972,0.05246242880821228,0.0034812085796147585,0.3114493191242218,0.07945956289768219,0.47782567143440247,0.3114493191242218,0.16637635231018066,anger
25,"I fancy it would have very much improved his art, to see so many fine women naked, in different postures, some in conversation, some working, others drinking coffee or sherbet, and many negligently lying on their cushions, while their slaves (generally pretty girls of seventeen or eighteen) were employed in braiding their hair in several pretty fancies.",disgust,0.857323408126831,0.01056071650236845,0.10085485130548477,0.009358333423733711,0.006610265467315912,0.011725320480763912,0.003567106556147337,0.857323408126831,0.10085485130548477,0.7564685568213463,neutral
25,"In short, 'tis the women's coffee-house, where all the news of the town is told, scandal invented, &c.--They generally take this diversion once a-week (sic), and stay there at least four or five hours, without getting cold by immediate coming out of the hot bath into the cold room, which was very surprising to me.",surprise,0.9707145094871521,0.00433379178866744,0.014121864922344685,0.002197524067014456,0.9707145094871521,0.0036430773325264454,0.003313766559585929,0.001675472711212933,0.014121864922344685,0.9565926445648074,neutral
25,"The lady, that seemed the most considerable among them, entreated me to sit by her, and would fain have undressed me for the bath.",disgust,0.9715169668197632,0.0010518772760406137,0.0037732126656919718,0.005452416371554136,0.0008262201445177197,0.012318037450313568,0.0050612990744411945,0.9715169668197632,0.012318037450313568,0.9591989293694496,anger
25,I excused myself with some difficulty.,disgust,0.8861156702041626,0.010198096744716167,0.037714529782533646,0.05494830757379532,0.0016694455407559872,0.006379925180226564,0.0029739849269390106,0.8861156702041626,0.05494830757379532,0.8311673626303673,sadness
25,"They being however all so earnest in persuading me, I was at last forced to open my shirt, and shew them my stays; which satisfied them very well; for, I saw, they believed I was locked up in that machine, and that it was not in my own power to open it, which contrivance they attributed to my husband,--I was charmed with their civility and beauty, and should have been very glad to pass more time with them; but Mr W---- resolving to pursue his journey next morning early,  I was in haste to see the ruins of Justinian's church, which did not afford me so agreeable a prospect as I had left, being little more than a heap Of stones.",joy,0.8858879208564758,0.8858879208564758,0.024076558649539948,0.02751399390399456,0.0030216018203645945,0.02566162310540676,0.00467752804979682,0.02916073240339756,0.02916073240339756,0.8567271884530783,disgust
25,"ADIEU, madam, I am sure I have now entertained you with an account of such a sight as you never saw in your life, and what no book of travels could inform you of, as 'tis no less than death for a man to be found in one of these places.",disgust,0.3833225667476654,0.01609092578291893,0.1252724677324295,0.20182542502880096,0.1593824326992035,0.016216067597270012,0.09789011627435684,0.3833225667476654,0.20182542502880096,0.18149714171886444,sadness
26,You see I am very exact in keeping the promise you engaged me to make.,neutral,0.8556377291679382,0.006068062968552113,0.8556377291679382,0.002718400675803423,0.0415043979883194,0.0679328665137291,0.0041356999427080154,0.02200286090373993,0.0679328665137291,0.7877048626542091,anger
26,"I know not, however, whether your curiosity will be satisfied with the accounts I shall give you, though I can assure you, the desire I have to oblige you to the utmost of my power, has made me very diligent in my enquiries and observations.",neutral,0.8707142472267151,0.03454308211803436,0.8707142472267151,0.01782008819282055,0.008590891025960445,0.035131897777318954,0.018043579533696175,0.015156198292970657,0.035131897777318954,0.8355823494493961,anger
26,"'Tis certain we have but very imperfect accounts of the manners and religion of these people; this part of the world being seldom visited, but by merchants, who mind little but their own affairs; or travellers, who make too short a stay, to be able to report any thing exactly of their own knowledge.",neutral,0.745505690574646,0.007657722570002079,0.745505690574646,0.02793280966579914,0.03275700658559799,0.027870099991559982,0.028552161529660225,0.12972448766231537,0.12972448766231537,0.6157812029123306,disgust
26,"The Turks are too proud to converse familiarly with merchants, who can only pick up some confused informations, which are generally false; and can give no better account of the ways here, than a French refugee, lodging in a garret in Greek-street, could write of the court of England.",neutral,0.9467358589172363,0.004570925608277321,0.9467358589172363,0.003404783783480525,0.0055200387723743916,0.013370424509048462,0.004837658256292343,0.021560268476605415,0.021560268476605415,0.9251755904406309,disgust
26,"The journey we have made from Belgrade hither, cannot possibly be passed by any out of a public character.",neutral,0.7596511840820312,0.017047980800271034,0.7596511840820312,0.007889932952821255,0.07403624802827835,0.011569375172257423,0.07356120645999908,0.05624402314424515,0.07403624802827835,0.6856149360537529,surprise
26,"The desert woods of Servia, are the common refuge of thieves, who rob fifty in a company, so that we had need of all our guards to secure us; and the villages are so poor, that only force could extort from them necessary provisions.",disgust,0.3208821713924408,0.0038084303960204124,0.14347705245018005,0.0584048330783844,0.00747333187609911,0.20330023765563965,0.2626539468765259,0.3208821713924408,0.2626539468765259,0.05822822451591492,fear
26,"Indeed the janizaries had no mercy on their poverty, killing all the poultry and sheep they could find, without asking to whom they belonged; while the wretched owners durst not put in their claim, for fear of being beaten.",fear,0.5373613834381104,0.0032070546876639128,0.012745887041091919,0.045930374413728714,0.0010828523663803935,0.11143141239881516,0.5373613834381104,0.28824105858802795,0.28824105858802795,0.2491203248500824,disgust
26,"Lambs just fallen, geese and turkies (sic) big with egg, all massacred without distinction!",anger,0.7185578346252441,0.0017202070448547602,0.025544868782162666,0.01280960999429226,0.015107707120478153,0.7185578346252441,0.020408842712640762,0.20585095882415771,0.20585095882415771,0.5127068758010864,disgust
26,I fancied I heard the complaints of Melibeus for the hope of his flock.,neutral,0.45163393020629883,0.15401627123355865,0.45163393020629883,0.056244898587465286,0.025308925658464432,0.09305015206336975,0.07778219878673553,0.14196352660655975,0.15401627123355865,0.2976176589727402,joy
26,"When the bassas travel, 'tis yet worse.",disgust,0.9120984673500061,0.0005296426825225353,0.0051023405976593494,0.02043260633945465,0.0007413550047203898,0.05069258064031601,0.01040304359048605,0.9120984673500061,0.05069258064031601,0.8614058867096901,anger
26,"These oppressors are not content with eating all that is to be eaten belonging to the peasants; after they have crammed themselves and their numerous retinue, they have the impudence to exact what they call _teeth-money_, a contribution for the use of their teeth, worn with doing them the honour of devouring their meat.",disgust,0.4637632369995117,0.004532377235591412,0.11401161551475525,0.012807350605726242,0.0020225949119776487,0.400451123714447,0.002411873545497656,0.4637632369995117,0.400451123714447,0.0633121132850647,anger
26,"This is literally and exactly true, however extravagant it may seem; and such is the natural corruption of a military government, their religion not allowing of this barbarity, any more than ours does.",disgust,0.8780185580253601,0.0007425586227327585,0.030231518670916557,0.005160581320524216,0.009994096122682095,0.0738806277513504,0.0019720960408449173,0.8780185580253601,0.0738806277513504,0.8041379302740097,anger
26,"I HAD the advantage of lodging three weeks at Belgrade, with a principal effendi, that is to say a scholar.",neutral,0.6371514797210693,0.26393237709999084,0.6371514797210693,0.008174865506589413,0.01691707968711853,0.02492229826748371,0.0033748941496014595,0.04552694410085678,0.26393237709999084,0.3732191026210785,joy
26,"This set of men are equally capable of preferments in the law or the church, these two sciences being cast into one, and a lawyer and a priest being the same word in the Turkish language.",neutral,0.9383829832077026,0.005022428464144468,0.9383829832077026,0.004705451428890228,0.03336125612258911,0.00440251873806119,0.001095276908017695,0.013030001893639565,0.03336125612258911,0.9050217270851135,surprise
26,They are the only men really considerable in the empire; all the profitable employments and church revenues are in their hands.,neutral,0.9371844530105591,0.018832242116332054,0.9371844530105591,0.00822689663618803,0.008810723200440407,0.01209136564284563,0.0011302613420411944,0.013724015094339848,0.018832242116332054,0.918352210894227,joy
26,"The grand signior, though general heir to his people, never presumes to touch their lands or money, which go, in an uninterrupted succession, to their children.",neutral,0.5894667506217957,0.011745152063667774,0.5894667506217957,0.02239939011633396,0.003385316114872694,0.03614024817943573,0.01053343340754509,0.32632976770401,0.32632976770401,0.26313698291778564,disgust
26,"'Tis true, they lose this privilege, by accepting a place at court, or the title of Bassa; but there are few examples of such fools among them.",neutral,0.7998586297035217,0.002795693464577198,0.7998586297035217,0.027884017676115036,0.01064294297248125,0.03651520237326622,0.003513363189995289,0.11879011243581772,0.11879011243581772,0.681068517267704,disgust
26,"You may easily judge of the power of these men, who have engrossed all the learning, and almost all the wealth of the empire.",neutral,0.8935624361038208,0.012579396367073059,0.8935624361038208,0.0023521508555859327,0.04262480139732361,0.018596356734633446,0.002316470490768552,0.02796829678118229,0.04262480139732361,0.8509376347064972,surprise
26,"'Tis they that are the real authors, though the soldiers are the actors of revolutions.",neutral,0.9500091075897217,0.002284536836668849,0.9500091075897217,0.0045034438371658325,0.018281329423189163,0.008161754347383976,0.0032581465784460306,0.013501636683940887,0.018281329423189163,0.9317277781665325,surprise
26,"They deposed the late sultan Mustapha; and their power is so well known, that 'tis the emperor's interest to flatter them.",anger,0.518887996673584,0.010518287308514118,0.10981861501932144,0.07393833994865417,0.012983310967683792,0.518887996673584,0.007066863588988781,0.26678651571273804,0.26678651571273804,0.25210148096084595,disgust
26,THIS is a long digression.,neutral,0.7077577114105225,0.002124678809195757,0.7077577114105225,0.021793413907289505,0.0208128709346056,0.02818882465362549,0.002867793897166848,0.2164546251296997,0.2164546251296997,0.49130308628082275,disgust
26,"I was going to tell you, that an intimate daily conversation with the effendi Achmet-beg, gave me an opportunity of knowing their religion and morals in a more particular manner than perhaps any Christian ever did.",joy,0.5647430419921875,0.5647430419921875,0.3292761743068695,0.0075753480195999146,0.024107545614242554,0.006053812336176634,0.008005204610526562,0.06023889780044556,0.3292761743068695,0.235466867685318,neutral
26,"I explained to him the difference between the religion of England and Rome; and he Was pleased to hear there were Christians that did not worship images, or adore the Virgin Mary.",joy,0.9744789600372314,0.9744789600372314,0.010788153856992722,0.0031033193226903677,0.004725536797195673,0.001827371772378683,0.000400318531319499,0.0046763005666434765,0.010788153856992722,0.9636908061802387,neutral
26,"The ridicule of transubstantiation appeared very strong to him.--Upon comparing our creeds together, I am convinced that if our friend Dr ---- had free liberty of preaching here, it would be very easy to persuade the generality to Christianity, whose notions are very little different from his.",joy,0.5009451508522034,0.5009451508522034,0.09272690117359161,0.023243261501193047,0.007644017226994038,0.07551361620426178,0.023232735693454742,0.2766943573951721,0.2766943573951721,0.22425079345703125,disgust
26,Mr Whiston would make a very good apostle here.,neutral,0.8685993552207947,0.06740027666091919,0.8685993552207947,0.014040546491742134,0.01358166616410017,0.005690461955964565,0.008263780735433102,0.02242390438914299,0.06740027666091919,0.8011990785598755,joy
26,"I don't doubt but his zeal will be much fired, if you communicate this account to him; but tell him, he must first have the gift of tongues, before he can possibly be of any use.--Mahometism (sic) is divided into as many sects as Christianity; and the first institution as much neglected and obscured by interpretations.",neutral,0.5427758693695068,0.0024025789462029934,0.5427758693695068,0.029831627383828163,0.01817881502211094,0.3199642300605774,0.021706746891140938,0.06514013558626175,0.3199642300605774,0.22281163930892944,anger
26,"I cannot here forbear reflecting on the natural inclination of mankind, to make mysteries and novelties.--The Zeidi, Kudi, Jabari, &c. put me in mind of the Catholics, Lutherans, and Calvinists, and are equally zealous against one another.",anger,0.690569281578064,0.023528307676315308,0.08912651985883713,0.05384889990091324,0.00979152973741293,0.690569281578064,0.011709202080965042,0.12142633646726608,0.12142633646726608,0.5691429451107979,disgust
26,"But the most prevailing opinion, if you search into the secret of the effendis, is, plain deism.",neutral,0.9048313498497009,0.0029527845326811075,0.9048313498497009,0.0051233102567493916,0.00691475672647357,0.01269596628844738,0.0031495047733187675,0.06433233618736267,0.06433233618736267,0.8404990136623383,disgust
26,"This is indeed kept from the people, who are amused with a thousand different notions, according to the different interest of their preachers.--There are very few amongst them (Achmet-beg denied there were any) so absurd, as to set up for wit, by declaring they believe no God at all.",disgust,0.378231942653656,0.031961534172296524,0.31965020298957825,0.021642915904521942,0.09267003834247589,0.14834336936473846,0.007500027772039175,0.378231942653656,0.31965020298957825,0.05858173966407776,neutral
26,"And Sir Paul Rycaut is mistaken (as he commonly is) in calling the sect _muterin_, (i. e. _the secret with us_) atheists, they being deists, whose impiety consists in making a jest of their prophet.",disgust,0.7333715558052063,0.007303862366825342,0.18318092823028564,0.017342016100883484,0.004101413767784834,0.049739595502614975,0.004960654769092798,0.7333715558052063,0.18318092823028564,0.5501906275749207,neutral
26,"Achmet-beg did not own to me that he was of this opinion; but made no scruple of deviating from some part of Mahomet's law, by drinking wine with the same freedom we did.",disgust,0.6354637742042542,0.02507808245718479,0.24712365865707397,0.0279423538595438,0.002438662573695183,0.026398619636893272,0.03555493429303169,0.6354637742042542,0.24712365865707397,0.3883401155471802,neutral
26,When I asked him how he came to allow himself that liberty?,neutral,0.5426401495933533,0.00838391575962305,0.5426401495933533,0.00858461856842041,0.19281437993049622,0.09353416413068771,0.0658426508307457,0.08820011466741562,0.19281437993049622,0.34982576966285706,surprise
26,"He made answer, that all the creatures of God are good, and designed for the use of man; however, that the prohibition of wine was a very wise maxim, and meant for the common people, being the source of all disorders amongst them; but, that the prophet never designed to confine those that knew how to use it with moderation; nevertheless, he said, that scandal ought to be avoided, and that he never drank it in public.",disgust,0.45422396063804626,0.019560914486646652,0.41122233867645264,0.05047110840678215,0.002695243339985609,0.04571162536740303,0.01611477881669998,0.45422396063804626,0.41122233867645264,0.04300162196159363,neutral
26,"This is the general way of thinking amongst them, and very few forbear drinking wine that are able to afford it.",neutral,0.7903187274932861,0.0037482590414583683,0.7903187274932861,0.038886286318302155,0.007950850762426853,0.008032897487282753,0.014093764126300812,0.13696929812431335,0.13696929812431335,0.6533494293689728,disgust
26,"He assured me, that if I understood Arabic, I should be very well pleased with reading the alcoran, which is so far from the nonsense we charge it with, that it is the purest morality, delivered in the very best language.",joy,0.6513400077819824,0.6513400077819824,0.279930055141449,0.004986254032701254,0.004610523581504822,0.014536123722791672,0.0014261858304962516,0.04317087307572365,0.279930055141449,0.37140995264053345,neutral
26,"I have since heard impartial Christians speak of it in the same manner; and I don't doubt but that all our translations are from copies got from the Greek priests, who would not fail to falsify it with the extremity of malice.",neutral,0.5576900839805603,0.012028676457703114,0.5576900839805603,0.008030257187783718,0.006093460600823164,0.31173601746559143,0.00425137160345912,0.1001700609922409,0.31173601746559143,0.24595406651496887,anger
26,"No body of men ever were more ignorant, or more corrupt; yet they differ so little from the Romish church, that, I confess, nothing gives me a greater abhorrence of the cruelty of your clergy, than the barbarous persecution of them, whenever they have been their masters, for no other reason than their not acknowledging the pope.",disgust,0.8907756209373474,0.000509372097440064,0.005188432522118092,0.003803650150075555,0.0007347483187913895,0.0934283435344696,0.005559781566262245,0.8907756209373474,0.0934283435344696,0.7973472774028778,anger
26,"The dissenting in that one article, has got them the titles of heretics and schismatics; and, what is worse, the same treatment.",disgust,0.932500958442688,0.0005830407608300447,0.006839713081717491,0.004424289334565401,0.0005752838915213943,0.05295040085911751,0.0021263672970235348,0.932500958442688,0.05295040085911751,0.8795505575835705,anger
26,"I found at Philippopolis, a sect of Christians that call themselves Paulines.",neutral,0.531198263168335,0.008915595710277557,0.531198263168335,0.005618865601718426,0.0729001834988594,0.010077723301947117,0.007730554789304733,0.36355888843536377,0.36355888843536377,0.1676393747329712,disgust
26,"They shew an old church, where, they say, St Paul preached; and he is their favourite saint, after the same manner that St Peter is at Rome; neither do they forget to give him the same preference over the rest of the apostles.",neutral,0.835070013999939,0.00860936101526022,0.835070013999939,0.02492651343345642,0.05247721076011658,0.016141150146722794,0.0029516953509300947,0.05982406064867973,0.05982406064867973,0.7752459533512592,disgust
26,"BUT of all the religions I have seen, that of the Arnounts seems to me the most particular; they are natives of Arnountlich, the ancient Macedonia, and still retain the courage and hardiness, though they have lost the name of Macedonians, being the best militia in the Turkish empire, and the only check upon the janizaries.",neutral,0.9310354590415955,0.019978364929556847,0.9310354590415955,0.00208039372228086,0.02183331921696663,0.005665282718837261,0.0016250332118943334,0.017782188951969147,0.02183331921696663,0.9092021398246288,surprise
26,"They are foot soldiers; we had a guard of them, relieved in every considerable town we passed; they are all cloathed and armed at their own expence, dressed in clean white coarse cloth, carrying guns of a prodigious length, which they run with upon their shoulders, as if they did not feel the weight of them, the leader singing a sort of rude tune, not unpleasant, and the rest making up the chorus.",disgust,0.8410208821296692,0.0034050270915031433,0.1072952151298523,0.008067845366895199,0.0028755986131727695,0.03550611436367035,0.0018293525790795684,0.8410208821296692,0.1072952151298523,0.7337256669998169,neutral
26,"These people living between Christians and Mahometans, and not being skilled in controversy, declare, that they are utterly unable to judge which religion is best; but, to be certain of not entirely rejecting the truth, they very prudently follow both.",neutral,0.8304200768470764,0.010222581215202808,0.8304200768470764,0.014860743656754494,0.0025275107473134995,0.040605638176202774,0.04557868093252182,0.05578475818037987,0.05578475818037987,0.7746353186666965,disgust
26,"They go to the mosques on Fridays, and to the church on Sunday, saying, for their excuse, that at the day of judgment they are sure of protection from the true prophet; but which that is, they are not able to determine in this world.",neutral,0.8768209218978882,0.008072878234088421,0.8768209218978882,0.009086021222174168,0.004378436598926783,0.02462008222937584,0.02266783080995083,0.05435381457209587,0.05435381457209587,0.8224671073257923,disgust
26,"I believe there is no other race of mankind, who have so modest an opinion of their own capacity.",surprise,0.8890570402145386,0.002353883581236005,0.07704310864210129,0.0036802622489631176,0.8890570402145386,0.010944758541882038,0.004093140829354525,0.012827816419303417,0.07704310864210129,0.8120139315724373,neutral
26,"THESE are the remarks I have made, on the diversity of religions I have seen.",neutral,0.8598937392234802,0.00783855002373457,0.8598937392234802,0.002263425150886178,0.11187337338924408,0.008088418282568455,0.0017570351483300328,0.008285410702228546,0.11187337338924408,0.7480203658342361,surprise
26,I don't ask your pardon for the liberty I have taken in speaking of the Roman.,anger,0.5886550545692444,0.006081819534301758,0.23453311622142792,0.043346304446458817,0.0019773722160607576,0.5886550545692444,0.01803797110915184,0.1073683574795723,0.23453311622142792,0.35412193834781647,neutral
26,"I know you equally condemn the quakery (sic) of all churches, as much as you revere the sacred truths, in which we both agree.",disgust,0.5529350638389587,0.0029767067171633244,0.10668692737817764,0.020256102085113525,0.0023888100404292345,0.3001188337802887,0.014637541957199574,0.5529350638389587,0.3001188337802887,0.25281623005867004,anger
26,YOU will expect I should say something to you of the antiquities of this country; but there are few remains of ancient Greece.,neutral,0.5466419458389282,0.005775314290076494,0.5466419458389282,0.10847758501768112,0.2695339322090149,0.014673951081931591,0.006634900346398354,0.04826239496469498,0.2695339322090149,0.27710801362991333,surprise
26,"We passed near the piece of an arch, which is commonly called Trajan's Gate, from a supposition, that he made it to shut up the passage over the mountains, between Sophia and Philippopolis.",disgust,0.3467356860637665,0.008551552891731262,0.30735352635383606,0.01862848550081253,0.04626189544796944,0.0941213071346283,0.17834755778312683,0.3467356860637665,0.30735352635383606,0.03938215970993042,neutral
26,"But I rather believe it the remains of some triumphal arch, (tho' I could not see any inscription;) for if that passage had been shut up, there are many others that would serve for the march of an army; and, notwithstanding the story of Baldwin earl of Flanders being overthrown in these straits, after he won Constantinople, I don't fancy the Germans would find themselves stopped by them at this day.",neutral,0.5744965076446533,0.027055077254772186,0.5744965076446533,0.012059885077178478,0.26343461871147156,0.06165006011724472,0.01953340694308281,0.041770435869693756,0.26343461871147156,0.31106188893318176,surprise
26,"'Tis true, the road is now made (with great industry) as commodious as possible, for the march of the Turkish army; there is not one ditch or puddle between this place and Belgrade, that has not a large strong bridge of planks built over it; but the precipices are not so terrible as I had heard them represented.",disgust,0.48877570033073425,0.0016879122704267502,0.020274752750992775,0.015125451609492302,0.008996831253170967,0.01436777412891388,0.45077162981033325,0.48877570033073425,0.45077162981033325,0.038004070520401,fear
26,"At these mountains we lay at the little village Kiskoi, wholly inhabited by Christians, as all the peasants of Bulgaria are.",disgust,0.5598939061164856,0.009311052039265633,0.2163318544626236,0.020438946783542633,0.00870064552873373,0.03910067304968834,0.14622294902801514,0.5598939061164856,0.2163318544626236,0.343562051653862,neutral
26,"Their houses are nothing but little huts, raised of dirt baked in the sun; and they leave them and fly into the mountains, some months before the march of the Turkish army, who would else entirely ruin them, by driving away their whole flocks.",disgust,0.3261956572532654,0.004878706764429808,0.23665732145309448,0.06082217022776604,0.011600637808442116,0.3251136541366577,0.03473184257745743,0.3261956572532654,0.3251136541366577,0.001082003116607666,anger
26,"This precaution Secures them in a sort of plenty; for such vast tracts of land lying in common, they have the liberty of sowing what they please, and are generally very industrious husbandmen.",neutral,0.4942954480648041,0.4381672441959381,0.4942954480648041,0.010425481013953686,0.0036626923829317093,0.020177466794848442,0.006536339875310659,0.0267353393137455,0.4381672441959381,0.05612820386886597,joy
26,I drank here several sorts of delicious wine.,joy,0.9336630702018738,0.9336630702018738,0.03125428035855293,0.0023438374046236277,0.004261570982635021,0.0026637751143425703,0.0011973473010584712,0.024616099894046783,0.03125428035855293,0.9024087898433208,neutral
26,"The women dress themselves in a great variety of coloured glass beads, and are not ugly, but of a tawny complexion.",disgust,0.7777526378631592,0.007890666835010052,0.17404015362262726,0.027775293216109276,0.004545442294329405,0.004302044399082661,0.0036937627010047436,0.7777526378631592,0.17404015362262726,0.6037124842405319,neutral
26,"I have now told you all that is worth telling you, and perhaps more, relating to my journey.",neutral,0.9274958372116089,0.0445406436920166,0.9274958372116089,0.006477218586951494,0.011250078678131104,0.0052330647595226765,0.0013954014284536242,0.0036078235134482384,0.0445406436920166,0.8829551935195923,joy
26,"When I am at Constantinople, I'll try to pick up some curiosities, and then you shall hear again from                                 Your's, &c.",neutral,0.43589547276496887,0.3253903388977051,0.43589547276496887,0.09835928678512573,0.0939926952123642,0.012775232084095478,0.028860630467534065,0.0047263395972549915,0.3253903388977051,0.1105051338672638,joy
27,"AS I never can forget the smallest of your ladyship's commands, my first business here has been to enquire after the stuffs you ordered me to look for, without being able to find what you would like.",neutral,0.7026188969612122,0.006853858008980751,0.7026188969612122,0.058338046073913574,0.027046605944633484,0.08853258192539215,0.038816891610622406,0.07779314368963242,0.08853258192539215,0.61408631503582,anger
27,"The difference of the dress here and at London is so great, the same sort of things are not proper for _caftans_ and _manteaus_.",neutral,0.7943092584609985,0.017973821610212326,0.7943092584609985,0.022682949900627136,0.04143967851996422,0.03907601907849312,0.018533559516072273,0.06598469614982605,0.06598469614982605,0.7283245623111725,disgust
27,"However, I will not give over my search, but renew it again at Constantinople, though I have reason to believe there is nothing finer than what is to be found here, as this place is at present the residence of the court.",neutral,0.36293986439704895,0.07758117467164993,0.36293986439704895,0.13829270005226135,0.030954670161008835,0.18938325345516205,0.12299434095621109,0.07785392552614212,0.18938325345516205,0.1735566109418869,anger
27,"The grand signior's eldest daughter was married some few days before I came hither; and, upon that occasion, the Turkish ladies display all their magnificence.",joy,0.5985965728759766,0.5985965728759766,0.16600528359413147,0.01619034633040428,0.03412666544318199,0.01577606238424778,0.0038746390491724014,0.1654304414987564,0.16600528359413147,0.4325912892818451,neutral
27,The bride was conducted to her husband's house in very great splendor (sic).,joy,0.7241902351379395,0.7241902351379395,0.01718377135694027,0.006853644736111164,0.008797434158623219,0.009245650842785835,0.0033491719514131546,0.230380117893219,0.230380117893219,0.49381011724472046,disgust
27,"She is widow of the late vizier, who was killed at Peterwaradin, though that ought rather to be called a contract than a marriage, since she never has lived with him; however, the greatest part of his wealth is hers.",sadness,0.5762951374053955,0.009888323955237865,0.28543633222579956,0.5762951374053955,0.0208644550293684,0.016974590718746185,0.006458533927798271,0.08408267050981522,0.28543633222579956,0.29085880517959595,neutral
27,"He had the permission of visiting her in the seraglio; and, being one of the handsomest men in the empire, had very much engaged her affections.--When she saw this second husband, who is at least fifty, she could not forbear bursting into tears.",disgust,0.48198413848876953,0.04304707050323486,0.031096436083316803,0.09881971776485443,0.03231530636548996,0.29721811413764954,0.015519319102168083,0.48198413848876953,0.29721811413764954,0.18476602435112,anger
27,"He is indeed a man of merit, and the declared favourite of the sultan, (which they call _ mosayp_) but that is not enough to make him pleasing in the eyes of a girl of thirteen.",neutral,0.7570974826812744,0.023131046444177628,0.7570974826812744,0.050285376608371735,0.01760810799896717,0.012307657860219479,0.0016460923943668604,0.13792425394058228,0.13792425394058228,0.6191732287406921,disgust
27,"THE government here is entirely in the hands of the army, the grand signior, with all his absolute power, is as much a slave as any of his subjects, and trembles at a janizary's frown.",anger,0.4870247542858124,0.005517976358532906,0.1512981355190277,0.050677429884672165,0.0034069737885147333,0.4870247542858124,0.14496706426143646,0.15710772573947906,0.15710772573947906,0.3299170285463333,disgust
27,"Here is, indeed, a much greater appearance of subjection than amongst us; a minister of state is not spoke to, but upon the knee: should a reflection on his conduct be dropt (sic) in a coffee-house (for they have spies every where) the house would be raz'd (sic) to the ground, and perhaps the whole company put to the torture.",disgust,0.888187050819397,0.0006454765680246055,0.04033588990569115,0.013750456273555756,0.014273417182266712,0.01695871166884899,0.02584901638329029,0.888187050819397,0.04033588990569115,0.8478511609137058,neutral
27,"No _huzzaing mobs, senseless pamphlets, and tavern disputes about politics_; A consequential ill that freedom draws; A bad effect,--but from a noble cause.",anger,0.44480061531066895,0.007995149120688438,0.06264516711235046,0.17197422683238983,0.004525240510702133,0.44480061531066895,0.01559978537261486,0.2924598455429077,0.2924598455429077,0.15234076976776123,disgust
27,None of our harmless calling names!,anger,0.7477697134017944,0.0020534563809633255,0.01624237932264805,0.009728871285915375,0.005805653054267168,0.7477697134017944,0.004575734492391348,0.21382413804531097,0.21382413804531097,0.5339455753564835,disgust
27,"but when a minister here displeases the people, in three hours time he is dragged even from his master's arms.",disgust,0.8760877847671509,0.0006095533608458936,0.005445010028779507,0.008567669428884983,0.0019675549119710922,0.1058504655957222,0.0014720901381224394,0.8760877847671509,0.1058504655957222,0.7702373191714287,anger
27,"They cut off hands, head, and feet, and throw them before the palace gate, with all the respect in the world; while the sultan (to whom they all profess an unlimited adoration) sits trembling in his apartment, and dare neither defend nor revenge his favourite.",fear,0.9317513704299927,0.0015513733960688114,0.012062817811965942,0.0035270731896162033,0.0012044385075569153,0.037407245486974716,0.9317513704299927,0.01249572541564703,0.037407245486974716,0.894344124943018,anger
27,"This is the blessed condition of the most absolute monarch upon earth, who o---- no l---- but his _will_.",neutral,0.7998574376106262,0.040999315679073334,0.7998574376106262,0.01516917534172535,0.02038557082414627,0.03333737701177597,0.005810668226331472,0.0844404548406601,0.0844404548406601,0.7154169827699661,disgust
27,[Editor's note: Two words are unreadable due to damage to the book which may have occurred at the time of printing.,neutral,0.39092209935188293,0.0028051966801285744,0.39092209935188293,0.2743511497974396,0.0482201911509037,0.04410829022526741,0.02990265004336834,0.20969043672084808,0.2743511497974396,0.11657094955444336,sadness
27,"It seems probable that the sentence should end "".. who owns no limit but his _will_."".]",neutral,0.5533729791641235,0.008197741582989693,0.5533729791641235,0.10352089256048203,0.022092681378126144,0.11467589437961578,0.05333530902862549,0.14480453729629517,0.14480453729629517,0.40856844186782837,disgust
27,"I CANNOT help wishing, in the loyality (sic) of my heart, that the parliament would send hither a ship-load of young passive obedient men, that they might see arbitrary government in its clearest, and strongest light, where 'tis hard to judge, whether the prince, people, or ministers, are most miserable.",sadness,0.92948979139328,0.006135386414825916,0.017672866582870483,0.92948979139328,0.001567338709719479,0.003807365894317627,0.004189826548099518,0.03713748976588249,0.03713748976588249,0.8923523016273975,disgust
27,"I could make many reflections on this subject; but I know, madam, your own good sense has already furnished you with better than I am capable of.",neutral,0.8683115839958191,0.024889307096600533,0.8683115839958191,0.03945077210664749,0.01303514838218689,0.014434892684221268,0.0089309336617589,0.030947433784604073,0.03945077210664749,0.8288608118891716,sadness
27,I WENT yesterday along with the French ambassadress to see the grand signior in his passage to the mosque.,neutral,0.6663523316383362,0.06855690479278564,0.6663523316383362,0.012058688327670097,0.09598822146654129,0.012598428875207901,0.10062661021947861,0.04381881281733513,0.10062661021947861,0.5657257214188576,fear
27,"He was preceded by a numerous guard of janizaries, with vast white feathers on their heads, as also by the _spahis_ and _bostangees_, (these are foot and horse guards) and the royal gardeners, which are a very considerable body of men, dressed in different habits of fine lively colours, so that at a distance, they appeared like a parterre of tulips.",neutral,0.8252256512641907,0.05197647213935852,0.8252256512641907,0.0028431022074073553,0.03137652948498726,0.010331392288208008,0.006325531750917435,0.07192122936248779,0.07192122936248779,0.7533044219017029,disgust
27,"After them the aga of the janizaries, in a robe of purple velvet, lined with silver tissue, his horse led by two slaves richly dressed.",disgust,0.9720776081085205,0.005814365576952696,0.013616670854389668,0.0016675707884132862,0.001391752390190959,0.0036327505949884653,0.0017993651563301682,0.9720776081085205,0.013616670854389668,0.9584609372541308,neutral
27,"Next him the _kyzlier-aga_ (your ladyship knows, this is the chief guardian of the seraglio ladies) in a deep yellow cloth (which suited very well to his black face) lined with sables.",neutral,0.8229027986526489,0.010008118115365505,0.8229027986526489,0.009255992248654366,0.029040077701210976,0.010005165822803974,0.0034240824170410633,0.11536374688148499,0.11536374688148499,0.7075390517711639,disgust
27,"Last came his sublimity himself, arrayed in green, lined with the fur of a black Moscovite fox, which is supposed worth a thousand pounds sterling, and mounted on a fine horse, with furniture embroidered with jewels.",neutral,0.7788960933685303,0.013054070994257927,0.7788960933685303,0.00602205703034997,0.01961655542254448,0.010944789275527,0.0016151049640029669,0.16985130310058594,0.16985130310058594,0.6090447902679443,disgust
27,"Six more horses richly caparisoned were led after him; and two of his principal courtiers bore, one his gold, and the other his silver coffee-pot, on a staff; another carried a silver stool on his head for him to sit on.---It would be too tedious to tell your ladyship the various dresses and turbants (sic) by which their rank is distinguished; but they were all extremely rich and gay, to the number of some thousands; so that perhaps there cannot be seen a more beautiful procession.",neutral,0.4771960973739624,0.06933031231164932,0.4771960973739624,0.03849976137280464,0.11304175108671188,0.02443297766149044,0.00542829092592001,0.2720707952976227,0.2720707952976227,0.20512530207633972,disgust
27,"The sultan appeared to us a handsome man of about forty, with something, however, severe in his countenance, and his eyes very ---- ---- ---- [Editor's note: as above a few words are illegible but seem to be 'sultry and black'.]",anger,0.8913803696632385,0.0006668144487775862,0.003603121964260936,0.0019481952767819166,0.001176866120658815,0.8913803696632385,0.0034855857957154512,0.09773915261030197,0.09773915261030197,0.7936412170529366,disgust
27,"He happened to stop under the window where he stood, and (I suppose being told who we were) looked upon us very attentively, so that we had full leisure to consider him.",disgust,0.6359130144119263,0.0696832686662674,0.2292504608631134,0.014217058196663857,0.0054163201712071896,0.02333160676062107,0.022188229486346245,0.6359130144119263,0.2292504608631134,0.40666255354881287,neutral
27,"The French ambassadress agreed with me as to his good mien; I see that lady very often; she is young, and her conversation would be a great relief to me, if I could persuade her to live without those forms and ceremonies that make life so formal and tiresome.",joy,0.6613001227378845,0.6613001227378845,0.2502419948577881,0.013495871797204018,0.004047808703035116,0.008440718986093998,0.0023140786215662956,0.06015937402844429,0.2502419948577881,0.41105812788009644,neutral
27,"But she is so delighted with her guards, her four and twenty footmen, gentlemen, ushers, &c. that she would rather die than make me a visit without them; not to reckon a coachful of attending damsels ycleap'd (sic) maids of honour.",joy,0.9573836326599121,0.9573836326599121,0.02329636923968792,0.003000357188284397,0.00577980000525713,0.005504459608346224,0.0005661739269271493,0.004469188861548901,0.02329636923968792,0.9340872634202242,neutral
27,"What vexes me is, that as long as she will visit me with a troublesome equipage, I am obliged to do the same: however, our mutual interest makes us much together.",anger,0.776680052280426,0.005013369955122471,0.058576080948114395,0.05257168412208557,0.0018987078219652176,0.776680052280426,0.005742849316447973,0.09951724112033844,0.09951724112033844,0.6771628111600876,disgust
27,"I went with her the other day all round the town, in an open gilt chariot, with our joint train of attendants, preceded by our guards, who might have summoned the people to see what they had never seen, nor ever perhaps would see again, two young Christian ambassadresses at the same time.",neutral,0.41503119468688965,0.011062131263315678,0.41503119468688965,0.006739717908203602,0.16425444185733795,0.04069119691848755,0.2118827998638153,0.15033847093582153,0.2118827998638153,0.20314839482307434,fear
27,"Your ladyship may easily imagine, we drew a vast crowd of spectators, but all silent as death.",neutral,0.6967127323150635,0.004095067270100117,0.6967127323150635,0.06583847105503082,0.06668858230113983,0.018813641741871834,0.07338833063840866,0.07446321099996567,0.07446321099996567,0.6222495213150978,disgust
27,"If any of them had taken the liberties of our mobs upon any strange sight, our janizaries had made no scruple of falling on them with their scimitars, without danger for so doing, being above law.",fear,0.8457926511764526,0.0051741823554039,0.08836505562067032,0.004570389166474342,0.004861971829086542,0.015874430537223816,0.8457926511764526,0.03536142036318779,0.08836505562067032,0.7574275955557823,neutral
27,"These people however (I mean the janizaries) have some good qualities; they are very zealous and faithful where they serve, and look upon it as their business to fight for you on all occasions.",neutral,0.875336229801178,0.027863528579473495,0.875336229801178,0.004655621014535427,0.00512603810057044,0.03465568646788597,0.0010235473746433854,0.051339346915483475,0.051339346915483475,0.8239968828856945,disgust
27,"Of this I had a very pleasant instance in a village on this side Philippopolis, where we were met by our domestic guards.",joy,0.8397466540336609,0.8397466540336609,0.025794824585318565,0.0037620295770466328,0.0030289574060589075,0.00785554014146328,0.0026341425254940987,0.117177814245224,0.117177814245224,0.7225688397884369,disgust
27,"I happened to bespeak pigeons for supper, upon which one of my janizaries went immediately to the cadi (the chief civil officer of the town) and ordered him to send in some dozens.",disgust,0.6440971493721008,0.0031000315211713314,0.030447665601968765,0.00338238338008523,0.004570317454636097,0.3019407093524933,0.012461695820093155,0.6440971493721008,0.3019407093524933,0.34215644001960754,anger
27,"The poor man answered, that he had already sent about, but could get none.",sadness,0.637442409992218,0.002256493316963315,0.07232935726642609,0.637442409992218,0.015784936025738716,0.07975936681032181,0.005559134297072887,0.18686838448047638,0.18686838448047638,0.45057402551174164,disgust
27,"My janizary, in the height of his zeal for my service, immediately locked him up prisoner in his room, telling him he deserved death for his impudence, in offering to excuse his not obeying my command; but, out of respect to me, he would not punish him but by my order.",anger,0.8935610055923462,0.0011609809007495642,0.006648828275501728,0.012638292275369167,0.0020429466385394335,0.8935610055923462,0.004277232103049755,0.07967076450586319,0.07967076450586319,0.813890241086483,disgust
27,"Accordingly he came very gravely to me, to ask what should be done to him; adding, by way of compliment, that if I pleased he would bring me his head.--This may give you some idea of the unlimited power of these fellows, who are all sworn brothers, and bound to revenge the injuries done to one another, whether at Cairo, Aleppo, or any part of the world.",anger,0.4295085072517395,0.007810045499354601,0.0712466761469841,0.18054702877998352,0.005323484539985657,0.4295085072517395,0.17648018896579742,0.12908409535884857,0.18054702877998352,0.24896147847175598,sadness
27,"This inviolable league makes them so powerful, that the greatest man at court never speaks to them but in a flattering tone; and in Asia, any man that is rich is forced to enrol himself a janizary, to secure his estate.--But I have already said enough; and I dare swear, dear madam, that, by this time, 'tis a very comfortable reflection to you, that there is no possibility of your receiving such a tedious letter but once in six months; 'tis that consideration has given me the assurance of entertaining you so long, and will, I hope, plead the excuse of, dear madam,  Your's, &c.",joy,0.508120059967041,0.508120059967041,0.27918359637260437,0.038495976477861404,0.022899596020579338,0.07900946587324142,0.019244739785790443,0.0530465692281723,0.27918359637260437,0.22893646359443665,neutral
28,"I WISH to God, dear sister, that you were as regular in letting me know what passes on your side of the globe, as I am careful in endeavouring to amuse you by the account of all I see here, that I think worth your notice.",neutral,0.6345865726470947,0.21886380016803741,0.6345865726470947,0.0640299916267395,0.05001203715801239,0.007533745374530554,0.004288944881409407,0.02068495936691761,0.21886380016803741,0.4157227724790573,joy
28,"You content yourself with telling me over and over, that the town is very dull: it may, possibly, be dull to you, when every day does not present you with something new; but for me that am in arrears, at least two months news, all that seems very stale with you, would be very fresh and sweet here.",sadness,0.5589083433151245,0.053239960223436356,0.2233164757490158,0.5589083433151245,0.008570462465286255,0.020052587613463402,0.005512861534953117,0.13039928674697876,0.2233164757490158,0.3355918675661087,neutral
28,"Pray let me into more particulars, and I will try to awaken your gratitude, by giving you a full and true relation of the novelties of this place, none of which would surprise you more than a sight of my person, as I am now in my Turkish habit, though I believe you would be of my opinion, that 'tis admirably becoming.--I intend to send you my picture; in the mean time accept of it here.",surprise,0.7202825546264648,0.18674792349338531,0.06925434619188309,0.009790830314159393,0.7202825546264648,0.01036752387881279,0.0022280076518654823,0.0013287810143083334,0.18674792349338531,0.5335346311330795,joy
28,"THE first part of my dress is a pair of drawers, very full that reach to my shoes, and conceal the legs more modestly than your petticoats.",neutral,0.6438667178153992,0.01289333961904049,0.6438667178153992,0.021443340927362442,0.1636052280664444,0.025168901309370995,0.02665211260318756,0.10637041926383972,0.1636052280664444,0.4802614897489548,surprise
28,"They are of a thin rose-coloured damask, brocaded with silver flowers.",neutral,0.8483718037605286,0.013107954524457455,0.8483718037605286,0.0068326424807310104,0.012358836829662323,0.010771075263619423,0.0024946604389697313,0.10606300830841064,0.10606300830841064,0.7423087954521179,disgust
28,"My shoes are of white kid leather, embroidered with gold.",neutral,0.7871522903442383,0.03322213515639305,0.7871522903442383,0.013299369253218174,0.03190283849835396,0.024364175274968147,0.002693842863664031,0.10736535489559174,0.10736535489559174,0.6797869354486465,disgust
28,"Over this hangs my smock, of a fine white silk gauze, edged with embroidery.",neutral,0.47447553277015686,0.025482673197984695,0.47447553277015686,0.02264723926782608,0.02736474946141243,0.020739521831274033,0.009794122539460659,0.4194961190223694,0.4194961190223694,0.054979413747787476,disgust
28,"This smock has wide sleeves hanging half way down the arm, and is closed at the neck with a diamond button; but the shape and colour of the bosom is very well to be distinguished through it.--The _antery_ is a waistcoat, made close to the shape, of white and gold damask, with very long sleeves falling back, and fringed with deep gold fringe, and should have diamond or pearl buttons.",neutral,0.8198497891426086,0.017651142552495003,0.8198497891426086,0.018303485587239265,0.046806395053863525,0.013525908812880516,0.005815973039716482,0.0780472382903099,0.0780472382903099,0.7418025508522987,disgust
28,"My _caftan_, of the same stuff with my drawers, is a robe exactly fitted to my shape, and reaching to my feet, with very long strait falling sleeves.",neutral,0.7355027794837952,0.025893473997712135,0.7355027794837952,0.03189341723918915,0.15553630888462067,0.014573018997907639,0.006842338014394045,0.029758581891655922,0.15553630888462067,0.5799664705991745,surprise
28,"Over this is my girdle, of about four fingers broad, which, all that can afford it, have entirely of diamonds or other precious stones; those who will not be at that expence, have it of exquisite embroidery on sattin (sic); but it must be fastened before with a clasp of diamonds.--The _curdee_ is a loose robe they throw off, or put on, according to the weather, being of a rich brocade (mine is green and gold) either lined with ermine or sables; the sleeves reach very little below the shoulders.",neutral,0.7842200994491577,0.020745355635881424,0.7842200994491577,0.030370740219950676,0.061531323939561844,0.012556599453091621,0.006500436458736658,0.08407550305128098,0.08407550305128098,0.7001445963978767,disgust
28,"The head dress is composed of a cap, called _talpock_, which is, in winter, of fine velvet embroidered with pearls or diamonds, and in summer, of a light shining silver stuff.",neutral,0.7925938963890076,0.09917712211608887,0.7925938963890076,0.015412240289151669,0.033722490072250366,0.009867706336081028,0.002114242874085903,0.047112323343753815,0.09917712211608887,0.6934167742729187,joy
28,"This is fixed on one side of the head, hanging a little way down with a gold tassel, and bound on, either with a circle of diamonds (as I have seen several) or a rich embroidered handkerchief.",neutral,0.8858736753463745,0.013303802348673344,0.8858736753463745,0.007735574617981911,0.022682758048176765,0.012603163719177246,0.0024812095798552036,0.05531971901655197,0.05531971901655197,0.8305539563298225,disgust
28,"On the other side of the head, the hair is laid flat; and here the ladies are at liberty to shew their fancies; some putting flowers, others a plume of heron's feathers, and, in short, what they please; but the most general fashion is a large _bouquet_ of jewels, made like natural flowers; that is, the buds, of pearl; the roses, of different coloured rubies: the jessamines, of diamonds; the jonquils, of topazes, &c. so well set and enamelled, 'tis hard to imagine any thing of that kind so beautiful.",neutral,0.4987775385379791,0.31951287388801575,0.4987775385379791,0.03260268270969391,0.022188710048794746,0.016121147200465202,0.0031206090934574604,0.1076764464378357,0.31951287388801575,0.17926466464996338,joy
28,"The hair hangs at its full length behind, divided into tresses braided with pearl or ribbon, which is always in great quantity.",neutral,0.7769518494606018,0.011902381666004658,0.7769518494606018,0.020107192918658257,0.03252634406089783,0.016804898157715797,0.008934750221669674,0.1327725201845169,0.1327725201845169,0.6441793292760849,disgust
28,I never saw in my life so many fine heads of hair.,surprise,0.6641234159469604,0.005114383064210415,0.18972747027873993,0.007265510968863964,0.6641234159469604,0.013497945852577686,0.008886147290468216,0.11138512939214706,0.18972747027873993,0.4743959456682205,neutral
28,"In one lady's, I have counted a hundred and ten of the tresses, all natural; but it must be owned, that every kind of beauty is more common here than with us.",neutral,0.8284356594085693,0.02102464623749256,0.8284356594085693,0.010513637214899063,0.11056394875049591,0.00515826465561986,0.002968628192320466,0.021335208788514137,0.11056394875049591,0.7178717106580734,surprise
28,'Tis surprising to see a young woman that is not very handsome.,surprise,0.9647082686424255,0.00412002531811595,0.013040544465184212,0.0017668160144239664,0.9647082686424255,0.0028493721038103104,0.002719147829338908,0.01079585961997509,0.013040544465184212,0.9516677241772413,neutral
28,"They have naturally the most beautiful complexion in the world, and generally large black eyes.",neutral,0.7482163310050964,0.18826483190059662,0.7482163310050964,0.008575430139899254,0.022505225613713264,0.005257164593786001,0.0015973011031746864,0.025583764538168907,0.18826483190059662,0.5599514991044998,joy
28,"I can assure you with great truth, that the court of England (though I believe it the fairest in Christendom) does not contain so many beauties as are under our protection here.",neutral,0.6912301182746887,0.2634985148906708,0.6912301182746887,0.008388816379010677,0.00876274798065424,0.00635470962151885,0.0013887223321944475,0.020376309752464294,0.2634985148906708,0.42773160338401794,joy
28,"They generally shape their eye-brows, and both Greeks and Turks have the custom of putting round their eyes a black tincture, that, at a distance, or by candle-light, adds very much to the blackness of them.",neutral,0.8010436296463013,0.0016611982136964798,0.8010436296463013,0.010402003303170204,0.012630549259483814,0.019555753096938133,0.006156404502689838,0.14855051040649414,0.14855051040649414,0.6524931192398071,disgust
28,"I fancy many of our ladies would be overjoyed to know this secret, but 'tis too visible by day.",joy,0.9835106134414673,0.9835106134414673,0.005657481029629707,0.0017097681993618608,0.004611463285982609,0.002295608166605234,0.0005710094119422138,0.0016440765466541052,0.005657481029629707,0.9778531324118376,neutral
28,"They dye their nails a rose colour; but, I own, I cannot enough accustom myself to this fashion, to find any beauty in it.",disgust,0.4991205930709839,0.006130587309598923,0.32409536838531494,0.10012336820363998,0.024000486359000206,0.03651575744152069,0.010013800114393234,0.4991205930709839,0.32409536838531494,0.17502522468566895,neutral
28,"AS to their morality or good conduct, I can say, like Harlequin, that 'tis just as 'tis with you; and the Turkish ladies don't commit one sin the less for not being Christians.",neutral,0.6981033086776733,0.012364828027784824,0.6981033086776733,0.021542999893426895,0.0030194579157978296,0.11565665900707245,0.009480934590101242,0.1398317962884903,0.1398317962884903,0.558271512389183,disgust
28,"Now, that I am a little acquainted with their ways, I cannot forbear admiring, either the exemplary discretion, or extreme stupidity of all the writers that have given accounts of them.",disgust,0.3829387128353119,0.009496020153164864,0.36192306876182556,0.029133660718798637,0.012048132717609406,0.10536710917949677,0.09909331053495407,0.3829387128353119,0.36192306876182556,0.021015644073486328,neutral
28,"'Tis very easy to see, they have in reality more liberty than we have.",neutral,0.9080723524093628,0.020645299926400185,0.9080723524093628,0.006974071264266968,0.02596510387957096,0.011367911472916603,0.007754350081086159,0.019220881164073944,0.02596510387957096,0.8821072485297918,surprise
28,"No woman, of what rank soever, is permitted to go into the streets without two _murlins_, one that covers her face all but her eyes, and another, that hides the whole dress of her head, and hangs half way down her back.",neutral,0.6323533654212952,0.007804507855325937,0.6323533654212952,0.027108319103717804,0.016051921993494034,0.030490247532725334,0.012721763923764229,0.2734699249267578,0.2734699249267578,0.35888344049453735,disgust
28,"Their shapes are also wholely (sic) concealed, by a thing they call a _serigee_, which no woman of any sort appears without; this has strait sleeves, that reach to their fingers-ends, and it laps all round them, not unlike a riding-hood.",neutral,0.8764720559120178,0.0059524402022361755,0.8764720559120178,0.0071506500244140625,0.038487475365400314,0.014377265237271786,0.006669980473816395,0.050890110433101654,0.050890110433101654,0.8255819454789162,disgust
28,"In winter, 'tis of cloth; and in summer, of plain stuff or silk.",neutral,0.45885664224624634,0.013827710412442684,0.45885664224624634,0.053513575345277786,0.008721202611923218,0.022069906815886497,0.017619235441088676,0.4253917336463928,0.4253917336463928,0.033464908599853516,disgust
28,"You may guess then, how effectually this disguises them, so that there is no distinguishing the great lady from her slave.",neutral,0.9288005232810974,0.003534605260938406,0.9288005232810974,0.004300541710108519,0.037304989993572235,0.0073226578533649445,0.0024637863971292973,0.016272857785224915,0.037304989993572235,0.8914955332875252,surprise
28,"'Tis impossible for the most jealous husband to know his wife, when he meets her; and no man dare touch or follow a woman in the street.",anger,0.5760318040847778,0.002590005286037922,0.015825653448700905,0.004477040376514196,0.0019365028711035848,0.5760318040847778,0.33184942603111267,0.0672895684838295,0.33184942603111267,0.24418237805366516,fear
28,"THIS perpetual masquerade gives them entire liberty of following their inclinations, without danger of discovery.",neutral,0.7104599475860596,0.021540824323892593,0.7104599475860596,0.010923742316663265,0.004983964841812849,0.04400132969021797,0.1559264212846756,0.05216377228498459,0.1559264212846756,0.554533526301384,fear
28,"The most usual method of intrigue, is, to send an appointment to the lover to meet the lady at a Jew's shop, which are as notoriously convenient as our Indian-houses; and yet, even those who don't make use of them, do not scruple to go to buy pennyworths, and tumble over rich goods, which are chiefly to be found amongst that sort of people.",neutral,0.6747698187828064,0.013023867271840572,0.6747698187828064,0.013912243768572807,0.02396726980805397,0.038010723888874054,0.021231884136795998,0.2150842547416687,0.2150842547416687,0.4596855640411377,disgust
28,"The great ladies seldom let their gallants know who they are; and 'tis so difficult to find it out, that they can very seldom guess at her name, whom they have corresponded with for above half a year together.",neutral,0.792485773563385,0.006973601877689362,0.792485773563385,0.07952973246574402,0.040178101509809494,0.01335249561816454,0.022129051387310028,0.045351166278123856,0.07952973246574402,0.712956041097641,sadness
28,"You may easily imagine the number of faithful wives very small in a country where they have nothing to fear from a lover's indiscretion, since we see so many have the courage to expose themselves to that in this world, and all the threatened punishment of the next, which is never preached to the Turkish damsels.",fear,0.5756511688232422,0.006423162762075663,0.3597588539123535,0.005318440031260252,0.010854757390916348,0.02635713294148445,0.5756511688232422,0.015636496245861053,0.3597588539123535,0.21589231491088867,neutral
28,"Neither have they much to apprehend from the resentment of their husbands; those ladies that are rich, having all their money in their own hands.",anger,0.7189767360687256,0.002268807729706168,0.21775420010089874,0.007805274799466133,0.004651993978768587,0.7189767360687256,0.0023576675448566675,0.04618535935878754,0.21775420010089874,0.5012225359678268,neutral
28,"Upon the whole, I look upon the Turkish women, as the only free people in the empire; the very divan pays respect to them; and the grand signior himself, when a bassa is executed, never violates the privileges of the _haram_, (or womens apartment) which remains unsearched and entire to the widow.",disgust,0.5825645327568054,0.03442880138754845,0.23797909915447235,0.01582435891032219,0.003241318976506591,0.1213177964091301,0.004644060041755438,0.5825645327568054,0.23797909915447235,0.34458543360233307,neutral
28,"They are queens of their slaves, whom the husband has no permission so much as to look upon, except it be an old woman or two that his lady chuses.",neutral,0.5432215332984924,0.01732173189520836,0.5432215332984924,0.01632586680352688,0.006039709318429232,0.01769367791712284,0.001965086907148361,0.39743247628211975,0.39743247628211975,0.14578905701637268,disgust
28,"'Tis true, their law permits them four wives; but there is no instance of a man of quality that makes use of this liberty, or of a woman of rank that would suffer it.",disgust,0.4263097941875458,0.002895589219406247,0.21853171288967133,0.2647669017314911,0.007269327063113451,0.0649990364909172,0.015227697789669037,0.4263097941875458,0.2647669017314911,0.1615428924560547,sadness
28,"When a husband happens to be inconstant, (as those things will happen) he keeps his mistress in a house apart, and visits her as privately as he can, just as it is with you.",disgust,0.9187275171279907,0.0010424458887428045,0.022497005760669708,0.008119805715978146,0.0012432046933099627,0.042873550206422806,0.00549652986228466,0.9187275171279907,0.042873550206422806,0.8758539669215679,anger
28,"Amongst all the great men here, I only know the _testerdar_, (i.e.",neutral,0.6926020979881287,0.014592457562685013,0.6926020979881287,0.019757293164730072,0.2585669457912445,0.0052683851681649685,0.0032635026145726442,0.005949265323579311,0.2585669457912445,0.43403515219688416,surprise
28,"a treasurer) that keeps a number of she slaves, for his own use, (that is, on his own side of the house; for a slave once given to serve a lady, is entirely at her disposal) and he is spoke of as a libertine, or what we should call a rake, and his wife won't see him, though she continues to live in his house.",neutral,0.5686200261116028,0.005185403395444155,0.5686200261116028,0.020485175773501396,0.008359304629266262,0.14740386605262756,0.0028602113015949726,0.24708598852157593,0.24708598852157593,0.32153403759002686,disgust
28,"Thus you see, dear sister, the manners of mankind do not differ so Widely, as our voyage-writers would make us believe.",neutral,0.9422293901443481,0.006963360123336315,0.9422293901443481,0.004398054908961058,0.02467435598373413,0.006922533735632896,0.002535481471568346,0.01227683387696743,0.02467435598373413,0.917555034160614,surprise
28,"Perhaps, it would be more entertaining to add a few surprising customs of my own invention; but nothing seems to me so agreeable as truth, and I believe nothing so acceptable to you.",surprise,0.7423620223999023,0.18020549416542053,0.06101005896925926,0.005582386627793312,0.7423620223999023,0.00485526118427515,0.003679047105833888,0.002305775647982955,0.18020549416542053,0.5621565282344818,joy
28,"I conclude therefore with repeating the great truth of my being, Dear sister, &c.",neutral,0.45023101568222046,0.40370890498161316,0.45023101568222046,0.08387543261051178,0.008471453562378883,0.03386780619621277,0.008562666364014149,0.011282659135758877,0.40370890498161316,0.0465221107006073,joy
29,"I DARE say you expect, at least, something very new in this letter, after I have gone a journey, not undertaken by any Christian for some hundred years.",neutral,0.735450029373169,0.0030587674118578434,0.735450029373169,0.005009479820728302,0.1980896294116974,0.027521900832653046,0.0077363611198961735,0.023133721202611923,0.1980896294116974,0.5373603999614716,surprise
29,"The most remarkable accident that happened to me, was my being very near overturned into the Hebrus; and, if I had much regard for the glories that one's name enjoys after death, I should certainly be sorry for having missed the romantic conclusion of swimming down the same river in which the musical head of Orpheus repeated verses so many ages since: ""_Caput a cervice revulsum, ""Gurgite cum medio, portans Oeagrius Hebrus, ""Volveret, Eurydicen vox ipsa, et frigida lingua, ""Ah!",surprise,0.5453868508338928,0.06459936499595642,0.08153972774744034,0.04466535896062851,0.5453868508338928,0.019231924787163734,0.23975904285907745,0.004817788023501635,0.23975904285907745,0.30562780797481537,fear
29,miseram Eurydicen!,joy,0.605861485004425,0.605861485004425,0.1331561952829361,0.04683686047792435,0.1777189075946808,0.026883559301495552,0.006338021252304316,0.003204907290637493,0.1777189075946808,0.42814257740974426,surprise
29,"anima fugiente vocabat, ""Eurydicen toto referebant flumine ripae_"" Who knows but some of your bright wits might have found it a subject affording many poetical turns, and have told the world, in an heroic elegy, that, _As equal were our souls, so equal were our fates?_ I despair of ever hearing so many fine things said of me, as so extraordinary a death would have given occasion for.",sadness,0.6562793254852295,0.0036790797021239996,0.01290084794163704,0.6562793254852295,0.013834977522492409,0.005100439768284559,0.3045022785663605,0.00370306265540421,0.3045022785663605,0.351777046918869,fear
29,"I AM at this present moment writing in a house situated on the banks of the Hebrus, which runs under my chamber window.",fear,0.8059137463569641,0.004216623026877642,0.01207786239683628,0.007484064437448978,0.11968985944986343,0.019146500155329704,0.8059137463569641,0.03147134929895401,0.11968985944986343,0.6862238869071007,surprise
29,"My garden is full of all cypress trees, upon the branches of which several couple of true turtles are saying soft things to one another from morning till night.",neutral,0.6145924925804138,0.027981823310256004,0.6145924925804138,0.03511910140514374,0.038327548652887344,0.020413056015968323,0.007811002433300018,0.2557549476623535,0.2557549476623535,0.3588375449180603,disgust
29,"How naturally do _boughs_ and _vows_ come into my mind, at this minute?",neutral,0.6161226034164429,0.004590964876115322,0.6161226034164429,0.006597164086997509,0.34373605251312256,0.015959318727254868,0.005938628222793341,0.007055245339870453,0.34373605251312256,0.2723865509033203,surprise
29,"and must not you confess, to my praise, that 'tis more than an ordinary discretion that can resist the wicked suggestions of poetry, in a place where truth, for once, furnishes all the ideas of pastoral.",neutral,0.41874101758003235,0.024544958025217056,0.41874101758003235,0.11628294736146927,0.007721583358943462,0.07164405286312103,0.06491947919130325,0.2961459755897522,0.2961459755897522,0.12259504199028015,disgust
29,"The summer is already far advanced in this part of the world; and, for some miles round Adrianople, the whole ground is laid out in gardens, and the banks of the rivers are set with rows of fruit-trees, under which all the most considerable Turks divert themselves every evening, not with walking, that is not one of their pleasures; but a set party of them chuse out a green spot, where the shade is very thick, and, there they spread a carpet, on which they sit drinking their coffee, and are generally attended by some slave with a fine voice, or that plays on some instrument.",disgust,0.47744590044021606,0.05934568867087364,0.4010201394557953,0.024058982729911804,0.014751837588846684,0.01764489896595478,0.005732641089707613,0.47744590044021606,0.4010201394557953,0.07642576098442078,neutral
29,"Every twenty paces you may see one of these little companies listening to the dashing of the river; and this taste is so universal, that the very gardeners are not without it.",neutral,0.6701149344444275,0.019838713109493256,0.6701149344444275,0.005614900030195713,0.020408032462000847,0.006248823367059231,0.005246683023869991,0.27252793312072754,0.27252793312072754,0.39758700132369995,disgust
29,"I have often seen them and their children sitting on the banks of the river, and playing on a rural instrument, perfectly answering the description of the ancient _fistula_, being composed of unequal reeds, with a simple, but agreeable softness in the sound.",neutral,0.5103424191474915,0.13349072635173798,0.5103424191474915,0.01087458711117506,0.00737882312387228,0.010456472635269165,0.0033268968109041452,0.32413002848625183,0.32413002848625183,0.18621239066123962,disgust
29,"MR ADDISON might here make the experiment he speaks of in his travels; there not being one instrument Of music among the Greek or Roman statues, that is not to be found in the hands of the people of this country.",neutral,0.8134298920631409,0.006853101309388876,0.8134298920631409,0.03153819590806961,0.06607454270124435,0.012853402644395828,0.010316487401723862,0.05893438681960106,0.06607454270124435,0.7473553493618965,surprise
29,"The young lads generally divert themselves with making garlands for their favourite lambs, which I have often seen painted and adorned with flowers, lying at their feet, while they sung or played.",neutral,0.5495871305465698,0.0783892273902893,0.5495871305465698,0.011304276995360851,0.005758999846875668,0.038567785173654556,0.0020107394084334373,0.31438180804252625,0.31438180804252625,0.23520532250404358,disgust
29,"It is not that they ever read romances, but these are the ancient amusements here, and as natural to them as cudgel-playing and foot-ball to our British swains; the softness and warmth of the climate forbidding all rough exercises, which were never so much as heard of amongst them, and naturally inspiring a laziness and aversion to labour, which the great plenty indulges.",neutral,0.5501725077629089,0.3496662676334381,0.5501725077629089,0.023396862670779228,0.007169886492192745,0.0086737722158432,0.002291068434715271,0.05862964317202568,0.3496662676334381,0.20050624012947083,joy
29,These gardeners are the only happy race of country people in Turkey.,joy,0.9146367311477661,0.9146367311477661,0.04836803674697876,0.010174702852964401,0.021558372303843498,0.002761885756626725,0.0003371746570337564,0.0021631780546158552,0.04836803674697876,0.8662686944007874,neutral
29,"They furnish all the city with fruits and herbs, and seem to live very easily.",neutral,0.5502280592918396,0.4006401598453522,0.5502280592918396,0.006089205387979746,0.0065246764570474625,0.010463063605129719,0.0010294588282704353,0.0250253826379776,0.4006401598453522,0.14958789944648743,joy
29,"They are most of them Greeks, and have little houses in the midst of their gardens, where their wives and daughters take a liberty, not permitted in the town, I mean, to go unveiled.",neutral,0.6646230816841125,0.005427648779004812,0.6646230816841125,0.019459860399365425,0.009694228880107403,0.03302573040127754,0.006553769111633301,0.2612156271934509,0.2612156271934509,0.4034074544906616,disgust
29,"These wenches are very neat and handsome, and pass their time at their looms, under the shade of the trees.",neutral,0.8645784854888916,0.08599094301462173,0.8645784854888916,0.0104292631149292,0.005740883760154247,0.0062796263955533504,0.001264731865376234,0.025716187432408333,0.08599094301462173,0.7785875424742699,joy
29,"I No longer look upon Theocritus as a romantic writer; he has only given a plain image of the way of life amongst the peasants of his country; who, before oppression had reduced them to want, were, I suppose, all employed as the better sort of them are now.",neutral,0.7448346614837646,0.011508818715810776,0.7448346614837646,0.0213992428034544,0.01823115535080433,0.03009270690381527,0.006537928711622953,0.16739550232887268,0.16739550232887268,0.577439159154892,disgust
29,"I don't doubt, had he been born a Briton, but his _Idyliums_  had been filled with descriptions of threshing and churning, both which are unknown here, the corn being all trode (sic) out by oxen; and butter (I speak it with sorrow) unheard of.",sadness,0.9759631156921387,0.0019605273846536875,0.012604908086359501,0.9759631156921387,0.003961808048188686,0.0011579899583011866,0.0012757960939779878,0.0030757696367800236,0.012604908086359501,0.9633582076057792,neutral
29,"I READ over your Homer here, with an infinite pleasure, and find several little passages explained, that I did not before entirely comprehend the beauty of; many of the customs, and much Of the dress then in fashion, being yet retained.",surprise,0.7212080955505371,0.05090177059173584,0.19872580468654633,0.0047760955058038235,0.7212080955505371,0.009065008722245693,0.004698469303548336,0.010624791495501995,0.19872580468654633,0.5224822908639908,neutral
29,"I don't wonder to find more remains here, of an age so distant, than is to be found in any other country, the Turks not taking that pains to introduce their own manners, as has been generally practised by other nations, that imagine themselves more polite.",surprise,0.7656940817832947,0.004346745554357767,0.17992596328258514,0.008522389456629753,0.7656940817832947,0.006693859118968248,0.002070521004498005,0.03274646773934364,0.17992596328258514,0.5857681185007095,neutral
29,"It would be too tedious to you, to point out all the passages that relate to present customs.",neutral,0.6667876839637756,0.005937178619205952,0.6667876839637756,0.12862302362918854,0.02190464735031128,0.021454745903611183,0.006121221464127302,0.14917150139808655,0.14917150139808655,0.5176161825656891,disgust
29,"But, I can assure you, that the princesses and great ladies pass their time at their looms, embroidering veils and robes, surrounded by their maids, which are always very numerous, in the same manner as we find Andromache and Helen described.",neutral,0.8567348718643188,0.008467487059533596,0.8567348718643188,0.006946057081222534,0.012318975292146206,0.004628521390259266,0.005297378171235323,0.10560675710439682,0.10560675710439682,0.751128114759922,disgust
29,"The description of the belt of Menelaus, exactly resembles those that are now worn by the great men, fastened before with broad golden clasps, and embroidered round with rich work.",neutral,0.7752715349197388,0.03376137465238571,0.7752715349197388,0.012644734233617783,0.0623779259622097,0.03031408227980137,0.00957440584897995,0.0760558471083641,0.0760558471083641,0.6992156878113747,disgust
29,"The snowy veil that Helen throws over her face, is still fashionable; and I never see half a dozen of old bashaws (as I do very often) with their reverend beards, sitting basking in the sun, but I recollect good king Priam and his counsellors.",disgust,0.6409795880317688,0.12841369211673737,0.19022414088249207,0.017845531925559044,0.008482739329338074,0.00806907657533884,0.005985279101878405,0.6409795880317688,0.19022414088249207,0.45075544714927673,neutral
29,Their manner of dancing is certainly the same that Diana is _sung_  (sic) to have danced on the banks of Eurotas.,neutral,0.7756029367446899,0.1237134337425232,0.7756029367446899,0.01088209543377161,0.07228565961122513,0.0046522789634764194,0.003724281908944249,0.009139436297118664,0.1237134337425232,0.6518895030021667,joy
29,"The great lady still leads the dance, and is followed by a troop of young girls, who imitate her steps, and, if she sings, make up the chorus.",neutral,0.7861348986625671,0.0344841405749321,0.7861348986625671,0.005584819242358208,0.009233099408447742,0.01728910394012928,0.0025513553991913795,0.1447225958108902,0.1447225958108902,0.6414123028516769,disgust
29,"The tunes are extremely gay and lively, yet with something in them wonderfully soft.",joy,0.8253491520881653,0.8253491520881653,0.1280079036951065,0.014096648432314396,0.004487844184041023,0.0033183852210640907,0.0013527419650927186,0.023387333378195763,0.1280079036951065,0.6973412483930588,neutral
29,"The steps are varied according to the pleasure of her that leads the dance, but always in exact time, and infinitely more agreeable than any of our dances, at least in my opinion.",neutral,0.4803866744041443,0.47820350527763367,0.4803866744041443,0.011225852183997631,0.011235512793064117,0.005591301713138819,0.001489683287218213,0.011867505498230457,0.47820350527763367,0.00218316912651062,joy
29,"I sometimes make one in the train, but am not skilful enough to lead; these are the Grecian dances, the Turkish being very different.",neutral,0.45059576630592346,0.0082226088270545,0.45059576630592346,0.06369268894195557,0.005515670403838158,0.01943940669298172,0.39780762791633606,0.054726190865039825,0.39780762791633606,0.0527881383895874,fear
29,"I SHOULD have told you, in the first place, that the Eastern manners give a great light into many scripture-passages, that appear odd to us, their phrases being commonly what we should call scripture-language.",neutral,0.4472588896751404,0.002789502264931798,0.4472588896751404,0.006132772192358971,0.1273273378610611,0.009586269967257977,0.03547270968556404,0.3714325428009033,0.3714325428009033,0.07582634687423706,disgust
29,"The vulgar Turk is very different from what is spoke at court, or amongst the people of figure; who always mix so much Arabic and Persian in their discourse, that it may very well be called another language.",disgust,0.6172159314155579,0.002842844231054187,0.33700111508369446,0.006192157510668039,0.009762589819729328,0.018130725249648094,0.008854672312736511,0.6172159314155579,0.33700111508369446,0.2802148163318634,neutral
29,"And 'tis as ridiculous to make use of the expressions commonly used, in speaking to a great man or lady, as it would be to speak broad Yorkshire, or Somersetshire, in the drawing room.",anger,0.5224591493606567,0.004406925290822983,0.008702429942786694,0.00900832936167717,0.01936631090939045,0.5224591493606567,0.011690815910696983,0.42436596751213074,0.42436596751213074,0.098093181848526,disgust
29,"Besides this distinction, they have what they call the _sublime_, that is, a style proper for poetry, and which is the exact scripture style.",neutral,0.9640116691589355,0.0026164634618908167,0.9640116691589355,0.0033845959696918726,0.011155404150485992,0.007131319493055344,0.0013339235447347164,0.01036651898175478,0.011155404150485992,0.9528562650084496,surprise
29,"I believe you will be pleased to see a genuine example of this; and I am very glad I have it in my power to satisfy your curiosity, by sending you a faithful copy of the verses that Ibrahim Bassa, the reigning favourite, has made for the young princess, his contracted wife, whom he is not yet permitted to visit without witnesses, though she is gone home to his house.",joy,0.9777905344963074,0.9777905344963074,0.011584268882870674,0.0016160898376256227,0.004379921592772007,0.002142177429050207,0.0002921081322710961,0.002194837899878621,0.011584268882870674,0.9662062656134367,neutral
29,"He is a man of wit and learning; and whether or no he is capable of writing good verse, you may be sure, that, on such an occasion, he would not want the assistance of the best poets in the empire.",neutral,0.5876820087432861,0.005781838670372963,0.5876820087432861,0.05104434862732887,0.020302658900618553,0.04264559969305992,0.007568977307528257,0.2849745452404022,0.2849745452404022,0.3027074635028839,disgust
29,"Thus the verses may be looked upon as a sample of their finest poetry; and I don't doubt you'll be of my mind, that it is most wonderfully resembling _The song of Solomon_, which was also addressed to a royal bride.",joy,0.5608455538749695,0.5608455538749695,0.37934109568595886,0.0037941744085401297,0.020629893988370895,0.004869974218308926,0.003817430231720209,0.026701783761382103,0.37934109568595886,0.18150445818901062,neutral
29,"TURKISH VERSES addressed to the _Sultana_, eldest daughter of SULTAN ACHMET III.",neutral,0.7090975046157837,0.004787661135196686,0.7090975046157837,0.014986429363489151,0.008478987030684948,0.056550394743680954,0.003834692295640707,0.20226432383060455,0.20226432383060455,0.5068331807851791,disgust
29,STANZA I. Ver.,neutral,0.7668086290359497,0.017586136236786842,0.7668086290359497,0.05740176886320114,0.07712528109550476,0.03182392194867134,0.01551392488181591,0.033740296959877014,0.07712528109550476,0.689683347940445,surprise
29,1.,neutral,0.8028571605682373,0.0112629858776927,0.8028571605682373,0.033056359738111496,0.019228437915444374,0.03222671151161194,0.05534408241510391,0.04602426663041115,0.05534408241510391,0.7475130781531334,fear
29,_THE nightingale now wanders in the vines: Her passion is to seek roses._ 2.,neutral,0.7186926007270813,0.1289132982492447,0.7186926007270813,0.04117611050605774,0.056486692279577255,0.03544175252318382,0.009914982132613659,0.009374590590596199,0.1289132982492447,0.5897793024778366,joy
29,_I went down to admire the beauty of the vines: The sweetness of your charms has ravished my soul._ 3.,joy,0.5211699604988098,0.5211699604988098,0.31644734740257263,0.09071841835975647,0.0455755889415741,0.00724051846191287,0.005910936277359724,0.012937280349433422,0.31644734740257263,0.20472261309623718,neutral
29,"_Your eyes are black and lovely, But wild and disdainful as those of a stag._ STANZA II.",anger,0.8050339221954346,0.0015253601595759392,0.03759187459945679,0.010330847464501858,0.0020283020567148924,0.8050339221954346,0.006971247028559446,0.1365184485912323,0.1365184485912323,0.6685154736042023,disgust
29,1.,neutral,0.8028571605682373,0.0112629858776927,0.8028571605682373,0.033056359738111496,0.019228437915444374,0.03222671151161194,0.05534408241510391,0.04602426663041115,0.05534408241510391,0.7475130781531334,fear
29,"_The wished possession is delayed from day to day; The cruel Sultan ACHMET will not permit me To see those cheeks, more vermilion than roses._ 2.",sadness,0.8031809329986572,0.003560624783858657,0.019117828458547592,0.8031809329986572,0.009462379850447178,0.14271105825901031,0.005243206862360239,0.016724038869142532,0.14271105825901031,0.6604698747396469,anger
29,_I dare not snatch one of your kisses; The sweetness of your charms has ravished my soul._ 3.,anger,0.5261457562446594,0.00755772041156888,0.02338986285030842,0.12070726603269577,0.00232391944155097,0.5261457562446594,0.3055059015750885,0.014369606971740723,0.3055059015750885,0.22063985466957092,fear
29,"_Your eyes are black and lovely, But wild and disdainful as those of a stag._ STANZA III 1.",anger,0.8357219696044922,0.0014416869962587953,0.03194846957921982,0.0095628397539258,0.0017852331511676311,0.8357219696044922,0.006813568063080311,0.11272615939378738,0.11272615939378738,0.7229958102107048,disgust
29,_The wretched_ IBRAHIM _sighs in these verses: One dart from your eyes has pierc'd thro' my  heart._ 2.,sadness,0.9323573112487793,0.0029452284798026085,0.015789244323968887,0.9323573112487793,0.0039751105941832066,0.006811592262238264,0.021375248208642006,0.016746267676353455,0.021375248208642006,0.9109820630401373,fear
29,_Ah!,surprise,0.7390138506889343,0.12724615633487701,0.06795411556959152,0.023980023339390755,0.7390138506889343,0.0312664657831192,0.0033677821047604084,0.00717164995148778,0.12724615633487701,0.6117676943540573,joy
29,when will the hour of possession arrive?,neutral,0.8372175693511963,0.00357075035572052,0.8372175693511963,0.02751016803085804,0.056526560336351395,0.027158526703715324,0.04189331457018852,0.006123061757534742,0.056526560336351395,0.7806910090148449,surprise
29,Must I yet wait a long time?,neutral,0.9299849271774292,0.003089581150561571,0.9299849271774292,0.009916763752698898,0.029770348221063614,0.00664479099214077,0.007335110101848841,0.013258520513772964,0.029770348221063614,0.9002145789563656,surprise
29,The sweetness of your charms has ravished my soul._ 3.,joy,0.37313205003738403,0.37313205003738403,0.23426760733127594,0.33822065591812134,0.010573487728834152,0.0031626468989998102,0.011171091347932816,0.029472513124346733,0.33822065591812134,0.034911394119262695,sadness
29,_Ah!_ SULTANA!,disgust,0.4754558801651001,0.011433764360845089,0.06904188543558121,0.05175844579935074,0.12462059408426285,0.2596806287765503,0.008008765988051891,0.4754558801651001,0.2596806287765503,0.2157752513885498,anger
29,_stag-ey'd--an angel amongst angels!,surprise,0.8068448901176453,0.09062083810567856,0.05452515929937363,0.004630907904356718,0.8068448901176453,0.03451303020119667,0.004901893436908722,0.003963260445743799,0.09062083810567856,0.7162240520119667,joy
29,"I desire,--and, my desire remains unsatisfied.--Can you take delight to prey upon my heart?_ STANZA IV 1.",joy,0.8562948107719421,0.8562948107719421,0.0641208216547966,0.03825656324625015,0.007636690977960825,0.019384728744626045,0.0028807353228330612,0.011425633914768696,0.0641208216547966,0.7921739891171455,neutral
29,_My cries pierce the heavens!,fear,0.324831485748291,0.01372241135686636,0.03556125983595848,0.16815941035747528,0.18346619606018066,0.26672041416168213,0.324831485748291,0.007538759149610996,0.26672041416168213,0.05811107158660889,anger
29,My eyes are without sleep!,sadness,0.6737395524978638,0.002711840672418475,0.027273062616586685,0.6737395524978638,0.10679418593645096,0.12172120809555054,0.03223986178636551,0.03552023321390152,0.12172120809555054,0.5520183444023132,anger
29,"Turn to me,_ SULTANA--_let me gaze on thy beauty._ 2.",neutral,0.7010979652404785,0.15794287621974945,0.7010979652404785,0.05373145639896393,0.012985656037926674,0.04716598615050316,0.013941784389317036,0.013134176842868328,0.15794287621974945,0.5431550890207291,joy
29,_Adieu--I go down to the grave.,sadness,0.5130168795585632,0.0049901679158210754,0.1810721606016159,0.5130168795585632,0.03536061942577362,0.016513420268893242,0.14092092216014862,0.10812581330537796,0.1810721606016159,0.3319447189569473,neutral
29,If you call me--I return.,neutral,0.6627423167228699,0.017356418073177338,0.6627423167228699,0.023773537948727608,0.012349143624305725,0.19086845219135284,0.060868699103593826,0.032041385769844055,0.19086845219135284,0.47187386453151703,anger
29,"My heart is--hot as sulphur;--sigh, and it will flame._ 3.",sadness,0.9175437688827515,0.003127144416794181,0.034246109426021576,0.9175437688827515,0.0048608724027872086,0.02080303616821766,0.008252464234828949,0.01116665918380022,0.034246109426021576,0.8832976594567299,neutral
29,_Crown of my life!,anger,0.9003517627716064,0.0024799492675811052,0.014565805904567242,0.010991109535098076,0.008875569328665733,0.9003517627716064,0.005910563748329878,0.05682521313428879,0.05682521313428879,0.8435265496373177,disgust
29,fair light of my eyes!,surprise,0.5658634305000305,0.2709370255470276,0.06445291638374329,0.012675977312028408,0.5658634305000305,0.07231785356998444,0.0027824086137115955,0.010970368050038815,0.2709370255470276,0.29492640495300293,joy
29,My_ SULTANA!,surprise,0.5139037370681763,0.02260211668908596,0.0743422582745552,0.050836700946092606,0.5139037370681763,0.21597391366958618,0.006752161309123039,0.11558906733989716,0.21597391366958618,0.2979298233985901,anger
29,_my princess!,surprise,0.5630905628204346,0.3312092125415802,0.0546477772295475,0.02732275426387787,0.5630905628204346,0.02003548853099346,0.0019195042550563812,0.0017746568191796541,0.3312092125415802,0.23188135027885437,joy
29,I rub my face against the earth; I am drown'd in scalding tears-- I rave!,anger,0.6045330762863159,0.0024667310062795877,0.017103485763072968,0.1889646053314209,0.006830284837633371,0.6045330762863159,0.03696587309241295,0.14313599467277527,0.1889646053314209,0.415568470954895,sadness
29,Have you no compassion?,anger,0.7819341421127319,0.0008642658940516412,0.035960983484983444,0.014164797030389309,0.014877422712743282,0.7819341421127319,0.003670365083962679,0.14852812886238098,0.14852812886238098,0.633406013250351,disgust
29,"Will you not turn to look upon me?_ I have taken abundance of pains to get these verses in a literal translation; and if you were acquainted with my interpreters, I might spare myself the trouble of assuring you, that they have received no poetical touches from their hands.",neutral,0.7261911630630493,0.019651900976896286,0.7261911630630493,0.04557420685887337,0.00708487955853343,0.07922352850437164,0.04739835113286972,0.07487602531909943,0.07922352850437164,0.6469676345586777,anger
29,In my opinion (allowing for the inevitable faults of a prose translation into a language so very different) there is a good deal of beauty in them.,neutral,0.684489369392395,0.26826515793800354,0.684489369392395,0.0071073854342103004,0.011694747023284435,0.005940795876085758,0.0020658818539232016,0.02043667994439602,0.26826515793800354,0.4162242114543915,joy
29,"The epithet of _stag-ey'd_ (though the sound is not very agreeable in English) pleases me extremely; and I think it a very lively image of the fire and indifference in his mistress's eyes.--Monsieur Boileau has very justly observed, that we are never to judge of the elevation of an expression in an ancient author, by the sound it carries with us; since it may be extremely fine with them, when, at the same time, it appears low or uncouth to us.",joy,0.46148228645324707,0.46148228645324707,0.136999249458313,0.0353580079972744,0.0034468260128051043,0.022877905517816544,0.004981677979230881,0.33485403656959534,0.33485403656959534,0.12662824988365173,disgust
29,"You are so well acquainted with Homer, you cannot but have observed the same thing, and you must have the same indulgence for all Oriental poetry.",neutral,0.8773607015609741,0.03906545415520668,0.8773607015609741,0.01216497179120779,0.011923128738999367,0.007072147447615862,0.0012265614932402968,0.05118698999285698,0.05118698999285698,0.8261737115681171,disgust
29,"The repetitions at the end of the two first stanzas are meant for a sort of chorus, and are agreeable to the ancient manner of writing.",neutral,0.8604532480239868,0.05020178481936455,0.8604532480239868,0.008849233388900757,0.004257063381373882,0.0061267102137207985,0.0018840405391529202,0.06822788715362549,0.06822788715362549,0.7922253608703613,disgust
29,"The music of the verses apparently changes in the third stanza, where the burden is altered; and I think he very artfully, seems more passionate at the conclusion, as 'tis natural for people to warm themselves by their own discourse, especially on a subject in which one is deeply concerned; 'tis certainly far more touching than our modern custom of concluding a song of passion with a turn which is inconsistent with it.",joy,0.7040792107582092,0.7040792107582092,0.2173794060945511,0.029324589297175407,0.01870611682534218,0.006825425662100315,0.0032742286566644907,0.020411115139722824,0.2173794060945511,0.48669980466365814,neutral
29,"The first verse is a description of the season of the year; all the country now being full of nightingales, whole amours with roses, is an Arabian fable, as well known here as any part of Ovid amongst us, and is much the same as if an English poem should begin, by saying,--""_Now Philomela sings_.""",neutral,0.825957179069519,0.07000948488712311,0.825957179069519,0.020419400185346603,0.022975994274020195,0.015098171308636665,0.014759931713342667,0.03077983669936657,0.07000948488712311,0.7559476941823959,joy
29,"Or what if I turned the whole into the style of English poetry, to see how it would look?",neutral,0.7321411371231079,0.010974934324622154,0.7321411371231079,0.006927489768713713,0.11034967750310898,0.06701772660017014,0.026185642927885056,0.04640331491827965,0.11034967750310898,0.6217914596199989,surprise
29,STANZA I.,neutral,0.7291009426116943,0.01664472371339798,0.7291009426116943,0.053164154291152954,0.09671910852193832,0.04292396828532219,0.01626124046742916,0.045185890048742294,0.09671910852193832,0.632381834089756,surprise
29,"""NOW Philomel renews her tender strain, ""Indulging all the night her pleasing pain; ""I sought in groves to hear the wanton sing, ""There saw a face more beauteous than the spring.",sadness,0.4046825170516968,0.19378900527954102,0.32860976457595825,0.4046825170516968,0.00912399310618639,0.010042582638561726,0.013438492082059383,0.040313657373189926,0.32860976457595825,0.07607275247573853,neutral
29,"""Your large stag-eyes, where thousand glories play, ""As bright, as lively, but as wild as they.",joy,0.9243584275245667,0.9243584275245667,0.054075516760349274,0.007257966790348291,0.0044393390417099,0.00370238209143281,0.0012323390692472458,0.004934073891490698,0.054075516760349274,0.8702829107642174,neutral
29,STANZA II.,neutral,0.817748486995697,0.014255749061703682,0.817748486995697,0.03649262338876724,0.07388091832399368,0.026288101449608803,0.008645080961287022,0.02268894575536251,0.07388091832399368,0.7438675686717033,surprise
29,"""In vain I'm promis'd such a heav'nly prize, ""Ah!",sadness,0.336982786655426,0.026954596862196922,0.04867374524474144,0.336982786655426,0.268542617559433,0.17439588904380798,0.0932244285941124,0.05122597888112068,0.268542617559433,0.06844016909599304,surprise
29,cruel SULTAN!,anger,0.6152776479721069,0.0030865955632179976,0.042763181030750275,0.012824831530451775,0.024207361042499542,0.6152776479721069,0.01037532277405262,0.29146501421928406,0.29146501421928406,0.3238126337528229,disgust
29,who delay'st my joys!,surprise,0.5642226338386536,0.3480807840824127,0.03727984055876732,0.03483546897768974,0.5642226338386536,0.012950237840414047,0.0013250040356069803,0.0013060875935479999,0.3480807840824127,0.21614184975624084,joy
29,"""While piercing charms transfix my am'rous heart, ""I dare not snatch one kiss to ease the smart.",fear,0.9303553700447083,0.003764620516449213,0.004654401447623968,0.007204881869256496,0.0013205729192122817,0.048417773097753525,0.9303553700447083,0.0042823925614356995,0.048417773097753525,0.8819375969469547,anger
29,"""Those eyes!",surprise,0.7445394396781921,0.011901166290044785,0.02666778489947319,0.01127165649086237,0.7445394396781921,0.1149715930223465,0.008893581107258797,0.08175481110811234,0.1149715930223465,0.6295678466558456,anger
29,"like, &c. STANZA III.",neutral,0.8546679615974426,0.021898675709962845,0.8546679615974426,0.023008383810520172,0.08980154991149902,0.006414488889276981,0.0014388203853741288,0.0027701130602508783,0.08980154991149902,0.7648664116859436,surprise
29,"""Your wretched lover in these lines complains; ""From those dear beauties rise his killing pains.",disgust,0.6827639937400818,0.0019195046043023467,0.02744279056787491,0.20721697807312012,0.002545927418395877,0.05025675892829895,0.02785395458340645,0.6827639937400818,0.20721697807312012,0.47554701566696167,sadness
29,"""When will the hour of wish'd-for bliss arrive?",neutral,0.7362881898880005,0.024769015610218048,0.7362881898880005,0.08557061851024628,0.12257285416126251,0.007058813702315092,0.02002757042646408,0.0037129956763237715,0.12257285416126251,0.613715335726738,surprise
29,"""Must I wait longer?--Can I wait and live?",neutral,0.62941575050354,0.004198061767965555,0.62941575050354,0.14106763899326324,0.07548493146896362,0.026561405509710312,0.10186459124088287,0.021407563239336014,0.14106763899326324,0.4883481115102768,sadness
29,"""Ah!",surprise,0.8919060230255127,0.018992062658071518,0.0192522294819355,0.007810188457369804,0.8919060230255127,0.04111042246222496,0.005526231601834297,0.01540286187082529,0.04111042246222496,0.8507956005632877,anger
29,bright Sultana!,neutral,0.39244377613067627,0.25671061873435974,0.39244377613067627,0.04507014900445938,0.24319590628147125,0.0457320399582386,0.0024228468537330627,0.014424716122448444,0.25671061873435974,0.13573315739631653,joy
29,maid divinely fair!,joy,0.5955201983451843,0.5955201983451843,0.2466931790113449,0.01474273856729269,0.10286924242973328,0.029306931421160698,0.003986816853284836,0.006880916189402342,0.2466931790113449,0.3488270193338394,neutral
29,"""Can you, unpitying, see the pains I bear?",sadness,0.38941362500190735,0.005067524034529924,0.30448874831199646,0.38941362500190735,0.048514388501644135,0.01323057059198618,0.11339451372623444,0.1258905678987503,0.30448874831199646,0.08492487668991089,neutral
29,STANZA IV.,neutral,0.8337224125862122,0.011639035306870937,0.8337224125862122,0.024440614506602287,0.06548413634300232,0.03146689757704735,0.009405047632753849,0.023841938003897667,0.06548413634300232,0.7682382762432098,surprise
29,"""The heavens relenting, hear my piercing cries, ""I loathe the light, and sleep forsakes my eyes; ""Turn thee, Sultana, ere thy lover dies: ""Sinking to earth, I fight the last adieu, ""Call me, my goddess, and my life renew.",anger,0.5866671204566956,0.008340026251971722,0.016293974593281746,0.07610536366701126,0.001443045330233872,0.5866671204566956,0.15997184813022614,0.15117855370044708,0.15997184813022614,0.4266952723264694,fear
29,"""My queen!",surprise,0.7204970121383667,0.042027946561574936,0.03931171074509621,0.011392456479370594,0.7204970121383667,0.1531786173582077,0.012336823157966137,0.021255401894450188,0.1531786173582077,0.567318394780159,anger
29,my angel!,surprise,0.635816752910614,0.30373716354370117,0.021769104525446892,0.016146065667271614,0.635816752910614,0.016847744584083557,0.0039009028114378452,0.001782162580639124,0.30373716354370117,0.33207958936691284,joy
29,my fond heart's desire!,joy,0.9546859860420227,0.9546859860420227,0.004619871731847525,0.00964044127613306,0.02201143279671669,0.006656568497419357,0.0011976321693509817,0.0011881280224770308,0.02201143279671669,0.932674553245306,surprise
29,"""I rave--my bosom burns with heav'nly fire!",anger,0.7635689377784729,0.0022585822734981775,0.021288754418492317,0.025881865993142128,0.0061113713309168816,0.7635689377784729,0.01098443940281868,0.16990599036216736,0.16990599036216736,0.5936629474163055,disgust
29,"""Pity that passion, which thy charms inspire.""",disgust,0.41309693455696106,0.18937276303768158,0.16355352103710175,0.01391984149813652,0.017007291316986084,0.19919413328170776,0.0038554687052965164,0.41309693455696106,0.19919413328170776,0.2139028012752533,anger
29,"I have taken the liberty, in the second verse, of following what I suppose the true sense of the author, though not literally expressed.",neutral,0.883791446685791,0.010999181307852268,0.883791446685791,0.010019301436841488,0.009874159470200539,0.020963625982403755,0.012236427515745163,0.05211592838168144,0.05211592838168144,0.8316755183041096,disgust
29,"By his saying, _He went down to admire the beauty of the vines, and her charms ravished his soul_, I understand a poetical fiction, of having first seen her in a garden, where he was admiring the beauty of the spring.",neutral,0.4781656861305237,0.11358314007520676,0.4781656861305237,0.052612170577049255,0.059300124645233154,0.03805309534072876,0.03000507690012455,0.2282806932926178,0.2282806932926178,0.24988499283790588,disgust
29,"But I could not forbear retaining the comparison of her eyes with those of a stag, though perhaps the novelty of it may give it a burlesque sound in our language.",disgust,0.6408647298812866,0.03326853737235069,0.26641517877578735,0.026841875165700912,0.005917730275541544,0.005492175929248333,0.021199790760874748,0.6408647298812866,0.26641517877578735,0.37444955110549927,neutral
29,"I cannot determine upon the whole, how well I have succeeded in the translation, neither do I think our English proper to express such violence of passion, which is very seldom felt amongst us.",anger,0.6618083119392395,0.003116284729912877,0.12460244446992874,0.015402977354824543,0.003585174446925521,0.6618083119392395,0.020732339471578598,0.17075254023075104,0.17075254023075104,0.49105577170848846,disgust
29,We want also those compound words which are very frequent and strong in the Turkish language.,neutral,0.9419626593589783,0.0018109445227310061,0.9419626593589783,0.0039179446175694466,0.02283584699034691,0.008009827695786953,0.0037518569733947515,0.017710881307721138,0.02283584699034691,0.9191268123686314,surprise
29,"YOU see I am pretty far gone in Oriental learning; and, to say truth, I study very hard.",neutral,0.880696713924408,0.00411949772387743,0.880696713924408,0.01328019518405199,0.06409158557653427,0.008304255083203316,0.005763825494796038,0.02374402806162834,0.06409158557653427,0.8166051283478737,surprise
29,"I wish my studies may give me an occasion of entertaining your curiosity, which will be the utmost advantage hoped for from them, by,                                        Your's, &c.",joy,0.8454121351242065,0.8454121351242065,0.04157949611544609,0.053069476038217545,0.04870559275150299,0.0035374148283153772,0.006412716582417488,0.0012830913765355945,0.053069476038217545,0.792342659085989,sadness
30,"IN my opinion, dear S. I ought rather to quarrel with you, for not answering my Nimeguen letter of August, till December, than to excuse my not writing again till now.",anger,0.9631142020225525,0.0010234243236482143,0.0055353110656142235,0.012589444406330585,0.0008459031814709306,0.9631142020225525,0.0034331262577325106,0.013458517380058765,0.013458517380058765,0.9496556846424937,disgust
30,"I am sure there is on my side a very good excuse for silence, having gone such tiresome land-journies (sic), though I don't find the conclusion of them so  bad as you seem to imagine.",sadness,0.680483877658844,0.04794349893927574,0.13616754114627838,0.680483877658844,0.011294935829937458,0.008028124459087849,0.029407881200313568,0.08667414635419846,0.13616754114627838,0.5443163365125656,neutral
30,"I am very easy here, and not in the solitude you fancy me.",neutral,0.4268811345100403,0.4143529236316681,0.4268811345100403,0.1235751062631607,0.009858483448624611,0.004829653073102236,0.004166195634752512,0.016336526721715927,0.4143529236316681,0.012528210878372192,joy
30,"The great number of Greeks, French, English, and Italians that are under our protection, make their court to me from morning till night; and, I'll assure you, are, many of them, very fine ladies; for there is no possibility for a Christian to live easily under this government, but by the protection of an ambassador--and the richer they are, the greater is their danger.",neutral,0.5407916307449341,0.3307681381702423,0.5407916307449341,0.011867957189679146,0.007526508066803217,0.026457875967025757,0.0658331885933876,0.016754688695073128,0.3307681381702423,0.21002349257469177,joy
30,"THOSE dreadful stories you have heard  of the _plague_, have very little foundation in truth.",fear,0.9294304251670837,0.0018584619974717498,0.01384270191192627,0.02153993584215641,0.0057263546623289585,0.0054233926348388195,0.9294304251670837,0.022178687155246735,0.022178687155246735,0.907251738011837,disgust
30,"I own, I have much ado to reconcile myself to the sound of a word, which has always given me such terrible ideas; though I am convinced there is little more in it, than in a fever.",fear,0.9486556649208069,0.004378977231681347,0.0033324912656098604,0.008984449319541454,0.0024543351028114557,0.006029458250850439,0.9486556649208069,0.026164541020989418,0.026164541020989418,0.9224911238998175,disgust
30,"As a proof of this, let me tell you that we passed through two or three towns most violently infected.",anger,0.6460399627685547,0.0024753541219979525,0.025373425334692,0.0024042606819421053,0.0059337010607123375,0.6460399627685547,0.14261241257190704,0.17516088485717773,0.17516088485717773,0.47087907791137695,disgust
30,"In the very next house where we lay, (in one of those places) two persons died of it.",sadness,0.6253989934921265,0.0026413288433104753,0.10571105778217316,0.6253989934921265,0.049756623804569244,0.016864102333784103,0.01961074396967888,0.1800171434879303,0.1800171434879303,0.44538185000419617,disgust
30,"Luckily for me I was so well deceived, that I knew nothing of the matter; and I was made believe, that our second cook had only a great cold.",neutral,0.7691459059715271,0.058965764939785004,0.7691459059715271,0.01948540098965168,0.058667510747909546,0.04073354974389076,0.03143730014562607,0.021564625203609467,0.058965764939785004,0.7101801410317421,joy
30,"However, we left our doctor to take care of him, and yesterday they both arrived here in good health; and I am now let into the secret, that he has had the _plague_.",joy,0.5446014404296875,0.5446014404296875,0.3628283739089966,0.04301024228334427,0.035304903984069824,0.006451180670410395,0.0026555804070085287,0.005148264113813639,0.3628283739089966,0.18177306652069092,neutral
30,"There are many that escape it, neither is the air ever infected.",neutral,0.9482893347740173,0.002389665460214019,0.9482893347740173,0.01875179447233677,0.014890377409756184,0.0049716331996023655,0.002428444568067789,0.008278748951852322,0.01875179447233677,0.9295375403016806,sadness
30,"I am persuaded, that it would be as easy a matter to root it out here, as out of Italy and France; but it does so little mischief, they are not very solicitous about it, and are content to suffer this distemper, instead of our variety, which they are utterly unacquainted with.",neutral,0.3211735486984253,0.1996157020330429,0.3211735486984253,0.03517045080661774,0.0019280955893918872,0.12947669625282288,0.009391536936163902,0.3032439351081848,0.3032439351081848,0.01792961359024048,disgust
30,"_A propos_ of distempers, I am going to tell you a thing that will make you wish yourself here.",surprise,0.4032435715198517,0.1004231795668602,0.32094669342041016,0.14138926565647125,0.4032435715198517,0.006502198521047831,0.017208367586135864,0.010286789387464523,0.32094669342041016,0.08229687809944153,neutral
30,"The small-pox, so fatal, and so general amongst us, is here entirely harmless, by the invention of _ingrafting_, which is the term they give it.",neutral,0.8060940504074097,0.1076812595129013,0.8060940504074097,0.018417146056890488,0.0038185331504791975,0.00749711599200964,0.009044325910508633,0.04744750261306763,0.1076812595129013,0.6984127908945084,joy
30,"There is a set of old women, who make it their business to perform the operation, every autumn, in the month of September, when the great heat is abated.",neutral,0.9099790453910828,0.01683877222239971,0.9099790453910828,0.02303982898592949,0.006849420722573996,0.006884539034217596,0.0016319333808496594,0.034776464104652405,0.034776464104652405,0.8752025812864304,disgust
30,"People send to one another to know if any of their family has a mind to have the small-pox: they make parties for this purpose, and when they are met (commonly fifteen or sixteen together) the old woman comes with a nutshell full of the matter of the best sort of small-pox, and asks what vein you please to have opened.",neutral,0.9219381213188171,0.004694347735494375,0.9219381213188171,0.004523273557424545,0.01122901402413845,0.01344047300517559,0.002206583274528384,0.0419682078063488,0.0419682078063488,0.8799699135124683,disgust
30,"She immediately rips open that you offer to her, with a large needle, (which gives you no more pain than a common scratch) and puts into the vein as much matter as can ly upon the head of her needle, and after that, binds up the little wound with a hollow bit of shell; and in this manner opens four or five veins.",neutral,0.6667732000350952,0.003152549033984542,0.6667732000350952,0.025296924635767937,0.049757178872823715,0.053143564611673355,0.020329808816313744,0.18154677748680115,0.18154677748680115,0.48522642254829407,disgust
30,"The Grecians have commonly the superstition of opening one in the middle of the forehead, one in each arm, and one on the breast, to mark the sign of the cross; but this has a very ill effect, all these wounds leaving little scars, and is not done by those that are not superstitious, who chuse to have them in the legs, or that part of the arm that is concealed.",neutral,0.45779433846473694,0.0021994432900100946,0.45779433846473694,0.023689134046435356,0.011246643029153347,0.01353099662810564,0.036882929503917694,0.4546563923358917,0.4546563923358917,0.003137946128845215,disgust
30,"The children or young patients play together all the rest of the day, and are in perfect health to the eighth.",neutral,0.8123471140861511,0.1390179991722107,0.8123471140861511,0.008519615046679974,0.005409630946815014,0.008515630848705769,0.0014741208869963884,0.024715865030884743,0.1390179991722107,0.6733291149139404,joy
30,"Then the fever begins to seize them, and they keep their beds two days, very seldom three.",neutral,0.8409163951873779,0.0024296510964632034,0.8409163951873779,0.030221354216337204,0.01670786924660206,0.014958929270505905,0.045437391847372055,0.04932839795947075,0.04932839795947075,0.7915879972279072,disgust
30,"They have very rarely above twenty or thirty in their faces, which never mark; and in eight days time they are as well as before their illness.",neutral,0.9315698146820068,0.0022105523385107517,0.9315698146820068,0.011392710730433464,0.0366479828953743,0.004671301227062941,0.004576568026095629,0.008931170217692852,0.0366479828953743,0.8949218317866325,surprise
30,"Where they are wounded, there remain running sores during the distemper, which I don't doubt is a great relief to it.",neutral,0.37528184056282043,0.0077811349183321,0.37528184056282043,0.2920930087566376,0.022654620930552483,0.008395305834710598,0.01446440163999796,0.27932968735694885,0.2920930087566376,0.08318883180618286,sadness
30,"Every year thousands undergo this operation; and the French ambassador says pleasantly, that they take the small-pox here by way of diversion, as they take the waters in other countries.",joy,0.7162058353424072,0.7162058353424072,0.2516852617263794,0.004712860099971294,0.014349991455674171,0.005049590487033129,0.0010018724715337157,0.006994647905230522,0.2516852617263794,0.46452057361602783,neutral
30,"There is no example of any one that has died in it; and you may believe I am well satisfied of the safety of this experiment, since I intend to try it on my dear little son.",joy,0.9424580335617065,0.9424580335617065,0.0326463058590889,0.005625227000564337,0.0016512763686478138,0.0072577111423015594,0.001481346902437508,0.008880125358700752,0.0326463058590889,0.9098117277026176,neutral
30,"I am patriot enough to take pains to bring this useful invention into fashion in England; and I should not fail to write to some of our doctors very particularly about it, if I knew any one of them that I thought had virtue enough to destroy such a considerable branch of their revenue, for the good of mankind.",anger,0.3852214515209198,0.2747739553451538,0.1783364713191986,0.029923992231488228,0.0044161430560052395,0.3852214515209198,0.021581435576081276,0.10574667155742645,0.2747739553451538,0.11044749617576599,joy
30,"But that distemper is too beneficial to them, not to expose to all their resentment the hardy wight (sic) that should undertake to put an end to it.",anger,0.6650264859199524,0.0031087654642760754,0.2039916217327118,0.014938795007765293,0.0019399410812184215,0.6650264859199524,0.003724757581949234,0.10726970434188843,0.2039916217327118,0.4610348641872406,neutral
30,"Perhaps, if I live to return, I may, however, have courage to war with them.",neutral,0.8197113871574402,0.034154582768678665,0.8197113871574402,0.024066217243671417,0.0028633105102926493,0.025475069880485535,0.05436928570270538,0.03936024382710457,0.05436928570270538,0.7653421014547348,fear
30,"Upon this occasion, admire the heroism in the heart of Your friend, &c. &c.",joy,0.811147153377533,0.811147153377533,0.13717018067836761,0.006788258440792561,0.008940386585891247,0.019333405420184135,0.0026066512800753117,0.014013994485139847,0.13717018067836761,0.6739769726991653,neutral
31,"I CAN now tell dear Mrs T----, that I am safely arrived at the end of my very long journey.",joy,0.876135528087616,0.876135528087616,0.08947669714689255,0.01239894051104784,0.016715891659259796,0.0021089406218379736,0.0020091410260647535,0.0011548479087650776,0.08947669714689255,0.7866588309407234,neutral
31,I will not tire you with the account of the many fatigues I have suffered.,neutral,0.5430706143379211,0.0029946404974907637,0.5430706143379211,0.3578105568885803,0.010203453712165356,0.027693983167409897,0.01785288192331791,0.040373921394348145,0.3578105568885803,0.18526005744934082,sadness
31,"You would rather be informed of the strange things that are to be seen here; and a letter out of Turkey, that has nothing extraordinary in it, would be as great a disappointment, as my visitors will receive at London, if I return thither without any rarities to shew them.--What shall I tell you of?--You never saw camels in your life; and perhaps the description of them will appear new to you; I can assure you the first sight of them was so to me; and though I have seen hundreds of pictures of those animals, I never saw any that was resembling enough, to give a true idea of them.",surprise,0.6825955510139465,0.005333759821951389,0.12331904470920563,0.04386576637625694,0.6825955510139465,0.008674666285514832,0.04404843971133232,0.09216279536485672,0.12331904470920563,0.5592765063047409,neutral
31,"I am going to make a bold observation, and possibly a false one, because nobody has ever made it before me; but I do take them to be of the stag kind; their legs, bodies, and necks, are exactly shaped like them, and their colour very near the same.",neutral,0.9108575582504272,0.0047844345681369305,0.9108575582504272,0.0039024970028549433,0.01956918276846409,0.017941895872354507,0.012345674447715282,0.030598748475313187,0.030598748475313187,0.8802588097751141,disgust
31,"'Tis true they are much larger, being a great deal higher than a horse; and so swift, that, after the defeat of Peterwaradin, they far outran the swiftest horses, and brought the first news of the loss of the battle to Belgrade.",neutral,0.4150486886501312,0.014178603887557983,0.4150486886501312,0.017091019079089165,0.3625963032245636,0.032168157398700714,0.13642624020576477,0.02249099500477314,0.3625963032245636,0.05245238542556763,surprise
31,"They are never thoroughly tamed; the drivers take care to tie them one to another, with strong ropes, fifty in a string, led by an ass, on which the driver rides.",neutral,0.6436302661895752,0.006128947716206312,0.6436302661895752,0.017027761787176132,0.007127293385565281,0.023804018273949623,0.007754675578325987,0.29452699422836304,0.29452699422836304,0.34910327196121216,disgust
31,I have seen three hundred in one caravan.,neutral,0.7918027639389038,0.02200421504676342,0.7918027639389038,0.0024128982331603765,0.15406976640224457,0.01028444804251194,0.008227613754570484,0.01119823195040226,0.15406976640224457,0.6377329975366592,surprise
31,"They carry the third part more than any horse; but 'tis a particular art to load them, because of the bunch on their backs.",neutral,0.9199163913726807,0.007153654471039772,0.9199163913726807,0.013554527424275875,0.023686550557613373,0.008446943014860153,0.00261959177441895,0.0246223583817482,0.0246223583817482,0.8952940329909325,disgust
31,"They seem to be very ugly creatures, their heads being ill-formed and disproportioned (sic) to their bodies.",disgust,0.9635850191116333,0.0005297777242958546,0.009832564741373062,0.011417984031140804,0.0013079489581286907,0.006616618949919939,0.006709896493703127,0.9635850191116333,0.011417984031140804,0.9521670350804925,sadness
31,"They carry all the burdens; and the beasts destined to the plough, are buffaloes, an animal you are also unacquainted with.",disgust,0.6184594035148621,0.0032197958789765835,0.3086149990558624,0.03704257681965828,0.0066212196834385395,0.014563953503966331,0.011478103697299957,0.6184594035148621,0.3086149990558624,0.30984440445899963,neutral
31,"They are larger and more clumsy than an ox; they have short thick black horns close to their heads, Which grow turning backwards.",neutral,0.4799211919307709,0.003596837166696787,0.4799211919307709,0.05133572965860367,0.019190523773431778,0.02423333190381527,0.07337091118097305,0.34835147857666016,0.34835147857666016,0.13156971335411072,disgust
31,They say this horn looks very beautiful when 'tis well polished.,joy,0.5315337181091309,0.5315337181091309,0.42175787687301636,0.012375198304653168,0.017811352387070656,0.006422208156436682,0.0018264310201629996,0.008273288607597351,0.42175787687301636,0.1097758412361145,neutral
31,"They are all black, with very short hair on their hides, and have extremely little white eyes, that make them look like devils.",neutral,0.7808494567871094,0.0030651113484054804,0.7808494567871094,0.020743057131767273,0.011866561137139797,0.01577865704894066,0.012831571511924267,0.15486553311347961,0.15486553311347961,0.6259839236736298,disgust
31,"The country people dye their tails, and the hair of their forehead, red, by way of ornament.",disgust,0.7471562623977661,0.002053749980404973,0.17113123834133148,0.008789272978901863,0.0045949118211865425,0.06412450224161148,0.0021499840077012777,0.7471562623977661,0.17113123834133148,0.5760250240564346,neutral
31,"Horses are not put here to any laborious work, nor are they at all fit for it.",neutral,0.5708956122398376,0.006014120299369097,0.5708956122398376,0.02882411889731884,0.002081669634208083,0.06934007257223129,0.004886398557573557,0.31795796751976013,0.31795796751976013,0.2529376447200775,disgust
31,"They are beautiful and full of spirit, but generally little, and not strong, as the breed of colder countries; very gentle, however, with all their vivacity, and also swift and surefooted.",neutral,0.565577507019043,0.31038060784339905,0.565577507019043,0.033306967467069626,0.005662059411406517,0.008486328646540642,0.0036500447895377874,0.07293647527694702,0.31038060784339905,0.2551968991756439,joy
31,"I have a little white favourite, that I would not part with on any terms; he prances under me with so much fire, you would think that I had a great deal of courage to dare to mount him; yet I'll assure you, I never rid a horse so much at my command in my life.",anger,0.4885505139827728,0.022929731756448746,0.047198109328746796,0.018835462629795074,0.011415665037930012,0.4885505139827728,0.37304699420928955,0.038023460656404495,0.37304699420928955,0.11550351977348328,fear
31,"My side-saddle is the first that was ever seen in this part of the world, and is gazed at with as much wonder as the ship of Columbus in the first discovery of America.",surprise,0.8910887837409973,0.017081880941987038,0.06588170677423477,0.007577068172395229,0.8910887837409973,0.002977844327688217,0.013104691170156002,0.0022880283650010824,0.06588170677423477,0.8252070769667625,neutral
31,"Here are some little birds, held in a sort of religious reverence, and, for that reason, multiply prodigiously: turtles, on the account of their innocence; and storks, because they are supposed to make every winter the pilgrimage to Mecca.",neutral,0.8167423605918884,0.12308730185031891,0.8167423605918884,0.004689402878284454,0.008975674398243427,0.010810005478560925,0.001693239202722907,0.03400208428502083,0.12308730185031891,0.6936550587415695,joy
31,"To say truth, they are the happiest subjects under the Turkish government, and are so sensible of their privileges, that they walk the streets without fear, and generally build in the low parts of houses.",joy,0.9432960152626038,0.9432960152626038,0.0340598002076149,0.005260775331407785,0.0015881985891610384,0.0041990987956523895,0.004387053661048412,0.007209087256342173,0.0340598002076149,0.9092362150549889,neutral
31,"Happy are those whose houses are so distinguished, as the vulgar Turks are perfectly persuaded that they will not be, that year, attacked either by fire or pestilence.",joy,0.9185211062431335,0.9185211062431335,0.03444709628820419,0.014576816000044346,0.008885799907147884,0.014889503829181194,0.0014767032116651535,0.0072029465809464455,0.03444709628820419,0.8840740099549294,neutral
31,I have the happiness of one of their sacred nests under my chamber-window.,joy,0.9052720069885254,0.9052720069885254,0.03527207300066948,0.015126182697713375,0.0017657257849350572,0.015653783455491066,0.0009036489645950496,0.026006540283560753,0.03527207300066948,0.8699999339878559,neutral
31,"NOW I am talking of my chamber, I remember the description of the houses here will be as new to you, as any of the birds or beasts.",neutral,0.8220798373222351,0.0028004846535623074,0.8220798373222351,0.003591152373701334,0.12024420499801636,0.014235672540962696,0.008731295354664326,0.028317375108599663,0.12024420499801636,0.7018356323242188,surprise
31,"I suppose you have read, in most of our accounts of Turkey, that their houses are the most miserable pieces of building in the world.",sadness,0.5815178155899048,0.0041157957166433334,0.10810629278421402,0.5815178155899048,0.004776523914188147,0.008368347771465778,0.01112433522939682,0.2819908559322357,0.2819908559322357,0.29952695965766907,disgust
31,"I can speak very learnedly on that subject, having been in so many of them; and, I assure you, 'tis no such thing.",neutral,0.9249378442764282,0.028632093220949173,0.9249378442764282,0.009589374996721745,0.013706034980714321,0.0038644501473754644,0.009715527296066284,0.009554682299494743,0.028632093220949173,0.896305751055479,joy
31,We are now lodged in a palace belonging to the grand signior.,neutral,0.8802759051322937,0.01134470570832491,0.8802759051322937,0.027820702642202377,0.011891954578459263,0.037477634847164154,0.023295097053050995,0.007893883623182774,0.037477634847164154,0.8427982702851295,anger
31,"I really think the manner of building here very agreeable, and proper for the country.",joy,0.9854171872138977,0.9854171872138977,0.006969102192670107,0.002243899507448077,0.0015277807833626866,0.0009730662568472326,0.00045534726814366877,0.002413569949567318,0.006969102192670107,0.9784480850212276,neutral
31,"'Tis true, they are not at all solicitous to beautify the outsides of their houses, and they are generally built of wood; which, I own, is the cause of many inconveniencies; but this is not to be charged on the ill taste of the people, but on the oppression of the government.",disgust,0.7228847742080688,0.004025876987725496,0.19860294461250305,0.025123072788119316,0.00395674305036664,0.037511225789785385,0.00789542868733406,0.7228847742080688,0.19860294461250305,0.5242818295955658,neutral
31,"Every house, at the death of its master, is at the grand signior's disposal; and therefore, no man cares to make a great expence, which he is not sure his family will be the better for.",neutral,0.479280948638916,0.012528756633400917,0.479280948638916,0.2357449233531952,0.016664421185851097,0.04201700910925865,0.031323399394750595,0.1824406236410141,0.2357449233531952,0.24353602528572083,sadness
31,"All their design is to build a house commodious, and that will last their lives; and they are very indifferent if it falls down the year after.",neutral,0.501807689666748,0.008582220412790775,0.501807689666748,0.013077112846076488,0.004546387121081352,0.20822565257549286,0.0026468762662261724,0.26111409068107605,0.26111409068107605,0.240693598985672,disgust
31,"Every house, great and small, is divided into two distinct parts, which only join together by a narrow passage.",neutral,0.9054659008979797,0.0018493558745831251,0.9054659008979797,0.008973002433776855,0.04866429790854454,0.00645306846126914,0.004926619585603476,0.023667795583605766,0.04866429790854454,0.8568016029894352,surprise
31,"The first house has a large court before it, and open galleries all round it, which is to me a thing very agreeable.",joy,0.6232624053955078,0.6232624053955078,0.29958459734916687,0.011165019124746323,0.008738831616938114,0.0068644010461866856,0.0015048623317852616,0.048879846930503845,0.29958459734916687,0.32367780804634094,neutral
31,"This gallery leads to all the chambers, which are commonly large, and with two rows of windows, the first being of painted glass; they seldom build above two stories, each of which has galleries.",neutral,0.8637750148773193,0.004021346103399992,0.8637750148773193,0.007448332849889994,0.093062624335289,0.008394379168748856,0.004937594756484032,0.018360735848546028,0.093062624335289,0.7707123905420303,surprise
31,"The stairs are broad, and not often above thirty steps.",neutral,0.8340671062469482,0.0026764380745589733,0.8340671062469482,0.008764311671257019,0.12279539555311203,0.00662318617105484,0.01241641491651535,0.01265711709856987,0.12279539555311203,0.7112717106938362,surprise
31,"This is the house belonging to the lord, and the adjoining one is called the _haram_, that is, the ladies apartment, (for the name of _seraglio_ is peculiar to the grand signior;) it has also a gallery running round it towards the garden, to which all the windows are turned, and the same number of chambers as the other, but more gay and splendid, both in painting and furniture.",neutral,0.5530188679695129,0.15394918620586395,0.5530188679695129,0.032182883471250534,0.11110956221818924,0.012673215009272099,0.010693548247218132,0.1263727843761444,0.15394918620586395,0.399069681763649,joy
31,"The second row of windows is very low, with grates like those of convents; the rooms are all spread with Persian carpets, and raised at one end of them (my chambers are raised at both ends) about two feet.",neutral,0.7685109376907349,0.007209129631519318,0.7685109376907349,0.021549705415964127,0.08544207364320755,0.01829623244702816,0.010890394449234009,0.08810146898031235,0.08810146898031235,0.6804094687104225,disgust
31,"This is the sofa, which is laid with a richer sort of carpet, and all round it a sort of couch, raised half a foot, covered with rich silk, according to the fancy or magnificence of the owner.",neutral,0.7168178558349609,0.05310075730085373,0.7168178558349609,0.013787604868412018,0.07345493882894516,0.013622024096548557,0.001903447206132114,0.12731343507766724,0.12731343507766724,0.5895044207572937,disgust
31,"Mine is of scarlet cloth, with a gold fringe; round about this are placed, standing against the wall, two rows of cushions, the first very large, and the next, little ones; and here the Turks display their greatest magnificence.",disgust,0.4907957911491394,0.05020155757665634,0.417556494474411,0.007042953744530678,0.012993858195841312,0.018831854686141014,0.0025774575769901276,0.4907957911491394,0.417556494474411,0.0732392966747284,neutral
31,"They are generally brocade, or embroidery of gold wire upon white sattin.--Nothing can look more gay and splendid.",neutral,0.4286411702632904,0.17691892385482788,0.4286411702632904,0.019739769399166107,0.01604311913251877,0.010520503856241703,0.003005825914442539,0.34513071179389954,0.34513071179389954,0.08351045846939087,disgust
31,"These seats are also so convenient and easy, that I believe I shall never endure chairs as long as I live.--The rooms are low, which I think no fault, and the ceiling is always of wood, generally inlaid or painted with flowers.",neutral,0.5746492147445679,0.28701451420783997,0.5746492147445679,0.03458636254072189,0.02058088220655918,0.008873228915035725,0.00341036100871861,0.07088549435138702,0.28701451420783997,0.2876347005367279,joy
31,"They open in many places, with folding doors, and serve for cabinets, I think, more conveniently than ours.",neutral,0.8856453895568848,0.009027794003486633,0.8856453895568848,0.0051009682938456535,0.0895676240324974,0.005378222558647394,0.0012149747926741838,0.004065065179020166,0.0895676240324974,0.7960777655243874,surprise
31,"Between the windows are little arches to set pots of perfume, or baskets of flowers.",disgust,0.839917778968811,0.00430440716445446,0.10338649898767471,0.006607182323932648,0.007970843464136124,0.024553649127483368,0.013259620405733585,0.839917778968811,0.10338649898767471,0.7365312799811363,neutral
31,"But what pleases me best, is the fashion of having marble fountains in the lower part of the room, which throw up several spouts of water, giving, at the same time, an agreeable coolness, and a pleasant dashing sound, falling from one basin to another.",joy,0.7398852705955505,0.7398852705955505,0.18104691803455353,0.013408326543867588,0.003534212475642562,0.00718125281855464,0.0012109653325751424,0.05373310297727585,0.18104691803455353,0.558838352560997,neutral
31,Some of these are very magnificent.,neutral,0.3863885700702667,0.17992614209651947,0.3863885700702667,0.0212839487940073,0.20233981311321259,0.034639567136764526,0.027189359068870544,0.1482326090335846,0.20233981311321259,0.18404875695705414,surprise
31,"Each house has a bagnio, which consists generally in two or three little rooms, leaded on the top, paved with marble, with basins, cocks of water, and all conveniencies for either hot or cold baths.",neutral,0.9343035221099854,0.008437715470790863,0.9343035221099854,0.004951759707182646,0.010422028601169586,0.005963678006082773,0.0017007533460855484,0.03422053903341293,0.03422053903341293,0.9000829830765724,disgust
31,"YOU will perhaps be surprised at an account so different from what you have been entertained with by the common voyage-writers, who are very fond of speaking of what they don't know.",surprise,0.9764994978904724,0.003179638646543026,0.012798524461686611,0.0012367729796096683,0.9764994978904724,0.00331656145863235,0.0012516845017671585,0.001717301202006638,0.012798524461686611,0.9637009734287858,neutral
31,"It must be under a very particular character, or on some extraordinary occasion, that a Christian is admitted into the house of a man of quality; and their _harams_ are always forbidden ground.",disgust,0.649254560470581,0.004459313116967678,0.23933546245098114,0.016159038990736008,0.015065491199493408,0.04854908213019371,0.027177026495337486,0.649254560470581,0.23933546245098114,0.4099190980195999,neutral
31,"Thus they can only speak of the outside, which makes no great appearance; and the womens apartments are always built backward, removed from sight, and have no other prospect than the gardens, which are inclosed with very high walls.",neutral,0.7168739438056946,0.0058797444216907024,0.7168739438056946,0.03404715657234192,0.03904714435338974,0.023922240361571312,0.024244777858257294,0.1559850126504898,0.1559850126504898,0.5608889311552048,disgust
31,"There are none of our parterres in them; but they are planted with high trees, which give an agreeable shade, and, to my fancy, a pleasing view.",neutral,0.670494556427002,0.2520081698894501,0.670494556427002,0.020608680322766304,0.013379037380218506,0.008318353444337845,0.0012461559381335974,0.03394506499171257,0.2520081698894501,0.4184863865375519,joy
31,"In the midst of the garden is the _chiosk_, that is, a large room, commonly beautified with a fine fountain in the midst of it.",neutral,0.6712865233421326,0.060095809400081635,0.6712865233421326,0.016683528199791908,0.062459126114845276,0.01870795339345932,0.006008794531226158,0.16475820541381836,0.16475820541381836,0.5065283179283142,disgust
31,"It is raised nine or ten steps, and inclosed with gilded lattices, round which, vines, jessamines, and honey-suckles, make a sort of green wall.",neutral,0.7437885999679565,0.03400537744164467,0.7437885999679565,0.01318263541907072,0.036214977502822876,0.032720208168029785,0.007761827670037746,0.1323263943195343,0.1323263943195343,0.6114622056484222,disgust
31,"Large trees are planted round this place, which is the scene of their greatest pleasures, and where the ladies spend most of their hours, employed by their music or embroidery.--In the public gardens, there are public _chiosks_ where people go, that are not so well accommodated at home, and drink their coffee, sherbet, &c.--Neither are they ignorant of a more durable manner of building: their mosques are all of free-stone, and the public _hanns_, or inns, extremely magnificent, many of them taking up a large square, built round with shops under stone arches, where poor artificers are lodged _gratis_.",disgust,0.34047189354896545,0.15942299365997314,0.19411377608776093,0.057635679841041565,0.1293613165616989,0.08790603280067444,0.03108830936253071,0.34047189354896545,0.19411377608776093,0.14635811746120453,neutral
31,"They have always a mosque joining to them, and the body of the _hann_ is a most noble hall, capable of holding three or four hundred persons, the court extremely spacious, and cloisters round it, that give it the air of our colleges.",neutral,0.7828041315078735,0.11531002819538116,0.7828041315078735,0.007866491563618183,0.026408132165670395,0.006256319582462311,0.004112937953323126,0.05724199488759041,0.11531002819538116,0.6674941033124924,joy
31,"I own, I think it a more reasonable piece of charity than the founding of convents.--I think I have now told you a great deal for once.",joy,0.5638434886932373,0.5638434886932373,0.3233432471752167,0.012067331932485104,0.039231374859809875,0.0320134200155735,0.007323624100536108,0.022177495062351227,0.3233432471752167,0.24050024151802063,neutral
31,"If you don't like my choice of subjects, tell me what you would have me write Upon; there is nobody more desirous to entertain you, than, dear Mrs T----, Your's, &c. &c.",joy,0.9548550844192505,0.9548550844192505,0.012828617356717587,0.00948746595531702,0.0017706614453345537,0.01027256902307272,0.005889631807804108,0.004896002821624279,0.012828617356717587,0.9420264670625329,neutral
32,"I WROTE to you, dear sister, and to all my other English correspondents, by the last ship, and only Heaven can tell, when I shall have another opportunity of sending to you; but I cannot forbear to write again, though perhaps my letter may ly upon my hands this two months.",sadness,0.5485715270042419,0.015055309049785137,0.030854567885398865,0.5485715270042419,0.003221355378627777,0.006094358395785093,0.38388678431510925,0.0123161431401968,0.38388678431510925,0.1646847426891327,fear
32,"To confess the truth, my head is so full of my entertainment yesterday, that 'tis absolutely necessary, for my own repose, to give it some vent.",sadness,0.5718430280685425,0.016277989372611046,0.18036510050296783,0.5718430280685425,0.0040577552281320095,0.130428746342659,0.011141176335513592,0.08588624745607376,0.18036510050296783,0.39147792756557465,neutral
32,"Without farther preface, I will then begin my story.",neutral,0.662796676158905,0.02554270625114441,0.662796676158905,0.01956087164580822,0.00782138854265213,0.027719659730792046,0.18283385038375854,0.0737249031662941,0.18283385038375854,0.4799628257751465,fear
32,"I WAS invited to dine with the grand vizier's lady, and it was with a great deal of pleasure I prepared myself for an entertainment, which was never before given to any Christian.",joy,0.9593438506126404,0.9593438506126404,0.008911347948014736,0.0033003948628902435,0.003398729022592306,0.005503476597368717,0.0014431984163820744,0.01809903234243393,0.01809903234243393,0.9412448182702065,disgust
32,"I thought I should very little satisfy her curiosity, (which I did not doubt was a considerable motive to the invitation) by going in a dress she was used to see, and therefore dressed myself in the court habit of Vienna, which is much more magnificent than ours.",neutral,0.2976793944835663,0.22059699892997742,0.2976793944835663,0.018293162807822227,0.16563831269741058,0.03491401672363281,0.048946429044008255,0.2139316350221634,0.22059699892997742,0.07708239555358887,joy
32,"However, I chose to go _incognito_, to avoid any disputes about ceremony, and went in a Turkish coach, only attended by my woman, that held up my train, and the Greek lady, who was my interpretess.",neutral,0.8646073341369629,0.018280478194355965,0.8646073341369629,0.008573243394494057,0.026588497683405876,0.03753949701786041,0.008046730421483517,0.036364275962114334,0.03753949701786041,0.8270678371191025,anger
32,"I was met at the court door by her black eunuch, who helped me out of the coach with great respect, and conducted me through several rooms, where her she-slaves, finely dressed, were ranged on each side.",disgust,0.8615970611572266,0.021736761555075645,0.061420198529958725,0.0027189133688807487,0.00798293761909008,0.01979616843163967,0.024747904390096664,0.8615970611572266,0.061420198529958725,0.8001768626272678,neutral
32,"In the innermost, I found the lady sitting on her sofa, in a sable vest.",disgust,0.9726951122283936,0.001320250565186143,0.013013714924454689,0.0035503606777638197,0.003939582500606775,0.002332017058506608,0.003149009309709072,0.9726951122283936,0.013013714924454689,0.9596813973039389,neutral
32,"She advanced to meet me, and presented me half a dozen of her friends, with great civility.",neutral,0.49144065380096436,0.1283644586801529,0.49144065380096436,0.004685613326728344,0.007631547749042511,0.03568620607256889,0.0031172262970358133,0.32907429337501526,0.32907429337501526,0.1623663604259491,disgust
32,"She seemed a very good woman, near fifty years old.",joy,0.5901074409484863,0.5901074409484863,0.24959179759025574,0.018582895398139954,0.012930694967508316,0.005806777626276016,0.006187927909195423,0.1167924553155899,0.24959179759025574,0.3405156433582306,neutral
32,"I was surprised to observe so little magnificence in her house, the furniture being all very moderate; and, except the habits and number of her slaves, nothing about her appeared expensive.",surprise,0.9757506251335144,0.0022980666253715754,0.008937358856201172,0.001547904801554978,0.9757506251335144,0.0042239949107170105,0.0018079133005812764,0.0054341875948011875,0.008937358856201172,0.9668132662773132,neutral
32,"She guessed at my thoughts, and told me she was no longer of an age to spend either her time or money in superfluities; that her whole expence was in charity, and her whole employment praying to God.",neutral,0.7685396075248718,0.10784373432397842,0.7685396075248718,0.05358797311782837,0.01019207388162613,0.030212679877877235,0.003966375719755888,0.025657620280981064,0.10784373432397842,0.6606958732008934,joy
32,There was no affectation in this speech; both she and her husband are entirely given up to devotion.,neutral,0.7548022270202637,0.03490029275417328,0.7548022270202637,0.10738565772771835,0.005206878762692213,0.027220571413636208,0.004896933678537607,0.06558740884065628,0.10738565772771835,0.6474165692925453,sadness
32,"He never looks upon any other woman; and, what is much more extraordinary, touches no bribes, notwithstanding the example of all his predecessors.",neutral,0.46110567450523376,0.0073735713958740234,0.46110567450523376,0.011988827958703041,0.023711364716291428,0.06934764981269836,0.0061142295598983765,0.4203585684299469,0.4203585684299469,0.040747106075286865,disgust
32,"He is so scrupulous on this point, he would not accept Mr W----'s present, till he had been assured over and over, that it was a settled perquisite Of his place, at the entrance of every ambassador.",neutral,0.46980226039886475,0.005334467627108097,0.46980226039886475,0.01707707904279232,0.007564193103462458,0.13000698387622833,0.06451044976711273,0.3057044446468353,0.3057044446468353,0.16409781575202942,disgust
32,"She entertained me with all kind of civility, till dinner came in, which was served, one dish at a time, to a vast number, all finely dressed after their manner, which I don't think so bad as you have perhaps heard it represented.",disgust,0.5262690782546997,0.09788879007101059,0.3474479019641876,0.007661193609237671,0.005577992182224989,0.011995389126241207,0.003159628249704838,0.5262690782546997,0.3474479019641876,0.17882117629051208,neutral
32,"I am a very good judge of their eating, having lived three weeks in the house of an _effendi_ at Belgrade, who gave us very magnificent dinners, dressed by his own cooks.",neutral,0.48021093010902405,0.32752686738967896,0.48021093010902405,0.006351540330797434,0.028070125728845596,0.01215225737541914,0.004346564412117004,0.1413417011499405,0.32752686738967896,0.1526840627193451,joy
32,"The first week they pleased me extremely; but, I own, I then began to grow weary of their table, and desired our own cook might add a dish or two after our manner.",disgust,0.496692031621933,0.07101427018642426,0.05487464368343353,0.2991410791873932,0.00517618004232645,0.04733775928616524,0.0257639829069376,0.496692031621933,0.2991410791873932,0.1975509524345398,sadness
32,"But I attribute this to custom, and am very much inclined to believe, that an Indian, who had never tasted of either, would prefer their cookery to ours.",neutral,0.9535687565803528,0.007764704525470734,0.9535687565803528,0.002612132579088211,0.011326661333441734,0.0047636185772717,0.0016026772791519761,0.018361561000347137,0.018361561000347137,0.9352071955800056,disgust
32,"Their sauces are very high, all the roast very much done.",neutral,0.9131872057914734,0.021260941401124,0.9131872057914734,0.004102297592908144,0.015034640207886696,0.009921698831021786,0.0008881826070137322,0.03560502454638481,0.03560502454638481,0.8775821812450886,disgust
32,They use a great deal of very rich spice.,neutral,0.8955316543579102,0.03520642966032028,0.8955316543579102,0.007538310717791319,0.008077647536993027,0.010482179000973701,0.0014980898704379797,0.0416656918823719,0.0416656918823719,0.8538659624755383,disgust
32,"The soup is served for the last dish; and they have, at least, as great a variety of ragouts as we have.",neutral,0.8516353368759155,0.0868479460477829,0.8516353368759155,0.006594003643840551,0.006221327930688858,0.0042338501662015915,0.0014737090095877647,0.04299379512667656,0.0868479460477829,0.7647873908281326,joy
32,"I was very sorry I could not eat of as many as the good lady would have had me, who was very earnest in serving me of every thing.",sadness,0.8834424614906311,0.006862968672066927,0.07348205894231796,0.8834424614906311,0.012271351180970669,0.0015931071247905493,0.00724224466830492,0.01510575506836176,0.07348205894231796,0.8099604025483131,neutral
32,"The treat concluded with coffee and perfumes, which is a high mark of respect; two slaves kneeling _censed_ my hair, clothes, and handkerchief.",disgust,0.852966845035553,0.005397454369813204,0.0222725048661232,0.005444824229925871,0.0016562993405386806,0.11151479929685593,0.0007472256547771394,0.852966845035553,0.11151479929685593,0.741452045738697,anger
32,"After this ceremony, she commanded her slaves to play and dance, which they did with their guitars in their hands, and she excused to me their want of skill, saying she took no care to accomplish them in that art.",disgust,0.9319226145744324,0.0013497213367372751,0.03150615468621254,0.006535524036735296,0.0012284091208130121,0.02617383562028408,0.0012837842805311084,0.9319226145744324,0.03150615468621254,0.9004164598882198,neutral
32,"I RETURNED her thanks, and, soon after, took my leave.",neutral,0.6663724780082703,0.12323763966560364,0.6663724780082703,0.03300905600190163,0.02903028018772602,0.11035916954278946,0.0018235380994156003,0.036167826503515244,0.12323763966560364,0.5431348383426666,joy
32,"I was conducted back in the same manner I entered, and would have gone straight to my own house; but the Greek lady with me, earnestly solicited me to visit the _kahya's_ lady, saying, he was the second officer in the empire, and ought indeed to be looked upon as the first, the grand vizier having only the name, while he exercised the authority.",disgust,0.3088681995868683,0.04911302775144577,0.13027434051036835,0.10742580890655518,0.04567800462245941,0.2041737288236618,0.15446683764457703,0.3088681995868683,0.2041737288236618,0.10469447076320648,anger
32,"I had found so little diversion in the vizier's _haram_, that I had no mind to go into another.",neutral,0.6545447111129761,0.04534770920872688,0.6545447111129761,0.04023464024066925,0.027108900249004364,0.0647316724061966,0.008160782977938652,0.15987162292003632,0.15987162292003632,0.49467308819293976,disgust
32,"But her importunity prevailed with me, and I am extremely glad I was so complaisant.",joy,0.9854524731636047,0.9854524731636047,0.006122630555182695,0.00231830938719213,0.0035879495553672314,0.001184109365567565,0.00022349608479999006,0.0011110843624919653,0.006122630555182695,0.979329842608422,neutral
32,"All things here were with quite another air than at the grand vizier's; and the very house confessed the difference between an old devotee, and a young beauty.",neutral,0.4242076575756073,0.012942282482981682,0.4242076575756073,0.034353189170360565,0.08443135023117065,0.012252666056156158,0.00910019688308239,0.42271262407302856,0.42271262407302856,0.0014950335025787354,disgust
32,It was nicely clean and magnificent.,joy,0.7119876146316528,0.7119876146316528,0.19073623418807983,0.012241910211741924,0.010596328414976597,0.007599025499075651,0.004654843360185623,0.06218402460217476,0.19073623418807983,0.521251380443573,neutral
32,"I was met at the door by two black eunuchs, who led me through a long gallery, between two ranks of beautiful young girls, with their hair finely plaited, almost hanging to their feet, all dressed in fine light damasks, brocaded with silver.",disgust,0.7980425357818604,0.03717277944087982,0.07367535680532455,0.004800418391823769,0.03672359511256218,0.014488201588392258,0.0350971557199955,0.7980425357818604,0.07367535680532455,0.7243671789765358,neutral
32,I was sorry that decency did not permit me to stop to consider them nearer.,sadness,0.8134089708328247,0.008240613155066967,0.06576839089393616,0.8134089708328247,0.004387622699141502,0.005909949075430632,0.06306970864534378,0.03921472653746605,0.06576839089393616,0.7476405799388885,neutral
32,"But that thought was lost upon my entrance into a large room, or rather pavilion, built round with gilded sashes, which were most of them thrown up, and the trees planted near them gave an agreeable shade, which hindered the sun from being troublesome.",neutral,0.4278106987476349,0.2438606321811676,0.4278106987476349,0.02960164099931717,0.007272233255207539,0.0161906611174345,0.004415501840412617,0.2708485722541809,0.2708485722541809,0.15696212649345398,disgust
32,"The jessamines and honey-suckles that twisted round their trunks, shed a soft perfume, increased by a white marble fountain playing sweet water in the lower part of the room, which fell into three or four basins, with a pleasing sound.",disgust,0.7078608274459839,0.05529326573014259,0.2088768631219864,0.010544153861701488,0.00710753258317709,0.005460453685373068,0.004856901243329048,0.7078608274459839,0.2088768631219864,0.4989839643239975,neutral
32,"The roof was painted with all sorts of flowers, falling out of gilded baskets, that seemed tumbling down.",neutral,0.5803923606872559,0.019674377515912056,0.5803923606872559,0.028084924444556236,0.054021041840314865,0.01785293035209179,0.01071279589086771,0.28926151990890503,0.28926151990890503,0.29113084077835083,disgust
32,"On a sofa, raised three steps, and covered with fine Persian carpets, sat the _kahya_'s lady, leaning on cushions of white sattin, embroidered; and at her feet sat two young girls about twelve years old, lovely as angels, dressed perfectly rich, and almost covered with jewels.",disgust,0.5204833745956421,0.25394925475120544,0.16865459084510803,0.02571501024067402,0.014840207993984222,0.010160564444959164,0.006197014357894659,0.5204833745956421,0.25394925475120544,0.26653411984443665,joy
32,"But they were hardly seen near the fair _Fatima_, (for that is her name) so much her beauty effaced every thing I have seen, nay, all that has been called lovely either in England or Germany.",neutral,0.7488468885421753,0.05155068263411522,0.7488468885421753,0.013327071443200111,0.11417382210493088,0.008140179328620434,0.001957218861207366,0.062004219740629196,0.11417382210493088,0.6346730664372444,surprise
32,"I must own, that I never saw any thing so gloriously beautiful, nor can I recollect a face that would have been taken notice of near hers.",neutral,0.3302517235279083,0.07444173097610474,0.3302517235279083,0.02733897604048252,0.20632430911064148,0.01363220252096653,0.01862664893269539,0.32938438653945923,0.32938438653945923,0.0008673369884490967,disgust
32,"She stood up to receive me, saluting me after their fashion, putting her hand to her heart with a sweetness full of majesty, that no court breeding could ever give.",neutral,0.46378371119499207,0.14113765954971313,0.46378371119499207,0.013977708294987679,0.007183482404798269,0.025986969470977783,0.005014709662646055,0.34291571378707886,0.34291571378707886,0.12086799740791321,disgust
32,"She ordered cushions to be given me, and took care to place me in the corner, which is the place of honour.",disgust,0.6339548826217651,0.023257018998265266,0.27867597341537476,0.009539574384689331,0.0034587550908327103,0.04877312481403351,0.0023406879045069218,0.6339548826217651,0.27867597341537476,0.3552789092063904,neutral
32,"I confess, though the Greek lady had before given me a great opinion of her beauty, I was so struck with admiration, that I could not, for some time, speak to her, being wholly taken up in gazing.",surprise,0.769682765007019,0.02290765568614006,0.009989510290324688,0.011941179633140564,0.769682765007019,0.018069451674818993,0.15486279129981995,0.012546602636575699,0.15486279129981995,0.6148199737071991,fear
32,That surprising harmony of features!,surprise,0.9447897672653198,0.02133524976670742,0.01890256255865097,0.001668594777584076,0.9447897672653198,0.006599807180464268,0.004197247792035341,0.0025067725218832493,0.02133524976670742,0.9234545174986124,joy
32,that charming result of the whole!,joy,0.9847895503044128,0.9847895503044128,0.004675653763115406,0.0017964724684134126,0.0049609835259616375,0.0015611976850777864,0.0005832509486936033,0.0016327494522556663,0.0049609835259616375,0.9798285667784512,surprise
32,that exact proportion of body!,surprise,0.5685757994651794,0.007523359265178442,0.07305627316236496,0.009258784353733063,0.5685757994651794,0.23421937227249146,0.008747980929911137,0.09861844778060913,0.23421937227249146,0.334356427192688,anger
32,that lovely bloom of complexion unsullied by art!,sadness,0.9396116733551025,0.009321358986198902,0.008094093762338161,0.9396116733551025,0.009436652995646,0.008040710352361202,0.006253384053707123,0.019242115318775177,0.019242115318775177,0.9203695580363274,disgust
32,"the unutterable enchantment of her smile!--But her eyes!--large and black, with all the soft languishment of the blue!",sadness,0.6560583710670471,0.006833275780081749,0.02190519869327545,0.6560583710670471,0.009354324080049992,0.11620889604091644,0.03160236403346062,0.15803760290145874,0.15803760290145874,0.4980207681655884,disgust
32,every turn of her face discovering some new grace.,neutral,0.7538304328918457,0.02303607389330864,0.7538304328918457,0.025200320407748222,0.07480651885271072,0.010070737451314926,0.011355582624673843,0.10170029103755951,0.10170029103755951,0.6521301418542862,disgust
32,"AFTER my first surprise was over, I endeavoured, by nicely examining her face, to find out some imperfection, without any fruit of my search, but my being clearly convinced of the error of that vulgar notion, that a face exactly proportioned, and perfectly beautiful, would not be agreeable; nature having done for her, with more success, what Appelles is said to have essayed, by a collection of the most exact features, to form a perfect face.",surprise,0.8648638129234314,0.06040766090154648,0.010785629041492939,0.008605049923062325,0.8648638129234314,0.024197008460760117,0.015712015330791473,0.015428798273205757,0.06040766090154648,0.8044561520218849,joy
32,"Add to all this, a behaviour so full of grace and sweetness, such easy motions, with an air so majestic, yet free from stiffness or affectation, that I am persuaded, could she be suddenly transported upon the most polite throne of Europe, no body would think her other than born and bred to be a queen, though educated in a country we call barbarous.",neutral,0.533273458480835,0.0659419521689415,0.533273458480835,0.00910914409905672,0.04514828324317932,0.025738444179296494,0.01604415848851204,0.30474457144737244,0.30474457144737244,0.22852888703346252,disgust
32,"To say all in a word, our most celebrated English beauties would vanish near her.",neutral,0.5469292402267456,0.02622356079518795,0.5469292402267456,0.28256770968437195,0.057417191565036774,0.01732911728322506,0.03507600724697113,0.03445715829730034,0.28256770968437195,0.26436153054237366,sadness
32,"SHE was dressed in a _caftan_ of gold brocade, flowered with silver, very well fitted to her shape, and shewing to admiration the beauty of her bosom, only shaded by the thin gauze of her shift.",neutral,0.7737822532653809,0.040113743394613266,0.7737822532653809,0.023867513984441757,0.030881837010383606,0.01379618514329195,0.007370374631136656,0.11018816381692886,0.11018816381692886,0.663594089448452,disgust
32,"Her drawers were pale pink, her waistcoat green and silver, her slippers white sattin, finely embroidered: her lovely arms adorned with bracelets of diamonds, and her broad girdle set round with diamonds; upon her head a rich Turkish handkerchief of pink and silver, her own fine black hair hanging a great length, in various tresses, and on one side of her head some bodkins of jewels.",neutral,0.34022390842437744,0.08443283289670944,0.34022390842437744,0.09157701581716537,0.09574174135923386,0.03309636190533638,0.016244009137153625,0.3386840522289276,0.3386840522289276,0.001539856195449829,disgust
32,I am afraid you will accuse me of extravagance in this description.,fear,0.9853172898292542,0.0011066809529438615,0.004319576546549797,0.002555752405896783,0.0013244061265140772,0.003689077217131853,0.9853172898292542,0.0016873107524588704,0.004319576546549797,0.9809977132827044,neutral
32,"I think I have read somewhere, that women always speak in rapture when they speak of beauty, and I cannot imagine why they should not be allowed to do so.",surprise,0.8840048313140869,0.002696095732972026,0.07231083512306213,0.0021561740431934595,0.8840048313140869,0.022150887176394463,0.005997500382363796,0.010683698579668999,0.07231083512306213,0.8116939961910248,neutral
32,I rather think it a virtue to be able to admire without any mixture of desire or envy.,disgust,0.40959495306015015,0.13216887414455414,0.2745453417301178,0.012529060244560242,0.008633843623101711,0.15924346446990967,0.0032844918314367533,0.40959495306015015,0.2745453417301178,0.13504961133003235,neutral
32,"The gravest writers have spoken with great warmth, of some celebrated pictures and statues.",joy,0.5415278673171997,0.5415278673171997,0.22964830696582794,0.034639954566955566,0.006652221083641052,0.007132236380130053,0.002560957334935665,0.17783845961093903,0.22964830696582794,0.31187956035137177,neutral
32,"The workmanship of Heaven, certainly excels all our weak imitations, and, I think, has a much better claim to our praise.",neutral,0.8929017186164856,0.0681052953004837,0.8929017186164856,0.005585751961916685,0.010608116164803505,0.007645182777196169,0.0009622915531508625,0.014191634953022003,0.0681052953004837,0.8247964233160019,joy
32,"For my part, I am not ashamed to own, I took more pleasure in looking on the beauteous Fatima, than the finest piece of sculpture could have given me.",disgust,0.7518926858901978,0.08449116349220276,0.06929101049900055,0.07278178632259369,0.006873156875371933,0.0029667182825505733,0.01170352566987276,0.7518926858901978,0.08449116349220276,0.667401522397995,joy
32,"She told me, the two girls at her feet were her daughters, though she appeared too young to be their mother.",neutral,0.6454269886016846,0.00784570723772049,0.6454269886016846,0.02488826774060726,0.02863999828696251,0.0065907989628612995,0.02401701547205448,0.2625912129878998,0.2625912129878998,0.3828357756137848,disgust
32,"Her fair maids were ranged below the sofa, to the number of twenty, and put me in mind of the pictures of the ancient nymphs.",neutral,0.890403687953949,0.015627197921276093,0.890403687953949,0.005422793794423342,0.04473167285323143,0.0045707328245043755,0.0017474688356742263,0.037496376782655716,0.04473167285323143,0.8456720151007175,surprise
32,I did not think all nature could have furnished such a scene of beauty.,surprise,0.9610704183578491,0.0014403569512069225,0.014269574545323849,0.001842235098592937,0.9610704183578491,0.008238686248660088,0.0067090485244989395,0.006429667118936777,0.014269574545323849,0.9468008438125253,neutral
32,She made them a sign to play and dance.,neutral,0.8089307546615601,0.035945992916822433,0.8089307546615601,0.004384335596114397,0.008024140261113644,0.06903105229139328,0.004022074863314629,0.06966158747673035,0.06966158747673035,0.7392691671848297,disgust
32,"Four of them immediately began to play some soft airs on instruments, between a lute and a guitar, which they accompanied with their voices, while the others danced by turns.",neutral,0.7709687352180481,0.09069409221410751,0.7709687352180481,0.006911943666636944,0.015336328186094761,0.014494959264993668,0.0068298340775072575,0.0947640985250473,0.0947640985250473,0.6762046366930008,disgust
32,This dance was very different from what I had seen before.,neutral,0.4633415639400482,0.042124807834625244,0.4633415639400482,0.007128742057830095,0.38157209753990173,0.006995700765401125,0.03347453847527504,0.06536256521940231,0.38157209753990173,0.08176946640014648,surprise
32,"Nothing could be more artful, or more proper to raise _certain ideas_.",neutral,0.5668361186981201,0.22861871123313904,0.5668361186981201,0.015589011833071709,0.0074425009079277515,0.03031664714217186,0.008245899342000484,0.14295107126235962,0.22861871123313904,0.3382174074649811,joy
32,The tunes so soft!--the motions so languishing!--accompanied with pauses and dying eyes!,sadness,0.791650116443634,0.005063098855316639,0.04793991521000862,0.791650116443634,0.006131353788077831,0.015096083283424377,0.018767202273011208,0.11535218358039856,0.11535218358039856,0.6762979328632355,disgust
32,"half-falling back, and then recovering themselves in so artful a manner, that I am very positive, the coldest and most rigid pride upon earth, could not have looked upon them without thinking of _something not to be spoke of_.--I suppose you may have read that the Turks have no music, but what is shocking to the ears; but this account is from those who never heard any but what is played in the streets, and is just as reasonable, as if a foreigner should take his ideas of English music, from the _bladder_ and _string_, or the _marrow-bones_ and _cleavers_.",surprise,0.8086563348770142,0.0035141054540872574,0.006908286828547716,0.004330200608819723,0.8086563348770142,0.014372560195624828,0.1432446390390396,0.018973812460899353,0.1432446390390396,0.6654116958379745,fear
32,"I can assure you that the music is extremely pathetic; 'tis true, I am inclined to prefer the Italian, but perhaps I am partial.",sadness,0.7113721966743469,0.012060058303177357,0.08955422788858414,0.7113721966743469,0.010156342759728432,0.0032002681400626898,0.01603047549724579,0.1576264351606369,0.1576264351606369,0.55374576151371,disgust
32,"I am acquainted with a Greek lady who sings better than Mrs Robinson, and is very well skilled in both, who gives the preference to the Turkish.",neutral,0.7955353260040283,0.08099043369293213,0.7955353260040283,0.009853508323431015,0.02796342968940735,0.005519003141671419,0.003097514621913433,0.07704091817140579,0.08099043369293213,0.7145448923110962,joy
32,'Tis certain they have very fine natural voices; these were very agreeable.,neutral,0.7498458623886108,0.16602882742881775,0.7498458623886108,0.01905115135014057,0.013453812338411808,0.011294648982584476,0.008624677546322346,0.03170104697346687,0.16602882742881775,0.5838170349597931,joy
32,"When the dance was over, four fair slaves came into the room, with silver censers in their hands, and perfumed the air with amber, aloes-wood, and other scents.",disgust,0.9736779928207397,0.001102003501728177,0.012837010435760021,0.001648569479584694,0.0009991935221478343,0.007705057039856911,0.0020302217453718185,0.9736779928207397,0.012837010435760021,0.9608409823849797,neutral
32,"After this, they served me coffee upon their knees, in the finest japan china, with _soucoups_ of silver, gilt.",neutral,0.8421313762664795,0.03398468717932701,0.8421313762664795,0.00970412790775299,0.013108552433550358,0.009577772580087185,0.0025554539170116186,0.08893810957670212,0.08893810957670212,0.7531932666897774,disgust
32,"The lovely Fatima entertained me, all this while, in the most polite agreeable manner, calling me often _uzelle sultanam_, or the beautiful sultana; and desiring my friendship with the best grace in the world, lamenting that she could not entertain me in my own language.",joy,0.6246971487998962,0.6246971487998962,0.03830849006772041,0.31331849098205566,0.008009089156985283,0.005075396504253149,0.000986425089649856,0.009605033323168755,0.31331849098205566,0.3113786578178406,sadness
32,"WHEN I took my leave, two maids brought in a fine silver basket of embroidered handkerchiefs; she begged I would wear the richest for her sake, and gave the others to my woman and interpretess.--I retired through the same ceremonies as before, and could not help thinking, I had been some time in Mahomet's paradise; so much was I charmed with what I had seen.",joy,0.8114588856697083,0.8114588856697083,0.061037614941596985,0.021702168509364128,0.01088563259691,0.03173316270112991,0.002883118111640215,0.06029943376779556,0.061037614941596985,0.7504212707281113,neutral
32,I know not how the relation of it appears to you.,surprise,0.4866766631603241,0.0025079536717385054,0.4425302743911743,0.019762670621275902,0.4866766631603241,0.011753211729228497,0.005848984699696302,0.030920252203941345,0.4425302743911743,0.04414638876914978,neutral
32,"I wish it may give you part of my pleasure; for I would have my dear sister share in all the diversions of,   Yours,&c.",joy,0.7424342036247253,0.7424342036247253,0.0577409565448761,0.1512671858072281,0.03941965475678444,0.0034364263992756605,0.0028862301260232925,0.002815426327288151,0.1512671858072281,0.5911670178174973,sadness
33,"I AM going to leave Adrianople, and I would not do it without giving you some account of all that is curious in it, which I have taken a great deal of pains to see.",neutral,0.5653480291366577,0.004771629814058542,0.5653480291366577,0.007535784039646387,0.4084628224372864,0.0038439405616372824,0.0030362827237695456,0.007001541089266539,0.4084628224372864,0.15688520669937134,surprise
33,"I will not trouble you with wise dissertations, whether or no this is the same city that was anciently called Orestesit or Oreste, which you know better than I do.",neutral,0.8070614337921143,0.005446100607514381,0.8070614337921143,0.05148432031273842,0.009357577189803123,0.06741350889205933,0.021542489528656006,0.03769448772072792,0.06741350889205933,0.7396479249000549,anger
33,"It is now called from the emperor Adrian, and was the first European seat of the Turkish empire, and has been the favourite residence of many sultans.",neutral,0.5029168128967285,0.034678541123867035,0.5029168128967285,0.02046501263976097,0.0067992745898664,0.03372664749622345,0.0022728152107447386,0.399140864610672,0.399140864610672,0.10377594828605652,disgust
33,"Mahomet the fourth, and Mustapha, the brother of the reigning emperor, were so fond of it, that they wholly abandoned Constantinople; which humour so far exasperated the janizaries, that it was a considerable motive to the rebellions that deposed them.",anger,0.5150849223136902,0.0805639773607254,0.09769652783870697,0.03747611865401268,0.011145781725645065,0.5150849223136902,0.0009804483270272613,0.2570522427558899,0.2570522427558899,0.2580326795578003,disgust
33,Yet this man seems to love to keep his court here.,disgust,0.6098523736000061,0.006229603663086891,0.15709367394447327,0.03015105053782463,0.008111292496323586,0.18708322942256927,0.0014787660911679268,0.6098523736000061,0.18708322942256927,0.42276914417743683,anger
33,I can give you no reason for this partiality.,anger,0.548780620098114,0.004296777304261923,0.2133893072605133,0.020036082714796066,0.005993255414068699,0.548780620098114,0.010319502092897892,0.19718442857265472,0.2133893072605133,0.3353913128376007,neutral
33,"'Tis true, the situation is fine, and the country all round very beautiful; but the air is extremely bad, and the seraglio itself is not free from the ill effect of it.",disgust,0.45306897163391113,0.09335269033908844,0.2707289755344391,0.13811133801937103,0.00604323809966445,0.01842420920729637,0.020270593464374542,0.45306897163391113,0.2707289755344391,0.18233999609947205,neutral
33,"The town is said to be eight miles in compass, I suppose they reckon in the gardens.",neutral,0.9008294939994812,0.011578782461583614,0.9008294939994812,0.006909784395247698,0.05041944608092308,0.00691432598978281,0.007243726868182421,0.016104310750961304,0.05041944608092308,0.8504100479185581,surprise
33,"There are some good houses in it, I mean large ones; for the architecture of their palaces never makes any great shew.",neutral,0.8253858685493469,0.07727836072444916,0.8253858685493469,0.011727428995072842,0.016549868509173393,0.006165257189422846,0.0018024860182777047,0.0610906258225441,0.07727836072444916,0.7481075078248978,joy
33,"It is now very full of people; but they are most of them such as follow the court, or camp; and when they are removed, I am told, 'tis no populous city.",neutral,0.5752356648445129,0.015092691406607628,0.5752356648445129,0.12859991192817688,0.09775485098361969,0.026864204555749893,0.028088709339499474,0.12836392223834991,0.12859991192817688,0.44663575291633606,sadness
33,"The river Maritza (anciently the Hebrus) on which it is situated, is dried up every summer, which contributes very much to make it unwholesome.",neutral,0.352411150932312,0.00933451484888792,0.352411150932312,0.18963012099266052,0.020837904885411263,0.04376563802361488,0.03995714709162712,0.34406349062919617,0.34406349062919617,0.008347660303115845,disgust
33,It is now a very pleasant stream.,joy,0.9591787457466125,0.9591787457466125,0.023276371881365776,0.004244394134730101,0.0017866617999970913,0.0020416018087416887,0.0006606666138395667,0.008811602368950844,0.023276371881365776,0.9359023738652468,neutral
33,There are two noble bridges built over it.,neutral,0.9208927154541016,0.03330953046679497,0.9208927154541016,0.006502192001789808,0.02560599148273468,0.005791034083813429,0.0010642239358276129,0.006834378466010094,0.03330953046679497,0.8875831849873066,joy
33,"I had the curiosity to go to see the exchange in my Turkish dress, which is disguise sufficient.",neutral,0.7151654958724976,0.07070089131593704,0.7151654958724976,0.010908054187893867,0.050767865031957626,0.022738978266716003,0.07121774554252625,0.05850100889801979,0.07121774554252625,0.6439477503299713,fear
33,"Yet I own, I was not very easy when I saw it crowded with janizaries; but they dare not be rude to a woman, and made way for me with as much respect as if I had been in my own figure.",anger,0.6573596596717834,0.002159665571525693,0.025478865951299667,0.007772249169647694,0.009380747564136982,0.6573596596717834,0.025579946115612984,0.27226895093917847,0.27226895093917847,0.385090708732605,disgust
33,"It is half a mile in length, the roof arched, and kept extremely neat.",neutral,0.9291236996650696,0.017093615606427193,0.9291236996650696,0.00638404069468379,0.02607281133532524,0.006727125495672226,0.0014323730720207095,0.013166376389563084,0.02607281133532524,0.9030508883297443,surprise
33,"It holds three hundred and sixty-five shops, furnished with all sorts of rich goods, exposed to sale in the same manner as at the new exchange in London.",neutral,0.8991193175315857,0.023942170664668083,0.8991193175315857,0.0073767793364822865,0.03561339154839516,0.009760419838130474,0.0029790587723255157,0.02120886743068695,0.03561339154839516,0.8635059259831905,surprise
33,"But the pavement is kept much neater; and the shops are all so clean, they seem just new painted.--Idle people of all sorts walk here for their diversion, or amuse themselves with drinking coffee, or sherbet, which is cried about as oranges and sweet-meats are in our play-houses.",neutral,0.41124430298805237,0.2357964813709259,0.41124430298805237,0.13689178228378296,0.05030541494488716,0.023148206993937492,0.006243160925805569,0.13637062907218933,0.2357964813709259,0.17544782161712646,joy
33,I observed most of the rich tradesmen were Jews.,disgust,0.6690641641616821,0.035385895520448685,0.24755151569843292,0.0087264534085989,0.02752675674855709,0.008844353258609772,0.00290085026063025,0.6690641641616821,0.24755151569843292,0.4215126484632492,neutral
33,That people are in incredible power in this country.,surprise,0.5279088616371155,0.0270150788128376,0.36516106128692627,0.004165369085967541,0.5279088616371155,0.03292984887957573,0.009605690836906433,0.033214081078767776,0.36516106128692627,0.1627478003501892,neutral
33,"They have many privileges above all the natural Turks themselves, and have formed a very considerable commonwealth here, being judged by their own laws.",neutral,0.8677173256874084,0.06766659766435623,0.8677173256874084,0.005437239073216915,0.006532575469464064,0.029731180518865585,0.0016677521634846926,0.02124737948179245,0.06766659766435623,0.8000507280230522,joy
33,"They have drawn the whole trade of the empire into their hands, partly by the firm union amongst themselves, and partly by the idle temper and want of industry in the Turks.",neutral,0.4737791121006012,0.007048232015222311,0.4737791121006012,0.018022937700152397,0.004365664906799793,0.38719093799591064,0.0019928407855331898,0.10760016739368439,0.38719093799591064,0.08658817410469055,anger
33,"Every bassa has his Jew, who is his _homme d'affaires_; he is let into all his secrets, and does all his business.",neutral,0.9032217860221863,0.004538359120488167,0.9032217860221863,0.010643647983670235,0.012971138581633568,0.02627277746796608,0.0024555118288844824,0.03989672288298607,0.03989672288298607,0.8633250631392002,disgust
33,"No bargain is made, no bribe received, no merchandise disposed of, but what passes through their hands.",neutral,0.4807857275009155,0.006837247405201197,0.4807857275009155,0.029705611988902092,0.004263711627572775,0.17242935299873352,0.0073933592066168785,0.29858511686325073,0.29858511686325073,0.1822006106376648,disgust
33,"They are the physicians, the stewards, and the interpreters of all the great men.",neutral,0.9557973742485046,0.005892186891287565,0.9557973742485046,0.002600527135655284,0.007645947393029928,0.008266022428870201,0.0017919226083904505,0.018005993217229843,0.018005993217229843,0.9377913810312748,disgust
33,You may judge how advantageous this is to a people who never fail to make use of the smallest advantages.,neutral,0.9450246691703796,0.005565140396356583,0.9450246691703796,0.004202463198453188,0.010894041508436203,0.012240774929523468,0.001652113045565784,0.02042076736688614,0.02042076736688614,0.9246039018034935,disgust
33,"They have found the secret of making themselves so necessary, that they are certain of the protection of the court, whatever ministry is in power.",neutral,0.9086095094680786,0.02080872282385826,0.9086095094680786,0.004772632848471403,0.00412577111274004,0.029580935835838318,0.007760719861835241,0.024341676384210587,0.029580935835838318,0.8790285736322403,anger
33,"Even the English, French, and Italian merchants, who are sensible of their artifices, are, however, forced to trust their affairs to their negotiation, nothing of trade being managed without them, and the meanest amongst them being too important to be disobliged, since the whole body take care of his interests, with as much vigour as they would those of the most considerable of their members.",disgust,0.5330976843833923,0.002172345295548439,0.05970985069870949,0.008854259736835957,0.0020048306323587894,0.39195361733436584,0.0022074768785387278,0.5330976843833923,0.39195361733436584,0.1411440670490265,anger
33,"They are many of them vastly rich, but take care to make little public shew of it, though they live in their houses in the utmost luxury and magnificence.",neutral,0.740260660648346,0.021781085059046745,0.740260660648346,0.014277997426688671,0.009085852652788162,0.027103366330266,0.0010997485369443893,0.186391219496727,0.186391219496727,0.553869441151619,disgust
33,"This copious subject has drawn me from my description of the exchange, founded by Ali Bassa, whose name it bears.",neutral,0.708777666091919,0.2359243780374527,0.708777666091919,0.003818557830527425,0.0186996441334486,0.008960297331213951,0.001628279103897512,0.022191103547811508,0.2359243780374527,0.47285328805446625,joy
33,"Near it is the _sherski_, a street of a mile in length, full of shops of all kind of fine merchandise, but excessive dear, nothing being made here.",neutral,0.5027130246162415,0.011108886450529099,0.5027130246162415,0.09530399739742279,0.14336782693862915,0.033737435936927795,0.0195359718054533,0.19423286616802216,0.19423286616802216,0.3084801584482193,disgust
33,"It is covered on the top with boards, to keep out the rain, that merchants may meet conveniently in all weathers.",neutral,0.9633403420448303,0.01187820639461279,0.9633403420448303,0.002802301198244095,0.014199734665453434,0.0032307582441717386,0.0014404321555048227,0.003108152886852622,0.014199734665453434,0.9491406073793769,surprise
33,"The _besiten_ near it, is another exchange, built upon pillars, where all sorts of horse-furniture is sold: glittering every where with gold, rich embroidery, and jewels, it makes a very agreeable shew.",neutral,0.5074630379676819,0.3173288404941559,0.5074630379676819,0.006762484088540077,0.026421813294291496,0.02182713896036148,0.0018481721635907888,0.11834850162267685,0.3173288404941559,0.190134197473526,joy
33,"From this place I went, in my Turkish coach, to the camp, which is to move in a few days to the frontiers.",neutral,0.8221763968467712,0.009038171730935574,0.8221763968467712,0.012949515134096146,0.04511753469705582,0.015103325247764587,0.06327111274003983,0.032343994826078415,0.06327111274003983,0.7589052841067314,fear
33,"The sultan is already gone to his tents, and all his court; the appearance of them is, indeed, very magnificent.",joy,0.3536408841609955,0.3536408841609955,0.3027667999267578,0.007678329013288021,0.21570560336112976,0.0140902204439044,0.016283618286252022,0.08983444422483444,0.3027667999267578,0.05087408423423767,neutral
33,"Those of the great men are rather like palaces than tents, taking up a great compass of ground, and being divided into a vast number of apartments.",neutral,0.7253598570823669,0.004224114120006561,0.7253598570823669,0.027012953534722328,0.07064864039421082,0.04164770990610123,0.010080034844577312,0.12102677673101425,0.12102677673101425,0.6043330803513527,disgust
33,"They are all of green, and the _bassas of three tails_, have those ensigns of their power placed in very conspicuous manner before their tents, which are adorned on the top with gilded balls, more or less, according to their different ranks.",neutral,0.8971145749092102,0.020017972216010094,0.8971145749092102,0.008214371278882027,0.03486420214176178,0.01659172587096691,0.0012310340534895658,0.02196614257991314,0.03486420214176178,0.8622503727674484,surprise
33,"The ladies go in coaches to see the camp, as eagerly, as ours did to that of Hyde-park; but 'tis very easy to observe, that the soldiers do not begin the campaign with any great cheerfulness.",joy,0.9841429591178894,0.9841429591178894,0.007716544903814793,0.0026757889427244663,0.0012193556176498532,0.0015656126197427511,0.0004092933959327638,0.002270359080284834,0.007716544903814793,0.9764264142140746,neutral
33,"The war is a general grievance upon the people, but particularly hard upon the tradesmen, now that the grand signior is resolved to lead his army in person.",anger,0.9129182696342468,0.0010099856881424785,0.028651945292949677,0.006653796415776014,0.002167350612580776,0.9129182696342468,0.0023378049954771996,0.04626085236668587,0.04626085236668587,0.866657417267561,disgust
33,"Every company of them is obliged, upon this occasion, to make a present according to their ability.",neutral,0.7847988605499268,0.015665557235479355,0.7847988605499268,0.01732114888727665,0.008925825357437134,0.03474467247724533,0.010286974720656872,0.12825703620910645,0.12825703620910645,0.6565418243408203,disgust
33,"I TOOK the pains of rising at six in the morning to see the ceremony which did not, however, begin till eight.",sadness,0.37491488456726074,0.010933993384242058,0.1429109275341034,0.37491488456726074,0.01702631264925003,0.02355285733938217,0.269856721162796,0.16080428659915924,0.269856721162796,0.10505816340446472,fear
33,"The grand signior was at the seraglio window, to see the procession, which passed through the principal streets.",fear,0.4834374785423279,0.03552525117993355,0.20686917006969452,0.009549709036946297,0.09187357872724533,0.030926788225769997,0.4834374785423279,0.1418180614709854,0.20686917006969452,0.27656830847263336,neutral
33,"It was preceded by an _effendi_, mounted on a camel, richly furnished, reading aloud the alcoran, finely bound, laid upon a cushion.",neutral,0.8035317659378052,0.06206148490309715,0.8035317659378052,0.009291713126003742,0.024506818503141403,0.005804904270917177,0.004251456819474697,0.09055189788341522,0.09055189788341522,0.71297986805439,disgust
33,"He was surrounded by a parcel of boys, in white, singing some verses of it, followed by a man dressed in green boughs, representing a clean husbandman sowing seed.",disgust,0.953963041305542,0.004580256063491106,0.03029097057878971,0.0016721858410164714,0.0027314152102917433,0.004463463556021452,0.002298616571351886,0.953963041305542,0.03029097057878971,0.9236720707267523,neutral
33,"After him several reapers, With garlands of ears of corn, as Ceres is pictured, with scythes in their hands, seeming to mow.",disgust,0.8344240188598633,0.005529383197426796,0.12562401592731476,0.00869511254131794,0.006598190404474735,0.00903601199388504,0.010093255899846554,0.8344240188598633,0.12562401592731476,0.7088000029325485,neutral
33,"Then a little machine drawn by oxen, in which was a wind-mill, and boys employed in grinding corn, followed by another machine, drawn by buffaloes, carrying an oven, and two more boys, one employed in kneading the bread, and another in drawing it out of the oven.",disgust,0.48172345757484436,0.048859406262636185,0.15401750802993774,0.017769670113921165,0.11989697068929672,0.059409916400909424,0.1183231920003891,0.48172345757484436,0.15401750802993774,0.3277059495449066,neutral
33,"These boys threw little cakes on both sides amongst the crowd, and were followed by the whole company of bakers, marching on foot, two by two, in their best clothes, with cakes, loaves, pasties, and pies of all sorts on their heads, and after them two buffoons, or jack-puddings, with their faces and clothes smeared with meal, who diverted the mob with their antic gestures.",disgust,0.8687159419059753,0.0027707477565854788,0.06256502866744995,0.004666671622544527,0.0026737095322459936,0.055390577763319016,0.0032172314822673798,0.8687159419059753,0.06256502866744995,0.8061509132385254,neutral
33,"In the same manner followed all the companies of trade in the empire; the nobler sort, such as jewellers, mercers, &c. finely mounted, and many of the pageants that represent their trades, perfectly magnificent; amongst which, that of the furriers made one of the best figures, being a very large machine, set round with the skins of ermines, foxes, &c. so well stuffed, that the animals seemed to be alive, and followed by music and dancers.",joy,0.6498749852180481,0.6498749852180481,0.1517188400030136,0.010581634938716888,0.034787558019161224,0.0077177430503070354,0.00526438420638442,0.1400548666715622,0.1517188400030136,0.4981561452150345,neutral
33,"I believe they were, upon the whole, twenty thousand men, all ready to follow his highness, if he commanded them.",neutral,0.6893935203552246,0.01061275601387024,0.6893935203552246,0.004765280522406101,0.2551020085811615,0.021473482251167297,0.009023160673677921,0.009629872627556324,0.2551020085811615,0.4342915117740631,surprise
33,"The rear was closed by the volunteers, who came to beg the honour of dying in his service.",neutral,0.44469234347343445,0.028571002185344696,0.44469234347343445,0.14101022481918335,0.01975315436720848,0.017379825934767723,0.004864800721406937,0.34372857213020325,0.34372857213020325,0.1009637713432312,disgust
33,"This part of the shew seemed to me so barbarous, that I removed from the window upon the first appearance of it.",disgust,0.9610581994056702,0.00044492006418295205,0.005279618315398693,0.0028751236386597157,0.0020092357881367207,0.01109431404620409,0.017238598316907883,0.9610581994056702,0.017238598316907883,0.9438196010887623,fear
33,They were all naked to the middle.,disgust,0.9328229427337646,0.0019213802879676223,0.02833976410329342,0.010316996835172176,0.011993879452347755,0.007259809877723455,0.007345277816057205,0.9328229427337646,0.02833976410329342,0.9044831786304712,neutral
33,"Some had their arms pierced through with arrows, left sticking in them.",disgust,0.7156444191932678,0.0017263006884604692,0.03893186151981354,0.036302223801612854,0.007240259554237127,0.17035695910453796,0.029797933995723724,0.7156444191932678,0.17035695910453796,0.5452874600887299,anger
33,"Others had them sticking in their heads, the blood trickling down their faces.",disgust,0.7656289339065552,0.0013871690025553107,0.10768980532884598,0.013575146906077862,0.0036557645071297884,0.10245947539806366,0.005603688303381205,0.7656289339065552,0.10768980532884598,0.6579391285777092,neutral
33,"Some slashed their arms with sharp knives, making the blood spring out upon those that stood there; and this is looked upon as an expression of their zeal for glory.",disgust,0.6508934497833252,0.0011759103508666158,0.01602886989712715,0.004766643047332764,0.001269792439416051,0.3220802843570709,0.003785071661695838,0.6508934497833252,0.3220802843570709,0.3288131654262543,anger
33,"I am told that some make use of it to advance their love; and, when they are near the window where their mistress stands, (all the women in town being veiled to see this spectacle) they stick another arrow for her sake, who gives some sign of approbation and encouragement to this gallantry.",disgust,0.7831162810325623,0.04146449640393257,0.08367005735635757,0.006447429768741131,0.0019396273419260979,0.07939941436052322,0.003962630406022072,0.7831162810325623,0.08367005735635757,0.6994462236762047,neutral
33,"The whole shew lasted for near eight hours, to my great sorrow, who was heartily tired, though I was in the house of the widow of the captain bassa (admiral) who refreshed me with coffee, sweetmeats, sherbet, &c. with all possible civility.",sadness,0.9431528449058533,0.02765323966741562,0.018672475591301918,0.9431528449058533,0.0067596435546875,0.0008975939126685262,0.0009199933847412467,0.0019441760377958417,0.02765323966741562,0.9154996052384377,joy
33,"I WENT two days after, to see, the mosque of sultan Selim I. which is a building very well worth the curiosity of a traveller.",joy,0.4639086127281189,0.4639086127281189,0.1715029925107956,0.004190387204289436,0.2993384301662445,0.009836286306381226,0.03380146995186806,0.017421817407011986,0.2993384301662445,0.1645701825618744,surprise
33,"I was, dressed in my Turkish habit, and admitted without scruple; though I believe they guessed who I was, by the extreme officiousness of the door-keeper, to shew me every part of it.",disgust,0.8016182780265808,0.01794506423175335,0.10124300420284271,0.011851895600557327,0.026021353900432587,0.014337683096528053,0.026982689276337624,0.8016182780265808,0.10124300420284271,0.7003752738237381,neutral
33,"It is situated very advantageously in the midst of the city, and in the highest part of it, making a very noble show.",joy,0.5665364861488342,0.5665364861488342,0.22378523647785187,0.010062417946755886,0.005345906130969524,0.024714812636375427,0.003518882440403104,0.16603627800941467,0.22378523647785187,0.34275124967098236,neutral
33,"The first court has four gates, and the innermost three.",neutral,0.8725179433822632,0.008709175512194633,0.8725179433822632,0.009862244129180908,0.08156727999448776,0.008212453685700893,0.004892372526228428,0.014238608069717884,0.08156727999448776,0.7909506633877754,surprise
33,"They are both of them surrounded with cloisters, with marble pillars of the Ionic order, finely polished, and of very lively colours; the whole pavement is of white marble, and the roof of the cloisters divided into several cupolas or domes, headed with gilt balls on the top.",joy,0.6854491233825684,0.6854491233825684,0.257805198431015,0.005963329691439867,0.015614827163517475,0.007103093899786472,0.001140829874202609,0.026923591271042824,0.257805198431015,0.42764392495155334,neutral
33,"In the midst of each court, are fine fountains of white marble; and, before the great gate of the mosque, a portico, with green marble pillars, which has five gates, the body of the mosque being one prodigious dome.",neutral,0.5339136123657227,0.08157758414745331,0.5339136123657227,0.005731127690523863,0.21221132576465607,0.024133551865816116,0.012452219612896442,0.12998059391975403,0.21221132576465607,0.3217022866010666,surprise
33,"I understand so little of architecture, I dare not pretend to speak of the proportions.",disgust,0.2963499128818512,0.006686256267130375,0.21395224332809448,0.025532929226756096,0.00658506341278553,0.18131588399410248,0.2695777118206024,0.2963499128818512,0.2695777118206024,0.02677220106124878,fear
33,"It seemed to me very regular, this I am sure of, it is vastly high, and I thought it the noblest building I ever saw.",neutral,0.45098504424095154,0.20836682617664337,0.45098504424095154,0.010377163998782635,0.04497935250401497,0.007413119077682495,0.0029429870191961527,0.27493545413017273,0.27493545413017273,0.1760495901107788,disgust
33,"It has two rows of marble galleries on pillars, with marble balusters; the pavement is also marble, covered with Persian carpets.",neutral,0.8543711304664612,0.009691537357866764,0.8543711304664612,0.008726272732019424,0.0475679486989975,0.006984794978052378,0.0025401273742318153,0.07011814415454865,0.07011814415454865,0.7842529863119125,disgust
33,"In my opinion, it is a great addition to its beauty, that it is not divided into pews, and incumbered with forms and benches like our churches; nor the pillars (which are most of them red and white marble) disfigured by the little tawdry images and pictures, that give Roman-catholic churches the air of toy-shops.",disgust,0.579245924949646,0.022620299831032753,0.27882125973701477,0.05178156867623329,0.010931759141385555,0.0064984941855072975,0.05010064318776131,0.579245924949646,0.27882125973701477,0.3004246652126312,neutral
33,"The walls seemed to be inlaid with such very lively colours, in small flowers, that I could not imagine what stones had been made use of.",joy,0.7598167657852173,0.7598167657852173,0.06885799765586853,0.006137020420283079,0.12351975589990616,0.005083102732896805,0.0028782293666154146,0.03370704874396324,0.12351975589990616,0.6362970098853111,surprise
33,"But going nearer, I saw they were crusted with japan china, which has a very beautiful effect.",disgust,0.7784414291381836,0.003624942386522889,0.09807851910591125,0.02545470930635929,0.04229111224412918,0.03708428889513016,0.015024948865175247,0.7784414291381836,0.09807851910591125,0.6803629100322723,neutral
33,"In the midst hung a vast lamp of silver, gilt; besides which, I do verily believe, there were at least two thousand of a lesser size.",neutral,0.7385979294776917,0.017613155767321587,0.7385979294776917,0.012406914494931698,0.11727090924978256,0.01288450788706541,0.0131188053637743,0.08810775727033615,0.11727090924978256,0.6213270202279091,surprise
33,"This must look very glorious, when they are all lighted; but being at night, no women are suffered to enter.",joy,0.5598535537719727,0.5598535537719727,0.13822400569915771,0.23319172859191895,0.00788919348269701,0.006994252558797598,0.012099547311663628,0.04174775630235672,0.23319172859191895,0.3266618251800537,sadness
33,"Under the large lamp is a great pulpit of carved wood, gilt; and just by, a fountain to wash, which, you know, is an essential part of their devotion.",disgust,0.5273790955543518,0.01750308647751808,0.3885582685470581,0.00826201681047678,0.036804672330617905,0.01216224953532219,0.009330698288977146,0.5273790955543518,0.3885582685470581,0.1388208270072937,neutral
33,"In one corner is a little gallery, inclosed with gilded lattices, for the grand-signior.",neutral,0.4413185119628906,0.09786191582679749,0.4413185119628906,0.01241805125027895,0.12450431287288666,0.023871619254350662,0.036471907049417496,0.2635537385940552,0.2635537385940552,0.17776477336883545,disgust
33,"At the upper end, a large niche, very like an altar, raised two steps, covered with gold brocade, and standing before it, two silver gilt candlesticks, the height of a man, and in them white wax candles, as thick as a man's waist.",disgust,0.8601725101470947,0.007195307407528162,0.06669504195451736,0.007234838791191578,0.021337177604436874,0.012060214765369892,0.025304997339844704,0.8601725101470947,0.06669504195451736,0.7934774681925774,neutral
33,"The outside of the mosque is adorned with towers, vastly high, gilt on the top, from whence the _imaums_ (sic) call the people to prayers.",neutral,0.7320922017097473,0.011160677298903465,0.7320922017097473,0.012877997010946274,0.05781225115060806,0.03676999360322952,0.03271636366844177,0.11657058447599411,0.11657058447599411,0.6155216172337532,disgust
33,"I had the curiosity to go up one of them, which is contrived so artfully, as to give surprise to all that see it.",surprise,0.9643803834915161,0.008856913074851036,0.01874278299510479,0.001940976013429463,0.9643803834915161,0.003769498784095049,0.001226153806783259,0.0010832676198333502,0.01874278299510479,0.9456376004964113,neutral
33,"There is but one door, which leads to three different stair-cases, going to the three different stories of the tower, in such a manner, that three priests may ascend, rounding, without ever meeting each other; a contrivance very much admired.",neutral,0.8415666222572327,0.009433137252926826,0.8415666222572327,0.005027536302804947,0.09205300360918045,0.0069051641039550304,0.008973128162324429,0.03604141250252724,0.09205300360918045,0.7495136186480522,surprise
33,"Behind the mosque, is an exchange full of shops, where poor artificers are lodged _gratis_.",disgust,0.43065211176872253,0.016720807179808617,0.38397282361984253,0.03156663477420807,0.038302842527627945,0.06210118159651756,0.03668353334069252,0.43065211176872253,0.38397282361984253,0.046679288148880005,neutral
33,I saw several dervises (sic) at their prayers here.,neutral,0.6233134269714355,0.003806101391091943,0.6233134269714355,0.005479009356349707,0.021388517692685127,0.01882793754339218,0.005795144475996494,0.3213898539543152,0.3213898539543152,0.30192357301712036,disgust
33,"They are dressed in a plain piece of woolen, with their arms bare, and a woolen cap on their heads, like a high crowned hat without brims.",disgust,0.6009906530380249,0.006055742502212524,0.34529149532318115,0.014080661348998547,0.01060918252915144,0.017593761906027794,0.005378563888370991,0.6009906530380249,0.34529149532318115,0.25569915771484375,neutral
33,"I went to see some other mosques, built much after the same manner, but not comparable in point of magnificence to this I have described, which is infinitely beyond any church in Germany or England; I won't talk of other countries I have not seen.",neutral,0.8403342366218567,0.004297335632145405,0.8403342366218567,0.0039491550996899605,0.11647028475999832,0.006536021828651428,0.003683852730318904,0.02472912333905697,0.11647028475999832,0.7238639518618584,surprise
33,The seraglio does not seem a very magnificent palace.,surprise,0.3635261058807373,0.009607716463506222,0.330857515335083,0.05717092379927635,0.3635261058807373,0.01317847240716219,0.08301527053117752,0.1426439881324768,0.330857515335083,0.0326685905456543,neutral
33,"But the gardens are very large, plentifully supplied with water, and full of trees; which is all I know of them, having never been in them.",joy,0.45810043811798096,0.45810043811798096,0.4241585433483124,0.022843176499009132,0.047207850962877274,0.009378194808959961,0.0012973773991689086,0.03701430559158325,0.4241585433483124,0.03394189476966858,neutral
33,"I TELL you nothing of the order of Mr W----'s entry, and his audience.",neutral,0.6718313097953796,0.011540628969669342,0.6718313097953796,0.02599959261715412,0.024965260177850723,0.153969407081604,0.035723309963941574,0.07597046345472336,0.153969407081604,0.5178619027137756,anger
33,"These things are always the same, and have been so often described, I won't trouble you with the repetition.",neutral,0.5693597793579102,0.011294527910649776,0.5693597793579102,0.09446186572313309,0.0122562600299716,0.11303101480007172,0.1506827473640442,0.0489138662815094,0.1506827473640442,0.41867703199386597,fear
33,"The young prince, about eleven years old, sits near his father, when he gives audience: he is a handsome boy; but, probably, will not immediately succeed the sultan, there being two sons of sultan Mustapha (his eldest brother) remaining; the eldest about twenty years old, on whom the hopes of the people are fixed.",joy,0.39517468214035034,0.39517468214035034,0.2075861096382141,0.12721379101276398,0.025052916258573532,0.014746460132300854,0.009297522716224194,0.22092851996421814,0.22092851996421814,0.1742461621761322,disgust
33,This reign has been bloody and avaricious.,disgust,0.8063811659812927,0.0012311689788475633,0.015924785286188126,0.006546126212924719,0.0008208740036934614,0.15060754120349884,0.018488319590687752,0.8063811659812927,0.15060754120349884,0.6557736247777939,anger
33,"I am apt to believe, they are very impatient to see the end of it.",anger,0.6569342613220215,0.0020560622215270996,0.2826899290084839,0.0071418737061321735,0.020555268973112106,0.6569342613220215,0.00831347145140171,0.022309089079499245,0.2826899290084839,0.3742443323135376,neutral
33,"I am, Sir, yours, &c. &c. P. S. I will write to you again from Constantinople.",neutral,0.6149238348007202,0.18727055191993713,0.6149238348007202,0.11023445427417755,0.07384249567985535,0.0038320361636579037,0.0077636525966227055,0.002132945228368044,0.18727055191993713,0.4276532828807831,joy
34,"I HAVE had the advantage of very fine weather, all my journey; and as the summer is now in its beauty, I enjoyed the pleasure of fine prospects; and the meadows being full of all sorts of garden flowers, and sweet herbs, my berlin perfumed the air as it pressed them.",joy,0.9776416420936584,0.9776416420936584,0.009355684742331505,0.0034351320937275887,0.001771367620676756,0.0018358482047915459,0.0003652924788184464,0.005595020484179258,0.009355684742331505,0.9682859573513269,neutral
34,"The grand signior furnished us with thirty covered waggons for our baggage, and five coaches of the country for my women.",neutral,0.8551358580589294,0.040700513869524,0.8551358580589294,0.009259635582566261,0.011305859312415123,0.014018695801496506,0.0024443035945296288,0.06713510304689407,0.06713510304689407,0.7880007550120354,disgust
34,We found the road full of the great spahis and their equipages coming out of Asia to the war.,neutral,0.8914368748664856,0.007608718704432249,0.8914368748664856,0.005313253961503506,0.06835069507360458,0.005506216082721949,0.0036293037701398134,0.01815497688949108,0.06835069507360458,0.823086179792881,surprise
34,They always travel with tents; but I chose to ly in houses all the way.,neutral,0.9502202272415161,0.005873956251889467,0.9502202272415161,0.006977039389312267,0.01187323871999979,0.006595898419618607,0.009113043546676636,0.009346571750938892,0.01187323871999979,0.9383469885215163,surprise
34,"I will not trouble you with the names of the villages we passed, in which there was nothing remarkable, but at Ciorlei, where there was a _conac_, or little seraglio, built for the use of the grand signior, when he goes this road.",surprise,0.6210293769836426,0.006094533018767834,0.3267933428287506,0.0031973980367183685,0.6210293769836426,0.008316950872540474,0.02046753652393818,0.014100844971835613,0.3267933428287506,0.29423603415489197,neutral
34,I had the curiosity to view all the apartments destined for the ladies of his court.,neutral,0.8224554657936096,0.018655909225344658,0.8224554657936096,0.005812295712530613,0.13041016459465027,0.009179475717246532,0.0060491254553198814,0.0074376813136041164,0.13041016459465027,0.6920453011989594,surprise
34,"They were in the midst of a thick grove of trees, made fresh by fountains; but I was most surprised to see the walls almost covered with little distiches of Turkish verse, wrote with pencils.",surprise,0.979319155216217,0.0016346301417797804,0.008193167857825756,0.0009956066496670246,0.979319155216217,0.003729680087417364,0.0024023691657930613,0.0037254157941788435,0.008193167857825756,0.9711259873583913,neutral
34,"I made my interpreter explain them to me, and I found several of them very well turned; though I easily believed him, that they had lost much of their beauty in the translation.",neutral,0.4851412773132324,0.041427962481975555,0.4851412773132324,0.01562309730798006,0.41499242186546326,0.010503574274480343,0.002653652336448431,0.029657991603016853,0.41499242186546326,0.07014885544776917,surprise
34,"One was literally thus in English: _We come into this world; we lodge, and we depart; He never goes, that's lodged within my heart._ THE rest of our journey was through fine painted meadows, by the side of the sea of Marmora, the ancient Propontis.",neutral,0.7384616732597351,0.014430895447731018,0.7384616732597351,0.030231209471821785,0.03361528366804123,0.032762572169303894,0.12699654698371887,0.023501798510551453,0.12699654698371887,0.6114651262760162,fear
34,"We lay the next night at Selivrea, anciently a noble town.",fear,0.3568131625652313,0.18337856233119965,0.06207801774144173,0.04020855575799942,0.002480863593518734,0.022624896839261055,0.3568131625652313,0.33241593837738037,0.33241593837738037,0.024397224187850952,disgust
34,"It is now a good sea-port, and neatly built enough, and has a bridge of thirty-two arches.",neutral,0.6577439308166504,0.27742791175842285,0.6577439308166504,0.008839498274028301,0.03899063169956207,0.009224492125213146,0.0009433609084226191,0.006830292753875256,0.27742791175842285,0.38031601905822754,joy
34,Here is a famous ancient Greek church.,neutral,0.39141109585762024,0.3407551646232605,0.39141109585762024,0.011567055247724056,0.16518642008304596,0.0069984556175768375,0.011541047133505344,0.07254083454608917,0.3407551646232605,0.05065593123435974,joy
34,"I had given one of my coaches to a Greek lady, who desired the conveniency of travelling with me; she designed to pay her devotions, and I was glad of the opportunity of going with her.",joy,0.9906570911407471,0.9906570911407471,0.0022150487639009953,0.0014242656761780381,0.0016612348845228553,0.0015348769957199693,0.0002327678957954049,0.0022747614420950413,0.0022747614420950413,0.988382329698652,disgust
34,"I found it an ill-built edifice, set out with the same sort of ornaments, but less rich, as the Roman-catholic churches.",disgust,0.7262308597564697,0.0025702996645122766,0.1307680904865265,0.056689951568841934,0.06738324463367462,0.010923027992248535,0.005434470716863871,0.7262308597564697,0.1307680904865265,0.5954627692699432,neutral
34,"They shewed me a saint's body, where I threw a piece of money; and a picture of the virgin Mary, drawn by the hand of St Luke, very little to the credit of his painting; but, however, the finest Madona (sic) of Italy, is not more famous for her miracles.",disgust,0.598314106464386,0.01567091792821884,0.21260370314121246,0.054758764803409576,0.08079709857702255,0.02754419669508934,0.01031119842082262,0.598314106464386,0.21260370314121246,0.3857104033231735,neutral
34,"The Greeks have a monstrous taste in their pictures, which, for more finery, are always drawn upon a gold ground.",disgust,0.9583404660224915,0.001776933902874589,0.021657366305589676,0.001727416878566146,0.002299373270943761,0.0062143756076693535,0.007983984425663948,0.9583404660224915,0.021657366305589676,0.9366830997169018,neutral
34,"You may imagine what a good air this has; but they have no notion, either of shade or proportion.",neutral,0.8131232261657715,0.0033265461679548025,0.8131232261657715,0.010608432814478874,0.08189200609922409,0.020908767357468605,0.0030507566407322884,0.06709031760692596,0.08189200609922409,0.7312312200665474,surprise
34,"They have a bishop here, who officiated in his purple robe, and sent me a candle almost as big as myself for a present, when I was at my lodging.",neutral,0.497174471616745,0.0309025626629591,0.497174471616745,0.0060249511152505875,0.03525329381227493,0.018294334411621094,0.004564044065773487,0.40778636932373047,0.40778636932373047,0.08938810229301453,disgust
34,"We lay that night at a town called Bujuk Cekmege, or Great Bridge; and the night following, at Kujuk Cekmege, or Little Bridge; in a very pleasant lodging, formerly a monastery of dervises; having before it a large court, encompassed with marble cloisters, with a good fountain in the middle.",joy,0.6454097032546997,0.6454097032546997,0.08453762531280518,0.014052091166377068,0.006781377363950014,0.00503133051097393,0.1462266445159912,0.09796122461557388,0.1462266445159912,0.4991830587387085,fear
34,"The prospect from this place, and the gardens round it, is the most agreeable I have seen; and shews, that monks of all religions know how to chuse their retirements.",joy,0.6931846141815186,0.6931846141815186,0.22724205255508423,0.013249650597572327,0.004683015402406454,0.006349255330860615,0.0009908219799399376,0.05430064722895622,0.22724205255508423,0.4659425616264343,neutral
34,"'Tis now belonging to a _hogia_ or schoolmaster, who teaches boys here.",neutral,0.8568770885467529,0.010540958493947983,0.8568770885467529,0.01800689846277237,0.07672195881605148,0.009667365811765194,0.0022492397110909224,0.02593652345240116,0.07672195881605148,0.7801551297307014,surprise
34,"I asked him to shew me his own apartment, and was surprised to see him point to a tall cypress tree in the garden, on the top of which was a place for a bed for himself, and a little lower, one for his wife and two children, who slept there every night.",surprise,0.981177568435669,0.002017216756939888,0.007557569537311792,0.0011195832630619407,0.981177568435669,0.004086828324943781,0.0013694427907466888,0.002671741181984544,0.007557569537311792,0.9736199988983572,neutral
34,"I was so much diverted with the fancy, I resolved to examine his nest nearer; but after going up fifty steps, I found I had still fifty to go up, and then I must climb from branch to branch, with some hazard of my neck.",fear,0.962274432182312,0.0031806156039237976,0.006496089044958353,0.009252765215933323,0.004146145191043615,0.010938226245343685,0.962274432182312,0.0037116941530257463,0.010938226245343685,0.9513362059369683,anger
34,I thought it therefore the best way to come down again.,neutral,0.5971396565437317,0.2359546571969986,0.5971396565437317,0.024136031046509743,0.07707240432500839,0.017613722011446953,0.022504139691591263,0.0255792997777462,0.2359546571969986,0.3611849993467331,joy
34,"WE arrived the next day at Constantinople; but I can yet tell you very little of it, all my time having been taken up with receiving visits, which are, at least, a very good entertainment to the eyes, the young women being all beauties, and their beauty highly improved by the high taste of their dress.",joy,0.9238043427467346,0.9238043427467346,0.04657943919301033,0.004955547861754894,0.013505227863788605,0.002621704712510109,0.0006750673055648804,0.007858643308281898,0.04657943919301033,0.8772249035537243,neutral
34,"Our palace is in Pera, which is no more a suburb of Constantinople, than Westminster is a suburb to London.",neutral,0.8933455944061279,0.005909563507884741,0.8933455944061279,0.007785665802657604,0.06223352253437042,0.006590522825717926,0.007995222695171833,0.016139956191182137,0.06223352253437042,0.8311120718717575,surprise
34,All the ambassadors are lodged very near each other.,neutral,0.9365406632423401,0.00480913370847702,0.9365406632423401,0.007600176148116589,0.01694413833320141,0.007236931938678026,0.003279891097918153,0.023588966578245163,0.023588966578245163,0.9129516966640949,disgust
34,"One part of our house shews us the port, the city, and the seraglio, and the distant hills of Asia; perhaps, all together, the most beautiful prospect in the world.",neutral,0.8574810028076172,0.06814157217741013,0.8574810028076172,0.008757197298109531,0.024106169119477272,0.0045309653505682945,0.019006727263331413,0.017976442351937294,0.06814157217741013,0.7893394306302071,joy
34,"A CERTAIN French author says, Constantinople is twice as big as Paris.",neutral,0.7512094378471375,0.00730970548465848,0.7512094378471375,0.003896676702424884,0.2007402926683426,0.017883162945508957,0.010108073242008686,0.008852725848555565,0.2007402926683426,0.5504691451787949,surprise
34,"Mr W----y is unwilling to own 'tis bigger than London, though I confess it appears to me to be so; but I don't believe it is so populous.",surprise,0.8186601400375366,0.002439988311380148,0.05261951684951782,0.03227183595299721,0.8186601400375366,0.016442788764834404,0.013201186433434486,0.06436458975076675,0.06436458975076675,0.7542955502867699,disgust
34,The burying fields about it are certainly much larger than the whole city.,neutral,0.6405104398727417,0.004471483174711466,0.6405104398727417,0.08090172708034515,0.11900272220373154,0.022395465523004532,0.010576287284493446,0.12214187532663345,0.12214187532663345,0.5183685645461082,disgust
34,'Tis surprising what a vast deal of land is lost this way in Turkey.,surprise,0.9782853126525879,0.0015156103763729334,0.007946356199681759,0.0017531109042465687,0.9782853126525879,0.0045815748162567616,0.002265439135953784,0.003652521874755621,0.007946356199681759,0.9703389564529061,neutral
34,"Sometimes I have seen burying places of several miles, belonging to very inconsiderable villages, which were formerly great towns, and retain no other mark of their ancient grandeur, than this dismal one.",sadness,0.6145116090774536,0.0030070391949266195,0.04935020953416824,0.6145116090774536,0.006781629752367735,0.007213040720671415,0.023513611406087875,0.2956227958202362,0.2956227958202362,0.3188888132572174,disgust
34,On no occasion do they ever remove a stone that serves for a monument.,neutral,0.6868489384651184,0.0023437263444066048,0.6868489384651184,0.011602458544075489,0.009902656078338623,0.08421260863542557,0.009755715727806091,0.19533389806747437,0.19533389806747437,0.49151504039764404,disgust
34,"Some of them are costly enough, being of very fine marble.",neutral,0.7527551651000977,0.01047096773982048,0.7527551651000977,0.02158864215016365,0.025301704183220863,0.03947006165981293,0.0021706942934542894,0.1482427567243576,0.1482427567243576,0.60451240837574,disgust
34,"They set up a pillar, with a carved turbant on the top of it, to the memory of a man; and as the turbants, by their different shapes, shew the quality or profession, 'tis in a manner putting up the arms of the deceased; besides, the pillar commonly bears an inscription in gold letters.",neutral,0.7227920293807983,0.007877794094383717,0.7227920293807983,0.01152107398957014,0.020983844995498657,0.015914680436253548,0.0033055744133889675,0.21760492026805878,0.21760492026805878,0.5051871091127396,disgust
34,"The ladies have a simple pillar without other ornament, except those that die unmarried, who have a rose on the top of their monument.",neutral,0.8701093792915344,0.011945459991693497,0.8701093792915344,0.046936675906181335,0.023175915703177452,0.007918556220829487,0.0021940250881016254,0.03771999478340149,0.046936675906181335,0.8231727033853531,sadness
34,"The sepulchres of particular families are railed in, and planted round with trees.",disgust,0.5813860893249512,0.0009137692977674305,0.03740460053086281,0.014912160113453865,0.00205292459577322,0.350191593170166,0.013138941489160061,0.5813860893249512,0.350191593170166,0.23119449615478516,anger
34,"Those of the sultans, and some great men, have lamps constantly burning in them.",disgust,0.7962377667427063,0.000864549889229238,0.02658824622631073,0.009394794702529907,0.0018552761757746339,0.16151556372642517,0.003543766448274255,0.7962377667427063,0.16151556372642517,0.6347222030162811,anger
34,"WHEN I spoke of their religion, I forgot to mention two particularities, one of which I have read of, but it seemed so odd to me, I could not believe it; yet 'tis certainly true; that when a man has divorced his wife, in the most solemn manner, he can take her again, upon no other terms, than permitting another man to pass a night with her; and there are some examples of those who have submitted to this law, rather than not have back their beloved.",surprise,0.7263385653495789,0.02085185796022415,0.09975258260965347,0.022909250110387802,0.7263385653495789,0.006130989175289869,0.033562395721673965,0.09045437723398209,0.09975258260965347,0.6265859827399254,neutral
34,The other point of doctrine is very extraordinary.,surprise,0.9193000197410583,0.0043416619300842285,0.048703402280807495,0.0016927592223510146,0.9193000197410583,0.007768375799059868,0.008112271316349506,0.010081539861857891,0.048703402280807495,0.8705966174602509,neutral
34,Any woman that dies unmarried is looked upon to die in a state of reprobation.,disgust,0.8395554423332214,0.0006866862531751394,0.023422354832291603,0.05485394969582558,0.0017120845150202513,0.06402799487113953,0.01574142836034298,0.8395554423332214,0.06402799487113953,0.7755274474620819,anger
34,"To confirm this belief, they reason, that the end of the creation of woman is to increase and multiply; and that she is only properly employed in the works of her calling, when she is bringing forth children, or taking care of them, which are all the virtues that God expects from her.",neutral,0.8653964400291443,0.024425437673926353,0.8653964400291443,0.011304180137813091,0.006323032546788454,0.04790075123310089,0.005479424260556698,0.03917071595788002,0.04790075123310089,0.8174956887960434,anger
34,"And indeed, their way of life, which shuts them out of all public commerce, does not permit them any other.",neutral,0.7939361333847046,0.00389349227771163,0.7939361333847046,0.032477833330631256,0.0028650127351284027,0.049752648919820786,0.008321855217218399,0.10875298082828522,0.10875298082828522,0.6851831525564194,disgust
34,"Our vulgar notion, that they don't own women to have any souls, is a mistake.",disgust,0.9357023239135742,0.00046927816583774984,0.0087549714371562,0.0077339718118309975,0.0007306724437512457,0.04306193068623543,0.0035467410925775766,0.9357023239135742,0.04306193068623543,0.8926403932273388,anger
34,"'Tis true, they say, they are not of so elevated a kind, and therefore must not hope to be admitted into the paradise appointed for the men, who are to be entertained by celestial beauties.",neutral,0.7935608625411987,0.07829467952251434,0.7935608625411987,0.061374563723802567,0.011348689906299114,0.011832447722554207,0.004711481276899576,0.03887729346752167,0.07829467952251434,0.7152661830186844,joy
34,"But there is a place of happiness destined for souls of the inferior order, where all good women are to be in eternal bliss.",neutral,0.9504305124282837,0.009867746382951736,0.9504305124282837,0.0166223905980587,0.00506902439519763,0.003912161570042372,0.0013543664244934916,0.012743806466460228,0.0166223905980587,0.933808121830225,sadness
34,"Many of them are very superstitious, and will not remain widows ten days, for fear of dying in the reprobate state of an useless creature.",fear,0.6136221289634705,0.006364771164953709,0.2915128171443939,0.013457376509904861,0.007812612690031528,0.03420143574476242,0.6136221289634705,0.03302888572216034,0.2915128171443939,0.32210931181907654,neutral
34,"But those that like their liberty, and are not slaves to their religion, content themselves with marrying when they are afraid of dying.",neutral,0.6047500967979431,0.027896666899323463,0.6047500967979431,0.018444014713168144,0.00403242651373148,0.014981817454099655,0.31295958161354065,0.016935324296355247,0.31295958161354065,0.29179051518440247,fear
34,"This is a piece of theology, very different from that which teaches nothing to be more acceptable to God than a vow of perpetual virginity: which divinity is most rational, I leave you to determine.",neutral,0.9234870076179504,0.004011130426079035,0.9234870076179504,0.0036105152685195208,0.006981519516557455,0.025165732949972153,0.0027551627717912197,0.03398888185620308,0.03398888185620308,0.8894981257617474,disgust
34,I HAVE already made some progress in a collection of Greek medals.,neutral,0.7156764268875122,0.2322021871805191,0.7156764268875122,0.00588274234905839,0.03201976791024208,0.007598784752190113,0.0013827509246766567,0.005237368401139975,0.2322021871805191,0.4834742397069931,joy
34,"Here are several professed antiquaries, who are ready to serve any body that desires them.",neutral,0.9554915428161621,0.01634286902844906,0.9554915428161621,0.002275343518704176,0.010844110511243343,0.004948941990733147,0.0012442220468074083,0.008853000588715076,0.01634286902844906,0.939148673787713,joy
34,"But you cannot imagine how they stare in my face, when I enquire about them, as if no body was permitted to seek after medals, till they were grown a piece of antiquity themselves.",disgust,0.4439186453819275,0.0019309241324663162,0.06572640687227249,0.006778181530535221,0.11522277444601059,0.3405006527900696,0.02592235431075096,0.4439186453819275,0.3405006527900696,0.10341799259185791,anger
34,"I have got some very valuable ones of the Macedonian kings, particularly one of Perseus, so lively, I fancy I can see all his ill qualities in his face.",neutral,0.5389763116836548,0.24968603253364563,0.5389763116836548,0.025567958131432533,0.025210727006196976,0.013028843328356743,0.005694912746548653,0.14183513820171356,0.24968603253364563,0.28929027915000916,joy
34,"I have a prophyry (sic) head finely cut, of the true Greek sculpture; but who it represents, is to be guessed at by the learned when I return.",neutral,0.8063539266586304,0.009075864218175411,0.8063539266586304,0.01750706322491169,0.12759926915168762,0.010103893466293812,0.006192897912114859,0.02316713146865368,0.12759926915168762,0.6787546575069427,surprise
34,For you are not to suppose these antiquaries (who are all Greeks) know any thing.,neutral,0.8883604407310486,0.0020070329774171114,0.8883604407310486,0.00731637142598629,0.028703300282359123,0.02186473272740841,0.00439749751240015,0.04735064506530762,0.04735064506530762,0.841009795665741,disgust
34,"Their trade is only to sell; they have correspondents at Aleppo, Grand Cairo, in Arabia and Palestine, who send them all they can find, and very often great heaps, that are only fit to melt into pans and kettles.",neutral,0.9528916478157043,0.004081143066287041,0.9528916478157043,0.005254225339740515,0.015753930434584618,0.009564190171658993,0.0022210204042494297,0.010233832523226738,0.015753930434584618,0.9371377173811197,surprise
34,"They get the best price they can for them, without knowing those that are valuable from those that are not.",neutral,0.9318238496780396,0.005628041923046112,0.9318238496780396,0.009517318569123745,0.011862643994390965,0.01779649406671524,0.001049334998242557,0.02232237346470356,0.02232237346470356,0.909501476213336,disgust
34,"Those that pretend to skill, generally find out the image of some saint in the medals of the Greek cities.",neutral,0.7867905497550964,0.008394397795200348,0.7867905497550964,0.0046391235664486885,0.011580592952668667,0.0259027648717165,0.0015053696697577834,0.16118723154067993,0.16118723154067993,0.6256033182144165,disgust
34,"One of them, shewing me the figure of a Pallas, with a victory in her hand on a reverse, assured me, it was the Virgin, holding a crucifix.",disgust,0.7448802590370178,0.01814015582203865,0.1991562843322754,0.003968135453760624,0.004824936855584383,0.018624357879161835,0.01040579378604889,0.7448802590370178,0.1991562843322754,0.5457239747047424,neutral
34,"The same man offered me the head of a Socrates, on a sardonyx; and, to enhance the value, gave him the title of saint Augustine.",neutral,0.7118639945983887,0.11750946193933487,0.7118639945983887,0.008173719048500061,0.018623746931552887,0.018642770126461983,0.0016439835308119655,0.12354237586259842,0.12354237586259842,0.5883216187357903,disgust
34,"I have bespoke a mummy, which I hope will come safe to my hands, notwithstanding the misfortune that befel (sic) a very fine one, designed for the king of Sweden.",neutral,0.49370720982551575,0.36589398980140686,0.49370720982551575,0.08673761785030365,0.041441429406404495,0.002735744696110487,0.005126741249114275,0.004357198253273964,0.36589398980140686,0.1278132200241089,joy
34,"He gave a great price for it, and the Turks took it into their heads, that he must have some considerable project depending upon it.",neutral,0.9138535261154175,0.012491485103964806,0.9138535261154175,0.006728957407176495,0.005209757015109062,0.024219272658228874,0.0015875669196248055,0.035909440368413925,0.035909440368413925,0.8779440857470036,disgust
34,"They fancied it the body of, God knows who; and that the state of their empire mystically depended on the conversation of it.",neutral,0.8503100275993347,0.0049139633774757385,0.8503100275993347,0.007638334762305021,0.056431740522384644,0.022741178050637245,0.022708849981427193,0.03525590896606445,0.056431740522384644,0.7938782870769501,surprise
34,"Some old prophecies were remembered upon this occasion, and the mummy committed prisoner to the Seven Towers, where it has remained under close confinement ever since, I dare not try my interest in so considerable a point, as the release of it; but I hope mine will pass without examination.",neutral,0.598574697971344,0.10083505511283875,0.598574697971344,0.08679411560297012,0.009719225578010082,0.025480888783931732,0.11203934252262115,0.06655669212341309,0.11203934252262115,0.48653535544872284,fear
34,I can  tell you nothing more at present of this famous city.,joy,0.6149053573608398,0.6149053573608398,0.1672239452600479,0.03437022119760513,0.16384151577949524,0.006887019611895084,0.010790776461362839,0.001981213688850403,0.1672239452600479,0.44768141210079193,neutral
34,"When I have looked a little about me, you shall hear from me again.",neutral,0.3275441825389862,0.0888654887676239,0.3275441825389862,0.14218541979789734,0.015280493535101414,0.016440069302916527,0.2748185098171234,0.13486582040786743,0.2748185098171234,0.05272567272186279,fear
34,"I am, Sir,   Your's, &c. &c.",neutral,0.4856164753437042,0.15747837722301483,0.4856164753437042,0.11674736440181732,0.1992829144001007,0.01557946391403675,0.02137865126132965,0.003916698973625898,0.1992829144001007,0.2863335609436035,surprise
35,"I HOPE, before this time, you have received two or three of my letters.",neutral,0.7407751083374023,0.021851077675819397,0.7407751083374023,0.010159396566450596,0.21384428441524506,0.007904758676886559,0.002664797008037567,0.002800567075610161,0.21384428441524506,0.5269308239221573,surprise
35,"I had yours but yesterday, though dated the third of February, in which you suppose me to be dead and buried.",sadness,0.8946942687034607,0.002628011628985405,0.05325455591082573,0.8946942687034607,0.027649791911244392,0.0049987961538136005,0.006568923592567444,0.01020565815269947,0.05325455591082573,0.841439712792635,neutral
35,"I have already let you know, that I am still alive; but to say truth, I look upon my present circumstances to be exactly the same with those of departed spirits.",neutral,0.7044562697410583,0.0367649681866169,0.7044562697410583,0.15483355522155762,0.009960009716451168,0.006766366306692362,0.04823552817106247,0.03898337855935097,0.15483355522155762,0.5496227145195007,sadness
35,"The heats of Constantinople have driven me to this place, which perfectly answers the description of the Elysian fields.",neutral,0.8890504837036133,0.07003927230834961,0.8890504837036133,0.0024376679211854935,0.027629779651761055,0.004219891037791967,0.0023936100769788027,0.004229302518069744,0.07003927230834961,0.8190112113952637,joy
35,"I am in the middle of a wood, consisting chiefly of fruit-trees, watered by a vast number of fountains, famous for the excellency of their water, and divided into many shady walks, upon short grass, that seems to me artificial, but, I am assured, is the pure work of nature--within view of the Black sea, from whence we perpetually enjoy the refreshment of cool breezes, that make us insensible of the heat of the summer.",joy,0.7434211373329163,0.7434211373329163,0.14388570189476013,0.023018449544906616,0.004536323249340057,0.012750254012644291,0.003451004857197404,0.06893715262413025,0.14388570189476013,0.5995354354381561,neutral
35,"The village is only inhabited by the richest amongst the Christians, who meet every night at a fountain, forty paces from my house, to sing and dance.",neutral,0.37309807538986206,0.12277021259069443,0.37309807538986206,0.017935821786522865,0.0316026546061039,0.02416371926665306,0.06499160081148148,0.36543792486190796,0.36543792486190796,0.0076601505279541016,disgust
35,"The beauty and dress of the women exactly resemble the ideas of the ancient nymphs, as they are given us by the representations of the poets and painters.",neutral,0.8131269812583923,0.016852185130119324,0.8131269812583923,0.007709735073149204,0.01432895753532648,0.004790659993886948,0.004439052194356918,0.1387525200843811,0.1387525200843811,0.6743744611740112,disgust
35,"But what persuades me more fully of my decease, is the situation of my own mind, the profound ignorance I am in, of what passes among the living (which only comes to me by chance) and the great calmness with which I receive it.",neutral,0.7515881657600403,0.18742044270038605,0.7515881657600403,0.022709043696522713,0.0025735683739185333,0.010557254776358604,0.007330749649554491,0.017820730805397034,0.18742044270038605,0.5641677230596542,joy
35,"Yet I have still a hankering after my friends and acquaintances left in the world, according to the authority of that admirable author, _That spirits departed are wondrous kind To friends and relations left behind: Which nobody can deny_.",fear,0.6261676549911499,0.01354303304105997,0.09842462837696075,0.2381371706724167,0.00473424419760704,0.005399760790169239,0.6261676549911499,0.013593520037829876,0.2381371706724167,0.3880304843187332,sadness
35,"Of which solemn truth, I am a _dead_ instance.",sadness,0.551067054271698,0.041992705315351486,0.17467880249023438,0.551067054271698,0.002682399470359087,0.01760748215019703,0.035908039659261703,0.17606352269649506,0.17606352269649506,0.37500353157520294,disgust
35,"I think Virgil is of the same opinion, that in human souls there will still be some remains of human passions: --_Curae non ipsae in morte relinquunt_.",neutral,0.7960878610610962,0.019862908869981766,0.7960878610610962,0.03548579290509224,0.04136204347014427,0.040428560227155685,0.01862448640167713,0.04814833030104637,0.04814833030104637,0.7479395307600498,disgust
35,"And 'tis very necessary, to make a perfect elysium (sic), that there should be a river Lethe, which I am not so happy as to find.",joy,0.5305444598197937,0.5305444598197937,0.02848156914114952,0.41408100724220276,0.017467252910137177,0.0031609078869223595,0.0013202630216255784,0.004944527521729469,0.41408100724220276,0.11646345257759094,sadness
35,"To say truth, I am sometimes very weary of the singing, and dancing, and sunshine, and wish for the smoke and impertinencies in which you toil; though I endeavour to persuade myself, that I live in a more agreeable variety than you do; and that Monday, setting of partridges; Tuesday, reading English; Wednesday, studying in the Turkish language, (in which, by the way, I am already very learned;) Thursday, classical authors; Friday, spent in writing; Saturday, at my needle; and Sunday, admitting of visits, and hearing of music, is a better way of disposing of the week; than, Monday, at the drawing room; Tuesday, lady Mohun's; Wednesday, at the opera; Thursday, the play; Friday, Mrs Chetwynd's, &c. a perpetual round of hearing the same scandal, and seeing the same follies acted over and over, which here affect me no more than they do other dead people.",sadness,0.4586459994316101,0.3144540786743164,0.14722292125225067,0.4586459994316101,0.01866360753774643,0.015533071011304855,0.021531542763113976,0.02394881844520569,0.3144540786743164,0.1441919207572937,joy
35,"I can now hear of displeasing things with pity, and without indignation.",anger,0.8786770701408386,0.0009721032110974193,0.011017086915671825,0.005370906554162502,0.00087990757310763,0.8786770701408386,0.0013445551740005612,0.1017383337020874,0.1017383337020874,0.7769387364387512,disgust
35,"The reflection on the great gulph (sic) between you and me, cools all news that come hither.",neutral,0.8318390250205994,0.11493547260761261,0.8318390250205994,0.012634850107133389,0.018275748938322067,0.00713649857789278,0.002564585069194436,0.01261384692043066,0.11493547260761261,0.7169035524129868,joy
35,"I can neither be sensibly touched with joy or grief, when I consider, that possibly the cause of either is removed, before the letter comes to my hands.",sadness,0.9396317005157471,0.03846383094787598,0.011168692260980606,0.9396317005157471,0.001954675419256091,0.0015769641613587737,0.002835582010447979,0.004368661902844906,0.03846383094787598,0.9011678695678711,joy
35,"But (as I said before) this indolence does not extend to my few friendships; I am still warmly sensible of yours and Mr Congreve's, and desire to live in your remembrance, though dead to all the world beside.",sadness,0.777459979057312,0.12267440557479858,0.06796059012413025,0.777459979057312,0.002030503936111927,0.006142154801636934,0.002020083600655198,0.02171226590871811,0.12267440557479858,0.6547855734825134,joy
35,"I am, &c. &c.",neutral,0.5534117817878723,0.0904766172170639,0.5534117817878723,0.25651076436042786,0.08371268957853317,0.00516490638256073,0.0064614336006343365,0.004261855036020279,0.25651076436042786,0.29690101742744446,sadness
36,"I HEARTILY beg your ladyship's pardon; but I really could not forbear laughing heartily at your letter, and the commissions you are pleased to honour me with.",joy,0.9607030153274536,0.9607030153274536,0.006674376782029867,0.019020406529307365,0.0013785538030788302,0.005053407978266478,0.0018565690843388438,0.005313746631145477,0.019020406529307365,0.9416826087981462,sadness
36,"You desire me to buy you a Greek slave, who is to be mistress of a thousand good qualities.",neutral,0.40950247645378113,0.019053690135478973,0.40950247645378113,0.016172174364328384,0.01231197640299797,0.13009381294250488,0.004865582566708326,0.4080002009868622,0.4080002009868622,0.0015022754669189453,disgust
36,"The Greeks are subjects, and not slaves.",neutral,0.8255856037139893,0.006087486632168293,0.8255856037139893,0.014409503899514675,0.006961565464735031,0.027467146515846252,0.004679890349507332,0.11480873823165894,0.11480873823165894,0.7107768654823303,disgust
36,"Those who are to be bought in that manner, are either such as are taken in war, or stolen by the Tartars from Russia, Circassia, or Georgia, and are such miserable, awkward, poor wretches, you would not think any of them worthy to be your house-maids.",sadness,0.7190583348274231,0.004751687869429588,0.0852697342634201,0.7190583348274231,0.004528150428086519,0.006410712376236916,0.009429397992789745,0.17055200040340424,0.17055200040340424,0.5485063344240189,disgust
36,"'Tis true, that many thousands were taken in the Morea; but they have been, most of them, redeemed by the charitable contributions of the Christians, or ransomed by their own relations at Venice.",neutral,0.5405691862106323,0.07151147723197937,0.5405691862106323,0.18449907004833221,0.029872292652726173,0.05837801843881607,0.025386914610862732,0.08978310972452164,0.18449907004833221,0.3560701161623001,sadness
36,"The fine slaves that wait upon the great ladies, or serve the pleasures of the great men, are all bought at the age of eight or nine years old, and educated with great care, to accomplish them in singing, dancing, embroidery, &c.  They are commonly Circassians, and their patron never sells them, except it is as a punishment for some very great fault.",neutral,0.43889665603637695,0.03125070407986641,0.43889665603637695,0.026584172621369362,0.004125561565160751,0.15265130996704102,0.005796897690743208,0.34069472551345825,0.34069472551345825,0.0982019305229187,disgust
36,"If ever they grow weary of them, they either present them to a friend, or give them their freedom.",neutral,0.7737018465995789,0.011987769044935703,0.7737018465995789,0.02422480657696724,0.0016722410218790174,0.09517616778612137,0.009944092482328415,0.08329303562641144,0.09517616778612137,0.6785256788134575,anger
36,"Those that are exposed to sale at the markets, are always either guilty of some crime, or so entirely worthless, that they are of no use at all.",disgust,0.6817914843559265,0.0018940247828140855,0.09098484367132187,0.09875200688838959,0.0017736970912665129,0.11018028855323792,0.014623631723225117,0.6817914843559265,0.11018028855323792,0.5716111958026886,anger
36,"I am afraid you will doubt the truth of this account, which, I own, is very different from our common notions in England; but it is no less truth for all that.--Your whole letter is full of mistakes, from one end to the other.",fear,0.9476355314254761,0.002232710598036647,0.024772319942712784,0.011095709167420864,0.003045914927497506,0.007342626806348562,0.9476355314254761,0.0038752229884266853,0.024772319942712784,0.9228632114827633,neutral
36,"I see you have taken your ideas of Turkey, from that worthy author Dumont, who has wrote with equal ignorance and confidence.",neutral,0.8763656616210938,0.01592809334397316,0.8763656616210938,0.0039633470587432384,0.021814793348312378,0.02265171706676483,0.0010036142775788903,0.05827285349369049,0.05827285349369049,0.8180928081274033,disgust
36,"'Tis a particular pleasure to me here, to read the voyages to the Levant, which are generally so far removed from truth, and so full of absurdities, I am very well diverted with them.",disgust,0.3696881830692291,0.20951606333255768,0.11613944917917252,0.1558670997619629,0.021754682064056396,0.0464526042342186,0.08058194071054459,0.3696881830692291,0.20951606333255768,0.16017211973667145,joy
36,"They never fail giving you an account of the women, whom, 'tis certain, they never saw, and talking very wisely of the genius of the men, into whose company they are never admitted; and very often describe mosques, which they dare not even peep into.",disgust,0.5482028722763062,0.0030709803104400635,0.19026364386081696,0.011424831114709377,0.027574723586440086,0.18849073350429535,0.030972205102443695,0.5482028722763062,0.19026364386081696,0.3579392284154892,neutral
36,"The Turks are very proud, and will not converse with a stranger they are not assured is considerable in his own country.",neutral,0.8012521266937256,0.03917517140507698,0.8012521266937256,0.008439930155873299,0.0026244258042424917,0.03344574198126793,0.007417058572173119,0.10764558613300323,0.10764558613300323,0.6936065405607224,disgust
36,"I speak of the men of distinction; for, as to the ordinary fellows, you may imagine what ideas their conversation can give of the general genius of the people.",neutral,0.8460440635681152,0.010319161228835583,0.8460440635681152,0.004695056471973658,0.054170724004507065,0.02093147300183773,0.00834531057626009,0.05549423769116402,0.05549423769116402,0.7905498258769512,disgust
36,"AS to the balm of Mecca, I will certainly send you some; but it is not so easily got as you suppose it, and I cannot, in conscience, advise you to make use of it.",neutral,0.752897322177887,0.010659855790436268,0.752897322177887,0.05952026695013046,0.012120863422751427,0.02836040034890175,0.049635812640190125,0.08680544048547745,0.08680544048547745,0.6660918816924095,disgust
36,I know not how it comes to have such universal applause.,surprise,0.6701987981796265,0.0037581906653940678,0.2700467109680176,0.0194713082164526,0.6701987981796265,0.014472061768174171,0.002181178657338023,0.01987178809940815,0.2700467109680176,0.4001520872116089,neutral
36,"All the ladies of my acquaintance at London and Vienna, have begged me to send pots of it to them.",neutral,0.4928417503833771,0.010917147621512413,0.4928417503833771,0.12676076591014862,0.009874798357486725,0.24043585360050201,0.019238755106925964,0.09993090480566025,0.24043585360050201,0.25240589678287506,anger
36,"I have had a present of a small quantity (which, I'll assure you, is very valuable) of the best sort, and with great joy applied it to my face, expecting some wonderful effect to my advantage.",joy,0.9894421100616455,0.9894421100616455,0.0032953403424471617,0.0012124243658035994,0.0027848591562360525,0.0018804112914949656,0.00036262869252823293,0.001022313255816698,0.0032953403424471617,0.9861467697191983,neutral
36,"The next morning, the change indeed was wonderful; my face was swelled to a very extraordinary size, and all over as red as my lady H----'s.",surprise,0.5962361097335815,0.173395574092865,0.1528368890285492,0.00862386729568243,0.5962361097335815,0.00567783834412694,0.017714889720082283,0.04551488906145096,0.173395574092865,0.42284053564071655,joy
36,"It remained in this lamentable state three days, during which, you may be sure, I passed my time very ill.",sadness,0.9704434275627136,0.001766962232068181,0.016259247437119484,0.9704434275627136,0.003117336193099618,0.0010197259252890944,0.003121010260656476,0.004272256512194872,0.016259247437119484,0.9541841801255941,neutral
36,"I believed it would never be otherways (sic); and to add to my mortification, Mr W----y reproached my indiscretion, without ceasing.",sadness,0.4840086102485657,0.015072645619511604,0.054347388446331024,0.4840086102485657,0.006505731027573347,0.06623256206512451,0.005222163628786802,0.36861082911491394,0.36861082911491394,0.11539778113365173,disgust
36,"However, my face is since _in statu quo_; nay, I am told by the ladies here, that it is much mended by the operation, which, I confess, I cannot perceive in my looking-glass.",neutral,0.5042910575866699,0.019600756466388702,0.5042910575866699,0.23782861232757568,0.09573958069086075,0.03850960731506348,0.02351398579776287,0.08051636815071106,0.23782861232757568,0.26646244525909424,sadness
36,"Indeed, if one was to form an opinion of this balm from their faces, one should think very well of it.",neutral,0.9204760789871216,0.010806907899677753,0.9204760789871216,0.003902446711435914,0.002948059467598796,0.0132686085999012,0.004479378927499056,0.04411847144365311,0.04411847144365311,0.8763576075434685,disgust
36,"They all make use of it, and have the loveliest bloom in the world.",neutral,0.6172184348106384,0.18218018114566803,0.6172184348106384,0.09343241900205612,0.015236780978739262,0.011756721884012222,0.0024021698627620935,0.07777334004640579,0.18218018114566803,0.4350382536649704,joy
36,"For my part, I never intend to endure the pain of it again; let my complexion take its natural course, and decay in its own due time.",sadness,0.5356945991516113,0.01799664832651615,0.33372244238853455,0.5356945991516113,0.002339603379368782,0.011531178839504719,0.04947090521454811,0.04924457520246506,0.33372244238853455,0.20197215676307678,neutral
36,"I have very little esteem for medicines of this nature, but do as you please, madam; only remember, before you use it, that your face will not be such as you will care to shew in the drawing-room for some days after.",neutral,0.8622568249702454,0.005292806774377823,0.8622568249702454,0.0180561151355505,0.005040857940912247,0.03146116062998772,0.017141107469797134,0.060751013457775116,0.060751013457775116,0.8015058115124702,disgust
36,"If one was to believe the women in this country, there is a surer way of making one's self beloved, than by becoming handsome; though, you know that's our method.",neutral,0.8610802888870239,0.10079062730073929,0.8610802888870239,0.0033498506527394056,0.011108318343758583,0.007947624661028385,0.005612132605165243,0.010111118666827679,0.10079062730073929,0.7602896615862846,joy
36,"But they pretend to the knowledge of secrets, that, by way of inchantment (sic), give them the entire empire over whom they please.",neutral,0.6401712894439697,0.007411640137434006,0.6401712894439697,0.009634044952690601,0.003316085087135434,0.1380716860294342,0.004075889475643635,0.19731932878494263,0.19731932878494263,0.4428519606590271,disgust
36,"For me, who am not very apt to believe in wonders, I cannot find faith for this.",fear,0.4905604422092438,0.005640255752950907,0.31430885195732117,0.08704109489917755,0.06699656695127487,0.008382213301956654,0.4905604422092438,0.02707057259976864,0.31430885195732117,0.1762515902519226,neutral
36,"I disputed the point last night with a lady, who really talks very sensibly on any other subject; but she was downright angry with me, in that she did not perceive, she had persuaded me of the truth of forty stories she told me of this kind; and, at last, mentioned several ridiculous marriages, that there could be no other reason assigned for.",anger,0.9602997303009033,0.0010064449161291122,0.01156195905059576,0.0031687216833233833,0.004298887215554714,0.9602997303009033,0.0025661529507488012,0.01709810271859169,0.01709810271859169,0.9432016275823116,disgust
36,"I assured her, that, in England, where we were entirely ignorant of all magic, where the climate is not half so warm, nor the women half so handsome, we were not without our ridiculous marriages; and that we did not look upon it as any thing supernatural, when a man played the fool, for the sake of a woman.",neutral,0.6095226407051086,0.02970561571419239,0.6095226407051086,0.012306654825806618,0.020441630855202675,0.09868134558200836,0.07563073933124542,0.1537114530801773,0.1537114530801773,0.45581118762493134,disgust
36,But my arguments could not convince her against (as she said) her certain knowledge.,disgust,0.3454478681087494,0.0058756498619914055,0.21057528257369995,0.16619037091732025,0.00849358830600977,0.20585483312606812,0.057562410831451416,0.3454478681087494,0.21057528257369995,0.13487258553504944,neutral
36,"To this she added, that she scrupled making use of _charms_ herself; but that she could do it whenever she pleased; and, staring me in the face, said, (with a very learned air) that no enchantments would have their effects upon me; and that there were some people exempt from their power, but very few.",neutral,0.4775952398777008,0.051437925547361374,0.4775952398777008,0.0992749035358429,0.003636188106611371,0.07457040250301361,0.015722811222076416,0.2777625620365143,0.2777625620365143,0.19983267784118652,disgust
36,You may imagine how I laughed at this discourse; but all the women are of the same opinion.,neutral,0.39142465591430664,0.18577297031879425,0.39142465591430664,0.010703190229833126,0.2824171483516693,0.04844490438699722,0.0015429784543812275,0.07969415932893753,0.2824171483516693,0.10900750756263733,surprise
36,They don't pretend to any commerce with the devil; but only that there are certain compositions adapted to inspire love.,neutral,0.9574416875839233,0.0036947934422641993,0.9574416875839233,0.0036676228046417236,0.00420363899320364,0.009913764894008636,0.0024588126689195633,0.01861967146396637,0.01861967146396637,0.938822016119957,disgust
36,"If one could send over a ship-load of them, I fancy it would be a very quick way of raising an estate.",neutral,0.9120967984199524,0.031174568459391594,0.9120967984199524,0.0030863971915096045,0.03677678853273392,0.010889011435210705,0.001460535335354507,0.004515951499342918,0.03677678853273392,0.8753200098872185,surprise
36,What would not some ladies of our acquaintance give for such merchandize?,neutral,0.5962709188461304,0.0016225125873461366,0.5962709188461304,0.009799075312912464,0.057114988565444946,0.13772177696228027,0.005241024773567915,0.19222977757453918,0.19222977757453918,0.4040411412715912,disgust
36,"Adieu, my dear lady ----.",neutral,0.3838319778442383,0.11144843697547913,0.3838319778442383,0.3140121102333069,0.008793666958808899,0.018146196380257607,0.007257664576172829,0.15650995075702667,0.3140121102333069,0.0698198676109314,sadness
36,I cannot conclude my letter with a subject that affords more delightful scenes to the imagination.,joy,0.9672483205795288,0.9672483205795288,0.020744819194078445,0.005058466922491789,0.0037375851534307003,0.000812901824247092,0.0005025365971960127,0.0018953565740957856,0.020744819194078445,0.9465035013854504,neutral
36,"I leave you to figure to yourself the extreme court that  will be made to me, at my return, if my travels should furnish me with such a useful piece of learning.",neutral,0.47744911909103394,0.28955936431884766,0.47744911909103394,0.04344746842980385,0.0074974652379751205,0.1206887736916542,0.038567330688238144,0.02279047481715679,0.28955936431884766,0.18788975477218628,joy
36,"I am, dear madam, yours, &c. &c.",neutral,0.4648734927177429,0.07508061826229095,0.4648734927177429,0.3511548340320587,0.07900937646627426,0.019601019099354744,0.005770367570221424,0.004510222002863884,0.3511548340320587,0.1137186586856842,sadness
37,"I AM infinitely obliged to you, dear Mrs T---- for your entertaining letter.",joy,0.9015766382217407,0.9015766382217407,0.06800305843353271,0.010420052334666252,0.011499371379613876,0.0023640687577426434,0.0007884269580245018,0.005348495207726955,0.06800305843353271,0.833573579788208,neutral
37,"You are the  only one of my correspondents that have judged right enough, to think I would gladly be informed of the news amongst you.",joy,0.780004620552063,0.780004620552063,0.1877131164073944,0.0034817822743207216,0.0052484674379229546,0.012691350653767586,0.0027235441375523806,0.008137187920510769,0.1877131164073944,0.5922915041446686,neutral
37,"All the rest of them tell me, (almost in the same words) that they suppose I know every thing.",neutral,0.9184085726737976,0.006063256878405809,0.9184085726737976,0.003506467444822192,0.052847202867269516,0.007429739460349083,0.002172911074012518,0.00957178883254528,0.052847202867269516,0.8655613698065281,surprise
37,"Why they are pleased to suppose in this manner, I can guess no reason, except they are persuaded, that the breed of Mahomet's pigeon still subsists in this country, and that I receive supernatural intelligence.",joy,0.8757085800170898,0.8757085800170898,0.07376933097839355,0.003988581243902445,0.009933942928910255,0.014135726727545261,0.0029746994841843843,0.01948908530175686,0.07376933097839355,0.8019392490386963,neutral
37,I wish I could return your goodness with some diverting accounts from hence.,sadness,0.6052353382110596,0.023457886651158333,0.20425918698310852,0.6052353382110596,0.14042648673057556,0.0032519088126719,0.010892157442867756,0.012477051466703415,0.20425918698310852,0.40097615122795105,neutral
37,"But I know not what part of the scenes here would gratify your curiosity, or whether you have any curiosity at all for things so far distant.",neutral,0.8924940824508667,0.009387876838445663,0.8924940824508667,0.007824886590242386,0.04522063955664635,0.011131444945931435,0.004482931457459927,0.029458055272698402,0.04522063955664635,0.8472734428942204,surprise
37,"To say the truth, I am at this present writing, not very much turned for the recollection of what is diverting, my head being wholly filled with the preparations necessary for the increase of my family, which I expect every day.",neutral,0.5346463322639465,0.02997744455933571,0.5346463322639465,0.07915306091308594,0.08457449823617935,0.07233929634094238,0.1571873426437378,0.04212207719683647,0.1571873426437378,0.37745898962020874,fear
37,You may easily guess at my uneasy situation.,fear,0.9574471116065979,0.002332183299586177,0.02480487711727619,0.0028208657167851925,0.003750890027731657,0.002248102566227317,0.9574471116065979,0.00659602228552103,0.02480487711727619,0.9326422344893217,neutral
37,"But I am, however, comforted in some degree, by the glory that accrues to me from it, and a reflection on the contempt I should otherwise fall under.",joy,0.958331823348999,0.958331823348999,0.012412767857313156,0.011868119239807129,0.0005841121892444789,0.004106343723833561,0.0008349858107976615,0.011861799284815788,0.012412767857313156,0.9459190554916859,neutral
37,"You won't know what to make of this speech; but, in this country, 'tis more despicable to be married and not fruitful, than 'tis with us to be fruitful before marriage.",disgust,0.8538942337036133,0.0011968027101829648,0.00502051692456007,0.006554020568728447,0.0012788607273250818,0.12401266396045685,0.008043079636991024,0.8538942337036133,0.12401266396045685,0.7298815697431564,anger
37,"They have a notion, that whenever a woman leaves off bringing forth children, 'tis because she is too old for that business, whatever her face says to the contrary.",neutral,0.7053640484809875,0.0052488031797111034,0.7053640484809875,0.009437997825443745,0.010192575864493847,0.05028828606009483,0.008682021871209145,0.21078626811504364,0.21078626811504364,0.4945777803659439,disgust
37,"This opinion makes the ladies here so ready to make proofs of their youth, (which is as necessary, in order to be a _received beauty_, as it is to shew the proofs of nobility, to be admitted _knights of Malta_) that they do not content themselves with using the natural means, but fly to all sorts of quackeries, to avoid the scandal of being past childbearing, and often kill themselves by them.",neutral,0.6174339056015015,0.033499643206596375,0.6174339056015015,0.02091839537024498,0.004379781894385815,0.1762072741985321,0.02484360709786415,0.12271738052368164,0.1762072741985321,0.44122663140296936,anger
37,"Without any exaggeration, all the women of my acquaintance have twelve or thirteen children; and the old ones boast of having had five and twenty, or thirty a-piece, and are respected according to the number they have produced.--When they are with child, 'tis their common expression to say, _They hope God will be so merciful as to send them two this time;_ and when I have asked them sometimes, How they expected to provide for such a flock as they desire?",neutral,0.4622880220413208,0.37629854679107666,0.4622880220413208,0.024215204641222954,0.023020002990961075,0.06462159752845764,0.008848801255226135,0.04070771485567093,0.37629854679107666,0.08598947525024414,joy
37,"They answered, That the plague will certainly kill half of them; which, indeed, generally happens, without much concern to the parents, who are satisfied with the vanity of having brought forth so plentifully.",neutral,0.6063566207885742,0.11368411779403687,0.6063566207885742,0.04749181866645813,0.007874341681599617,0.05844547227025032,0.021746579557657242,0.14440102875232697,0.14440102875232697,0.46195559203624725,disgust
37,The French ambassadress is forced to comply with this fashion as well as myself.,anger,0.42239588499069214,0.0011810678988695145,0.07946754992008209,0.057528089731931686,0.0023543096613138914,0.42239588499069214,0.02931062877178192,0.4077625572681427,0.4077625572681427,0.014633327722549438,disgust
37,"She has not been here much above a year, and has lain in once, and is big again.",neutral,0.8568658828735352,0.014371336437761784,0.8568658828735352,0.03932402655482292,0.07977285236120224,0.0038608252070844173,0.002038645790889859,0.0037664342671632767,0.07977285236120224,0.7770930305123329,surprise
37,"What is most wonderful, is, the exemption they seem to enjoy from the curse entailed on the sex.",joy,0.9073728919029236,0.9073728919029236,0.06276006251573563,0.005275203380733728,0.01174059696495533,0.00218273070640862,0.0010105085093528032,0.009658031165599823,0.06276006251573563,0.844612829387188,neutral
37,"They see all company on the day of their delivery, and, at the fortnight's end, return visits, set out in their jewels and new clothes.",neutral,0.6688398718833923,0.21807730197906494,0.6688398718833923,0.004885934293270111,0.025644399225711823,0.012209146283566952,0.0012720627710223198,0.06907116621732712,0.21807730197906494,0.4507625699043274,joy
37,I wish I may find the influence of the climate in this particular.,sadness,0.3062696158885956,0.010489825159311295,0.2858027219772339,0.3062696158885956,0.2863791584968567,0.00611239904537797,0.06176384910941124,0.04318244010210037,0.2863791584968567,0.01989045739173889,surprise
37,"But I fear I shall continue an English woman in that affair, as well as I do in my dread of fire and plague, which are two things very little feared here.",fear,0.990200936794281,0.001295636873692274,0.0030747628770768642,0.0024644993245601654,0.0006945048226043582,0.0012856865068897605,0.990200936794281,0.0009840286802500486,0.0030747628770768642,0.9871261739172041,neutral
37,"Most families have had their houses burnt down once or twice, occasioned by their extraordinary way of warming themselves, which is neither by chimnies (sic) nor stoves, but by a certain machine called a _tendour_, the height of two feet, in the form of a table, covered with a fine carpet or embroidery.",anger,0.4025110602378845,0.007165263872593641,0.28166282176971436,0.03129824995994568,0.10836640745401382,0.4025110602378845,0.042730316519737244,0.12626585364341736,0.28166282176971436,0.12084823846817017,neutral
37,"This is made only of wood, and they put into it a small quantity of hot ashes, and sit with their legs under the carpet.",neutral,0.5055348873138428,0.0027378506492823362,0.5055348873138428,0.012949402444064617,0.006180565804243088,0.03523389995098114,0.00376889668405056,0.4335944950580597,0.4335944950580597,0.07194039225578308,disgust
37,"At this table they work, read and very often, sleep; and, if they chance to dream, kick down the _tendour_, and the hot ashes commonly set the house on fire.",anger,0.7963197827339172,0.002281351713463664,0.061807941645383835,0.010017693042755127,0.002568277297541499,0.7963197827339172,0.06947571784257889,0.05752931162714958,0.06947571784257889,0.7268440648913383,fear
37,"There were five hundred houses burnt in this manner about a fortnight ago, and I have seen several of the owners since, who seem not at all moved at so common a misfortune.",anger,0.2915390431880951,0.0031586154364049435,0.1727188229560852,0.22980979084968567,0.08756301552057266,0.2915390431880951,0.01903415285050869,0.19617651402950287,0.22980979084968567,0.061729252338409424,sadness
37,"They put their goods into a _bark_, and see their houses burn with great philosophy, their persons being very seldom endangered, having no stairs to descend.",anger,0.9191743731498718,0.000742102216463536,0.026616163551807404,0.010345564223825932,0.005319424904882908,0.9191743731498718,0.01452835462987423,0.02327398583292961,0.026616163551807404,0.8925582095980644,neutral
37,"BUT, having entertained you with things I don't like, 'tis but just I should tell you something that pleases me.",joy,0.6083906888961792,0.6083906888961792,0.20577257871627808,0.037160493433475494,0.01676088385283947,0.04884918034076691,0.002835022984072566,0.08023113012313843,0.20577257871627808,0.4026181101799011,neutral
37,The climate is delightful in the extremest degree.,joy,0.9327849745750427,0.9327849745750427,0.038500696420669556,0.007597708143293858,0.0034081265330314636,0.0015213636215776205,0.0009573069983161986,0.015229706652462482,0.038500696420669556,0.8942842781543732,neutral
37,"I am  now sitting, this present fourth of January, with the windows open, enjoying the warm shine of the sun, while you are freezing over a sad sea-coal fire; and my chamber is set out with carnations, roses, and jonquils, fresh from my garden.",sadness,0.8450204133987427,0.12088146805763245,0.01663968153297901,0.8450204133987427,0.013274729251861572,0.0015101953176781535,0.000993564841337502,0.0016798865981400013,0.12088146805763245,0.7241389453411102,joy
37,"I am also charmed with many points of the Turkish law, to our shame be it spoken, better designed, and better executed than ours; particularly, the punishment of convicted liars (triumphant criminals in our country, God knows).",disgust,0.693491518497467,0.07194773107767105,0.15902137756347656,0.01979357935488224,0.00489518977701664,0.04763954132795334,0.003211114089936018,0.693491518497467,0.15902137756347656,0.5344701409339905,neutral
37,"They are burnt in the forehead with a hot iron, when they are proved the authors of any notorious falsehoods.",disgust,0.4928196668624878,0.001156629528850317,0.05265999212861061,0.015652155503630638,0.0019487920217216015,0.42310839891433716,0.012654325924813747,0.4928196668624878,0.42310839891433716,0.06971126794815063,anger
37,How many white foreheads should we see disfigured!,surprise,0.7668682932853699,0.0028677789960056543,0.11186426132917404,0.021142883226275444,0.7668682932853699,0.033638808876276016,0.012223581783473492,0.051394347101449966,0.11186426132917404,0.6550040319561958,neutral
37,"How many fine gentlemen would be forced to wear their wigs as low as their eye-brows, were this law in practice with us!",surprise,0.6742358207702637,0.003019518218934536,0.09729650616645813,0.026020359247922897,0.6742358207702637,0.06369365751743317,0.010406267829239368,0.12532784044742584,0.12532784044742584,0.5489079803228378,disgust
37,"I should go on to tell you many other parts of justice, but I must send for my midwife.",neutral,0.6212494969367981,0.01087767630815506,0.6212494969367981,0.19626416265964508,0.010951721109449863,0.027035651728510857,0.027027903124690056,0.10659341514110565,0.19626416265964508,0.424985334277153,sadness
38,"I HAVE not written to you, dear sister, these many months--a great piece of self-denial.",neutral,0.41948339343070984,0.08816910535097122,0.41948339343070984,0.17988047003746033,0.025755735114216805,0.09355775266885757,0.029806368052959442,0.16334718465805054,0.17988047003746033,0.2396029233932495,sadness
38,"But I know not where to direct, or what part of the world you are in.",neutral,0.9145402908325195,0.001792216906324029,0.9145402908325195,0.01724230870604515,0.009782633744180202,0.0130406329408288,0.012943192385137081,0.030658748000860214,0.030658748000860214,0.8838815428316593,disgust
38,"I have received no letter from you since that short note of April last, in which you tell me, that you are on the point of leaving England, and promise me a direction for the place you stay in; but I have, in vain, expected it till now; and now I only learn from the gazette, that you are returned, which induces me to venture this letter to your house at London.",sadness,0.6238266825675964,0.019111646339297295,0.12537601590156555,0.6238266825675964,0.1729191094636917,0.026809999719262123,0.02378206141293049,0.008174510672688484,0.1729191094636917,0.4509075731039047,surprise
38,"I had rather ten of my letters should be lost, than you imagine I don't write; and I think it is hard fortune, if one in ten don't reach you.",sadness,0.4647018015384674,0.007367913145571947,0.20517657697200775,0.4647018015384674,0.24969753623008728,0.01875031553208828,0.035630907863378525,0.018674932420253754,0.24969753623008728,0.21500426530838013,surprise
38,"However, I am resolved to keep the copies, as testimonies of my inclination, to give you, to the utmost of my power, all the diverting part of my travels, while you are exempt from all the fatigues and inconveniences.",neutral,0.8180475234985352,0.07224716246128082,0.8180475234985352,0.03385043889284134,0.0032727750949561596,0.0412028469145298,0.005102058872580528,0.0262772049754858,0.07224716246128082,0.7458003610372543,joy
38,"IN the first place, then, I wish you joy of your niece; for I was brought to bed of a daughter [Footnote: The present Countess of Bute] five weeks ago.",joy,0.9328163862228394,0.9328163862228394,0.00916121993213892,0.0394691601395607,0.015915177762508392,0.0008084532455541193,0.0008654143894091249,0.0009641435462981462,0.0394691601395607,0.8933472260832787,sadness
38,"I don't mention this as one of my diverting adventures; though I must own, that it is not half so mortifying here as in England; there being as much difference, as there is between a little cold in the head, which sometimes happens here, and the consumption cough, so common in London.",disgust,0.745944619178772,0.001737796002998948,0.026128824800252914,0.04251594841480255,0.015634313225746155,0.018442779779434204,0.14959564805030823,0.745944619178772,0.14959564805030823,0.5963489711284637,fear
38,"No body keeps their house a month for lying in; and I am not so fond of any of our customs, as to retain them when they are not necessary.",neutral,0.466744065284729,0.010362454690039158,0.466744065284729,0.0817221999168396,0.01544511504471302,0.03838652744889259,0.020335881039500237,0.36700373888015747,0.36700373888015747,0.09974032640457153,disgust
38,"I returned my visits at three weeks end; and, about four days ago, crossed the sea, which divides this place from Constantinople, to make a new one, where I had the good fortune to pick up many curiosities.",joy,0.9480248093605042,0.9480248093605042,0.019168473780155182,0.01242264173924923,0.012221046723425388,0.003163305576890707,0.003644529264420271,0.001355188200250268,0.019168473780155182,0.928856335580349,neutral
38,"I went to see the sultana: Hafiten, favourite of the late emperor Mustapha, who, you know, (or perhaps you don't know) was deposed by his brother, the reigning sultan, and died a few weeks after, being poisoned, as it was generally believed.",sadness,0.8581565618515015,0.0045707449316978455,0.026917338371276855,0.8581565618515015,0.0067183529026806355,0.011828484013676643,0.007042258977890015,0.08476626127958298,0.08476626127958298,0.7733903005719185,disgust
38,"This lady was, immediately after his death, saluted with an absolute order to leave the seraglio, and chuse herself a husband among the great men at the Porte.",disgust,0.9602704048156738,0.0019652675837278366,0.008153162896633148,0.00379833928309381,0.0006119548343122005,0.02191995270550251,0.003280858974903822,0.9602704048156738,0.02191995270550251,0.9383504521101713,anger
38,"I suppose you may imagine her overjoyed at this proposal.--Quite the contrary.--These women, who are called, and esteem themselves queens, look upon this liberty as the greatest disgrace and affront that can happen to them.",joy,0.9327684640884399,0.9327684640884399,0.016135763376951218,0.008458854630589485,0.0031527818646281958,0.010428563691675663,0.0009077319409698248,0.028147833421826363,0.028147833421826363,0.9046206306666136,disgust
38,"She threw herself at the sultan's feet, and begged him to poniard (sic) her, rather than use his brother's widow with that contempt.",anger,0.5697658658027649,0.001513105584308505,0.033886246383190155,0.01012897677719593,0.002660419326275587,0.5697658658027649,0.0042017726227641106,0.3778436779975891,0.3778436779975891,0.19192218780517578,disgust
38,"She represented to him, in agonies of sorrow, that she was privileged from this misfortune, by having brought five princes into the Ottoman family; but all the boys being dead, and only one girl surviving, this excuse was not received, and she was compelled to make her choice.",sadness,0.970996081829071,0.001958955079317093,0.011652212589979172,0.970996081829071,0.001790322596207261,0.002493815729394555,0.001234630006365478,0.009873971343040466,0.011652212589979172,0.9593438692390919,neutral
38,"She chose Bekir Effendi, then secretary of state, and above four score years old, to convince the world, that she firmly intended to keep the vow she had made, of never suffering a second husband to approach her bed; and since she must honour some subject so far, as to be called his wife, she would chuse him as a mark of her gratitude, since it was he that had presented her, at the age of ten years, to, her last lord.",neutral,0.6448079943656921,0.22104525566101074,0.6448079943656921,0.018574710935354233,0.018297726288437843,0.05382687970995903,0.0011286246590316296,0.042318783700466156,0.22104525566101074,0.4237627387046814,joy
38,"But she never permitted him to pay her one visit; though it is now fifteen years she has been in his house, where she passes her time in uninterrupted mourning, with a constancy very little known in Christendom, especially in a widow of one and twenty, for she is now but thirty-six.",sadness,0.7756088376045227,0.004724232945591211,0.14569351077079773,0.7756088376045227,0.010800998657941818,0.006709611508995295,0.011506608687341213,0.04495622590184212,0.14569351077079773,0.629915326833725,neutral
38,"She has no black eunuchs for her guard, her husband being obliged to respect her as a queen, and not to inquire at all into what is done in her apartment.",neutral,0.5646815896034241,0.003940718248486519,0.5646815896034241,0.020397435873746872,0.00427829846739769,0.08290310949087143,0.009325068444013596,0.31447380781173706,0.31447380781173706,0.250207781791687,disgust
38,"I WAS led into a large room, with a sofa the whole length of it, adorned with white marble pillars like a _ruelle_, covered with pale blue figured velvet, on a silver ground, with cushions of the same, where I was desired to repose, till the sultana appeared, who had contrived this manner of reception, to avoid rising up at my entrance, though she made me an inclination of her head, when I rose up to her.",disgust,0.6357468366622925,0.020836886018514633,0.1840272843837738,0.027689151465892792,0.04074752703309059,0.034844789654016495,0.05610759183764458,0.6357468366622925,0.1840272843837738,0.4517195522785187,neutral
38,"I was very glad to observe a lady that had been distinguished by the favour of an emperor, to whom beauties were, every day, presented from all parts of the world.",joy,0.9885730743408203,0.9885730743408203,0.003112760139629245,0.0011612377129495144,0.0035504454281181097,0.0010002130875363946,0.00030514231184497476,0.002296975813806057,0.0035504454281181097,0.9850226289127022,surprise
38,"But she did not seem to me, to have ever been half so beautiful as the fair Fatima I saw at Adrianople; though she had the remains of a fine face, more decayed by sorrow than time.",sadness,0.9685702919960022,0.0026866344269365072,0.015189421363174915,0.9685702919960022,0.004469221457839012,0.00089922861661762,0.0017319998005405068,0.006453228648751974,0.015189421363174915,0.9533808706328273,neutral
38,"But her dress was something so surprisingly rich, that I cannot forbear describing it to you.",surprise,0.9642462730407715,0.008638099767267704,0.017818043008446693,0.0009337468072772026,0.9642462730407715,0.0035453729797154665,0.0018687979318201542,0.002949715359136462,0.017818043008446693,0.9464282300323248,neutral
38,"She wore a vest called _dualma_, which differs from a _caftan_ by longer sleeves, and folding over at the bottom.",neutral,0.7716969847679138,0.011250054463744164,0.7716969847679138,0.027114195749163628,0.046209461987018585,0.013797623105347157,0.007482632528990507,0.12244892120361328,0.12244892120361328,0.6492480635643005,disgust
38,"It was of purple cloth, strait to her shape, and thick set, on each side, down to her feet, and round the sleeves, with pearls of the best water, of the same size as their buttons commonly are.",neutral,0.7627947330474854,0.017432186752557755,0.7627947330474854,0.013268874026834965,0.02843611314892769,0.012706160545349121,0.0034342692233622074,0.16192759573459625,0.16192759573459625,0.6008671373128891,disgust
38,"You must not suppose, that I mean as large as those of my Lord ----, but about the bigness of a pea; and to these buttons large loops of diamonds, in the form of those gold loops, so common on birth-day coats.",neutral,0.779237687587738,0.011161637492477894,0.779237687587738,0.011093387380242348,0.12017343193292618,0.013388805091381073,0.002586864400655031,0.06235815957188606,0.12017343193292618,0.6590642556548119,surprise
38,"This habit was tied, at the waist, with two large tassels of smaller pearls, and round the arms embroidered with large diamonds.",neutral,0.7810004353523254,0.010304674506187439,0.7810004353523254,0.01321554183959961,0.014917830936610699,0.02121918462216854,0.004184147343039513,0.1551581770181656,0.1551581770181656,0.6258422583341599,disgust
38,"Her shift was fastened at the bottom with a great diamond, shaped like a lozenge; her girdle as broad as the broadest English ribband, entirely covered with diamonds.",neutral,0.4459112882614136,0.013284683227539062,0.4459112882614136,0.03716878965497017,0.14850905537605286,0.06269622594118118,0.04832236096262932,0.24410760402679443,0.24410760402679443,0.20180368423461914,disgust
38,"Round her neck she wore three chains, which reached to her knees; one of large pearl, at the bottom of which hung a fine coloured emerald, as big as a turkey-egg; another, consisting of two hundred emeralds, close joined together, of the most lively green, perfectly matched, every one as large as a half-crown piece, and as thick as three crown pieces, and another of small emeralds, perfectly round.",neutral,0.6941986680030823,0.16770842671394348,0.6941986680030823,0.007138065993785858,0.03060031495988369,0.015976404771208763,0.002876710845157504,0.08150145411491394,0.16770842671394348,0.5264902412891388,joy
38,But her ear-rings eclipsed all the rest.,surprise,0.6389365792274475,0.012328721582889557,0.26428335905075073,0.036020614206790924,0.6389365792274475,0.017882755026221275,0.0045603071339428425,0.02598765306174755,0.26428335905075073,0.3746532201766968,neutral
38,"They were two diamonds, shaped exactly like pears, as large as a big hazle-nut (sic).",neutral,0.9384610652923584,0.006491988897323608,0.9384610652923584,0.006782779470086098,0.016850609332323074,0.007937506772577763,0.0017911832546815276,0.02168487198650837,0.02168487198650837,0.91677619330585,disgust
38,"Round her _talpoche_ she had four strings of pearl--the whitest and most perfect in the world, at least enough to make four necklaces, every one as large as the duchess of Marlborough's, and of the same shape, fastened with two roses, consisting of a large ruby for the middle stone, and round them twenty drops of clean diamonds to each.",neutral,0.8117285370826721,0.0506008043885231,0.8117285370826721,0.009225203655660152,0.10110350698232651,0.011928063817322254,0.0019024059874936938,0.013511420227587223,0.10110350698232651,0.7106250301003456,surprise
38,"Besides this, her head-dress was covered with bodkins of emeralds and diamonds.",disgust,0.6331499218940735,0.013944576494395733,0.2681967318058014,0.029160307720303535,0.01929076947271824,0.030903667211532593,0.005353902466595173,0.6331499218940735,0.2681967318058014,0.3649531900882721,neutral
38,"She wore large diamond bracelets, and had five rings on her fingers (except Mr Pitt's) the largest I ever saw in my life.",surprise,0.37221571803092957,0.01616174727678299,0.34196534752845764,0.014478316530585289,0.37221571803092957,0.011988372541964054,0.00490104965865612,0.23828943073749542,0.34196534752845764,0.030250370502471924,neutral
38,"'Tis for jewellers to compute the value of these things; but, according to the common estimation of jewels, in our part of the world, her whole dress must be worth a hundred thousand pounds sterling.",neutral,0.5572202801704407,0.0094781294465065,0.5572202801704407,0.08680359274148941,0.22851751744747162,0.03177683800458908,0.014907141216099262,0.07129641622304916,0.22851751744747162,0.32870276272296906,surprise
38,"This I am sure of, that no European queen has half the quantity; and the empress's jewels, though very fine would look very mean near her's.",neutral,0.9305504560470581,0.013772671110928059,0.9305504560470581,0.007142136339098215,0.020689241588115692,0.006191588006913662,0.0032709608785808086,0.01838287152349949,0.020689241588115692,0.9098612144589424,surprise
38,"She gave me a dinner of fifty dishes of meat, which (after their fashion) were placed on the table but one at a time, and was extremely tedious.",disgust,0.8610173463821411,0.0033797856885939837,0.06482498347759247,0.042882371693849564,0.008299949578940868,0.01639142632484436,0.003204184817150235,0.8610173463821411,0.06482498347759247,0.7961923629045486,neutral
38,But the magnificence of her table answered very well to that of her dress.,disgust,0.3530724346637726,0.2820717990398407,0.3169704079627991,0.010578231886029243,0.017492035403847694,0.016264306381344795,0.0035506803542375565,0.3530724346637726,0.3169704079627991,0.03610202670097351,neutral
38,"The knives were of gold, and the hafts set with diamonds.",neutral,0.6688604354858398,0.029675547033548355,0.6688604354858398,0.020499471575021744,0.09548407793045044,0.03942988067865372,0.011097356677055359,0.13495324552059174,0.13495324552059174,0.5339071899652481,disgust
38,"But the piece of luxury which grieved my eyes, was the table-cloth and napkins, which were all tiffany, embroidered with silk and gold, in the finest manner, in natural flowers.",disgust,0.7803522348403931,0.003434767946600914,0.0221302080899477,0.1699552983045578,0.0037594253662973642,0.019132103770971298,0.0012358886888250709,0.7803522348403931,0.1699552983045578,0.6103969365358353,sadness
38,"It was with the utmost regret that I made use of these costly napkins, which were as finely wrought as the finest handkerchiefs that ever came out of this country.",sadness,0.5150546431541443,0.004424235783517361,0.32638177275657654,0.5150546431541443,0.008622091263532639,0.013995835557579994,0.00840656366199255,0.12311485409736633,0.32638177275657654,0.18867287039756775,neutral
38,"You may be sure, that they were entirely spoiled before dinner was over.",neutral,0.9149273037910461,0.012638349086046219,0.9149273037910461,0.011435543186962605,0.014751284383237362,0.007587954867631197,0.0016660013934597373,0.03699353709816933,0.03699353709816933,0.8779337666928768,disgust
38,The sherbet (which is the liquor they drink at meals) was served in china bowls; but the covers and salvers massy gold.,disgust,0.8779321908950806,0.005842090118676424,0.09518560022115707,0.007321745622903109,0.0052236528135836124,0.005269778426736593,0.003224828979000449,0.8779321908950806,0.09518560022115707,0.7827465906739235,neutral
38,"After dinner, water was brought in gold basons, and towels of the same kind with the napkins, which I very unwillingly wiped my hands upon, and coffee was served in china, with gold _soucoups_ [Footnote: Saucers.]",disgust,0.5570000410079956,0.04362356290221214,0.36188551783561707,0.012871815823018551,0.010506114922463894,0.006828133016824722,0.007284755818545818,0.5570000410079956,0.36188551783561707,0.19511452317237854,neutral
38,"THE sultana seemed in a very good humour, and talked to me with the utmost civility.",disgust,0.5809363126754761,0.0666852593421936,0.16905033588409424,0.02573898807168007,0.002659294055774808,0.15289650857448578,0.0020333202555775642,0.5809363126754761,0.16905033588409424,0.41188597679138184,neutral
38,"I did not omit this opportunity of learning all that I possibly could of the seraglio, which is so entirely unknown amongst us.",neutral,0.9194602370262146,0.005279612261801958,0.9194602370262146,0.00769114401191473,0.0395115427672863,0.006037211045622826,0.007349003106355667,0.01467125117778778,0.0395115427672863,0.8799486942589283,surprise
38,"She assured me, that the story of the sultan's _throwing a handkerchief_, is altogether fabulous; and the manner, upon that occasion, no other than this: He sends the _kyslir aga_, to signify to the lady the honour he intends her.",joy,0.7740011811256409,0.7740011811256409,0.15185004472732544,0.003541824407875538,0.017893167212605476,0.009980181232094765,0.002577472012490034,0.040156181901693344,0.15185004472732544,0.6221511363983154,neutral
38,"She is immediately complimented upon it, by the others, and led to the bath, where she is perfumed and dressed in the most magnificent and becoming manner.",disgust,0.5976005792617798,0.07461623102426529,0.28462880849838257,0.004886946175247431,0.021525990217924118,0.012838591821491718,0.003902782453224063,0.5976005792617798,0.28462880849838257,0.3129717707633972,neutral
38,"The emperor precedes his visit by a royal present, and then comes into her apartment: neither is there any such thing as her creeping in at the bed's foot.",disgust,0.424540251493454,0.002945040352642536,0.2221328169107437,0.009560353122651577,0.03274790942668915,0.023995570838451385,0.28407803177833557,0.424540251493454,0.28407803177833557,0.1404622197151184,fear
38,"She said, that the first he made choice of was always after the first in rank, and not the mother of the eldest son, as other writers would make us believe.",neutral,0.9436306953430176,0.004016272723674774,0.9436306953430176,0.004064774140715599,0.02529163844883442,0.008832467719912529,0.0024521229788661003,0.011712048202753067,0.02529163844883442,0.9183390568941832,surprise
38,"Sometimes the sultan diverts himself in the company of all his ladies, who stand in a circle round him.",disgust,0.8966708779335022,0.0007934405584819615,0.04611152410507202,0.0050799911841750145,0.0036551004741340876,0.03695645183324814,0.010732640512287617,0.8966708779335022,0.04611152410507202,0.8505593538284302,neutral
38,"And she confessed, they were ready to die with envy and jealousy of the _happy she_ that he distinguished by any appearance of preference.",neutral,0.9023256301879883,0.017413603141903877,0.9023256301879883,0.006688011810183525,0.007365759927779436,0.036830637603998184,0.001883335062302649,0.027493055909872055,0.036830637603998184,0.8654949925839901,anger
38,"But this seemed to me neither better nor worse than the circles in most courts, where the glance of the monarch is watched, and every smile is waited for with impatience, and envied by those who cannot obtain it.",anger,0.6442776322364807,0.0010377408470958471,0.01883816532790661,0.008073139935731888,0.0017040394013747573,0.6442776322364807,0.006243718788027763,0.31982553005218506,0.31982553005218506,0.32445210218429565,disgust
38,"SHE never mentioned the sultan without tears in her eyes, yet she seemed very fond of the discourse.",disgust,0.7163214087486267,0.05738181620836258,0.17977771162986755,0.029280466958880424,0.004444986116141081,0.011034082621335983,0.0017594266682863235,0.7163214087486267,0.17977771162986755,0.5365436971187592,neutral
38,"""My past happiness, _said she_, ""appears a dream to me.",joy,0.48762351274490356,0.48762351274490356,0.3619343638420105,0.06084416061639786,0.05605803057551384,0.009575404226779938,0.02117137797176838,0.0027931462973356247,0.3619343638420105,0.12568914890289307,neutral
38,"Yet I cannot forget, that I was beloved by ""the greatest and most lovely of mankind.",joy,0.6412687301635742,0.6412687301635742,0.23145578801631927,0.08292696624994278,0.030058087781071663,0.004350792150944471,0.0025841635651886463,0.0073554497212171555,0.23145578801631927,0.40981294214725494,neutral
38,"I was chosen from all the ""rest, to make all his campaigns with him; and I would not survive ""him, if I was not passionately fond of the princess my daughter.",sadness,0.46377474069595337,0.025673123076558113,0.10253928601741791,0.46377474069595337,0.0038525036070495844,0.13268248736858368,0.04894554987549782,0.22253242135047913,0.22253242135047913,0.24124231934547424,disgust
38,"""Yet all my tenderness for her was hardly enough to make me preserve ""my life.",sadness,0.5556168556213379,0.3386387526988983,0.0606222003698349,0.5556168556213379,0.009937332943081856,0.014055460691452026,0.0020930450409650803,0.01903630793094635,0.3386387526988983,0.21697810292243958,joy
38,"When I left him, I passed a whole twelvemonth without ""seeing the light.",disgust,0.460591584444046,0.004372048191726208,0.05006183311343193,0.29370683431625366,0.0032136570662260056,0.08667215704917908,0.10138192772865295,0.460591584444046,0.29370683431625366,0.16688475012779236,sadness
38,"Time has softened my despair; yet I now pass some ""days every week in tears, devoted to the memory of my sultan.""",sadness,0.9607036709785461,0.003393280552700162,0.006562923546880484,0.9607036709785461,0.001500252983532846,0.0013568035792559385,0.024824777618050575,0.0016582388198003173,0.024824777618050575,0.9358788933604956,fear
38,There was no affectation in these words.,neutral,0.6254101991653442,0.00582744600251317,0.6254101991653442,0.022777287289500237,0.017851270735263824,0.033774763345718384,0.006902447436004877,0.28745657205581665,0.28745657205581665,0.3379536271095276,disgust
38,"It was easy to see she was in a deep melancholy, though her good humour made her willing to divert me.",sadness,0.9219205975532532,0.03158346191048622,0.03141385689377785,0.9219205975532532,0.0024594194255769253,0.0014509317697957158,0.0009097185684368014,0.01026204600930214,0.03158346191048622,0.890337135642767,joy
38,"SHE asked me to walk in her garden, and one of her slaves immediately brought her a _pellice_ of rich brocade lined with sables.",neutral,0.49825090169906616,0.06842179596424103,0.49825090169906616,0.005702339578419924,0.1656518280506134,0.08944418281316757,0.0026591415517032146,0.16986986994743347,0.16986986994743347,0.3283810317516327,disgust
38,"I waited on her into the garden, which had nothing in it remarkable but the fountains; and from thence she shewed me all her apartments.",surprise,0.40034064650535583,0.018262172117829323,0.33799779415130615,0.015676137059926987,0.40034064650535583,0.032393679022789,0.06747689098119736,0.1278526782989502,0.33799779415130615,0.06234285235404968,neutral
38,"In her bed-chamber, her toilet was displayed, consisting of two looking-glasses, the frames covered With pearls, and her night _talpoche_ set with bodkins of jewels, and near it three vests of fine sables, every one of which is, at least, worth a thousand dollars, (two hundred pounds English money.)",neutral,0.6700975298881531,0.03609815984964371,0.6700975298881531,0.012177543714642525,0.07974258065223694,0.01836300827562809,0.006635176949203014,0.17688603699207306,0.17688603699207306,0.49321149289608,disgust
38,"I don't doubt but these rich habits were purposely placed in sight, though they seemed negligently thrown on the sofa.",disgust,0.6571587920188904,0.005299271084368229,0.18327298760414124,0.01989973522722721,0.004615257494151592,0.10684995353221893,0.022903934121131897,0.6571587920188904,0.18327298760414124,0.47388580441474915,neutral
38,"When I took my leave of her, I was complimented with perfumes, as at the grand vizier's, and presented with a very fine embroidered handkerchief.",joy,0.4821182191371918,0.4821182191371918,0.07379178702831268,0.008004510775208473,0.005974280647933483,0.017751803621649742,0.002358047291636467,0.41000139713287354,0.41000139713287354,0.07211682200431824,disgust
38,"Her slaves were to the number of thirty, besides ten little ones, the eldest not above seven years old.",neutral,0.8647225499153137,0.040602948516607285,0.8647225499153137,0.02673666924238205,0.038725558668375015,0.0035484624095261097,0.0030273511074483395,0.02263646572828293,0.040602948516607285,0.8241196013987064,joy
38,"These were the most beautiful girls I ever saw, all richly dressed; and I observed that the sultana took a great deal of pleasure in these lovely children, which is a vast expence; for there is not a handsome girl of that age to be bought under a hundred pounds sterling.",disgust,0.5455719232559204,0.22264568507671356,0.1681561917066574,0.0223919115960598,0.024795174598693848,0.01389907207340002,0.0025400198064744473,0.5455719232559204,0.22264568507671356,0.32292623817920685,joy
38,"They wore little garlands of flowers, and their own hair, braided, which was all their head-dress; but their habits were all of gold stuffs.",disgust,0.5056815147399902,0.004844654351472855,0.43734392523765564,0.012352705001831055,0.015440172515809536,0.020960450172424316,0.0033765153493732214,0.5056815147399902,0.43734392523765564,0.0683375895023346,neutral
38,"These served her coffee kneeling; brought water when she washed, &c.--'Tis a great part of the work of the older slaves to take care of these young girls, to learn them to embroider, and to serve them as carefully as if they were children of the family.",neutral,0.4065367579460144,0.08707815408706665,0.4065367579460144,0.031606897711753845,0.01621665433049202,0.050675176084041595,0.033941932022571564,0.3739444315433502,0.3739444315433502,0.032592326402664185,disgust
38,"Now, do you imagine I have entertained you, all this while, with a relation that has, at least, received many embellishments from my hand?",neutral,0.7708373069763184,0.04200613126158714,0.7708373069763184,0.0047476161271333694,0.1358388364315033,0.026555443182587624,0.00256046699360013,0.01745418645441532,0.1358388364315033,0.6349984705448151,surprise
38,"This, you will say, is but too like the Arabian tales.--These embroidered napkins!",surprise,0.407604455947876,0.07769937068223953,0.30523961782455444,0.018495114520192146,0.407604455947876,0.057124778628349304,0.005734944250434637,0.12810176610946655,0.30523961782455444,0.10236483812332153,neutral
38,"and a jewel as large as a turkey's egg!--You forget, dear sister, those very tales were written by an author of this country, and (excepting the enchantments) are a real representation of the manners here.",neutral,0.7249804139137268,0.029963774606585503,0.7249804139137268,0.013571091927587986,0.19305573403835297,0.017558244988322258,0.0030530747026205063,0.017817765474319458,0.19305573403835297,0.5319246798753738,surprise
38,"We travellers are in very hard circumstances: If we say nothing but what has been said before us, _we are dull, and we have  observed nothing_.",sadness,0.9479253888130188,0.003361094044521451,0.021886184811592102,0.9479253888130188,0.005625491496175528,0.006214965600520372,0.007615936454385519,0.007371010724455118,0.021886184811592102,0.9260392040014267,neutral
38,"If we tell any thing new, we are laughed at as _fabulous and romantic_, not allowing either for the difference of ranks, which affords difference of company, or more curiosity, or the change of customs, that happen every twenty years in every country.",neutral,0.722690224647522,0.13670945167541504,0.722690224647522,0.005097233224660158,0.011554124765098095,0.038004908710718155,0.0017219536239281297,0.08422207832336426,0.13670945167541504,0.5859807729721069,joy
38,"But the truth is, people judge of travellers, exactly with the same candour, good nature, and impartiality, they judge of their neighbours upon all occasions.",neutral,0.9374688267707825,0.005179122556000948,0.9374688267707825,0.00255051301792264,0.0046955314464867115,0.02070038951933384,0.002210417529568076,0.027195291593670845,0.027195291593670845,0.9102735351771116,disgust
38,"For my part, if I live to return amongst you, I am so well acquainted with the morals of all my dear friends and acquaintances, that I am resolved to tell them nothing at all, to avoid the imputation (which their charity would certainly incline them to) of my telling too much.",neutral,0.3795984983444214,0.18920814990997314,0.3795984983444214,0.07071148604154587,0.004040184430778027,0.1387469619512558,0.016268528997898102,0.20142622292041779,0.20142622292041779,0.1781722754240036,disgust
38,"But I depend upon your knowing me enough, to believe whatever I seriously assert for truth; though I give you leave to be surprised at an account so new to you.",surprise,0.9773645997047424,0.002697471994906664,0.012260230258107185,0.000999931595288217,0.9773645997047424,0.004313385579735041,0.0011848843423649669,0.0011794822057709098,0.012260230258107185,0.9651043694466352,neutral
38,"But what would you say if I told you, that I have been in a haram, where the winter apartment was wainscoted (sic) with inlaid work of mother of pearl, ivory of different colours, and olive wood, exactly like the little boxes you have seen brought Out of this country; and in whose rooms designed for summer, the walls are all crusted with japan china, the roofs gilt, and the floors spread with the finest Persian carpets?",neutral,0.37300437688827515,0.004124987870454788,0.37300437688827515,0.02831200882792473,0.23897306621074677,0.04768625646829605,0.010398364625871181,0.2975009083747864,0.2975009083747864,0.07550346851348877,disgust
38,"Yet there is nothing more true; such is the palace of my lovely friend, the fair Fatima, whom I was acquainted with at Adrianople.",neutral,0.3110364079475403,0.02435999922454357,0.3110364079475403,0.08349235355854034,0.23824667930603027,0.09514472633600235,0.022969719022512436,0.22475016117095947,0.23824667930603027,0.07278972864151001,surprise
38,"I went to visit her yesterday; and, if possible, she appeared to me handsomer than before.",surprise,0.4351252019405365,0.28202009201049805,0.24419966340065002,0.023289721459150314,0.4351252019405365,0.0026540514081716537,0.008291649632155895,0.004419584292918444,0.28202009201049805,0.15310510993003845,joy
38,"She met me at the door of her chamber, and, giving me her hand With the best grace in the world; You Christian ladies (said she, with a smile that made her as beautiful as an angel) have the reputation of inconstancy, and I did not expect, whatever goodness you expressed for me at Adrianople, that I should ever see you again.",neutral,0.40207982063293457,0.28995367884635925,0.40207982063293457,0.01311168447136879,0.10332760959863663,0.02699611335992813,0.01418993715196848,0.15034110844135284,0.28995367884635925,0.11212614178657532,joy
38,"But I am now convinced that I have really the happiness of pleasing you; and, if you knew how I speak of you amongst our ladies, you would be assured, that you do me justice in making me your friend.",joy,0.9363104104995728,0.9363104104995728,0.041945502161979675,0.0033549994695931673,0.0025954588782042265,0.007922590710222721,0.0033533996902406216,0.004517692141234875,0.041945502161979675,0.8943649083375931,neutral
38,"She placed me in the corner of the sofa, and I spent the afternoon in her conversation, with the greatest pleasure in the world.--The sultana Hafiten is, what one Would naturally expect to find a Turkish lady, willing to oblige, but not knowing how to go about it; and 'tis easy to see, in her manner, that she has lived excluded from the world.",disgust,0.5074893832206726,0.11514336615800858,0.09614250063896179,0.21243183314800262,0.017227105796337128,0.04636114835739136,0.005204703193157911,0.5074893832206726,0.21243183314800262,0.29505755007267,sadness
38,"But Fatima has all the politeness and good breeding of a court, with an air that inspires, at once, respect and tenderness; and now, that I understand her language, I find her wit as agreeable as her beauty.",joy,0.6458542943000793,0.6458542943000793,0.26885098218917847,0.010274305008351803,0.005209905561059713,0.013478280045092106,0.0007936241454444826,0.055538635700941086,0.26885098218917847,0.3770033121109009,neutral
38,"She is very carious after the manners of other countries, and has not the partiality for her own, so common in little minds.",neutral,0.8745823502540588,0.0038210200145840645,0.8745823502540588,0.007699359208345413,0.012066726572811604,0.007826053537428379,0.0019214312778785825,0.09208299219608307,0.09208299219608307,0.7824993580579758,disgust
38,"A Greek that I carried with me, who had never seen her before, (nor could have been admitted now, if she had not been in my train,) shewed that surprise at her beauty and manners, which is unavoidable at the first sight, and said to me in Italian,--_This is no Turkish lady, she is certainly some Christian_.--Fatima guessed she spoke of her, and asked what she said.",surprise,0.9589880704879761,0.014114881865680218,0.01363626029342413,0.001977719599381089,0.9589880704879761,0.005356738343834877,0.004281168803572655,0.0016452211420983076,0.014114881865680218,0.9448731886222959,joy
38,"I would not have told her, thinking she would have been no better pleased with the compliment, than one of our court beauties to be told she had the air of a Turk; but the Greek lady told it to her; and she smiled, saying, _It is not the first time I have heard so: my mother was a Poloneze, taken at the siege of Caminiec; and my father used to rally me, saying, He believed his Christian wife had found some gallant; for that I had not the air of a Turkish girl_.--I assured her, that if all the Turkish ladies were like her, it was absolute necessary to confine them from public view, for the repose of mankind; and proceeded to tell her, what a noise such a face as hers would make in London or Paris.",joy,0.3488321304321289,0.3488321304321289,0.2360360026359558,0.012007004581391811,0.018361547961831093,0.04849357530474663,0.008600099943578243,0.3276696801185608,0.3276696801185608,0.021162450313568115,disgust
38,"_I can't believe you_, replied she agreeably; _if beauty was so much valued in your country, as you say, they would never have suffered you to leave it_.--Perhaps, dear sister, you laugh at my vanity in repeating this compliment; but I only do it, as I think it very well turned, and give it you as an instance of the spirit of her conversation.",surprise,0.5008432865142822,0.193027064204216,0.18196992576122284,0.02095191180706024,0.5008432865142822,0.08052488416433334,0.010501222684979439,0.012181656435132027,0.193027064204216,0.3078162223100662,joy
38,"Her house was magnificently furnished, and very well fancied; her winter rooms being furnished with figured velvet, on gold grounds, and those for summer, with fine Indian quilting embroidered with gold.",joy,0.7817990779876709,0.7817990779876709,0.1378052681684494,0.011816222220659256,0.014587991870939732,0.010373697616159916,0.0015866359462961555,0.04203107953071594,0.1378052681684494,0.6439938098192215,neutral
38,The houses of the great Turkish ladies are kept clean with as much nicety as those in Holland.,neutral,0.9044799208641052,0.016215596348047256,0.9044799208641052,0.007630796637386084,0.004651629365980625,0.006966326851397753,0.00196183193475008,0.05809382349252701,0.05809382349252701,0.8463860973715782,disgust
38,"This was situated in a high part of the town; and from the window of her summer apartment, we had the prospect of the sea, the islands, and the Asian mountains.--My letter is insensibly grown so long, I am ashamed of it.",disgust,0.8944590091705322,0.00230048643425107,0.035111092031002045,0.030057784169912338,0.010143525898456573,0.0032175197266042233,0.02471071295440197,0.8944590091705322,0.035111092031002045,0.8593479171395302,neutral
38,This is a very bad symptom.,disgust,0.8730617761611938,0.0008256862056441605,0.016397103667259216,0.030047884210944176,0.002299376530572772,0.024183252826333046,0.053184960037469864,0.8730617761611938,0.053184960037469864,0.819876816123724,fear
38,'Tis well if I don't degenerate into a downright story-teller.,disgust,0.5258183479309082,0.015010424889624119,0.3202138841152191,0.042314887046813965,0.003411186160519719,0.07292162626981735,0.020309701561927795,0.5258183479309082,0.3202138841152191,0.2056044638156891,neutral
38,"It may be, our proverb, that _knowledge is no burden_, may be true, as to one's self but knowing too much, is very apt to make us troublesome to other people.",anger,0.44556623697280884,0.013052280060946941,0.28063157200813293,0.0680031031370163,0.003790956689044833,0.44556623697280884,0.09786862879991531,0.0910872220993042,0.28063157200813293,0.1649346649646759,neutral
38,"I am, &c, &c.",neutral,0.6513891220092773,0.06668077409267426,0.6513891220092773,0.1677403599023819,0.07808002084493637,0.011358694173395634,0.014719448052346706,0.010031585581600666,0.1677403599023819,0.48364876210689545,sadness
39,"I AM extremely pleased, my dear lady, that you have, at length, found a commission for me, that I can answer, without disappointing your expectations; though I must tell you, that it is not so easy as perhaps you think it; and that if my curiosity had not been more diligent than any other stranger's has ever yet been, I must have answered you with an excuse, as, I was forced to do, when you desired me to buy you a Greek slave.",joy,0.916702389717102,0.916702389717102,0.05176501348614693,0.00461209611967206,0.012993949465453625,0.007271206472069025,0.001064153155311942,0.005591152235865593,0.05176501348614693,0.8649373762309551,neutral
39,"I have got for you, as you desire, a Turkish love-letter, which I have put into a little box, and ordered the captain of the Smyrniote to deliver it to you with this letter.",neutral,0.9226039052009583,0.02411014400422573,0.9226039052009583,0.008803035132586956,0.019937772303819656,0.01616116799414158,0.0018490151269361377,0.006534942425787449,0.02411014400422573,0.8984937611967325,joy
39,"The translation of it is literally as follows: The first piece you should pull out of the purse, is a little pearl, which is in Turkish called _Ingi_, and must be understood in this manner: Ingi,              Sensin Uzellerin gingi _Pearl_,          _Fairest of the young_.",joy,0.4377935230731964,0.4377935230731964,0.2995586395263672,0.04802018776535988,0.12770670652389526,0.03269759193062782,0.03939216956496239,0.014831225387752056,0.2995586395263672,0.13823488354682922,neutral
39,"Caremfil,          Caremfilsen cararen yok _Clove_,           Conge gulsum timarin yok Benseny chok than severim Senin benden, haberin yok.",joy,0.4531412422657013,0.4531412422657013,0.14128592610359192,0.13697047531604767,0.2383555769920349,0.012021082453429699,0.014794442802667618,0.0034312382340431213,0.2383555769920349,0.21478566527366638,surprise
39,"_You are as slender as the clove!_ _You are an unblown rose!_ _I have long loved you, and you have not known it!_ Pul,               Derdime derman bul _Jonquil_,        _Have pity on my passion!_ Kihat,             Birlerum sahat sahat _Paper_,          _I faint every hour!_ Ermus,             Ver bixe bir umut _Pear_,           _Give me some hope._ Jabun,             Derdinden oldum zabun _Soap_,           _I am sick with love._ Chemur,            Ben oliyim size umur _Coal_,           _May I die, and all my years be yours!_ GUl                Ben aglarum sen gul _A rose_,         _May you be pleased, and your sorrows mine!_ Hasir,             Oliim sana yazir _A straw_,        _Suffer me to be your slave._ Jo ho,             Ustune bulunmaz pahu _Cloth_,          _Your price is not to be found._ Tartsin,           Sen ghel ben chekeim senin hargin _Cinnamon_,       _But my fortune is yours._ Giro,              Esking-ilen oldum ghira _A match_,        _I burn, I burn!",sadness,0.8420056700706482,0.02970222756266594,0.01762058399617672,0.8420056700706482,0.06065499782562256,0.008833796717226505,0.039162348955869675,0.0020204184111207724,0.06065499782562256,0.7813506722450256,surprise
39,"my flame consumes me!_ Sirma,             Uzunu benden a yirma _Goldthread_,     _Don't turn away your face._ Satch,             Bazmazum tatch _Hair_,           _Crown of my head!_ Uzum               Benim iki Guzum _Grape_,          _My eyes!_ Til,               Ulugorum tez ghel _Gold wire_,      _I die--come quickly._ And, by way of postscript: Beber,             Bize bir dogm haber _Pepper_,         _Send me an answer._ You see this letter is all in verse, and I can assure you, there is as much fancy shewn in the choice of them, as in the most studied expressions of our letters; there being, I believe, a million of verses designed for this use.",surprise,0.33900007605552673,0.1509929597377777,0.10724804550409317,0.2348022162914276,0.33900007605552673,0.13865827023983002,0.021264709532260895,0.008033723570406437,0.2348022162914276,0.10419785976409912,sadness
39,"There is no colour, no flower, no weed, no fruit, herb, pebble, or feather, that has not a verse belonging to it; and you may quarrel, reproach, or send letters of passion, friendship, or civility, or even Of news, without ever inking your fingers.",anger,0.8406369686126709,0.0020069738384336233,0.03691587224602699,0.006991545204073191,0.001570555497892201,0.8406369686126709,0.004313851241022348,0.1075642853975296,0.1075642853975296,0.7330726832151413,disgust
39,"I FANCY you are now wondering at my profound learning; but, alas!",surprise,0.9098930358886719,0.007441530469805002,0.02865363284945488,0.038348063826560974,0.9098930358886719,0.005996689200401306,0.004656513221561909,0.00501050753518939,0.038348063826560974,0.8715449720621109,sadness
39,"dear madam, I am almost fallen into the misfortune so common to the ambitious; while they are employed on distant insignificant conquests abroad, a rebellion starts up at home;--I am in great danger of losing my English.",fear,0.8065908551216125,0.003405618714168668,0.006238881032913923,0.169042706489563,0.0050629922188818455,0.007726570591330528,0.8065908551216125,0.0019323246087878942,0.169042706489563,0.6375481486320496,sadness
39,"I find 'tis not half so easy to me to write in it, as it was a twelvemonth ago.",neutral,0.5889616012573242,0.04230526462197304,0.5889616012573242,0.1288929432630539,0.2132127583026886,0.006891326978802681,0.008636385202407837,0.011099704541265965,0.2132127583026886,0.3757488429546356,surprise
39,"I am forced to study for expressions, and must leave off all other languages, and try to learn my mother tongue.--Human understanding is as much limited as human power, or human strength.",disgust,0.2586323916912079,0.0034515587612986565,0.07743853330612183,0.24063630402088165,0.003298457944765687,0.20411282777786255,0.21242989599704742,0.2586323916912079,0.24063630402088165,0.017996087670326233,sadness
39,"The memory can retain but a certain number of images; and 'tis as impossible for one human creature to be perfect master of ten different languages, as to have, in perfect subjection, ten different kingdoms, or to fight against ten men at a time; I am afraid I shall at last know none as I should do.",fear,0.9845718145370483,0.0010066698305308819,0.006164075341075659,0.00418917927891016,0.0014807197730988264,0.0015449763741344213,0.9845718145370483,0.001042622490786016,0.006164075341075659,0.9784077391959727,neutral
39,"I live in a place, that very well represents the tower of Babel: in Pera they speak Turkish, Greek, Hebrew, Armenian, Arabic, Persian, Russian, Sclavonian, Walachian, German, Dutch, French, English, Italian, Hungarian; and, what is worse, there are ten of these languages spoken in my own family.",disgust,0.9263242483139038,0.0005099172121845186,0.00824446976184845,0.003676757914945483,0.0009838229743763804,0.05655515938997269,0.003705650335177779,0.9263242483139038,0.05655515938997269,0.8697690889239311,anger
39,"My grooms are Arabs; my footmen French, English, and Germans; my nurse an Armenian; my house-maids Russians; half a dozen other servants, Greeks; my steward an Italian; my janizaries Turks; so that I live in the perpetual hearing of this medley of sounds, which produces a very extraordinary effect upon the people that are born here; for they learn all these languages at the same time, and without knowing any of them well enough to write or read in it.",neutral,0.580148458480835,0.03967016562819481,0.580148458480835,0.009361764416098595,0.3343833088874817,0.00971684418618679,0.012820436619222164,0.01389897521585226,0.3343833088874817,0.24576514959335327,surprise
39,"There are very few men, women, or even children here, that have not the same compass of words in five or six of them.",neutral,0.9517782330513,0.001979974564164877,0.9517782330513,0.005500870291143656,0.029480673372745514,0.00369855179451406,0.0013273624936118722,0.006234358064830303,0.029480673372745514,0.9222975596785545,surprise
39,"I know, myself, several infants of three or four years old, that speak Italian, French, Greek, Turkish, and Russian, which last they learn of their nurses, who are generally of that country.",neutral,0.935492992401123,0.006820560432970524,0.935492992401123,0.004908256232738495,0.026046793907880783,0.003712097182869911,0.004673436284065247,0.01834581233561039,0.026046793907880783,0.9094461984932423,surprise
39,"This seems almost incredible to you, and is, in my mind, one of the most curious things in this country, and takes off very much from the merit of our ladies, who set up for such extraordinary geniuses, upon the credit of some superficial knowledge of French and Italian.",surprise,0.9059397578239441,0.004826701711863279,0.07380782812833786,0.0012953979894518852,0.9059397578239441,0.0041814688593149185,0.003969761077314615,0.005979116074740887,0.07380782812833786,0.8321319296956062,neutral
39,"AS I prefer English to all the rest, I am extremely mortified at the daily decay of it in my head, where I'll assure you (with grief of heart) it is reduced to such a small number of words, I cannot recollect any tolerable phrase to conclude my letter with, and am forced to tell your ladyship very bluntly, that I am, Your's, &C. &c.",disgust,0.3358210623264313,0.0026602433063089848,0.01787267066538334,0.3283374309539795,0.004779946990311146,0.08341126888990402,0.2271173596382141,0.3358210623264313,0.3283374309539795,0.007483631372451782,sadness
40,AT length I have heard from my dear Lady B---- for the first time.,disgust,0.6871463656425476,0.08737789839506149,0.12471039593219757,0.009354918263852596,0.045712660998106,0.018958525732159615,0.02673921547830105,0.6871463656425476,0.12471039593219757,0.56243596971035,neutral
40,"I am persuaded you have had the goodness to write before, but I have had the ill fortune to lose your letters.",sadness,0.6372712850570679,0.06397480517625809,0.20546117424964905,0.6372712850570679,0.007344420999288559,0.019300097599625587,0.04358210042119026,0.023066138848662376,0.20546117424964905,0.4318101108074188,neutral
40,"Since my last, I have staid (sic) quietly at Constantinople, a city that I ought in conscience to give your ladyship a right notion of, since I know you can have none but what is partial and mistaken from the writings of travellers.",neutral,0.39922770857810974,0.012208214029669762,0.39922770857810974,0.10760574042797089,0.002292325720191002,0.10455254465341568,0.15939925611019135,0.2147141993045807,0.2147141993045807,0.18451350927352905,disgust
40,"'Tis certain, there are many people that pass years here in Pera, without having ever seen it, and yet they all pretend to describe it.",neutral,0.5459105372428894,0.003898381954059005,0.5459105372428894,0.02444562129676342,0.2056494504213333,0.056612368673086166,0.009068259038031101,0.15441542863845825,0.2056494504213333,0.3402610868215561,surprise
40,"Pera, Tophana, and Galata, wholly inhabited by French Christians (and which, together, make the appearance of a very fine town,) are divided from it by the sea, which is not above half so broad as the broadest part of the Thames; but the Christian men are loth to hazard the adventures they sometimes meet with amongst the _levents_ or seamen, (worse monsters than our watermen) and the women must cover their faces to go there, which they have a perfect aversion to do.",fear,0.3732549846172333,0.013106243684887886,0.28454524278640747,0.026124006137251854,0.003920144867151976,0.05885261669754982,0.3732549846172333,0.24019677937030792,0.28454524278640747,0.0887097418308258,neutral
40,"'Tis true, they wear veils in Pera, but they are such as only serve to shew their beauty to more advantage, and would not be permitted in Constantinople.",disgust,0.42145228385925293,0.004101648926734924,0.39208900928497314,0.07872618734836578,0.006146133411675692,0.081085704267025,0.01639912649989128,0.42145228385925293,0.39208900928497314,0.029363274574279785,neutral
40,These reasons deter almost every creature from seeing it; and the French ambassadress will return to France (I believe) without ever having been there.,neutral,0.49791157245635986,0.0075552742928266525,0.49791157245635986,0.035531166940927505,0.0201420858502388,0.10778894275426865,0.2786816656589508,0.05238935723900795,0.2786816656589508,0.21922990679740906,fear
40,"You'll wonder, madam, to hear me add, that I have been there very often.",surprise,0.966439962387085,0.0033233000431209803,0.019261160865426064,0.0021478193812072277,0.966439962387085,0.004810928367078304,0.001902873395010829,0.0021139185409992933,0.019261160865426064,0.9471788015216589,neutral
40,"The _asmack_, or Turkish veil, is become not only very easy, but agreeable to me; and, if it was not, I would be content to endure some inconveniency, to gratify a passion that is become so powerful with me, as curiosity.",joy,0.826411247253418,0.826411247253418,0.14134246110916138,0.009219923987984657,0.002685402287170291,0.006404164247214794,0.0009875582763925195,0.012949214316904545,0.14134246110916138,0.6850687861442566,neutral
40,"And, indeed, the pleasure of going in a barge to Chelsea, is not comparable to that of rowing upon the canal of the sea here, where, for twenty miles together, down the Bosphorus, the most beautiful variety of prospects present themselves.",joy,0.9593384861946106,0.9593384861946106,0.016867192462086678,0.0037004840560257435,0.004019761458039284,0.0012141747865825891,0.0038477773778140545,0.01101223099976778,0.016867192462086678,0.9424712937325239,neutral
40,"The Asian side is covered with fruit-trees, villages, and the most delightful landskips (sic) in nature; on the European, stands Constantinople, situated on seven hills.--The unequal heights make it seem as large again as it is, (though one of the largest cities in the world) shewing an agreeable mixture of gardens, pine and cypress-trees, palaces, mosques, and public buildings, raised one above another, with as much beauty and appearance of symmetry, as your ladyship ever saw in a cabinet, adorned by the most skilful hands, where jars shew themselves above jars, mixed with canisters, babies and candlesticks.",joy,0.6253909468650818,0.6253909468650818,0.27274850010871887,0.010231459513306618,0.014002998359501362,0.004731135908514261,0.0020255737472325563,0.07086941599845886,0.27274850010871887,0.3526424467563629,neutral
40,This is a very odd comparison; but it gives me an exact idea of the thing.,disgust,0.4546665549278259,0.007607662118971348,0.43048784136772156,0.005014353431761265,0.08693618327379227,0.009351268410682678,0.0059361704625189304,0.4546665549278259,0.43048784136772156,0.02417871356010437,neutral
40,I have taken care to see as much of the seraglio as is to be seen.,neutral,0.937823474407196,0.01359990332275629,0.937823474407196,0.0066552236676216125,0.015289658680558205,0.0047092074528336525,0.001931347418576479,0.019991202279925346,0.019991202279925346,0.9178322721272707,disgust
40,"It is on a point of land running into the sea; a palace of prodigious extent, but very irregular.",neutral,0.535816490650177,0.006758334115147591,0.535816490650177,0.006620710249990225,0.33578917384147644,0.013571277260780334,0.05075351893901825,0.05069055035710335,0.33578917384147644,0.20002731680870056,surprise
40,"The gardens take in a large compass of ground, full of high cypress-trees, which is all I know of them.",neutral,0.8522198796272278,0.006156834773719311,0.8522198796272278,0.003839526791125536,0.09889138489961624,0.010456987656652927,0.005682218354195356,0.022753261029720306,0.09889138489961624,0.7533284947276115,surprise
40,"The buildings are all of white stone, leaded on the top, with gilded turrets and spires, which look very magnificent; and, indeed, I believe there is no Christian-king's palace half so large.",neutral,0.5702365636825562,0.23847556114196777,0.5702365636825562,0.007259855512529612,0.10580124706029892,0.015925208106637,0.007090115454047918,0.05521146580576897,0.23847556114196777,0.3317610025405884,joy
40,"There are six large courts in it, all built round, and set with trees, having galleries of stone; one of these for the guard, another for the slaves, another for the officers of the kitchen, another for the stables, the fifth for the divan, and the sixth for the apartment destined for audiences.",neutral,0.8310055732727051,0.015463678166270256,0.8310055732727051,0.012805845588445663,0.07387091964483261,0.013943132944405079,0.006216468755155802,0.04669440537691116,0.07387091964483261,0.7571346536278725,surprise
40,"On the ladies side, there are, at least, as many more, with distinct courts belonging to their eunuchs and attendants, their kitchens, &c. THE next remarkable structure is that of St Sophia which is very difficult to see.",surprise,0.5025050640106201,0.009678535163402557,0.45505669713020325,0.005100772250443697,0.5025050640106201,0.006207331083714962,0.006666451692581177,0.01478517148643732,0.45505669713020325,0.04744836688041687,neutral
40,"I was forced to send three times to the _caimairam_, (the governor of the town) and he assembled the chief _effendis_, or heads of the law, and enquired of the _mufti_, whether it was lawful to permit it.",anger,0.7574908137321472,0.004866124130785465,0.0553104542195797,0.03159226104617119,0.006599235814064741,0.7574908137321472,0.06535594165325165,0.07878527045249939,0.07878527045249939,0.6787055432796478,disgust
40,"They passed some days in this important debate; but I insisting on my request, permission was granted.",anger,0.2829395532608032,0.03656885027885437,0.19615866243839264,0.2459391951560974,0.02534833550453186,0.2829395532608032,0.06916279345750809,0.14388267695903778,0.2459391951560974,0.03700035810470581,sadness
40,"I can't be informed why the Turks are more delicate on the subject of this mosque, than on any of the others, where what Christian pleases may enter without scruple.",neutral,0.6554797887802124,0.0036157281138002872,0.6554797887802124,0.01677441969513893,0.026993807405233383,0.020938744768500328,0.14114636182785034,0.13505113124847412,0.14114636182785034,0.5143334269523621,fear
40,"I fancy they imagine, that, having been once consecrated, people, on pretence of curiosity, might profane it with prayers, particularly to those saints, who are still very visible in Mosaic work, and no other way defaced but by the decays of time; for it is absolutely false, though so universally asserted, that the Turks defaced all the images that they found in the city.",disgust,0.7702524662017822,0.001480493345297873,0.043815918266773224,0.0061355032958090305,0.002930071670562029,0.17137522995471954,0.004010261036455631,0.7702524662017822,0.17137522995471954,0.5988772362470627,anger
40,"The dome of St Sophia is said to be one hundred and thirteen feet diameter, built upon arches, sustained by vast pillars of marble, the pavement and stair-case marble.",neutral,0.6764035224914551,0.016453661024570465,0.6764035224914551,0.017736367881298065,0.12479282915592194,0.03709691762924194,0.024918783456087112,0.10259785503149033,0.12479282915592194,0.5516106933355331,surprise
40,"There are two rows of galleries, supported with pillars of party-coloured (sic) marble, and the whole roof Mosaic work, part of which decays very fast, and drops down.",neutral,0.8204831480979919,0.006569781806319952,0.8204831480979919,0.008444714359939098,0.08727750182151794,0.008043916895985603,0.002788529032841325,0.06639239937067032,0.08727750182151794,0.733205646276474,surprise
40,"They presented me a handful of it; its composition seems to me a sort of glass, or that paste with which they make counterfeit jewels.",neutral,0.7362372875213623,0.003796735778450966,0.7362372875213623,0.0063431463204324245,0.027855711057782173,0.024851355701684952,0.009715518914163113,0.19120027124881744,0.19120027124881744,0.5450370162725449,disgust
40,"They shew here the tomb of the emperor Constantine, for which they have a great veneration.",neutral,0.5575388669967651,0.021450353786349297,0.5575388669967651,0.011578553356230259,0.006517636589705944,0.03413190320134163,0.0028341400902718306,0.3659485876560211,0.3659485876560211,0.19159027934074402,disgust
40,"THIS is a dull, imperfect description, of this celebrated building; but I understand architecture so little, that I am afraid of talking nonsense, in endeavouring to speak of it particularly.",fear,0.7948160171508789,0.00244427309371531,0.08766474574804306,0.05824869126081467,0.008224375545978546,0.005527461878955364,0.7948160171508789,0.04307456687092781,0.08766474574804306,0.7071512714028358,neutral
40,"Perhaps I am in the wrong, but some Turkish mosques please me better.",neutral,0.7152748703956604,0.004078001715242863,0.7152748703956604,0.10972391813993454,0.004155697301030159,0.0279526524245739,0.015803257003426552,0.12301160395145416,0.12301160395145416,0.5922632664442062,disgust
40,"That of sultan Solyman is an exact square, with four fine towers in the angles, in the midst is a noble cupola, supported with beautiful marble pillars; two lesser at the ends, supported in the same manner; the pavement and gallery round the mosque, of marble; under the great cupola is a fountain, adorned with such fine coloured pillars, that I can hardly think them natural marble; on one side is the pulpit, of white marble, and on the other, the little gallery for the grand signior.",neutral,0.3577883839607239,0.10628558695316315,0.3577883839607239,0.025056026875972748,0.30801841616630554,0.02966008521616459,0.01729169860482216,0.1558997929096222,0.30801841616630554,0.049769967794418335,surprise
40,"A fine stair-case leads to it, and it is built up with gilded lattices.",neutral,0.6722373962402344,0.08163197338581085,0.6722373962402344,0.015406535007059574,0.07379840314388275,0.02677895501255989,0.00402194494381547,0.12612473964691162,0.12612473964691162,0.5461126565933228,disgust
40,"At the upper end is a sort of altar, where the name of God is written; and before it stand two candlesticks, as high as a man, with wax candles as thick as three flambeaux.",disgust,0.6000126004219055,0.004400843288749456,0.33793970942497253,0.006938552018254995,0.02058720588684082,0.014139954000711441,0.015981100499629974,0.6000126004219055,0.33793970942497253,0.262072890996933,neutral
40,"The pavement is spread with fine carpets, and the mosque illuminated with a vast number of lamps.",disgust,0.6786549091339111,0.06714093685150146,0.17003506422042847,0.014160530641674995,0.0421488955616951,0.013844109140336514,0.014015620574355125,0.6786549091339111,0.17003506422042847,0.5086198449134827,neutral
40,"The court leading to it is very spacious, with galleries of marble, of green columns, covered with twenty-eight leaded cupolas on two sides, and a fine fountain of basins in the midst of it.",neutral,0.45291876792907715,0.37345394492149353,0.45291876792907715,0.007721001282334328,0.01902739889919758,0.012003935873508453,0.0032332593109458685,0.13164176046848297,0.37345394492149353,0.07946482300758362,joy
40,THIS description may serve for all the mosques in Constantinople.,neutral,0.95916348695755,0.002923468826338649,0.95916348695755,0.00662895618006587,0.02048029936850071,0.004553819075226784,0.0026531885378062725,0.003596767084673047,0.02048029936850071,0.9386831875890493,surprise
40,"The model is exactly the same, and they only differ in largeness and richness of materials.",neutral,0.9455509185791016,0.013703251257538795,0.9455509185791016,0.00641277339309454,0.010100457817316055,0.004746581893414259,0.001184313092380762,0.018301673233509064,0.018301673233509064,0.9272492453455925,disgust
40,"That of the sultana Valida is the largest of all, built entirely of marble, the most prodigious, and, I think, the most beautiful structure I ever saw, be it spoken to the honour of our sex, for it was founded by the mother of Mahomet IV.",neutral,0.5452821254730225,0.07470129430294037,0.5452821254730225,0.008212222717702389,0.06674481183290482,0.014940362423658371,0.0047529018484056,0.2853662371635437,0.2853662371635437,0.25991588830947876,disgust
40,"Between friends, Paul's church would make a pitiful figure near it, as any of our squares would do near the _atlerdan_, or place of horses, (_at_ signifying a horse in Turkish).",sadness,0.809697151184082,0.0041395132429897785,0.010554470121860504,0.809697151184082,0.0014773127622902393,0.015081027522683144,0.010524346493184566,0.14852620661258698,0.14852620661258698,0.6611709445714951,disgust
40,"This was the _hippodrome_, in the reign of the Greek emperors.",neutral,0.8755207657814026,0.012375101447105408,0.8755207657814026,0.009974551387131214,0.07405901700258255,0.007530506234616041,0.006035693921148777,0.014504306949675083,0.07405901700258255,0.80146174877882,surprise
40,"In the midst of it is a brazen column, of three serpents twisted together, with their mouths gaping.",disgust,0.9687470197677612,0.0003420588909648359,0.006932912394404411,0.001946635777130723,0.0024673226289451122,0.01637810468673706,0.0031859232112765312,0.9687470197677612,0.01637810468673706,0.9523689150810242,anger
40,"'Tis impossible to learn why so odd a pillar was erected; the Greeks can tell nothing but fabulous legends, when they are asked the meaning of it, and there is no sign of its having ever had any inscription.",surprise,0.49552372097969055,0.003221391001716256,0.3486868143081665,0.007041323464363813,0.49552372097969055,0.013768835924565792,0.027286190539598465,0.10447181761264801,0.3486868143081665,0.14683690667152405,neutral
40,"At the upper end is an obelisk of porphyry, probably brought from Egypt, the hieroglyphics all very entire, which I look upon as mere ancient puns.",neutral,0.8303155303001404,0.010227605700492859,0.8303155303001404,0.007776146754622459,0.017864210531115532,0.009788588620722294,0.009624858386814594,0.11440300941467285,0.11440300941467285,0.7159125208854675,disgust
40,"It is placed on four little brazen pillars, upon a pedestal of square free stone, full of figures in bas-relief on two sides; one square representing a battle, another an assembly.",disgust,0.7239426374435425,0.004434463568031788,0.09173966944217682,0.003933352418243885,0.010636883787810802,0.1405395120382309,0.024773502722382545,0.7239426374435425,0.1405395120382309,0.5834031254053116,anger
40,"The others have inscriptions in Greek and Latin; the last I took in my pocket-book, and it is as follows: _Difficilis quondam, dominis parere serenis Jussus, et extinctis palman portare tyrannis Omnia Theodosio cedunt, sobolique perenni_.",neutral,0.9214341044425964,0.014409365132451057,0.9214341044425964,0.0075645833276212215,0.035109806805849075,0.01033109612762928,0.0036905284505337477,0.007460534106940031,0.035109806805849075,0.8863242976367474,surprise
40,Your lord will interpret these lines.,neutral,0.546786367893219,0.014481819234788418,0.546786367893219,0.0063043986447155476,0.007546820677816868,0.20298995077610016,0.0037963525392115116,0.21809428930282593,0.21809428930282593,0.32869207859039307,disgust
40,Don't fancy they are a love-letter to him.,neutral,0.6999948620796204,0.007002392318099737,0.6999948620796204,0.01035806629806757,0.007300045806914568,0.10185553878545761,0.005164473317563534,0.16832467913627625,0.16832467913627625,0.5316701829433441,disgust
40,"ALL the figures have their heads on; and I cannot forbear reflecting again on the impudence of authors, who all say they have not; but I dare swear the greatest part of them never saw them; but took the report from the Greeks, who resist, with incredible fortitude, the conviction of their own eyes, whenever they have invented lies to the dishonour of their enemies.",anger,0.4021108150482178,0.003904743120074272,0.17466388642787933,0.01652279496192932,0.007001269143074751,0.4021108150482178,0.011369447223842144,0.3844270706176758,0.3844270706176758,0.017683744430541992,disgust
40,"Were you to believe them, there is nothing worth seeing in Constantinople, but Sancta Sophia, though there are several large, and, in my opinion, more beautiful mosques in that city.",neutral,0.4677336812019348,0.014237926341593266,0.4677336812019348,0.006698352750390768,0.46703967452049255,0.015818307176232338,0.0030026333406567574,0.025469405576586723,0.46703967452049255,0.0006940066814422607,surprise
40,"That of sultan Achmet has this particularity, that its gates are of brass.",neutral,0.9450893998146057,0.004324896261096001,0.9450893998146057,0.006197184324264526,0.023403225466609,0.006255175452679396,0.0017723306082189083,0.012957766652107239,0.023403225466609,0.9216861743479967,surprise
40,"In all these mosques there are little chapels, where are the tombs of the founders and their families, with wax candles burning before them.",neutral,0.4408080577850342,0.003698861924931407,0.4408080577850342,0.01203624252229929,0.031606171280145645,0.23052789270877838,0.010589047335088253,0.2707338035106659,0.2707338035106659,0.1700742542743683,disgust
40,"THE Exchanges are all noble buildings, full of fine alleys, the greatest part supported with pillars, and kept wonderfully neat.",neutral,0.5692112445831299,0.3701058328151703,0.5692112445831299,0.005546749569475651,0.019474461674690247,0.009070401079952717,0.0015757312066853046,0.025015534833073616,0.3701058328151703,0.1991054117679596,joy
40,"Every trade has its distinct alley, where the merchandize is disposed in the same order as in the New Exchange at London.",neutral,0.9308487772941589,0.003184891538694501,0.9308487772941589,0.006810662802308798,0.03340724855661392,0.00680940318852663,0.002417971147224307,0.016521072015166283,0.03340724855661392,0.897441528737545,surprise
40,"The _besisten_, or jeweller's quarter, shews so much riches, such a vast quantity of diamonds, and all kinds of precious stones, that they dazzle the sight.",neutral,0.5752632021903992,0.2965879738330841,0.5752632021903992,0.01675536297261715,0.06559395790100098,0.015381441451609135,0.0024150232784450054,0.028003018349409103,0.2965879738330841,0.27867522835731506,joy
40,"The embroiderer's is also very glittering, and people walk here as much for diversion as business.",joy,0.6957899332046509,0.6957899332046509,0.23559419810771942,0.0058468603529036045,0.02161351405084133,0.012869225814938545,0.0010012686252593994,0.027284972369670868,0.23559419810771942,0.46019573509693146,neutral
40,"The markets are most of them handsome squares, and admirably well provided, perhaps better than in any other part of the world.",joy,0.6957047581672668,0.6957047581672668,0.2643260955810547,0.0037143549416214228,0.018091557547450066,0.00540207652375102,0.0011678398586809635,0.01159332599490881,0.2643260955810547,0.43137866258621216,neutral
40,"I KNOW, you'll expect I should say something particular of the slaves; and you will imagine me half a Turk, when I don't speak of it with the same horror other Christians have done before me.",fear,0.9161549806594849,0.0020130935590714216,0.02798900380730629,0.0031191802117973566,0.038002859801054,0.004657572600990534,0.9161549806594849,0.008063392713665962,0.038002859801054,0.8781521208584309,surprise
40,"But I cannot forbear applauding the humanity of the Turks to these creatures; they are never ill used, and their slavery is, in my opinion, no worse than servitude all over the world.",disgust,0.9393262267112732,0.0020875136833637953,0.018504157662391663,0.0058916788548231125,0.00040438774158246815,0.029740221798419952,0.004045929294079542,0.9393262267112732,0.029740221798419952,0.9095860049128532,anger
40,"'Tis true, they have no wages; but they give them yearly clothes to a higher value than our salaries to our ordinary servants.",neutral,0.7363728284835815,0.012517464347183704,0.7363728284835815,0.020713036879897118,0.01770130731165409,0.053536903113126755,0.008892283774912357,0.1502661257982254,0.1502661257982254,0.5861067026853561,disgust
40,"But you'll object, that men buy women _with an eye to evil_.",anger,0.5302475690841675,0.0021848862525075674,0.0816286951303482,0.011646343395113945,0.002088709734380245,0.5302475690841675,0.005874773487448692,0.36632904410362244,0.36632904410362244,0.16391852498054504,disgust
40,"In my opinion, they are bought and sold as publicly, and as infamously, in all our Christian great cities.",neutral,0.8900267481803894,0.020585237070918083,0.8900267481803894,0.0074714357033371925,0.008404016494750977,0.019555291160941124,0.0017070845933631063,0.05225019156932831,0.05225019156932831,0.8377765566110611,disgust
40,"I MUST add to the description of Constantinople, that the _historical_ pillar is no more.",neutral,0.8802604079246521,0.002664850326254964,0.8802604079246521,0.023838989436626434,0.027229052037000656,0.01987658441066742,0.007008218206465244,0.03912198543548584,0.03912198543548584,0.8411384224891663,disgust
40,It dropped down about two years before I came to this part of the world.,neutral,0.8576396703720093,0.00796667393296957,0.8576396703720093,0.007318692281842232,0.08279329538345337,0.008967049419879913,0.02351350709795952,0.011801134794950485,0.08279329538345337,0.7748463749885559,surprise
40,"I have seen no other footsteps of antiquity, except the aqueducts, which are so vast, that I am apt to believe they are yet more ancient than the Greek empire.",neutral,0.5817092061042786,0.004095001611858606,0.5817092061042786,0.007376935798674822,0.30213767290115356,0.013660451397299767,0.03001629188656807,0.061004430055618286,0.30213767290115356,0.279571533203125,surprise
40,"The Turks indeed have clapped in some stones with Turkish inscriptions, to give their natives the honour of so great a work; but the deceit is easily discovered.--The other public buildings are the hanns and monasteries; the first are very large and numerous; the second few in number, and not at all magnificent.",disgust,0.7243347764015198,0.004428483080118895,0.10768909752368927,0.0631670132279396,0.016971424221992493,0.0671253502368927,0.016283821314573288,0.7243347764015198,0.10768909752368927,0.6166456788778305,neutral
40,"I had the curiosity to visit one of them, and to observe the devotions of the dervises, which are as whimsical as any at Rome.",joy,0.7620411515235901,0.7620411515235901,0.19470107555389404,0.0059291161596775055,0.011616632342338562,0.00857187993824482,0.0017276587896049023,0.015412384644150734,0.19470107555389404,0.567340075969696,neutral
40,"These fellows have permission to marry, but are confined to an odd habit, which is only a piece of coarse white cloth, wrapped about them, with their legs and arms naked.",disgust,0.9581098556518555,0.0007005560328252614,0.027127070352435112,0.0035565008874982595,0.001334829838015139,0.006640681531280279,0.0025304497685283422,0.9581098556518555,0.027127070352435112,0.9309827852994204,neutral
40,"Their order has few other rules, except that of performing their fantastic rites, every Tuesday and Friday, which is done in this manner: They meet together in a large hall, where they all stand with their eyes fixed on the ground, and their arms across, while the _imaum_ or preacher reads part of the alcoran from a pulpit placed in the midst; and when he has done, eight or ten of them make a melancholy concert with their pipes, which are no unmusical instruments.",sadness,0.9574342370033264,0.004627204965800047,0.02333594672381878,0.9574342370033264,0.0051003266125917435,0.0010137059725821018,0.0014659921871498227,0.007022513542324305,0.02333594672381878,0.9340982902795076,neutral
40,"Then he reads again, and makes a short exposition on what he has read; after which they sing and play, 'till their superior (the only one of them dressed in green) rises and begins a sort of solemn dance.",joy,0.48680198192596436,0.48680198192596436,0.20118330419063568,0.2533455491065979,0.006040210835635662,0.006333775818347931,0.00706050219014287,0.03923460841178894,0.2533455491065979,0.23345643281936646,sadness
40,"They all stand about him in a regular figure; and while some play, the others tie their robe (which is very wide) fast round their waist, and begin to turn round with an amazing swiftness, and yet with great regard to the music, moving slower or faster as the tune is played.",neutral,0.6091753244400024,0.014837924391031265,0.6091753244400024,0.013182899914681911,0.2259107381105423,0.029497548937797546,0.04369354993104935,0.0637020394206047,0.2259107381105423,0.38326458632946014,surprise
40,"This lasts above an hour, without any of them shewing the least appearance of giddiness, which is not to be wondered at, when it is considered they are all used to it from their infancy; most of them being devoted to this way of life from their birth.",neutral,0.6124904751777649,0.004765982739627361,0.6124904751777649,0.007786009926348925,0.34611254930496216,0.00512743229046464,0.0027943053282797337,0.020923256874084473,0.34611254930496216,0.26637792587280273,surprise
40,"There turned amongst them some little dervises, of six or seven years old, who seemed no more disordered by that exercise than the others.",disgust,0.4546796679496765,0.005075458437204361,0.4355875551700592,0.07586006075143814,0.011115006171166897,0.007299751043319702,0.010382382199168205,0.4546796679496765,0.4355875551700592,0.01909211277961731,neutral
40,"At the end of the ceremony, they shout out, _There is no other god, but God, and Mahomet his prophet;_ after which, they kiss the superior's hand, and retire.",neutral,0.6338776350021362,0.15051007270812988,0.6338776350021362,0.047910191118717194,0.007091303821653128,0.0222813468426466,0.010686585679650307,0.12764286994934082,0.15051007270812988,0.48336756229400635,joy
40,The whole is performed with the most solemn gravity.,joy,0.8669325113296509,0.8669325113296509,0.06016530841588974,0.03408004716038704,0.0025985362008213997,0.0033480231650173664,0.001404974376782775,0.0314706489443779,0.06016530841588974,0.8067672029137611,neutral
40,"Nothing can be more austere than the form of these people; they never raise their eyes, and seem devoted to contemplation.",neutral,0.7288463711738586,0.0399053618311882,0.7288463711738586,0.044823963195085526,0.006415860261768103,0.014128719456493855,0.0025380991864949465,0.16334162652492523,0.16334162652492523,0.5655047446489334,disgust
40,"And as ridiculous as this is in description, there is something touching in the air of submission and mortification they assume.--This letter is of a horrible length; but you may burn it when you have read enough, &c. &c.",disgust,0.8704261779785156,0.0012852678773924708,0.00659908214583993,0.010327880270779133,0.0031304084695875645,0.033851418644189835,0.07437977939844131,0.8704261779785156,0.07437977939844131,0.7960463985800743,fear
41,"I AM now preparing to leave Constantinople and perhaps you will accuse me of hypocrisy, when I tell you 'tis with regret, but as I am used to the air, and have learnt the language, I am easy here; and as much as I love travelling, I tremble at the inconveniencies attending so great a journey, with a numerous family, and a little infant hanging at the breast.",fear,0.9888577461242676,0.0015260586515069008,0.001212358009070158,0.005745832808315754,0.0010156163480132818,0.000799056317191571,0.9888577461242676,0.0008431132882833481,0.005745832808315754,0.9831119133159518,sadness
41,"However, I endeavour, upon this occasion, to do, as I have hitherto done in all the odd turns of my life; turn them, if I can, to my diversion.",neutral,0.5985034108161926,0.08206181973218918,0.5985034108161926,0.17170512676239014,0.007628162857145071,0.03497728332877159,0.049141742289066315,0.055982548743486404,0.17170512676239014,0.4267982840538025,sadness
41,"In order to this, I ramble every day, wrapped up in my _serigee_ and _asmack_, about Constantinople, and amuse myself with seeing all that is curious in it.",neutral,0.7882272601127625,0.09220445156097412,0.7882272601127625,0.012168810702860355,0.09260937571525574,0.00742288026958704,0.0012317912187427282,0.006135483272373676,0.09260937571525574,0.6956178843975067,surprise
41,I know you will expect that this declaration should be followed with some account of what I have seen.,neutral,0.9395455121994019,0.005395551212131977,0.9395455121994019,0.0037718203384429216,0.031337104737758636,0.010408244095742702,0.003030650084838271,0.006511142011731863,0.031337104737758636,0.9082084074616432,surprise
41,But I am in no humour to copy what has been writ so often over.,neutral,0.3294905424118042,0.1363290548324585,0.3294905424118042,0.12557224929332733,0.009914558380842209,0.08840310573577881,0.004848218057304621,0.30544230341911316,0.30544230341911316,0.02404823899269104,disgust
41,"To what purpose should I tell you, that Constantinople is the ancient Byzantium?",neutral,0.875353217124939,0.0030930889770388603,0.875353217124939,0.004890380427241325,0.06896381080150604,0.014468521811068058,0.013034132309257984,0.02019679546356201,0.06896381080150604,0.8063894063234329,surprise
41,"that 'tis at present the conquest of a race of people, supposed Scythians?",surprise,0.45465171337127686,0.0023911846801638603,0.36441490054130554,0.007903890684247017,0.45465171337127686,0.040271732956171036,0.013111231848597527,0.11725523322820663,0.36441490054130554,0.09023681282997131,neutral
41,that there are five or six thousand mosques in it?,surprise,0.6121237277984619,0.00394432945176959,0.343558669090271,0.009454099461436272,0.6121237277984619,0.014261174015700817,0.006258723326027393,0.010399282909929752,0.343558669090271,0.2685650587081909,neutral
41,that Sancta Sophia was founded by Justinian?,neutral,0.5063489079475403,0.004121591802686453,0.5063489079475403,0.004209485370665789,0.456823468208313,0.013838160783052444,0.007455647457391024,0.007202772423624992,0.456823468208313,0.049525439739227295,surprise
41,"&c.  I'll assure you, 'tis not for want of learning, that I forbear writing all these bright things.",fear,0.31327900290489197,0.10811224579811096,0.2516244351863861,0.2758207321166992,0.026104634627699852,0.017566053196787834,0.31327900290489197,0.007492933422327042,0.2758207321166992,0.03745827078819275,sadness
41,"I could also, with very little trouble, turn over Knolles and Sir Paul Rycaut, to give you a list of Turkish emperors; but I will not tell you what you may find in every author that has writ of this country.",neutral,0.9554495215415955,0.005537126213312149,0.9554495215415955,0.01038144901394844,0.010208397172391415,0.005227500572800636,0.005034029483795166,0.008161921054124832,0.01038144901394844,0.945068072527647,sadness
41,"I am more inclined, out of a true female spirit of contradiction, to tell you the falsehood of a great part of what you find in authors; as, for instance, in the admirable Mr Hill, who so gravely asserts, that he saw, in Sancta Sophia, a sweating pillar, very balsamic for disordered heads.",disgust,0.7467273473739624,0.002018566709011793,0.037834301590919495,0.12716461718082428,0.0022651273757219315,0.030520526692271233,0.05346953868865967,0.7467273473739624,0.12716461718082428,0.6195627301931381,sadness
41,"There is not the least tradition of any such matter; and I suppose it was revealed to him in vision, during his wonderful stay in the Egyptian catacombs; for I am sure he never heard of any such miracle here.",neutral,0.6547114253044128,0.014261610805988312,0.6547114253044128,0.0055806078016757965,0.30230462551116943,0.004542535170912743,0.010582081973552704,0.008017094805836678,0.30230462551116943,0.3524067997932434,surprise
41,"'Tis also very pleasant to observe how tenderly he and all his brethren voyage-writers lament the miserable confinement of the Turkish ladies, who are perhaps more free than any ladies in the universe, and are the only women in the world that lead a life of uninterrupted pleasure, exempt from cares; their whole time being spent in visiting, bathing, or the agreeable amusement of spending money, and inventing new fashions.",sadness,0.5187392830848694,0.37308698892593384,0.06788850575685501,0.5187392830848694,0.004865653812885284,0.0038849294651299715,0.002384781837463379,0.02914985455572605,0.37308698892593384,0.14565229415893555,joy
41,"A husband would be thought mad, that exacted any degree of economy from his wife, whose expences are no way limited but by her own fancy.",anger,0.7981123924255371,0.001814296469092369,0.05328790098428726,0.00913426373153925,0.009901977144181728,0.7981123924255371,0.004186599515378475,0.12356261163949966,0.12356261163949966,0.6745497807860374,disgust
41,"'Tis his business to get money, and hers to spend it: and this noble prerogative extends itself to the very meanest of the sex.",anger,0.5706576704978943,0.0015999000752344728,0.026047853752970695,0.008788234554231167,0.0012954490957781672,0.5706576704978943,0.0027782523538917303,0.3888327181339264,0.3888327181339264,0.1818249523639679,disgust
41,Here is a fellow that carries embroidered handkerchiefs upon his back to sell.,disgust,0.6746417880058289,0.01217016950249672,0.26723745465278625,0.00309067708440125,0.023895539343357086,0.017738334834575653,0.0012260505463927984,0.6746417880058289,0.26723745465278625,0.4074043333530426,neutral
41,"And as miserable a figure as you may suppose such a mean dealer, yet, I'll assure you, his wife scorns to wear any thing less than cloth of gold; has her ermine furs, and a very handsome set of jewels for her head.",sadness,0.9521745443344116,0.0030424532014876604,0.016276951879262924,0.9521745443344116,0.0018350140890106559,0.001811790163628757,0.002865986665710807,0.02199334278702736,0.02199334278702736,0.9301812015473843,disgust
41,"'Tis true, they have no places but the bagnios, and these can only be seen by their own sex; however, that is a diversion they take great pleasure in.",neutral,0.6022672057151794,0.15631641447544098,0.6022672057151794,0.03592780977487564,0.007009128108620644,0.01727844960987568,0.004343330394476652,0.17685768008232117,0.17685768008232117,0.4254095256328583,disgust
41,"I WAS, three days ago, at one of the finest in the town, and had the opportunity of seeing a Turkish bride received there, and all the ceremony used on that occasion, which made me recollect the epithalamium of Helen, by Theocritus; and it seems to me, that the same customs have continued ever since.",joy,0.7768368721008301,0.7768368721008301,0.10799147188663483,0.003917996305972338,0.07843473553657532,0.0036666435189545155,0.009140011854469776,0.020012229681015015,0.10799147188663483,0.6688454002141953,neutral
41,"All the she-friends, relations and acquaintance of the two families, newly allied, meet at the bagnio; several others go, out Of curiosity, and I believe there were that day two hundred women.",neutral,0.8120676279067993,0.012149606831371784,0.8120676279067993,0.006584302522242069,0.1513471007347107,0.007356810849159956,0.004196458030492067,0.0062982006929814816,0.1513471007347107,0.6607205271720886,surprise
41,"Those that were, or had been married, placed themselves round the rooms, on the marble sofas; but the virgins very hastily threw off their clothes, and appeared without other ornament or covering, than their own long hair braided with pearl or ribbon.",disgust,0.8868803381919861,0.0018352976767346263,0.04937131330370903,0.005140418186783791,0.014247279614210129,0.036209966987371445,0.006315409671515226,0.8868803381919861,0.04937131330370903,0.837509024888277,neutral
41,"Two of them met the bride at the door, conducted by her mother and another grave relation.",disgust,0.9476738572120667,0.00205599470064044,0.00465232040733099,0.03230395168066025,0.0006366610759869218,0.008489430882036686,0.004187705926597118,0.9476738572120667,0.03230395168066025,0.9153699055314064,sadness
41,"She was a beautiful maid of about seventeen, very richly dressed, and shining with jewels, but was presently reduced to the state of nature.",disgust,0.9068147540092468,0.025498760864138603,0.027167238295078278,0.02099442668259144,0.011012185364961624,0.004840541630983353,0.0036719306372106075,0.9068147540092468,0.027167238295078278,0.8796475157141685,neutral
41,"Two others filled silver gilt pots with perfume, and began the procession, the rest following in pairs, to the number of thirty.",disgust,0.8095178604125977,0.0035916378255933523,0.11647351086139679,0.0031535059679299593,0.004370099864900112,0.05424277111887932,0.008650590665638447,0.8095178604125977,0.11647351086139679,0.6930443495512009,neutral
41,"The leaders sung an epithalamium, answered by the others in chorus, and the two last led the fair bride, her eyes fixed on the ground, with a charming affectation of modesty.",joy,0.8611020445823669,0.8611020445823669,0.08522459119558334,0.009367425926029682,0.004789377562701702,0.004076549783349037,0.0008067605085670948,0.03463327884674072,0.08522459119558334,0.7758774533867836,neutral
41,In this order they marched round the three largest rooms of the bagnio.,neutral,0.48434513807296753,0.015150364488363266,0.48434513807296753,0.008367177098989487,0.13194617629051208,0.07162435352802277,0.1482996791601181,0.14026710391044617,0.1482996791601181,0.3360454589128494,fear
41,"'Tis not easy to represent to you the beauty of this sight, most of them being well proportioned and white skinned; all of them perfectly smooth and polished by the frequent use of bathing.",neutral,0.6792043447494507,0.21170946955680847,0.6792043447494507,0.03576115518808365,0.028708552941679955,0.004917636979371309,0.004019084386527538,0.03567973151803017,0.21170946955680847,0.4674948751926422,joy
41,"After having made their tour, the bride was again led to every matron round the rooms, who saluted her with a compliment and a present, some of jewels, others of pieces of stuff, handkerchiefs or little gallantries of that nature, which she thanked them for, by kissing their hands.",joy,0.3906683325767517,0.3906683325767517,0.27362489700317383,0.005284499377012253,0.01814854145050049,0.039707571268081665,0.0022376857232302427,0.27032846212387085,0.27362489700317383,0.11704343557357788,neutral
41,"I was very well pleased with having seen this ceremony; and you may believe me, the Turkish ladies have, at least, as much wit and civility, nay liberty, as among us.",joy,0.9707332849502563,0.9707332849502563,0.014426736161112785,0.001736981444992125,0.003678553970530629,0.002491147955879569,0.0003157587780151516,0.006617609411478043,0.014426736161112785,0.9563065487891436,neutral
41,"'Tis true, the same customs that give them so many opportunities of gratifying their evil inclinations (if they have any), also put it very fully in the power of their husbands to revenge themselves, if they are discovered; and I do not doubt, but they suffer sometimes for their indiscretions in a very severe manner.",disgust,0.4425804018974304,0.0024547968059778214,0.04662944748997688,0.0768367350101471,0.0025557002518326044,0.41938352584838867,0.00955940131098032,0.4425804018974304,0.41938352584838867,0.023196876049041748,anger
41,"About two months ago, there was found at day break, not very far from my house, the bleeding body of a young woman, naked, only wrapped in a course sheet, with two wounds of a knife, one in her side, and another in her breast.",disgust,0.9703078269958496,0.000455639063147828,0.005400702357292175,0.006707995198667049,0.004197267349809408,0.004055642522871494,0.008874842897057533,0.9703078269958496,0.008874842897057533,0.9614329840987921,fear
41,"She was not quite cold, and was so surprisingly beautiful, that there were very few men in Pera, that did not go to look upon her; but it was not possible for any body to know her, no woman's face being known.",surprise,0.8385000824928284,0.022902972996234894,0.0981796532869339,0.002863846253603697,0.8385000824928284,0.00884527713060379,0.010424981825053692,0.018283208832144737,0.0981796532869339,0.7403204292058945,neutral
41,"She was supposed to have been brought, in the dead of the night, from the Constantinople side, and laid there.",fear,0.4236741364002228,0.006770406384021044,0.2350311130285263,0.04589179530739784,0.049562644213438034,0.05910414084792137,0.4236741364002228,0.1799657940864563,0.2350311130285263,0.18864302337169647,neutral
41,"Very little inquiry was made about the murderer, and the corpse was privately buried without noise.",disgust,0.8609322905540466,0.003751172451302409,0.056820549070835114,0.033074647188186646,0.002919069491326809,0.029125656932592392,0.013376626186072826,0.8609322905540466,0.056820549070835114,0.8041117414832115,neutral
41,"Murder is never pursued by the king's officers, as with us.",fear,0.45372939109802246,0.002012574812397361,0.05718715861439705,0.0979795753955841,0.002060175873339176,0.13145068287849426,0.45372939109802246,0.2555803954601288,0.2555803954601288,0.19814899563789368,disgust
41,'Tis the business of the next relations to revenge the dead person; and if they like better to compound the matter for money (as they generally do) there is no more said of it.,neutral,0.45513319969177246,0.003675861982628703,0.45513319969177246,0.0201745443046093,0.003519324818626046,0.35619157552719116,0.006030356977134943,0.1552751362323761,0.35619157552719116,0.0989416241645813,anger
41,"One would imagine this defect in their government should make such tragedies very frequent, yet they are extremely rare; which is enough to prove the people are not naturally cruel.",disgust,0.44789010286331177,0.0032054437324404716,0.3456646502017975,0.04018416255712509,0.01684209145605564,0.13892892003059387,0.007284610997885466,0.44789010286331177,0.3456646502017975,0.10222545266151428,neutral
41,"Neither do I think, in many other particulars, they deserve the barbarous character we give them.",disgust,0.6324873566627502,0.0030773042235523462,0.21550731360912323,0.025451315566897392,0.003648524871096015,0.11499109864234924,0.0048370654694736,0.6324873566627502,0.21550731360912323,0.416980043053627,neutral
41,"I am well acquainted with a Christian woman of quality, who made it her choice to live with a Turkish husband, and is a very agreeable sensible lady.",joy,0.7375959157943726,0.7375959157943726,0.1539873480796814,0.015003222972154617,0.004964528605341911,0.00883697159588337,0.001573858200572431,0.0780382752418518,0.1539873480796814,0.5836085677146912,neutral
41,"Her story is so extraordinary, I cannot forbear relating it; but I promise you, it shall be in as few words as I can possibly express it.",surprise,0.8490139842033386,0.010421236976981163,0.08505282551050186,0.003583350917324424,0.8490139842033386,0.006450822576880455,0.03338272124528885,0.012095097452402115,0.08505282551050186,0.7639611586928368,neutral
41,"SHE is a Spaniard, and was at Naples with her family, When that kingdom was part of the Spanish dominion.",neutral,0.9048849940299988,0.006666745990514755,0.9048849940299988,0.014502516016364098,0.013663198798894882,0.008341650478541851,0.006730747874826193,0.04521005228161812,0.04521005228161812,0.8596749417483807,disgust
41,"Coming from thence in a felucca, accompanied by her brother, they were attacked by the Turkish admiral, boarded and taken.--And now how shall I modestly tell you the rest of her adventure?",fear,0.9381806254386902,0.001276695285923779,0.004916931502521038,0.00748035591095686,0.0047360677272081375,0.039324499666690826,0.9381806254386902,0.004084803629666567,0.039324499666690826,0.8988561257719994,anger
41,"The same accident happened to her, that happened to the fair Lucretia so many years before her.",fear,0.2775655686855316,0.004390883259475231,0.21661537885665894,0.22325751185417175,0.2424599528312683,0.020893005654215813,0.2775655686855316,0.014817675575613976,0.2424599528312683,0.035105615854263306,surprise
41,"But she was too good a Christian to kill herself, as that heathenish Roman did.",neutral,0.4440406858921051,0.007668597158044577,0.4440406858921051,0.03413752466440201,0.004226133227348328,0.1148107498884201,0.03588142618536949,0.35923486948013306,0.35923486948013306,0.08480581641197205,disgust
41,"The admiral was so much charmed with the beauty and long-suffering of the fair captive, that, as his first compliment, he gave immediate liberty to her brother and attendants, who made haste to Spain, and, in a few months, sent the sum of four thousand pounds sterling, as a ransom for his sister.",joy,0.6712750792503357,0.6712750792503357,0.19193919003009796,0.007507603615522385,0.0039043782744556665,0.035717859864234924,0.0018688925774767995,0.087786965072155,0.19193919003009796,0.47933588922023773,neutral
41,"The Turk took the money, which he presented to her, and told her she was at liberty.",neutral,0.6183489561080933,0.07065218687057495,0.6183489561080933,0.01009985338896513,0.006734559312462807,0.08756353706121445,0.021664371713995934,0.1849365234375,0.1849365234375,0.43341243267059326,disgust
41,But the lady very discreetly weighed the different treatment she was likely to find in her native country.,neutral,0.8738107681274414,0.0025299263652414083,0.8738107681274414,0.011505967937409878,0.008171193301677704,0.007886866107583046,0.010600026696920395,0.08549518138170242,0.08549518138170242,0.788315586745739,disgust
41,"Her relations (as the kindest thing they could do for her in her present circumstances) would certainly confine her to a nunnery for the rest of her days.--Her infidel lover was very handsome, very tender, very fond of her, and lavished at her feet all the Turkish magnificence.",disgust,0.5561718940734863,0.33304575085639954,0.040331773459911346,0.04000755771994591,0.00521527323871851,0.020429078489542007,0.00479875085875392,0.5561718940734863,0.33304575085639954,0.2231261432170868,joy
41,"She answered him very resolutely, that her liberty was not so precious to her as her honour; that he could no way restore that, but by marrying her; and she therefore desired him to accept the ransom as her portion, and give her the satisfaction of knowing, that no man could boast of her favours, without being her husband.",joy,0.3924092948436737,0.3924092948436737,0.12211863696575165,0.02558615431189537,0.0028673787601292133,0.31111612915992737,0.004114135634154081,0.14178822934627533,0.31111612915992737,0.08129316568374634,anger
41,"The admiral was transported at this kind offer, and sent back the money to her relations, saying, he was too happy in her possession.",joy,0.9094623923301697,0.9094623923301697,0.04326079040765762,0.012604545801877975,0.011944052763283253,0.009775059297680855,0.00045568926725536585,0.012497440911829472,0.04326079040765762,0.866201601922512,neutral
41,"He married her, and never took any other wife, and (as she says herself) she never had reason to repent the choice she made.",disgust,0.3842366635799408,0.0042016636580228806,0.3016379177570343,0.12061591446399689,0.0026049481239169836,0.1821163296699524,0.004586569499224424,0.3842366635799408,0.3016379177570343,0.0825987458229065,neutral
41,"He left her, some years after, one of the richest widows in Constantinople.",neutral,0.38062557578086853,0.21553710103034973,0.38062557578086853,0.23902997374534607,0.014247682876884937,0.015041408129036427,0.003055523382499814,0.1324627697467804,0.23902997374534607,0.14159560203552246,sadness
41,"But there is no remaining honourably a single woman, and that consideration has obliged her to marry the present captain bassa (i.e.",neutral,0.3884199857711792,0.022038830444216728,0.3884199857711792,0.3882336914539337,0.022344395518302917,0.06215519830584526,0.020427173003554344,0.09638072550296783,0.3882336914539337,0.0001862943172454834,sadness
41,"admiral) his successor.--I am afraid that you will think my friend fell in love with her ravisher; but I am willing to take her word for it, that she acted wholly on principles of honour, though I think she might be reasonably touched at his generosity, which is often found amongst the Turks of rank.",fear,0.8871732354164124,0.04645334929227829,0.027333980426192284,0.014871012419462204,0.005462578497827053,0.008174008689820766,0.8871732354164124,0.010531770065426826,0.04645334929227829,0.8407198861241341,joy
41,"'TIS a degree of generosity to tell the truth, and 'tis very rare that any Turk will assert a solemn falsehood.",neutral,0.7657827734947205,0.04262487217783928,0.7657827734947205,0.035740792751312256,0.005615076050162315,0.01568576507270336,0.024692540988326073,0.10985825210809708,0.10985825210809708,0.6559245213866234,disgust
41,"I don't speak of the lowest sort; for as there is a great deal of ignorance, there is very little virtue amongst them; and false witnesses are much cheaper than in Christendom; those wretches not being punished (even when they are publicly detected) with the rigour they ought to be.",disgust,0.5680656433105469,0.009890652261674404,0.2440015822649002,0.046386633068323135,0.0036552047822624445,0.12319369614124298,0.0048066116869449615,0.5680656433105469,0.2440015822649002,0.32406406104564667,neutral
41,"NOW I am speaking of their law, I don't know whether I have ever mentioned to you one custom peculiar to their country, I mean _adoption_, very common amongst the Turks, and yet more amongst the Greeks and Armenians.",neutral,0.7817164659500122,0.004108388442546129,0.7817164659500122,0.0060861906968057156,0.15202023088932037,0.017908034846186638,0.007468372583389282,0.030692320317029953,0.15202023088932037,0.6296962350606918,surprise
41,"Not having it in their power to give their estates to a friend or distant relation; to avoid its falling into the grand signior's treasury, when they are not likely to have any children of their own, they chuse some pretty child of either sex, amongst the meanest people, and carry the child and its parents before the cadi, and there declare they receive it for their heir.",anger,0.5664555430412292,0.02300865575671196,0.08580204844474792,0.02032383345067501,0.004251713864505291,0.5664555430412292,0.0016404155176132917,0.29851776361465454,0.29851776361465454,0.2679377794265747,disgust
41,"The parents, at the same time, renounce all future claim to it; a writing is drawn and witnessed, and a child thus adopted, cannot be disinherited.",neutral,0.3081795275211334,0.06630324572324753,0.3081795275211334,0.24830089509487152,0.0027368846349418163,0.10533913224935532,0.006346878129988909,0.2627933621406555,0.2627933621406555,0.045386165380477905,disgust
41,"Yet I have seen some common beggars, that have refused to part with their children in this manner, to some of the richest among the Greeks; (so powerful is the instinctive affection that is natural to parents!)",disgust,0.6036986708641052,0.011668744497001171,0.1232617124915123,0.01219560019671917,0.05186736211180687,0.18427519500255585,0.013032804243266582,0.6036986708641052,0.18427519500255585,0.4194234758615494,anger
41,"though the adopting fathers are generally very tender to these _children of their souls_, as they call them.",neutral,0.6976080536842346,0.03636298328638077,0.6976080536842346,0.041868023574352264,0.01118205115199089,0.039724692702293396,0.002501752693206072,0.17075246572494507,0.17075246572494507,0.5268555879592896,disgust
41,I own this custom pleases me much better than our absurd one of following our name.,disgust,0.5781745910644531,0.01728972978889942,0.1724463552236557,0.011161494068801403,0.023002158850431442,0.18906226754188538,0.008863410912454128,0.5781745910644531,0.18906226754188538,0.38911232352256775,anger
41,"Methinks, 'tis much more reasonable to make happy and rich an infant whom I educate after my own manner, _brought up_ (in the Turkish phrase) _upon my knees_, and who has learned to look upon me with a filial respect, than to give an estate to a creature, without other merit or relation to me, than that of a few letters.",disgust,0.3577631115913391,0.181433767080307,0.25777989625930786,0.057626813650131226,0.009518755599856377,0.12978139519691467,0.006096254102885723,0.3577631115913391,0.25777989625930786,0.09998321533203125,neutral
41,"Yet this is an absurdity we see frequently practised.--Now I have mentioned the Armenians, perhaps it will be agreeable to tell you something of that nation, with which I am sure you are utterly unacquainted.",disgust,0.8110077977180481,0.005419412162154913,0.0749364048242569,0.014483376406133175,0.02117379568517208,0.06504702568054199,0.007932225242257118,0.8110077977180481,0.0749364048242569,0.7360713928937912,neutral
41,"I will not trouble you with the geographical account of the situation of their country, which you may see in the maps; or a relation of their ancient greatness, which you may read in the Roman history.",neutral,0.912887692451477,0.0048629725351929665,0.912887692451477,0.013589875772595406,0.01033951435238123,0.016706407070159912,0.013049428351223469,0.02856399491429329,0.02856399491429329,0.8843236975371838,disgust
41,"They are now subject to the Turks; and, being very industrious in trade, and increasing and multiplying, are dispersed in great numbers through all the Turkish dominions.",neutral,0.681782603263855,0.24638240039348602,0.681782603263855,0.008778674528002739,0.020199114456772804,0.016254639253020287,0.003255527699366212,0.023347049951553345,0.24638240039348602,0.43540020287036896,joy
41,"They were, as they say, converted to the Christian religion by St Gregory, and are perhaps the devoutest (sic), Christians in the whole world.",neutral,0.9279490113258362,0.025996122509241104,0.9279490113258362,0.004357055760920048,0.027177518233656883,0.00432062242180109,0.001223683007992804,0.008976004086434841,0.027177518233656883,0.9007714930921793,surprise
41,"The chief precepts of their priests enjoin the strict keeping of their lents, which are, at least seven months in every year, and are not to be dispensed with on the most emergent necessity; no occasion whatever can excuse them, if they touch any thing more than mere herbs or roots (without oil) and plain dry bread.",disgust,0.5522388219833374,0.0051078759133815765,0.2691894471645355,0.020085396245121956,0.0040099783800542355,0.13916319608688354,0.010205281898379326,0.5522388219833374,0.2691894471645355,0.2830493748188019,neutral
41,"That is their constant diet.--Mr W----y has one of his interpreters of this nation, and the poor fellow was brought so low, by the severity of his fasts, that his life was despaired of.",sadness,0.8005695343017578,0.00292812823317945,0.05782288685441017,0.8005695343017578,0.019695265218615532,0.005834309849888086,0.0691642314195633,0.04398560896515846,0.0691642314195633,0.7314053028821945,fear
41,"Yet neither his master's commands, nor the doctor's entreaties (who declared nothing else could save his life) were powerful enough to prevail with him to take two or three spoonfuls of broth.",neutral,0.46765780448913574,0.0035814016591757536,0.46765780448913574,0.02800920233130455,0.011476688086986542,0.04643924534320831,0.010862238705158234,0.4319734573364258,0.4319734573364258,0.03568434715270996,disgust
41,"Excepting this, which may rather be called a custom than an article of faith, I see very little in their religion different from ours.",neutral,0.9194653630256653,0.0022136892657727003,0.9194653630256653,0.003749846015125513,0.03894050046801567,0.006021774373948574,0.0030547804199159145,0.026554016396403313,0.03894050046801567,0.8805248625576496,surprise
41,"'Tis true, they seem to incline very much to Mr Whiston's doctrine; neither do I think the Greek church very distant from it, since 'tis certain, the holy Spirit's proceeding _only_ from the Father, is making a plain subordination in the Son.--But the Armenians have no notion of transubstantiation, whatever account Sir Paul Rycaut gives of them, (which account, I am apt to believe, was designed to compliment our Court in 1679;) and they have a great horror for those amongst them, that change to the Roman religion.",fear,0.9331520795822144,0.0016332868253812194,0.010608580894768238,0.003330135252326727,0.03677462041378021,0.003193593118339777,0.9331520795822144,0.011307870037853718,0.03677462041378021,0.8963774591684341,surprise
41,"What is most extraordinary in their customs, is their matrimony; a ceremony, I believe, unparallell'd (sic) all over the world.",surprise,0.8161073923110962,0.012689687311649323,0.12888112664222717,0.005013228394091129,0.8161073923110962,0.006376930512487888,0.007558030541986227,0.023373635485768318,0.12888112664222717,0.687226265668869,neutral
41,"They are always promised very young; but the espoused never see one another, till three days after their marriage.",sadness,0.512549877166748,0.00871320627629757,0.2918878197669983,0.512549877166748,0.010759489610791206,0.030345367267727852,0.012456951662898064,0.13328728079795837,0.2918878197669983,0.22066205739974976,neutral
41,"The bride is carried to church, with a cap on her head, in the fashion of a large trencher, and over it a red silken veil, which covers her all over to her feet.",disgust,0.6358880400657654,0.017165910452604294,0.28262001276016235,0.019277989864349365,0.022563254460692406,0.007830034010112286,0.014654909260571003,0.6358880400657654,0.28262001276016235,0.353268027305603,neutral
41,"The priest asks the bridegroom, Whether he is contented to marry that woman, _be she deaf, be she blind?_  These are the literal words: to which having answered, _yes_, she is led home to his house, accompanied with all the friends and relations on both sides, singing and dancing, and is placed on a cushion in the corner of the sofa; but her veil is never lifted up, not even by her husband.",neutral,0.4129129946231842,0.011550186201930046,0.4129129946231842,0.07900527864694595,0.02626200020313263,0.09693554043769836,0.02566579170525074,0.34766829013824463,0.34766829013824463,0.06524470448493958,disgust
41,"There is something so odd and monstrous in these ways, that I could not believe them, till I had inquired of several Armenians myself, who all assured me of the truth of them, particularly one young fellow, who wept when he spoke of it, being promised by his mother to a girl that he must marry in this manner, though he protested to me, he had rather die than submit to this slavery, having already figured his bride to himself with all the deformities of nature.--I fancy I see you bless yourself at this terrible relation.",disgust,0.7273436784744263,0.0027441824786365032,0.00930357538163662,0.0061606140807271,0.03238452225923538,0.014207175001502037,0.20785626769065857,0.7273436784744263,0.20785626769065857,0.5194874107837677,fear
41,"I cannot conclude my letter with a more surprising story; yet 'tis as seriously true, as that I am,                                Dear sister, yours, &c. &c.",surprise,0.9002139568328857,0.06046590581536293,0.016725221648812294,0.007905140519142151,0.9002139568328857,0.0042617241851985455,0.00990344863384962,0.0005245233769528568,0.06046590581536293,0.8397480510175228,joy
42,"I AM extremely pleased with hearing from you, and my vanity (the darling frailty of mankind) not a little flattered by the uncommon questions you ask me, though I am utterly incapable of answering them.",joy,0.9845163226127625,0.9845163226127625,0.004489785525947809,0.0036044097505509853,0.0022840348538011312,0.001355453277938068,0.0005927556776441634,0.0031571697909384966,0.004489785525947809,0.9800265370868146,neutral
42,"And, indeed, were I as good a mathematician as Euclid himself, it requires an age's stay to make just observations on the air and vapours.",neutral,0.9546420574188232,0.001744577893987298,0.9546420574188232,0.004015585873275995,0.016333969309926033,0.0056000323966145515,0.0026840821374207735,0.014979704283177853,0.016333969309926033,0.9383080881088972,surprise
42,"I have not been yet a full year here, and am on the point of removing.",neutral,0.6378620266914368,0.02379148080945015,0.6378620266914368,0.266203373670578,0.03435573726892471,0.01377176959067583,0.013095307163894176,0.01092025637626648,0.266203373670578,0.37165865302085876,sadness
42,Such is my rambling destiny.,neutral,0.8620123863220215,0.0158319640904665,0.8620123863220215,0.05026402324438095,0.00703990226611495,0.015131030231714249,0.02788941189646721,0.021831311285495758,0.05026402324438095,0.8117483630776405,sadness
42,"This will surprise you, and can surprise no body so much as myself.",surprise,0.9716952443122864,0.009167664684355259,0.010327235795557499,0.002620030427351594,0.9716952443122864,0.0037307951133698225,0.0014858812792226672,0.000973160844296217,0.010327235795557499,0.9613680085167289,neutral
42,"Perhaps you will accuse me of laziness, or dulness (sic), or both together, that can leave this place, without giving you some account of the Turkish court.",neutral,0.37521442770957947,0.002203273121267557,0.37521442770957947,0.0235756728798151,0.004669751971960068,0.22796063125133514,0.00571747450158,0.36065879464149475,0.36065879464149475,0.014555633068084717,disgust
42,"I can only tell you, that if you please to read Sir Paul Rycaut, you will there find a full and true account of the vizier's, the _beglerbys_, the civil and spiritual government, the officers of the seraglio, &c. things that 'tis very easy to procure lists of, and therefore may be depended on; though other stories, God knows--I say no more--every body is at liberty to write their own remarks; the manners of people may change; or some of them escape the observation of travellers; but 'tis not the same of the government; and, for that reason, since I can tell you nothing new, I will tell you nothing of it.",neutral,0.9043734073638916,0.026348518207669258,0.9043734073638916,0.017240755259990692,0.023899655789136887,0.0076440745033323765,0.004440821707248688,0.01605279929935932,0.026348518207669258,0.8780248891562223,joy
42,"In the same silence shall be passed over the arsenal and seven towers; and for mosques, I have already described one of the noblest to you very particularly.",disgust,0.868596076965332,0.005606676451861858,0.05985938385128975,0.034888479858636856,0.0017991050845012069,0.024471910670399666,0.004778444301337004,0.868596076965332,0.05985938385128975,0.8087366931140423,neutral
42,"But I cannot forbear taking notice to you of a mistake of Gemelli, (though I honour him in a much higher degree than any other voyage-writer:) he says that there are no remains of Calcedon; this is certainly a mistake: I was there, yesterday, and went cross the canal in my galley, the sea being very narrow between that city and Constantinople.",neutral,0.4449327290058136,0.004411431960761547,0.4449327290058136,0.1504184752702713,0.08852318674325943,0.05170799046754837,0.1947796493768692,0.06522651761770248,0.1947796493768692,0.2501530796289444,fear
42,"'Tis still a large town, and has several mosques in it.",neutral,0.9301653504371643,0.00281402631662786,0.9301653504371643,0.007195945829153061,0.03093520924448967,0.004940568003803492,0.003127104602754116,0.020821819081902504,0.03093520924448967,0.8992301411926746,surprise
42,"The Christians still call it Calcedonia, and the Turks give it a name I forgot, but which is only a corruption of the same word.",neutral,0.8771075010299683,0.002063220599666238,0.8771075010299683,0.010089895687997341,0.06105814129114151,0.011904164217412472,0.002550029195845127,0.035227056592702866,0.06105814129114151,0.8160493597388268,surprise
42,"I suppose this is an error of his guide, which his short stay hindered him from rectifying, for I have, in other matters, a very just esteem for his veracity.",neutral,0.8183919191360474,0.0055937995202839375,0.8183919191360474,0.04364391043782234,0.005887832026928663,0.029691776260733604,0.0072284056805074215,0.08956235647201538,0.08956235647201538,0.728829562664032,disgust
42,"Nothing can be pleasanter than the canal; and the Turks are so well acquainted with its beauties, that all their pleasure-seats are built on its banks, where they have, at the same time, the most beautiful prospects in Europe and Asia; there are near one another some hundreds of magnificent palaces.",joy,0.859508752822876,0.859508752822876,0.10450072586536407,0.009535839781165123,0.005387123208492994,0.0030459226109087467,0.0011897642398253083,0.016831867396831512,0.10450072586536407,0.7550080269575119,neutral
42,"Human grandeur being here yet more unstable than any where else, 'tis common for the heirs of a great three-tailed bassa, not to be rich enough to keep in repair the house he built; thus, in a few years, they all fall to ruin.",sadness,0.8380158543586731,0.0036853551864624023,0.06931360065937042,0.8380158543586731,0.005739548709243536,0.02306167222559452,0.03329388424754143,0.026890195906162262,0.06931360065937042,0.7687022536993027,neutral
42,"I was yesterday to see that of the late grand Vizier, who was killed at Peterwaradin.",sadness,0.9094934463500977,0.004359616432338953,0.017066268250346184,0.9094934463500977,0.05536384880542755,0.0038465664256364107,0.001965902978554368,0.00790438149124384,0.05536384880542755,0.8541295975446701,surprise
42,"It was built to receive his royal bride, daughter of the present sultan; but he did not live to see her there.",sadness,0.8411252498626709,0.00418509915471077,0.04186566174030304,0.8411252498626709,0.017501723021268845,0.020193055272102356,0.004283998627215624,0.07084515690803528,0.07084515690803528,0.7702800929546356,disgust
42,"I have a great mind to describe it to you; but I check that inclination, knowing very well, that I cannot give you, with my best description, such an idea of it as I ought.",neutral,0.9156752228736877,0.006583527661859989,0.9156752228736877,0.011475708335638046,0.009525829926133156,0.015153815038502216,0.015991056337952614,0.025594834238290787,0.025594834238290787,0.890080388635397,disgust
42,"It is situated on one of the most delightful parts of the canal, with a fine wood on the side of a hill behind it.",joy,0.8012201189994812,0.8012201189994812,0.13764835894107819,0.012684784829616547,0.011346152983605862,0.0024712816812098026,0.005244566593319178,0.029384683817625046,0.13764835894107819,0.663571760058403,neutral
42,"The extent of it is prodigious; the guardian assured me, there are eight hundred rooms in it; I will not, however, answer for that number, since I did not count them; but 'tis certain the number is very large, and the whole adorned with a profusion of marble, gilding, and the most exquisite painting of fruit and flowers.",disgust,0.42235302925109863,0.08761575073003769,0.18078531324863434,0.01077321171760559,0.2522556483745575,0.03152145445346832,0.014695592224597931,0.42235302925109863,0.2522556483745575,0.17009738087654114,surprise
42,"The windows are all sashed with the finest crystalline glass brought from England; and here is all the expensive magnificence that you can suppose in a palace founded by a vain luxurious young man, with the wealth of a vast empire at his command.",disgust,0.8058743476867676,0.002733575413003564,0.07223200798034668,0.05196861922740936,0.03728511929512024,0.025471149012446404,0.004435222130268812,0.8058743476867676,0.07223200798034668,0.7336423397064209,neutral
42,But no part of it pleased me better than the apartments destined for the bagnios.,joy,0.9012390971183777,0.9012390971183777,0.0386652834713459,0.017122600227594376,0.01521336194127798,0.009245120920240879,0.0005739968037232757,0.01794055476784706,0.0386652834713459,0.8625738136470318,neutral
42,"There are two built exactly in the same manner, answering to one another; the baths, fountains, and pavements, all of white marble, the roofs gilt, and the walls covered with Japan china.",neutral,0.919971764087677,0.009500771760940552,0.919971764087677,0.006282993126660585,0.04056762903928757,0.0048738280311226845,0.0009243569802492857,0.01787867769598961,0.04056762903928757,0.8794041350483894,surprise
42,"Adjoining to them are two rooms, the uppermost of which is divided into a sofa, and in the four corners are falls of water from the very roof, from shell to shell, of white marble, to the lower end of the room, where it falls into a large basin, surrounded with pipes, that throw up the water as high as the roof.",neutral,0.7621687650680542,0.004803345073014498,0.7621687650680542,0.012974834069609642,0.03366381675004959,0.013270881026983261,0.00735091557726264,0.16576740145683289,0.16576740145683289,0.5964013636112213,disgust
42,"The walls are in the nature of lattices; and, on the outside of them, there are vines and woodbines planted, that form a sort of green tapestry, and give an agreeable obscurity to those delightful chambers.",joy,0.6435674428939819,0.6435674428939819,0.2638091444969177,0.012278230860829353,0.009104271419346333,0.0041000195778906345,0.0014890339225530624,0.06565185636281967,0.2638091444969177,0.3797582983970642,neutral
42,"I should go on and let you into some of the other apartments (all worthy your curiosity); but 'tis yet harder to describe a Turkish palace than any other, being built entirely irregular.",neutral,0.62617027759552,0.005156852770596743,0.62617027759552,0.04181409254670143,0.24272669851779938,0.011704042553901672,0.01873384229838848,0.05369415879249573,0.24272669851779938,0.38344357907772064,surprise
42,"There is nothing that can be properly called front or wings; and though such a confusion is, I think, pleasing to the sight, yet it would be very unintelligible in a letter.",neutral,0.454049289226532,0.011166106909513474,0.454049289226532,0.038771893829107285,0.06738799810409546,0.026039624586701393,0.03919137269258499,0.36339372396469116,0.36339372396469116,0.09065556526184082,disgust
42,"I shall only add, that the chamber destined for the sultan, when he visits his daughter, is wainscotted with mother of pearl, fastened with emeralds like nails.",neutral,0.7584501504898071,0.00555931031703949,0.7584501504898071,0.01516025885939598,0.04510576277971268,0.015153242275118828,0.004524181131273508,0.15604712069034576,0.15604712069034576,0.6024030297994614,disgust
42,"There are others of mother of pearl and olive wood inlaid, and several of Japan china.",neutral,0.9323091506958008,0.030268194153904915,0.9323091506958008,0.0037537512835115194,0.02291714958846569,0.0035876594483852386,0.0007961266674101353,0.006367959547787905,0.030268194153904915,0.9020409565418959,joy
42,"The galleries, which are numerous, and very large, are adorned with jars of flowers, and porcelain dishes of fruit of all sorts, so well done in plaster, and coloured in so lively a manner, that it has an enchanting effect.",joy,0.8133106231689453,0.8133106231689453,0.08570137619972229,0.006576131097972393,0.020867319777607918,0.003880345029756427,0.002270922064781189,0.0673932209610939,0.08570137619972229,0.727609246969223,neutral
42,"The garden is suitable to the house, where arbours, fountains, and walks, are thrown together in an agreeable confusion.",neutral,0.7469006180763245,0.1659250408411026,0.7469006180763245,0.019693903625011444,0.009393150918185711,0.011603840626776218,0.003848922671750188,0.042634449899196625,0.1659250408411026,0.5809755772352219,joy
42,"There is no ornament wanting, except that of statues.",neutral,0.6555142998695374,0.003868640633299947,0.6555142998695374,0.05178418010473251,0.029570825397968292,0.025514008477330208,0.005024611949920654,0.228723406791687,0.228723406791687,0.42679089307785034,disgust
42,"Thus, you see, Sir, these people are not so unpolished as we represent them.",neutral,0.41374173760414124,0.012939945794641972,0.41374173760414124,0.39373350143432617,0.004002435132861137,0.011165259405970573,0.004139554221183062,0.16027753055095673,0.39373350143432617,0.020008236169815063,sadness
42,"'Tis true, their magnificence is of a very different taste from ours, and perhaps of a better.",neutral,0.8378642201423645,0.02517247200012207,0.8378642201423645,0.01013544574379921,0.017116770148277283,0.009305092506110668,0.0070403097197413445,0.09336573630571365,0.09336573630571365,0.7444984838366508,disgust
42,"I am almost of opinion, they have a right notion of life.",neutral,0.9065935611724854,0.012721184641122818,0.9065935611724854,0.006563597358763218,0.0033642668277025223,0.029203321784734726,0.0024547174107283354,0.039099328219890594,0.039099328219890594,0.8674942329525948,disgust
42,"They consume it in music, gardens, wine, and delicate eating, while we are tormenting our brains with some scheme of politics, or studying some science to which we can never attain; or, if we do, cannot persuade other people to set that value upon it we do ourselves.",disgust,0.4243128299713135,0.0056438082829117775,0.08900754898786545,0.022844545543193817,0.0034758937545120716,0.4225535988807678,0.03216170519590378,0.4243128299713135,0.4225535988807678,0.0017592310905456543,anger
42,"'Tis certain, what we feel and see is properly (if any thing is properly) our own; but the good of fame, the folly of praise, are hardly purchased, and, when obtained, a poor recompence (sic) for loss of time and health.",sadness,0.34801387786865234,0.15062572062015533,0.11607101559638977,0.34801387786865234,0.005999687593430281,0.05356324091553688,0.005935274064540863,0.3197912275791168,0.3197912275791168,0.028222650289535522,disgust
42,We die or grow old before we can reap the fruit of our labours.,neutral,0.6981539726257324,0.011474914848804474,0.6981539726257324,0.12735508382320404,0.0036384190898388624,0.02357349544763565,0.010936301201581955,0.12486786395311356,0.12735508382320404,0.5707988888025284,sadness
42,"Considering what short-liv'd, weak animals men are, is there any study so beneficial as the study of present pleasure?",neutral,0.8464716672897339,0.0064410073682665825,0.8464716672897339,0.007005960680544376,0.036665353924036026,0.010251810774207115,0.004971586633473635,0.08819254487752914,0.08819254487752914,0.7582791224122047,disgust
42,"I dare not pursue this theme; perhaps I have already said too much, but I depend upon the true knowledge you have of my heart.",anger,0.6548646688461304,0.0045016189105808735,0.027278415858745575,0.015246120281517506,0.0011888121953234076,0.6548646688461304,0.28271764516830444,0.014202775433659554,0.28271764516830444,0.3721470236778259,fear
42,I don't expect from you the insipid railleries I should suffer from another in answer to this letter.,sadness,0.4775136709213257,0.006201458629220724,0.25161823630332947,0.4775136709213257,0.031247666105628014,0.0309592317789793,0.15556220710277557,0.04689755663275719,0.25161823630332947,0.22589543461799622,neutral
42,"You know how to divide the idea of pleasure from that of vice, and they are only mingled in the heads of fools.--But I allow you to laugh at me for the sensual declaration in saying, that I had rather be a rich _effendi_, with all his ignorance, than Sir Isaac Newton with all his knowledge.",neutral,0.40694278478622437,0.381813108921051,0.40694278478622437,0.04655707627534866,0.013029997237026691,0.028633516281843185,0.004984419327229261,0.11803917586803436,0.381813108921051,0.02512967586517334,joy
42,"I am, Sir, &c. &c.",neutral,0.757511556148529,0.06017397344112396,0.757511556148529,0.0985305979847908,0.06505004316568375,0.007361727301031351,0.0067383525893092155,0.004633764736354351,0.0985305979847908,0.6589809581637383,sadness
43,"I LEFT Constantinople the sixth of the last month, and this is the first post from whence I could send a letter, though I have often wished for the opportunity, that I might impart some of the pleasure I found in this voyage, through the most agreeable part of the world, where every scene presents me some poetical idea, _Warm'd with poetic transport I survey Th' immortal islands, and the well known sea.",fear,0.9771214127540588,0.00837311614304781,0.004879118409007788,0.00295724137686193,0.0012013120576739311,0.0041031790897250175,0.9771214127540588,0.0013647242449223995,0.00837311614304781,0.968748296611011,joy
43,"For here so oft the muse her harp has strung, That not a mountain rears its head unsung_.",disgust,0.486230731010437,0.0017316170269623399,0.07845659554004669,0.10711554437875748,0.004432099871337414,0.29948166012763977,0.022551747038960457,0.486230731010437,0.29948166012763977,0.18674907088279724,anger
43,"I BEG your pardon for this sally, and will, if I can, continue the rest of my account in plain prose.",neutral,0.7127706408500671,0.047777749598026276,0.7127706408500671,0.037940140813589096,0.0022866635117679834,0.1230602115392685,0.007877839729189873,0.0682867020368576,0.1230602115392685,0.5897104293107986,anger
43,"The second day after we set sail, we passed Gallipolis, a fair city, situated in the bay of Chersonesus, and much respected by the Turks, being the first town they took in Europe.",joy,0.5243775248527527,0.5243775248527527,0.20317159593105316,0.0055560097098350525,0.053745873272418976,0.020317906513810158,0.1453530192375183,0.04747803509235382,0.20317159593105316,0.3212059289216995,neutral
43,"At five the next morning, we anchored in the Hellespont, between the castles of Sestos and Abydos, now called the Dardanelli.",fear,0.4770921468734741,0.008505763486027718,0.4042675495147705,0.012071765027940273,0.047660090029239655,0.028465531766414642,0.4770921468734741,0.021937202662229538,0.4042675495147705,0.07282459735870361,neutral
43,"These are now two little ancient castles, but of no strength, being commanded by a rising ground behind them, which, I confess, I should never have taken notice of, if I had not heard it observed by our captain and officers, my imagination being wholly employed by the tragic story, that you are well acquainted with: _The swimming lover, and the nightly bride, How HERO lov'd, and how LEANDER died_.",sadness,0.6662441492080688,0.006967687513679266,0.07884480804204941,0.6662441492080688,0.16186587512493134,0.01049500796943903,0.06305063515901566,0.01253181416541338,0.16186587512493134,0.5043782740831375,surprise
43,Verse again!--I am certainly infected by the poetical air I have passed through.,disgust,0.5114614963531494,0.003024280769750476,0.17729085683822632,0.16198144853115082,0.013302122242748737,0.026879534125328064,0.10606025904417038,0.5114614963531494,0.17729085683822632,0.3341706395149231,neutral
43,"That of Abydos is undoubtedly very amorous, since that soft passion betrayed the castle into the hands of the Turks who besieged it in the reign of Orchanes.",disgust,0.7678694128990173,0.0020460127852857113,0.0307307131588459,0.020772168412804604,0.0008076151716522872,0.17382918298244476,0.003944908268749714,0.7678694128990173,0.17382918298244476,0.5940402299165726,anger
43,"The governor's daughter, imagining to have seen her future husband in a dream, (though I don't find she had either slept upon bride-cake, or kept St Agnes's fast) fancied she saw the dear figure in the form of one of her besiegers; and, being willing to obey her destiny, tossed a note to him over the wall, with the offer of her person, and the delivery of the castle.",neutral,0.45867595076560974,0.07894749194383621,0.45867595076560974,0.014002993702888489,0.01751195825636387,0.06033164635300636,0.025390397757291794,0.3451394736766815,0.3451394736766815,0.11353647708892822,disgust
43,"He shewed it to his general, who consented to try the sincerity of her intentions, and withdrew his army, ordering the young man to return with a select body of men at midnight.",disgust,0.4670654833316803,0.003062745090574026,0.22012606263160706,0.016698110848665237,0.0023607020266354084,0.2866004407405853,0.004086566623300314,0.4670654833316803,0.2866004407405853,0.18046504259109497,anger
43,"She admitted him at the appointed hour; he destroyed the garrison, took the father prisoner, and made her his wife.",anger,0.6009901165962219,0.0024624262005090714,0.02315455861389637,0.014832363463938236,0.004572886973619461,0.6009901165962219,0.006229499354958534,0.3477581739425659,0.3477581739425659,0.253231942653656,disgust
43,"This town is in Asia, first founded by the Milesians.",neutral,0.9261738061904907,0.011833002790808678,0.9261738061904907,0.004638426471501589,0.04464561864733696,0.003760298015549779,0.0039534177631139755,0.004995589144527912,0.04464561864733696,0.8815281875431538,surprise
43,"Sestos is in Europe, and was once the principal city of Chersonesus.",neutral,0.8255324363708496,0.01657189428806305,0.8255324363708496,0.04963736608624458,0.038322724401950836,0.01808178797364235,0.015706976875662804,0.03614673763513565,0.04963736608624458,0.775895070284605,sadness
43,"Since I have seen this strait, I find nothing improbable in the adventure of Leander, or very wonderful in the bridge of boats of Xerxes.",fear,0.4075053930282593,0.07547800987958908,0.15372473001480103,0.005563583690673113,0.345108300447464,0.0055229938589036465,0.4075053930282593,0.007096961606293917,0.345108300447464,0.06239709258079529,surprise
43,"'Tis so narrow, 'tis not surprising a young lover should attempt to swim, or an ambitious king try to pass his army over it.",surprise,0.7281419634819031,0.01950335130095482,0.09624901413917542,0.02481449395418167,0.7281419634819031,0.03860176354646683,0.04288380965590477,0.04980563744902611,0.09624901413917542,0.6318929493427277,neutral
43,"But then, 'tis so subject to storms, 'tis no wonder the lover perished, and the bridge was broken.",sadness,0.9593934416770935,0.0013365052873268723,0.01002038549631834,0.9593934416770935,0.009161053225398064,0.008831579238176346,0.007074086461216211,0.004182939417660236,0.01002038549631834,0.9493730561807752,neutral
43,"From hence we had a full view of mount Ida; _Where Juno once caress'd her am'rous Jove, And the world's master lay subdu'd by love_.",neutral,0.5277940630912781,0.16344372928142548,0.5277940630912781,0.08617843687534332,0.031860582530498505,0.05716943368315697,0.04570687934756279,0.08784693479537964,0.16344372928142548,0.3643503338098526,joy
43,"Not many leagues sail from hence, I saw the point of land where poor old Hecuba was buried, and about a league from that place is Cape Janizary, the famous promontory of Sigaeum, where we anchored.",neutral,0.5139045715332031,0.006270979065448046,0.5139045715332031,0.15156656503677368,0.11747947335243225,0.016616595908999443,0.02377861924469471,0.17038318514823914,0.17038318514823914,0.343521386384964,disgust
43,"My curiosity supplied me with strength to climb to the top of it, to see the place where Achilles was buried, and where Alexander ran naked round his tomb, in honour of him, which, no doubt, was a great comfort to his ghost.",fear,0.3367532789707184,0.061667557805776596,0.3230910301208496,0.019412849098443985,0.03191491588950157,0.004458571784198284,0.3367532789707184,0.22270187735557556,0.3230910301208496,0.013662248849868774,neutral
43,"I saw there the ruins of a very large city, and found a stone, on which Mr W----y plainly distinguished the words of _Sigaen Polin_.",disgust,0.7303754687309265,0.004525592550635338,0.06393323838710785,0.018262509256601334,0.08961952477693558,0.02637355402112007,0.06691007316112518,0.7303754687309265,0.08961952477693558,0.6407559439539909,surprise
43,"We ordered this on board the ship; but were shewed others much more curious by a Greek priest, tho' a very ignorant fellow, that could give no tolerable account of any thing.",disgust,0.7619805335998535,0.003444808768108487,0.06618797034025192,0.026530323550105095,0.07536263018846512,0.058968886733055115,0.007524800021201372,0.7619805335998535,0.07536263018846512,0.6866179034113884,surprise
43,"On each side the door of this little church ly two large stones, about ten feet long each, five in breadth, and three in thickness.",neutral,0.5258225798606873,0.010714489966630936,0.5258225798606873,0.027235422283411026,0.12789885699748993,0.02688026987016201,0.07293161749839783,0.20851679146289825,0.20851679146289825,0.317305788397789,disgust
43,"That on the right is a very fine white marble, the side of it beautifully carved in bas-relief; it represents a woman, who seems to be designed for some deity, sitting on a chair with a footstool, and before her another woman, weeping, and presenting to her a young child that she has in her arms, followed by a procession of women with children in the same manner.",neutral,0.6210978627204895,0.02140161395072937,0.6210978627204895,0.019529078155755997,0.014061611145734787,0.006319891661405563,0.002542774425819516,0.31504711508750916,0.31504711508750916,0.30605074763298035,disgust
43,This is certainly part of a very ancient tomb; but I dare not pretend to give the true explanation of it.,neutral,0.45154815912246704,0.0020862044766545296,0.45154815912246704,0.009541790932416916,0.029946045950055122,0.03562542051076889,0.02346242591738701,0.4477899372577667,0.4477899372577667,0.0037582218647003174,disgust
43,"On the stone, on the left side, is a very fair inscription; but the Greek is too ancient for Mr W----y's interpretation.",neutral,0.9390453100204468,0.005675399675965309,0.9390453100204468,0.007284609600901604,0.027422361075878143,0.002660181373357773,0.0013166404096409678,0.016595609486103058,0.027422361075878143,0.9116229489445686,surprise
43,"I am very sorry not to have the original in my possession, which might have been purchased of the poor inhabitants for a small sum of money.",sadness,0.9716633558273315,0.0014215530827641487,0.009677981026470661,0.9716633558273315,0.003975892439484596,0.0017678848234936595,0.003596790134906769,0.007896562106907368,0.009677981026470661,0.9619853748008609,neutral
43,"But our captain assured us, that without having machines made on purpose, 'twas impossible to bear it to the sea-side; and, when it was there, his long-boat would not be large enough to hold it.",fear,0.3651203513145447,0.019821718335151672,0.3453177511692047,0.11304610222578049,0.030133893713355064,0.0602545402944088,0.3651203513145447,0.06630565971136093,0.3453177511692047,0.019802600145339966,neutral
43,"THE ruins of this great city are now inhabited by poor Greek peasants, who wear the Sciote habit, the women being in short petticoats, fastened by straps round their shoulders, and large smock sleeves of white linen, with neat shoes and stockings, and on their heads a large piece of muslin, which falls in large folds on their shoulders.--One of my countrymen, Mr Sands, (whose book I doubt not you have read, as one of the best of its kind) speaking of these ruins, supposes them to have been the foundation of a city begun by Constantine, before his building Byzantium; but I see no good reason for that imagination, and am apt to believe them much more ancient.",disgust,0.7622098922729492,0.005396523512899876,0.16866545379161835,0.021245060488581657,0.018171636387705803,0.015525657683610916,0.008785857819020748,0.7622098922729492,0.16866545379161835,0.5935444384813309,neutral
43,"WE saw very plainly from this promontory, the river Simois rolling from mount Ida, and running through a very spacious valley.",fear,0.495084285736084,0.12875428795814514,0.1930808573961258,0.009390393272042274,0.046263664960861206,0.021617785096168518,0.495084285736084,0.10580862313508987,0.1930808573961258,0.3020034283399582,neutral
43,"It is now a considerable river, and is called Simores, it is joined in the vale by the Scamander, which appeared a small stream half choaked (sic) with mud, but is perhaps large in the winter.",neutral,0.46735015511512756,0.00710171926766634,0.46735015511512756,0.05401697754859924,0.03341411426663399,0.033029455691576004,0.16762277483940125,0.23746488988399506,0.23746488988399506,0.2298852652311325,disgust
43,"This was Xanthus amongst the gods, as Homer tells us; and 'tis by that heavenly name, the nymph Oenone invokes it, in her epistle to Paris.",neutral,0.8676337003707886,0.054777346551418304,0.8676337003707886,0.014691635966300964,0.028957730159163475,0.007398989517241716,0.006773981265723705,0.019766632467508316,0.054777346551418304,0.8128563538193703,joy
43,"The Trojan virgins used to offer their first favours to it, by the name of Scamander, till the adventure, which Monsieur de la Fontaine has told so agreeably, abolish'd that heathenish ceremony.",disgust,0.5246174335479736,0.025752680376172066,0.38304629921913147,0.007529327645897865,0.0028274196665734053,0.0465628057718277,0.009664017707109451,0.5246174335479736,0.38304629921913147,0.14157113432884216,neutral
43,"When the stream is mingled with the Simois, they run together to the sea.",neutral,0.3551494777202606,0.029128417372703552,0.3551494777202606,0.03157879039645195,0.006371412891894579,0.03424790874123573,0.3287337124347687,0.21479029953479767,0.3287337124347687,0.026415765285491943,fear
43,"ALL that is now left of Troy is the ground on which it stood; for, I am firmly persuaded, whatever pieces of antiquity may be found round it, are much more modern, and I think Strabo says the same thing.",neutral,0.8626372218132019,0.03493565320968628,0.8626372218132019,0.011789334006607533,0.014326166361570358,0.020487509667873383,0.013042835518717766,0.04278130829334259,0.04278130829334259,0.8198559135198593,disgust
43,"However, there is some pleasure in seeing the valley where I imagined the famous duel of Menelaus and Paris had been fought, and where the greatest city in the world was situated.",joy,0.972493588924408,0.972493588924408,0.012590552680194378,0.004638195037841797,0.0033680014312267303,0.001204645843245089,0.0008293080027215183,0.004875763785094023,0.012590552680194378,0.9599030362442136,neutral
43,"'Tis certainly the noblest situation that can be found for the head of a great empire, much to be preferred to that of Constantinople, the harbour here being always convenient for ships from all parts of the world, and that of Constantinople inaccessible almost six months in the year, while the north-wind reigns.",disgust,0.6298080682754517,0.05741771683096886,0.235595241189003,0.049190595746040344,0.011289505288004875,0.012648271396756172,0.004050643183290958,0.6298080682754517,0.235595241189003,0.39421282708644867,neutral
43,"NORTH of the promontory of Sigaeum we saw that of Rhaeteum, famed for the sepulchre of Ajax.",disgust,0.6086575388908386,0.005202351603657007,0.13215197622776031,0.029531434178352356,0.007555918302386999,0.03322536498308182,0.18367531895637512,0.6086575388908386,0.18367531895637512,0.4249822199344635,fear
43,"While I viewed these celebrated fields and rivers, I admired the exact geography of Homer, whom I had in my hand.",joy,0.5560542941093445,0.5560542941093445,0.26339423656463623,0.004258935805410147,0.011761500500142574,0.01593114621937275,0.002890295349061489,0.14570969343185425,0.26339423656463623,0.29266005754470825,neutral
43,"Almost every epithet he gives to a mountain or plain, is still just for it; and I spent several hours here in as agreeable cogitations, as ever Don Quixote had on mount Montesinos.",neutral,0.8132428526878357,0.1474245935678482,0.8132428526878357,0.00637355912476778,0.008219847455620766,0.004522425588220358,0.001029029255732894,0.01918773539364338,0.1474245935678482,0.6658182591199875,joy
43,"We sailed next night to the shore, where 'tis vulgarly reported Troy stood; and I took the pains of rising at two in the morning to view cooly those ruins which are commonly shewed to strangers, and which the Turks call _Eski Stamboul, i.e._ Old Constantinople.",disgust,0.5767033696174622,0.024689089506864548,0.09898460656404495,0.04577037692070007,0.014676378108561039,0.06165970116853714,0.17751650512218475,0.5767033696174622,0.17751650512218475,0.3991868644952774,fear
43,"For that reason, as well as some others, I conjecture them to be the remains of that city begun by Constantine.",neutral,0.9329813718795776,0.005892173387110233,0.9329813718795776,0.005132478661835194,0.016591876745224,0.01982162334024906,0.006741262041032314,0.01283922791481018,0.01982162334024906,0.9131597485393286,anger
43,"I hired an ass (the only voiture to be had there) that I might go some miles into the country, and take a tour round the ancient walls, which are of a vast extent.",neutral,0.8498924970626831,0.00866836030036211,0.8498924970626831,0.007869970984756947,0.03609081730246544,0.01009821891784668,0.014106299728155136,0.07327382266521454,0.07327382266521454,0.7766186743974686,disgust
43,"We found the remains of a castle on a hill, and of another in a valley, several broken pillars and two pedestals, from which I took these Latin inscriptions: DIVI.",disgust,0.8903281092643738,0.0006832572398707271,0.026352453976869583,0.006908325012773275,0.012433146126568317,0.04665285721421242,0.0166417695581913,0.8903281092643738,0.04665285721421242,0.8436752520501614,anger
43,AUG. COL.,neutral,0.8799007534980774,0.007751715835183859,0.8799007534980774,0.03400079160928726,0.04169531539082527,0.009007652290165424,0.002474043285474181,0.025169752538204193,0.04169531539082527,0.8382054381072521,surprise
43,ET.,neutral,0.8592470288276672,0.004345551133155823,0.8592470288276672,0.04788945987820625,0.04161175712943077,0.010767422616481781,0.008911006152629852,0.02722780406475067,0.04788945987820625,0.811357568949461,sadness
43,COL. IUL.,neutral,0.9264094829559326,0.006152705755084753,0.9264094829559326,0.018592962995171547,0.021293962374329567,0.010570129379630089,0.0030010684859007597,0.013979735784232616,0.021293962374329567,0.905115520581603,surprise
43,PHILIPPENSIS EORUNDEM ET PRINCIP.,neutral,0.9306076169013977,0.00759649183601141,0.9306076169013977,0.008018054999411106,0.0315844900906086,0.011179587803781033,0.003846653737127781,0.007167068310081959,0.0315844900906086,0.8990231268107891,surprise
43,AM COL. IUL.,neutral,0.8113064765930176,0.009887101128697395,0.8113064765930176,0.016470976173877716,0.14849311113357544,0.0049325404688715935,0.0046765306033194065,0.004233185667544603,0.14849311113357544,0.6628133654594421,surprise
43,PARIANAE.,neutral,0.8735489845275879,0.007555333431810141,0.8735489845275879,0.020514344796538353,0.0311179980635643,0.022530395537614822,0.004865000955760479,0.039867956191301346,0.039867956191301346,0.8336810283362865,disgust
43,TRIBUN.,neutral,0.8420436978340149,0.007986471988260746,0.8420436978340149,0.024753902107477188,0.040916550904512405,0.034400589764118195,0.007062532473355532,0.0428362600505352,0.0428362600505352,0.7992074377834797,disgust
43,MILIT.,neutral,0.5081522464752197,0.013083674013614655,0.5081522464752197,0.040008433163166046,0.02914603240787983,0.16569527983665466,0.01139945536851883,0.23251484334468842,0.23251484334468842,0.2756374031305313,disgust
43,COH.,neutral,0.9318210482597351,0.007641186937689781,0.9318210482597351,0.0137168625369668,0.024365555495023727,0.0054991175420582294,0.0016358935972675681,0.015320445410907269,0.024365555495023727,0.9074554927647114,surprise
43,XXXII.,neutral,0.8919840455055237,0.010472769849002361,0.8919840455055237,0.02178972214460373,0.031838856637477875,0.013856051489710808,0.009165682829916477,0.020892856642603874,0.031838856637477875,0.8601451888680458,surprise
43,VOLUNTAR.,neutral,0.8442082405090332,0.0040115914307534695,0.8442082405090332,0.01591678149998188,0.02384759858250618,0.06642971932888031,0.01344282552599907,0.03214326128363609,0.06642971932888031,0.7777785211801529,anger
43,TRIB.,neutral,0.8460224866867065,0.005968489684164524,0.8460224866867065,0.018337123095989227,0.05468510091304779,0.0217177402228117,0.00665066484361887,0.04661842808127403,0.05468510091304779,0.7913373857736588,surprise
43,MILIT.,neutral,0.5081522464752197,0.013083674013614655,0.5081522464752197,0.040008433163166046,0.02914603240787983,0.16569527983665466,0.01139945536851883,0.23251484334468842,0.23251484334468842,0.2756374031305313,disgust
43,LEG.,disgust,0.7658879160881042,0.007857562974095345,0.07680796086788177,0.05011278763413429,0.03210931271314621,0.06025181710720062,0.006972706876695156,0.7658879160881042,0.07680796086788177,0.6890799552202225,neutral
43,XIII.,neutral,0.855002760887146,0.028911322355270386,0.855002760887146,0.03127605840563774,0.03115932270884514,0.01408480666577816,0.018402524292469025,0.021163146942853928,0.03127605840563774,0.8237267024815083,sadness
43,GEM.,neutral,0.7775007486343384,0.006989933084696531,0.7775007486343384,0.016567016020417213,0.021365657448768616,0.04691045358777046,0.0168297216296196,0.11383648216724396,0.11383648216724396,0.6636642664670944,disgust
43,PRAEFECTO EQUIT.,neutral,0.9159414768218994,0.004245578311383724,0.9159414768218994,0.004444298334419727,0.01373809203505516,0.0288525503128767,0.00297975423745811,0.029798151925206184,0.029798151925206184,0.8861433248966932,disgust
43,ALAE.,neutral,0.8754871487617493,0.007592097390443087,0.8754871487617493,0.020231377333402634,0.03474938124418259,0.026071643456816673,0.0046082730405032635,0.03126009181141853,0.03474938124418259,0.8407377675175667,surprise
43,I. SCUBULORUM VIC.,neutral,0.9072688817977905,0.010321849957108498,0.9072688817977905,0.011003055609762669,0.03183320164680481,0.017789285629987717,0.0037716461811214685,0.018012123182415962,0.03183320164680481,0.8754356801509857,surprise
43,VIII.,neutral,0.7820315957069397,0.05215516313910484,0.7820315957069397,0.050367049872875214,0.025810588151216507,0.020126091316342354,0.03515913337469101,0.03435037285089493,0.05215516313910484,0.7298764325678349,joy
43,DIVI.,neutral,0.8469285368919373,0.01008535921573639,0.8469285368919373,0.03490423411130905,0.04921837896108627,0.020389318466186523,0.011238818056881428,0.02723543904721737,0.04921837896108627,0.797710157930851,surprise
43,IULI.,neutral,0.8147904872894287,0.011968787759542465,0.8147904872894287,0.026650631800293922,0.055733948945999146,0.05105270817875862,0.009429761208593845,0.03037376143038273,0.055733948945999146,0.7590565383434296,surprise
43,FLAMINI C. ANTONIO.,neutral,0.778955340385437,0.02358456514775753,0.778955340385437,0.03988690301775932,0.09875108301639557,0.03253758326172829,0.010288874618709087,0.015995651483535767,0.09875108301639557,0.6802042573690414,surprise
43,M. F. VOLT.,neutral,0.8826245665550232,0.03678187355399132,0.8826245665550232,0.019703051075339317,0.01994137093424797,0.020232945680618286,0.009382476098835468,0.011333717964589596,0.03678187355399132,0.8458426930010319,joy
43,RUFO.,neutral,0.6677206158638,0.0032576443627476692,0.6677206158638,0.0128664281219244,0.020093489438295364,0.04512804001569748,0.008708235807716846,0.2422254979610443,0.2422254979610443,0.42549511790275574,disgust
43,FLAMIN.,neutral,0.7436091303825378,0.0206083245575428,0.7436091303825378,0.031047236174345016,0.11953216046094894,0.04813952371478081,0.011144778691232204,0.025918783619999886,0.11953216046094894,0.6240769699215889,surprise
43,DIV.,neutral,0.8865149617195129,0.0057256268337368965,0.8865149617195129,0.03964225575327873,0.0305187851190567,0.009694304317235947,0.005496462807059288,0.022407516837120056,0.03964225575327873,0.8468727059662342,sadness
43,AUG. COL. CL.,neutral,0.8741856813430786,0.01205451413989067,0.8741856813430786,0.03764735162258148,0.05086546391248703,0.00827866792678833,0.0018211054848507047,0.015147184021770954,0.05086546391248703,0.8233202174305916,surprise
43,APRENS.,neutral,0.617059051990509,0.004513443447649479,0.617059051990509,0.041084930300712585,0.1657170057296753,0.08956900238990784,0.004493476822972298,0.07756312191486359,0.1657170057296753,0.45134204626083374,surprise
43,ET.,neutral,0.8592470288276672,0.004345551133155823,0.8592470288276672,0.04788945987820625,0.04161175712943077,0.010767422616481781,0.008911006152629852,0.02722780406475067,0.04788945987820625,0.811357568949461,sadness
43,COL. IUL.,neutral,0.9264094829559326,0.006152705755084753,0.9264094829559326,0.018592962995171547,0.021293962374329567,0.010570129379630089,0.0030010684859007597,0.013979735784232616,0.021293962374329567,0.905115520581603,surprise
43,PHILIPPENSIS EORUNDEM ET PRINCIP.,neutral,0.9306076169013977,0.00759649183601141,0.9306076169013977,0.008018054999411106,0.0315844900906086,0.011179587803781033,0.003846653737127781,0.007167068310081959,0.0315844900906086,0.8990231268107891,surprise
43,ITEM COL.  IUL.,neutral,0.8977917432785034,0.009591584093868732,0.8977917432785034,0.018386229872703552,0.04580281302332878,0.013199187815189362,0.003970683086663485,0.011257769539952278,0.04580281302332878,0.8519889302551746,surprise
43,PARIANAE TRIB.,neutral,0.8217639327049255,0.019825918599963188,0.8217639327049255,0.03296578675508499,0.03658932074904442,0.037819068878889084,0.009772275574505329,0.04126372188329697,0.04126372188329697,0.7805002108216286,disgust
43,MILIT.,neutral,0.5081522464752197,0.013083674013614655,0.5081522464752197,0.040008433163166046,0.02914603240787983,0.16569527983665466,0.01139945536851883,0.23251484334468842,0.23251484334468842,0.2756374031305313,disgust
43,COH.,neutral,0.9318210482597351,0.007641186937689781,0.9318210482597351,0.0137168625369668,0.024365555495023727,0.0054991175420582294,0.0016358935972675681,0.015320445410907269,0.024365555495023727,0.9074554927647114,surprise
43,XXXII.,neutral,0.8919840455055237,0.010472769849002361,0.8919840455055237,0.02178972214460373,0.031838856637477875,0.013856051489710808,0.009165682829916477,0.020892856642603874,0.031838856637477875,0.8601451888680458,surprise
43,VOLUNTARIOR.,neutral,0.8138317465782166,0.010160088539123535,0.8138317465782166,0.017816171050071716,0.033230140805244446,0.061127763241529465,0.012590749189257622,0.05124341696500778,0.061127763241529465,0.7527039833366871,anger
43,TRIB.,neutral,0.8460224866867065,0.005968489684164524,0.8460224866867065,0.018337123095989227,0.05468510091304779,0.0217177402228117,0.00665066484361887,0.04661842808127403,0.05468510091304779,0.7913373857736588,surprise
43,MILIT.,neutral,0.5081522464752197,0.013083674013614655,0.5081522464752197,0.040008433163166046,0.02914603240787983,0.16569527983665466,0.01139945536851883,0.23251484334468842,0.23251484334468842,0.2756374031305313,disgust
43,XIII.,neutral,0.855002760887146,0.028911322355270386,0.855002760887146,0.03127605840563774,0.03115932270884514,0.01408480666577816,0.018402524292469025,0.021163146942853928,0.03127605840563774,0.8237267024815083,sadness
43,GEM.,neutral,0.7775007486343384,0.006989933084696531,0.7775007486343384,0.016567016020417213,0.021365657448768616,0.04691045358777046,0.0168297216296196,0.11383648216724396,0.11383648216724396,0.6636642664670944,disgust
43,PRAEF.,neutral,0.829465389251709,0.016856851056218147,0.829465389251709,0.009303165599703789,0.025242775678634644,0.05669291317462921,0.0029011459555476904,0.0595378652215004,0.0595378652215004,0.7699275240302086,disgust
43,EQUIT.,disgust,0.7237417697906494,0.0023778455797582865,0.12652316689491272,0.010683516971766949,0.006506908219307661,0.12264174222946167,0.007525056134909391,0.7237417697906494,0.12652316689491272,0.5972186028957367,neutral
43,ALAE.,neutral,0.8754871487617493,0.007592097390443087,0.8754871487617493,0.020231377333402634,0.03474938124418259,0.026071643456816673,0.0046082730405032635,0.03126009181141853,0.03474938124418259,0.8407377675175667,surprise
43,I. SCUBULORUM VIC.,neutral,0.9072688817977905,0.010321849957108498,0.9072688817977905,0.011003055609762669,0.03183320164680481,0.017789285629987717,0.0037716461811214685,0.018012123182415962,0.03183320164680481,0.8754356801509857,surprise
43,VII.,neutral,0.5372645258903503,0.03586921468377113,0.5372645258903503,0.043583132326602936,0.02353905700147152,0.0939137265086174,0.15222930908203125,0.11360103636980057,0.15222930908203125,0.3850352168083191,fear
43,"I do not doubt but the remains of a temple near this place, are the ruins of one dedicated to Augustus; and I know not why Mr Sands calls it a Christian temple, since the Romans certainly built hereabouts.",neutral,0.5433382987976074,0.0035675056278705597,0.5433382987976074,0.013063923455774784,0.0770065188407898,0.02603369578719139,0.010543190874159336,0.3264468312263489,0.3264468312263489,0.21689146757125854,disgust
43,"Here are many tombs of fine marble, and vast pieces of granate (sic), which are daily lessened by the prodigious balls that the Turks make, from them, for their cannon.",neutral,0.7410111427307129,0.025325214490294456,0.7410111427307129,0.005224701948463917,0.05192558467388153,0.035204462707042694,0.004215700551867485,0.1370931714773178,0.1370931714773178,0.6039179712533951,disgust
43,"We passed that evening the isle of Tenedos, once under the patronage of Apollo, as he gave it in, himself, in the particulars of his estate, when he courted Daphne.",disgust,0.4063066244125366,0.17581142485141754,0.3116467297077179,0.03465850278735161,0.018762366846203804,0.03194916620850563,0.020865146070718765,0.4063066244125366,0.3116467297077179,0.09465989470481873,neutral
43,"It is but ten miles in circuit, but, in those days, very rich and well-peopled, still famous for its excellent wine.",neutral,0.7348337769508362,0.15983977913856506,0.7348337769508362,0.04093058034777641,0.035606253892183304,0.003956229891628027,0.002265039598569274,0.022568311542272568,0.15983977913856506,0.5749939978122711,joy
43,"I say nothing of Tenes, from whom it was called; but naming Mytilene, where we passed next, I cannot forbear mentioning Lesbos, where Sappho sung, and Pittacus reigned, famous for the birth of Alcaeus, Theophrastus and Arion, those masters in poetry, philosophy, and music.",neutral,0.5787080526351929,0.021020447835326195,0.5787080526351929,0.046055909246206284,0.020880555734038353,0.01780722849071026,0.05116986855864525,0.2643579840660095,0.2643579840660095,0.31435006856918335,disgust
43,This was one of the last islands that remained in the Christian dominion after the conquest of Constantinople by the Turks.,neutral,0.949872612953186,0.005207826383411884,0.949872612953186,0.011468504555523396,0.014920693822205067,0.005262454506009817,0.005432012490928173,0.007835929282009602,0.014920693822205067,0.934951919130981,surprise
43,"But need I talk to you of Catucuseno, &c. princes that you are as well acquainted with as I am.",neutral,0.9408033490180969,0.008809925988316536,0.9408033490180969,0.014920412562787533,0.017797322943806648,0.0037487796507775784,0.005670126527547836,0.008249981328845024,0.017797322943806648,0.9230060260742903,surprise
43,"'Twas with regret I saw us sail from this island into the Egean (sic) sea, now the Archipelago, leaving Scio (the ancient Chios) on the left, which is the richest and most populous of these islands, fruitful in cotton, corn and silk, planted with groves of orange and lemon trees, and the Arvisian mountain, still celebrated for the nectar that Virgil mentions.",sadness,0.8904469609260559,0.009765759110450745,0.05427505075931549,0.8904469609260559,0.008999694138765335,0.0036147148348391056,0.00797513872385025,0.02492273785173893,0.05427505075931549,0.8361719101667404,neutral
43,Here is the best manufacture of silks in all Turkey.,neutral,0.8829599022865295,0.04721025004982948,0.8829599022865295,0.0031868384685367346,0.043291375041007996,0.008792458102107048,0.0021081259474158287,0.012451034970581532,0.04721025004982948,0.8357496522367001,joy
43,"The town is well built, the women famous for their beauty, and shew their faces as in Christendom.",neutral,0.8471400737762451,0.09385659545660019,0.8471400737762451,0.008945307694375515,0.015953844413161278,0.006123388186097145,0.0012933212565258145,0.02668747864663601,0.09385659545660019,0.7532834783196449,joy
43,"There are many rich families; though they confine their magnificence to the inside of their houses, to avoid the jealousy of the Turks, who have, a bassa here: however, they enjoy a reasonable liberty, and indulge the genius of their country: _And eat, and sing, and dance away their time, Fresh as their groves, and happy as their clime_.",joy,0.6242331862449646,0.6242331862449646,0.26110726594924927,0.02141048200428486,0.00465729832649231,0.059196341782808304,0.0014518916141241789,0.027943503111600876,0.26110726594924927,0.36312592029571533,neutral
43,"Their chains hang lightly on them, tho' 'tis not long since they were imposed, not being under the Turk till 1566.",neutral,0.7486357688903809,0.007397607434540987,0.7486357688903809,0.02801823988556862,0.010706696659326553,0.02864699438214302,0.09502789378166199,0.08156679570674896,0.09502789378166199,0.6536078751087189,fear
43,"But perhaps 'tis as easy to obey the grand signior as the state of Genoa, to whom they were sold by the Greek emperor.",neutral,0.8805880546569824,0.007112273946404457,0.8805880546569824,0.008943576365709305,0.08642806112766266,0.0037749591283500195,0.0024798065423965454,0.010673229582607746,0.08642806112766266,0.7941599935293198,surprise
43,"But I forget myself in these historical touches, which are very impertinent when I write to you.",neutral,0.8183695673942566,0.002930578077211976,0.8183695673942566,0.04065214470028877,0.031761590391397476,0.018384087830781937,0.017844580113887787,0.0700574740767479,0.0700574740767479,0.7483120933175087,disgust
43,"Passing the strait between the islands of Andros and Achaia, now Libadia, we saw the promontory of Lunium, now called Cape Colonna, where are yet standing the vast pillars of a temple of Minerva.",fear,0.33419808745384216,0.00920039787888527,0.1926758885383606,0.011843357235193253,0.24901676177978516,0.034430209547281265,0.33419808745384216,0.16863535344600677,0.24901676177978516,0.085181325674057,surprise
43,"This venerable sight made me think, with double regret, on a beautiful temple of Theseus, which, I am assured, was almost entire at Athens, till the last campaign in the Morea, that the Turks filled it with powder, and it was accidentally blown up.",sadness,0.35889869928359985,0.0025407506618648767,0.049240048974752426,0.35889869928359985,0.06078314408659935,0.10636264085769653,0.12814664840698242,0.29402807354927063,0.29402807354927063,0.06487062573432922,disgust
43,"You may believe I had a great mind to land on the fam'd Peloponnesus, tho' it were only to look on the rivers of Asopus, Peneus, Inachus and Eurotas, the fields of Arcadia, and other scenes of ancient mythology.",neutral,0.7602085471153259,0.01357968058437109,0.7602085471153259,0.0032619854900985956,0.19078442454338074,0.008806440979242325,0.014506274834275246,0.008852686733007431,0.19078442454338074,0.5694241225719452,surprise
43,"But instead of demigods and heroes, I was credibly informed, 'tis now over-run by robbers, and that I should run a great risque (sic) of falling into their hands, by undertaking such a journey through a desert country, for which, however, I have so much respect, that I have much ado to hinder myself from troubling you with its whole history, from the foundation of Nycana and Corinth, to the last campaign there; but I check the inclination, as I did that of landing.",neutral,0.5312075018882751,0.01025399100035429,0.5312075018882751,0.08508184552192688,0.014957503415644169,0.035905685275793076,0.2786334156990051,0.043960053473711014,0.2786334156990051,0.25257408618927,fear
43,"We sailed quietly by Cape Angelo, once Malea, where I saw no remains of the famous temple of Apollo.",fear,0.5343266129493713,0.010880532674491405,0.2818247675895691,0.012896670028567314,0.10869024693965912,0.01874014176428318,0.5343266129493713,0.03264101594686508,0.2818247675895691,0.25250184535980225,neutral
43,"We came that evening in sight of Candia: it is very mountainous; we easily distinguished that of Ida.--We have Virgil's authority, that here were a hundred cities-- _--Centum urbes habitant magnas--_ The chief of them--the scene of monstrous passions.--Metellus first conquered this birth-place of his Jupiter; it fell afterwards into the hands of ---- I am running on to the very siege of Candia; and I am so angry with myself, that I will pass by all the other islands with this general reflection, that 'tis impossible to imagine any thing more agreeable than this journey would have been two or three thousand years since, when, after drinking a dish of tea with Sappho, I might have gone, the same evening, to visit the temple of Homer in Chios, and passed this voyage in taking plans of magnificent temples, delineating the miracles of statuaries, and conversing with the most polite and most gay of mankind.",anger,0.9707257151603699,0.00079710892168805,0.0030332456808537245,0.0023180064745247364,0.0028101226780563593,0.9707257151603699,0.013437758199870586,0.006877992767840624,0.013437758199870586,0.9572879569604993,fear
43,Alas!,surprise,0.5724502205848694,0.046257875859737396,0.07555653154850006,0.05603374168276787,0.5724502205848694,0.0956510528922081,0.010711481794714928,0.1433391273021698,0.1433391273021698,0.4291110932826996,disgust
43,"art is extinct here; the wonders of nature alone remain; and it was with vast pleasure I observed those of mount Etna, whose flame appears very bright in the night many leagues off at sea, and fills the head with a thousand conjectures.",neutral,0.50267094373703,0.10902076214551926,0.50267094373703,0.10304146260023117,0.03899719938635826,0.07326027750968933,0.12315957993268967,0.04984978958964348,0.12315957993268967,0.37951136380434036,fear
43,"However, I honour philosophy too much, to imagine it could turn that of Empedocles; and Lucian shall never make me believe such a scandal of a man, of whom, Lucretius says, _--Vix humana videtur stirpe creatus--_ WE passed Trinacria without hearing any of the syrens that Homer describes; and, being thrown on neither Scylla nor Charybdis, came safe to Malta, first called Melita, from the abundance of honey.",disgust,0.6865623593330383,0.0050042495131492615,0.06247718632221222,0.036698926240205765,0.011687024496495724,0.176582932472229,0.02098733000457287,0.6865623593330383,0.176582932472229,0.5099794268608093,anger
43,It is a whole rock covered with very little earth.,neutral,0.47943243384361267,0.003837081603705883,0.47943243384361267,0.0362258143723011,0.13082750141620636,0.026851940900087357,0.017441289499402046,0.3053840696811676,0.3053840696811676,0.17404836416244507,disgust
43,The grand master lives here in the state of a sovereign prince; but his strength at sea now is very small.,neutral,0.6768833994865417,0.007566383108496666,0.6768833994865417,0.033136896789073944,0.019612230360507965,0.012934517115354538,0.015162544324994087,0.23470407724380493,0.23470407724380493,0.4421793222427368,disgust
43,"The fortifications are reckoned the best in the world, all cut in the solid rock with infinite expence and labour.--Off this island we were tossed by a severe storm, and were very glad, after eight days, to be able to put into Porta Farine on the African shore, where our ship now rides.",joy,0.9792336225509644,0.9792336225509644,0.003333737375214696,0.007932907901704311,0.0024974981788545847,0.00277000037021935,0.0026056761853396893,0.0016265569720417261,0.007932907901704311,0.97130071464926,sadness
43,At Tunis we were met by the English consul who resides here.,neutral,0.40557554364204407,0.25727441906929016,0.40557554364204407,0.015723366290330887,0.17613431811332703,0.015383652411401272,0.09560603648424149,0.034302689135074615,0.25727441906929016,0.1483011245727539,joy
43,"I readily accepted of the offer of his house there for some days, being very curious to see this part of the world, and particularly the ruins of Carthage.",surprise,0.4781556725502014,0.04979494959115982,0.43974539637565613,0.004457718692719936,0.4781556725502014,0.005726974923163652,0.010018054395914078,0.012101208791136742,0.43974539637565613,0.03841027617454529,neutral
43,"I set out in his chaise at nine at night, the moon being at full.",fear,0.9610641598701477,0.0016649592434987426,0.017750166356563568,0.007276752032339573,0.004679253790527582,0.004295589867979288,0.9610641598701477,0.0032690109219402075,0.017750166356563568,0.9433139935135841,neutral
43,"I saw the prospect of the country almost as well as I could have done by day-light; and the heat of the sun is now so intolerable, 'tis impossible to travel at any other time.",disgust,0.45026925206184387,0.007305072154849768,0.027477946132421494,0.09146005660295486,0.0029420608188956976,0.13718156516551971,0.28336405754089355,0.45026925206184387,0.28336405754089355,0.16690519452095032,fear
43,"The soil is, for the most part, sandy, but every where fruitful of date, olive, and fig-trees, which grow without art, yet afford the most delicious fruit in the world.",neutral,0.5231612920761108,0.22982177138328552,0.5231612920761108,0.06208118423819542,0.006819626782089472,0.010166596621274948,0.0020149985793977976,0.16593457758426666,0.22982177138328552,0.2933395206928253,joy
43,"There vineyards and melon-fields are inclos'd by hedges of that plant we call Indian-fig, which is an admirable fence, no wild beast being able to pass it.",neutral,0.868741512298584,0.01784287765622139,0.868741512298584,0.005493448581546545,0.01242354977875948,0.015520250424742699,0.01014793198555708,0.06983043998479843,0.06983043998479843,0.7989110723137856,disgust
43,"It grows a great height, very thick, and the spikes or thorns are as long and sharp as bodkins; it bears a fruit much eaten by the peasants, and which has no ill taste.",disgust,0.9740148186683655,0.0004776524438057095,0.008290036581456661,0.005214475095272064,0.0008076709927991033,0.00800731685012579,0.0031880794558674097,0.9740148186683655,0.008290036581456661,0.9657247820869088,neutral
43,"IT being now the season of the Turkish _ramadan_, or Lent, and all here professing, at least the Mahometan religion, they fast till the going down of the sun, and spend the night in feasting.",neutral,0.8442191481590271,0.046982742846012115,0.8442191481590271,0.024258092045783997,0.006811046972870827,0.01676206849515438,0.0031236824579536915,0.05784326791763306,0.05784326791763306,0.786375880241394,disgust
43,"We saw under the trees, companies of the country people, eating, singing, and dancing, to their wild music.",disgust,0.7287595272064209,0.05400436371564865,0.16323012113571167,0.003798622405156493,0.013297542929649353,0.022982807829976082,0.013927036896348,0.7287595272064209,0.16323012113571167,0.5655294060707092,neutral
43,"They are not quite black, but all mulattoes, and the most frightful creatures that can  appear in a human figure.",fear,0.988929808139801,0.0012424237793311477,0.003986061550676823,0.0017632782692089677,0.0013802021276205778,0.0015720655210316181,0.988929808139801,0.001126076909713447,0.003986061550676823,0.9849437465891242,neutral
43,"They are almost naked, only wearing a piece of coarse serge wrapped about them.--But the women have their arms, to their very shoulders, and their necks and faces, adorned with flowers, stars, and various sorts of figures impressed by gunpowder; a considerable addition to their natural deformity; which is, however, esteemed very ornamental amongst them; and I believe they suffer a good deal of pain by it.",disgust,0.8035667538642883,0.005926225800067186,0.09194456785917282,0.04593927785754204,0.026400770992040634,0.008079838007688522,0.018142642453312874,0.8035667538642883,0.09194456785917282,0.7116221860051155,neutral
43,"ABOUT six miles from Tunis, we saw the remains of that noble aqueduct, which carried the water to Carthage, over several high mountains, the length of forty miles.",disgust,0.389149934053421,0.004966516513377428,0.3597942590713501,0.00935742910951376,0.08802676200866699,0.031901583075523376,0.11680351197719574,0.389149934053421,0.3597942590713501,0.029355674982070923,neutral
43,There are still many arches entire.,neutral,0.9213950634002686,0.002751830732449889,0.9213950634002686,0.014810390770435333,0.04685851186513901,0.005228990688920021,0.0026615983806550503,0.006293760612607002,0.04685851186513901,0.8745365515351295,surprise
43,"We spent two hours viewing it with great attention, and Mr W----y assured me that of Rome is very much inferior to it.",neutral,0.6525164842605591,0.026895638555288315,0.6525164842605591,0.028772413730621338,0.054327886551618576,0.010949872434139252,0.006989786401391029,0.21954791247844696,0.21954791247844696,0.4329685717821121,disgust
43,"The stones are of a prodigious size, and yet all polished, and so exactly fitted to each other, very little cement has been made use of to join them.",neutral,0.43406566977500916,0.008352390490472317,0.43406566977500916,0.0035958685912191868,0.286147803068161,0.07028131186962128,0.009633990004658699,0.18792293965816498,0.286147803068161,0.14791786670684814,surprise
43,"Yet they may probably stand a thousand years longer, if art is not made use of to pull them down.",neutral,0.9590561389923096,0.0021426512394100428,0.9590561389923096,0.005113546270877123,0.007716771215200424,0.00665098475292325,0.0029214320238679647,0.01639837771654129,0.01639837771654129,0.9426577612757683,disgust
43,"Soon after day-break I arrived at Tunis, a town fairly built of very white stone, but quite without gardens, which, they say, were all destroyed when the Turks first took it, none having been planted since.",disgust,0.5716401934623718,0.0026728471275418997,0.0315072163939476,0.04720781370997429,0.07894250750541687,0.21788571774959564,0.05014367774128914,0.5716401934623718,0.21788571774959564,0.3537544757127762,anger
43,"The dry land gives a very disagreeable prospect to the eye; and the want of shade contributing to the natural heat of the climate, renders it so excessive, that I have much ado to support it.",anger,0.6065235137939453,0.005758231971412897,0.2401788830757141,0.02050325833261013,0.003818113822489977,0.6065235137939453,0.004616101272404194,0.11860188841819763,0.2401788830757141,0.3663446307182312,neutral
43,"'Tis true, here is, every noon, the refreshment of the sea-breeze, without which it would be impossible to live; but no fresh water but what is preserved in the cisterns of the rains that fall in the month of September.",neutral,0.6697532534599304,0.062484078109264374,0.6697532534599304,0.08619865030050278,0.028665628284215927,0.015918299555778503,0.008732675574719906,0.12824738025665283,0.12824738025665283,0.5415058732032776,disgust
43,"The women of the town go veiled from head to foot under a black crape, and being mixed with a breed of renegadoes, are said to be many of them fair and handsome.",neutral,0.6485070586204529,0.16344378888607025,0.6485070586204529,0.007938345894217491,0.012803423218429089,0.010402551852166653,0.0033467374742031097,0.15355803072452545,0.16344378888607025,0.48506326973438263,joy
43,"This city was besieged in 1270, by Lewis (sic) king of France, who died under the walls of it, of a pestilential fever.",fear,0.6765978932380676,0.0032851952128112316,0.08288516849279404,0.04179683327674866,0.01748901978135109,0.08026682585477829,0.6765978932380676,0.09767910838127136,0.09767910838127136,0.5789187848567963,disgust
43,"After his death, Philip, his son, and our prince Edward, son of Henry III.",sadness,0.9685127139091492,0.006875745020806789,0.007045430596917868,0.9685127139091492,0.003536138916388154,0.0019351179944351315,0.0038349060341715813,0.008259889669716358,0.008259889669716358,0.9602528242394328,disgust
43,raised the siege on honourable terms.,anger,0.41123509407043457,0.0642952248454094,0.3582337498664856,0.01777811348438263,0.004151251632720232,0.41123509407043457,0.005553897935897112,0.13875256478786469,0.3582337498664856,0.053001344203948975,neutral
43,"It remained under its natural African kings, till betrayed into the hands of Barbarossa, admiral of Solyman the Magnificent.",disgust,0.4465363621711731,0.008028768002986908,0.12708508968353271,0.16041909158229828,0.0049330247566103935,0.20726965367794037,0.04572800174355507,0.4465363621711731,0.20726965367794037,0.23926670849323273,anger
43,"The emperor Charles V. expelled Barbarossa, but it was recovered by the Turk, under the conduct of Sinan Bassa, in the reign of Selim II.",anger,0.32349273562431335,0.005090347025543451,0.12792369723320007,0.21173620223999023,0.007567335851490498,0.32349273562431335,0.010404718108475208,0.3137849271297455,0.3137849271297455,0.009707808494567871,disgust
43,"From that time till now, it has remained tributary to the grand signior, governed by a _bey_, who suffers the name of subject to the Turk, but has renounced the subjection, being absolute, and very seldom paying any tribute.",neutral,0.8487768769264221,0.01107976958155632,0.8487768769264221,0.04267721250653267,0.007349748630076647,0.020135685801506042,0.00759679963812232,0.06238386780023575,0.06238386780023575,0.7863930091261864,disgust
43,"The great city of Bagdat (sic) is, at this time, in the same circumstances, and the grand signior connives at the loss of these dominions, for fear of losing even the titles of them.",fear,0.9234106540679932,0.0037150417920202017,0.050132397562265396,0.005807695910334587,0.0030817773658782244,0.00913322065025568,0.9234106540679932,0.004719289485365152,0.050132397562265396,0.8732782565057278,neutral
43,"I WENT very early yesterday morning (after one night's repose) to see the ruins of Carthage.--I was, however, half broiled in the sun, and overjoyed to be led into one of the subterranean apartments, which they called, _The stables of the elephants_, but which I cannot believe were ever designed for that use.",joy,0.9891853332519531,0.9891853332519531,0.0016720964340493083,0.002757166512310505,0.003435111604630947,0.0011366124963387847,0.0007189296302385628,0.0010946838883683085,0.003435111604630947,0.9857502216473222,surprise
43,"I found in them many broken pieces of columns of fine marble, and some of porphyry.",disgust,0.7669765949249268,0.001059602596797049,0.06652158498764038,0.02733471803367138,0.02211906388401985,0.10595135390758514,0.01003700215369463,0.7669765949249268,0.10595135390758514,0.6610252410173416,anger
43,"I cannot think any body would take the insignificant pains of carrying them thither, and I cannot imagine such fine pillars were designed for the use of stables.",disgust,0.38338297605514526,0.002278464613482356,0.22690843045711517,0.03571607172489166,0.29478374123573303,0.03068935126066208,0.026241028681397438,0.38338297605514526,0.29478374123573303,0.08859923481941223,surprise
43,"I am apt to believe they Were summer apartments under their palaces, which the heat of the climate rendered necessary.",surprise,0.633275032043457,0.01109303254634142,0.2864197790622711,0.005308132618665695,0.633275032043457,0.024422338232398033,0.017437797039747238,0.022043947130441666,0.2864197790622711,0.3468552529811859,neutral
43,They are now used as granaries by the country people.,neutral,0.9005193710327148,0.003090382320806384,0.9005193710327148,0.00609097583219409,0.016125909984111786,0.023042716085910797,0.0034392476081848145,0.047691356390714645,0.047691356390714645,0.8528280146420002,disgust
43,"While I sat here, from the town of _Tents_ not far off, many of the women flocked in to see me, and we were equally entertained with viewing one another.",joy,0.9398655295372009,0.9398655295372009,0.03813397139310837,0.0031062597408890724,0.006917188409715891,0.0030919741839170456,0.0006315589998848736,0.008253650739789009,0.03813397139310837,0.9017315581440926,neutral
43,"Their posture in sitting, the colour of their skin, their lank black hair falling on each side their faces, their features, and the shape of their limbs, differ so little from their country-people the baboons, 'tis hard to fancy them a distinct race; I could not help thinking there had been some ancient alliances between them.",disgust,0.6316013336181641,0.0037806499749422073,0.24437417089939117,0.039615631103515625,0.05660068243741989,0.006937292870134115,0.01709025166928768,0.6316013336181641,0.24437417089939117,0.3872271627187729,neutral
43,"WHEN I was a little refreshed by rest, and some milk and exquisite fruit they brought me, I went up the little hill where once stood the castle of Byrsa, and from thence I had a distinct view of the situation of the famous city of Carthage, which stood on an isthmus, the sea coming on each side of it.",fear,0.6172696948051453,0.09446930140256882,0.12569937109947205,0.013056959956884384,0.03977509215474129,0.01624748483300209,0.6172696948051453,0.09348203241825104,0.12569937109947205,0.4915703237056732,neutral
43,"'Tis now a marshy ground on one side, where there are salt ponds.",disgust,0.5861995220184326,0.0050130276940763,0.2678322196006775,0.03151419758796692,0.06683950126171112,0.018652908504009247,0.02394871972501278,0.5861995220184326,0.2678322196006775,0.3183673024177551,neutral
43,Strabo calls Carthage forty miles in circumference.,neutral,0.921757161617279,0.005089106038212776,0.921757161617279,0.008198554627597332,0.02618834376335144,0.012780980207026005,0.006717786658555269,0.0192680936306715,0.02618834376335144,0.8955688178539276,surprise
43,"There are now no remains of it, but what I have described; and the history of it is too well known to want my abridgement of it.",neutral,0.8176121115684509,0.009510750882327557,0.8176121115684509,0.05219067633152008,0.028676774352788925,0.026324698701500893,0.010258058086037636,0.055427003651857376,0.055427003651857376,0.7621851079165936,disgust
43,"You see, Sir, that I think you esteem obedience better than compliments.",neutral,0.8185800909996033,0.0781584084033966,0.8185800909996033,0.0037875380367040634,0.026747599244117737,0.02908344566822052,0.0021024427842348814,0.041540488600730896,0.0781584084033966,0.7404216825962067,joy
43,"I have answered your letter by giving you the accounts you desired, and have reserved my thanks to the conclusion.",neutral,0.7857879996299744,0.06935301423072815,0.7857879996299744,0.036840759217739105,0.006186193786561489,0.07691042870283127,0.002300402382388711,0.02262122929096222,0.07691042870283127,0.7088775709271431,anger
43,"I intend to leave this place to-morrow, and continue my journey through Italy and France.",sadness,0.84624183177948,0.05483394116163254,0.0464213564991951,0.84624183177948,0.0022462084889411926,0.011823955923318863,0.030139902606606483,0.008292852900922298,0.05483394116163254,0.7914078906178474,joy
43,"In one of those places I hope to tell you, by word of mouth, that I am,   Your humble servant, &c. &c.",joy,0.8453576564788818,0.8453576564788818,0.1196926012635231,0.01564914360642433,0.011871152557432652,0.002499315422028303,0.002450469182804227,0.0024797047954052687,0.1196926012635231,0.7256650552153587,neutral
44,"I BEG your pardon, my dear sister, that I did not write to you from Tunis, the only opportunity I have had since I left Constantinople.",neutral,0.4010086953639984,0.01807483285665512,0.4010086953639984,0.2346467524766922,0.007163158617913723,0.19112682342529297,0.022221548482775688,0.12575815618038177,0.2346467524766922,0.1663619428873062,sadness
44,"But the heat there was so excessive, and the light so bad for the sight, I was half blind by writing one letter to the Abbot ----, and durst not go to write many others I had designed; nor indeed could I have entertained you very well out of that barbarous country.",disgust,0.6483156681060791,0.005699769593775272,0.01996162347495556,0.10098867118358612,0.006892765872180462,0.06280248612165451,0.15533898770809174,0.6483156681060791,0.15533898770809174,0.49297668039798737,fear
44,"I am now surrounded with subjects of pleasure, and so much charmed with the beauties of Italy, that I should think it a kind of ingratitude not to offer a little praise in return for the diversion I have had here.--I am in the house of Mrs D'Avenant at St Pierre d'Arena, and should be very unjust not to allow her a share of that praise I speak of, since her good humour and good company have very much contributed to render this place agreeable to me.",anger,0.45800450444221497,0.19154022634029388,0.025847798213362694,0.04851611703634262,0.003481120802462101,0.45800450444221497,0.002108355052769184,0.27050188183784485,0.27050188183784485,0.18750262260437012,disgust
44,"GENOA is situated in a very fine bay; and being built on a rising hill, extermixed (sic) with gardens, and beautified with the most excellent architecture, gives a very fine prospect off at sea; though it lost much of its beauty in my eyes, having been accustomed to that of Constantinople.",joy,0.7783592343330383,0.7783592343330383,0.13531790673732758,0.029223091900348663,0.014405813999474049,0.005983285140246153,0.006506138946861029,0.030204501003026962,0.13531790673732758,0.6430413275957108,neutral
44,"The Genoese were once masters of several islands in the Archipelago, and all that part of Constantinople which is now called Galata.",neutral,0.8756072521209717,0.01227835938334465,0.8756072521209717,0.019975561648607254,0.027779575437307358,0.026921560987830162,0.012346940115094185,0.025090675801038742,0.027779575437307358,0.8478276766836643,surprise
44,"Their betraying the Christian cause, by facilitating the taking of Constantinople by the Turk, deserved what has since happened to them, even the loss of all their conquests on that side to those infidels.",anger,0.6069310903549194,0.0021984560880810022,0.051914509385824203,0.044803865253925323,0.0016006958903744817,0.6069310903549194,0.002579272259026766,0.28997209668159485,0.28997209668159485,0.3169589936733246,disgust
44,"They are at present far from rich, and are despised by the French, since their doge was forced by the late king to go in person to Paris, to ask pardon for such a trifle as the arms of France over the house of the envoy, being spattered with dung in the night.",disgust,0.7310129404067993,0.001042678253725171,0.011631994508206844,0.012598378583788872,0.0011562233557924628,0.23613505065441132,0.006422719452530146,0.7310129404067993,0.23613505065441132,0.494877889752388,anger
44,"This, I suppose, was done by some of the Spanish faction, which still makes up the majority here, though they dare not openly declare it.",neutral,0.5155436396598816,0.0035464537795633078,0.5155436396598816,0.007973382249474525,0.013082538731396198,0.20616033673286438,0.018067579716444016,0.23562610149383545,0.23562610149383545,0.27991753816604614,disgust
44,"The ladies affect the French habit, and are more genteel than those they imitate.",neutral,0.6268215179443359,0.2716526687145233,0.6268215179443359,0.029925454407930374,0.005971001926809549,0.008102170191705227,0.0015469709178432822,0.05598022788763046,0.2716526687145233,0.3551688492298126,joy
44,I do not doubt but the custom of Cizisbei's has very much improved their airs.,neutral,0.9416331052780151,0.015316510573029518,0.9416331052780151,0.004956873599439859,0.017697175964713097,0.005802981089800596,0.0018698509084060788,0.012723488733172417,0.017697175964713097,0.923935929313302,surprise
44,I know not whether you ever heard of those animals.,neutral,0.7939825057983398,0.004471617750823498,0.7939825057983398,0.007305951789021492,0.14797285199165344,0.007178043480962515,0.005547353997826576,0.0335417315363884,0.14797285199165344,0.6460096538066864,surprise
44,"Upon my word, nothing but my own eyes could have convinced me there were any such upon earth.",neutral,0.45744559168815613,0.05941314250230789,0.45744559168815613,0.0303510669618845,0.16739189624786377,0.048228804022073746,0.20309416949748993,0.03407531976699829,0.20309416949748993,0.2543514221906662,fear
44,"The fashion began here, and is now received all over Italy, where the husbands are not such terrible creatures as we represent them.",disgust,0.40631118416786194,0.014760076999664307,0.39442670345306396,0.00993917603045702,0.012104243971407413,0.015442230738699436,0.14701640605926514,0.40631118416786194,0.39442670345306396,0.011884480714797974,neutral
44,"There are none among them such brutes, as to pretend to find fault with a custom so well established, and so politically founded, since I am assured, that it was an expedient, first found out by the senate, to put an end to those family hatreds, which tore their state to pieces, and to find employment for those young men who were forced to cut one another's throats, _pour passer le temps_: and it has succeeded so well, that since the institution of Cizisbei, there has been nothing but peace and good humour amongst them.",joy,0.46299269795417786,0.46299269795417786,0.3322093188762665,0.014144718647003174,0.00501633808016777,0.10493018478155136,0.0013665104052051902,0.07934009283781052,0.3322093188762665,0.13078337907791138,neutral
44,"These are gentlemen who devote themselves to the service of a particular lady (I mean a married one) for the virgins are all invisible, and confined to convents: They are obliged to wait on her to all public places, such as the plays, operas, and assemblies, (which are called here _Conversations_) where they wait behind her chair, take care of her fan and gloves, if she plays, have the privilege of whispers, &c.--When she goes out, they serve her instead of lacquies (sic), gravely trotting by her chair.",disgust,0.3542112112045288,0.01177278347313404,0.12664206326007843,0.3013871908187866,0.004099387209862471,0.05681316927075386,0.14507415890693665,0.3542112112045288,0.3013871908187866,0.05282402038574219,sadness
44,"'Tis their business to prepare for her a present against any day of public appearance, not forgetting that of her own name [Footnote: That is, the day of the saint after whom she is called.",neutral,0.722255527973175,0.0067014847882092,0.722255527973175,0.029714783653616905,0.01600591465830803,0.055048175156116486,0.10739359259605408,0.06288052350282669,0.10739359259605408,0.614861935377121,fear
44,"]; in short, they are to spend all their time and money in her service, who rewards them accordingly (for opportunity they want none) but the husband is not to have the impudence to suppose this any other than pure Platonic friendship.",neutral,0.5354262590408325,0.02144865319132805,0.5354262590408325,0.029130948707461357,0.015316173434257507,0.122634656727314,0.006142449099570513,0.2699008584022522,0.2699008584022522,0.2655254006385803,disgust
44,"'Tis true, they endeavour to give her a Cizisbei of their own chusing; but when the lady happens not to be of the same taste, as that often happens, she never fails to bring it about to have one of her own fancy.",neutral,0.45741191506385803,0.009531307965517044,0.45741191506385803,0.06805044412612915,0.01813296042382717,0.04820527508854866,0.012054652906954288,0.3866134583950043,0.3866134583950043,0.07079845666885376,disgust
44,"In former times, one beauty used to have eight or ten of these humble admirers; but those days of plenty and humility are no more.",neutral,0.9322405457496643,0.017795909196138382,0.9322405457496643,0.020015722140669823,0.00695344852283597,0.004404743202030659,0.0008704186766408384,0.017719261348247528,0.020015722140669823,0.9122248236089945,sadness
44,"Men grow more scarce and saucy, and every lady is forced to content herself with one at a time.",neutral,0.6909772157669067,0.006844410207122564,0.6909772157669067,0.049785468727350235,0.004962623119354248,0.013463286682963371,0.0033578993752598763,0.23060913383960724,0.23060913383960724,0.4603680819272995,disgust
44,"You may see in this place the _glorious liberty_ of a republic, or more properly, an aristocracy, the common people being here as arrant slaves as the French; but the old nobles pay little respect to the doge, who is but two years in his office, and whose wife, at that very time, assumes no rank above another noble lady.",neutral,0.6149492263793945,0.015223789028823376,0.6149492263793945,0.01445548702031374,0.010990886949002743,0.02452833577990532,0.0022317252587527037,0.31762057542800903,0.31762057542800903,0.2973286509513855,disgust
44,"'Tis true, the family of Andrea Doria (that great man, who restored them that liberty they enjoy) have some particular privileges.",neutral,0.8618950247764587,0.010568036697804928,0.8618950247764587,0.015872791409492493,0.017903216183185577,0.0308669600635767,0.0052140322513878345,0.057679880410432816,0.057679880410432816,0.8042151443660259,disgust
44,"When the senate found it necessary to put a stop to the luxury of dress, forbidding the wearing of jewels and brocades, they left them at liberty to make what expence they pleased.",disgust,0.3944607675075531,0.046018797904253006,0.2811712324619293,0.02190743386745453,0.0023996434174478054,0.24670611321926117,0.0073360176756978035,0.3944607675075531,0.2811712324619293,0.11328953504562378,neutral
44,"I look with great pleasure on the statue of that hero, which is in the court belonging to the house of duke Doria.",joy,0.9489246606826782,0.9489246606826782,0.02611543983221054,0.0031332869548350573,0.0025793621316552162,0.0031261893454939127,0.0005829500150866807,0.015537997707724571,0.02611543983221054,0.9228092208504677,neutral
44,"This puts me in mind of their palaces, which I can never describe as I ought.--Is it not enough, that I say, they are, most of them, the design of Palladio?",neutral,0.6335330009460449,0.008404585532844067,0.6335330009460449,0.011751962825655937,0.21394434571266174,0.023452769964933395,0.008854822255671024,0.10005849599838257,0.21394434571266174,0.4195886552333832,surprise
44,"The street called Strada Nova, is perhaps the most beautiful line of building in the world.",joy,0.45713841915130615,0.45713841915130615,0.3739895224571228,0.008294285275042057,0.08903499692678452,0.015021360479295254,0.020075183361768723,0.0364462174475193,0.3739895224571228,0.08314889669418335,neutral
44,"I must particularly mention the vast palaces of Durazzo, those of the two Balbi, joined together by a magnificent colonade (sic), that of the Imperiale at this village of St Pierre d'Arena, and another of the Doria.",joy,0.49690818786621094,0.49690818786621094,0.2836599349975586,0.01591561734676361,0.14671590924263,0.01635354571044445,0.011815145611763,0.028631625697016716,0.2836599349975586,0.21324825286865234,neutral
44,"The perfection of architecture, and the utmost profusion of rich furniture are to be seen here, disposed with the most elegant taste, and lavish magnificence.",neutral,0.49626773595809937,0.4164639115333557,0.49626773595809937,0.007685193791985512,0.021764395758509636,0.009296043775975704,0.0011804315727204084,0.04734231159090996,0.4164639115333557,0.07980382442474365,joy
44,"But I am charmed with nothing so much as the collection of pictures by the pencils of Raphael, Paulo Veronese, Titian, Caracci, Michael Angelo, Guido, and Corregio, which two I mention last as my particular favourites.",joy,0.9718850255012512,0.9718850255012512,0.018393011763691902,0.0016705698799341917,0.001635565422475338,0.002388586523011327,0.0004909293493255973,0.0035363691858947277,0.018393011763691902,0.9534920137375593,neutral
44,"I own, I can find no pleasure in objects of horror; and, in my opinion, the more naturally a crucifix is represented, the more disagreeable it is.",fear,0.6710375547409058,0.0034582626540213823,0.017692595720291138,0.013202264904975891,0.0027272640727460384,0.018037408590316772,0.6710375547409058,0.2738446295261383,0.2738446295261383,0.39719292521476746,disgust
44,"These, my beloved painters, shew nature, and shew it in the most charming light.",joy,0.7051173448562622,0.7051173448562622,0.25545281171798706,0.008504396304488182,0.00726366275921464,0.00409492664039135,0.0008320261258631945,0.01873478665947914,0.25545281171798706,0.44966453313827515,neutral
44,"I was particularly pleased with a Lucretia in the house of Balbi; the expressive beauty of that face and bosom, gives all the passion of pity and adoration, that could be raised in the soul, by the finest artist on that subject.",joy,0.839310348033905,0.839310348033905,0.04550667479634285,0.03275793418288231,0.006895002909004688,0.00888008065521717,0.0006351668271236122,0.06601480394601822,0.06601480394601822,0.7732955440878868,disgust
44,"A Cleopatra of the same hand, deserves to be mentioned; and I should say more of her if Lucretia had not first engaged my eyes.--Here are also some inestimable ancient bustos (sic).--The church of St Lawrence is built of black and white marble, where is kept that famous plate of a single emerald, which is not now permitted to be handled, since a plot, which, they say, was discovered, to throw it on the pavement and break it; a childish piece of malice, which they ascribe to the king of Sicily, to be revenged for their refusing to sell it to him.",anger,0.6903500556945801,0.0035878249909728765,0.04848545044660568,0.016202639788389206,0.0050347950309515,0.6903500556945801,0.0023893811739981174,0.23394986987113953,0.23394986987113953,0.45640018582344055,disgust
44,"The church of the annunciation is finely lined with marble; the pillars are of red and white marble; that of St Ambrose has been very much adorned by the Jesuits; but I confess, all the churches appeared so mean to me, after that of Sancta Sophia, I can hardly do them the honour of writing down their names.",disgust,0.6371827125549316,0.007185754831880331,0.1274442821741104,0.03826146572828293,0.16918259859085083,0.014357155188918114,0.00638591917231679,0.6371827125549316,0.16918259859085083,0.4680001139640808,surprise
44,"But I hope you will own, I have made good use of my time, in seeing so much, since 'tis not many days that we have been out of the quarantine, from which no body is exempted coming from the Levant.",neutral,0.7023335099220276,0.23870551586151123,0.7023335099220276,0.023105576634407043,0.010432223789393902,0.008135478012263775,0.0032128256279975176,0.014074818231165409,0.23870551586151123,0.46362799406051636,joy
44,"Ours, indeed, was very much shortened, and very agreeably passed in Mrs D'Avenant's company, in the village of St Pierre d'Arena, about a mile from Genoa, in a house built by Palladio, so well designed, and so nobly proportioned, 'twas a pleasure to walk in it.",joy,0.8939610719680786,0.8939610719680786,0.05193774774670601,0.010540333576500416,0.029005950316786766,0.005021630320698023,0.004372860305011272,0.0051603917963802814,0.05193774774670601,0.8420233242213726,neutral
44,"We were visited here only by a few English, in the company of a noble Genoese; commissioned to see we did not touch one another.--I shall stay here some days longer, and could almost wish it were for all my life; but mine, I fear, is not destined to so much tranquillity.",fear,0.8075204491615295,0.06409085541963577,0.011168177239596844,0.10980210453271866,0.001554245944134891,0.0028243912383913994,0.8075204491615295,0.0030397390946745872,0.10980210453271866,0.6977183446288109,sadness
44,"I am, &c. &c.",neutral,0.5534117817878723,0.0904766172170639,0.5534117817878723,0.25651076436042786,0.08371268957853317,0.00516490638256073,0.0064614336006343365,0.004261855036020279,0.25651076436042786,0.29690101742744446,sadness
45,"I CAME in two days from Genoa, through fine roads, to this place.",neutral,0.6733376383781433,0.013938507996499538,0.6733376383781433,0.004986163694411516,0.25936806201934814,0.009522578679025173,0.03254488855600357,0.006302179303020239,0.25936806201934814,0.41396957635879517,surprise
45,"I have already seen what is shewed to strangers in the town, which, indeed, is not worth a very particular description; and I have not respect enough for the holy handkerchief, to speak long of it.",disgust,0.7068762183189392,0.0022565878462046385,0.21854612231254578,0.014250841923058033,0.018007643520832062,0.03232025355100632,0.007742447312921286,0.7068762183189392,0.21854612231254578,0.48833009600639343,neutral
45,"The churches are handsome, and so is the king's palace; but I have lately seen such perfection of architecture, I did not give much of my attention to these pieces.",neutral,0.7736188173294067,0.06034643203020096,0.7736188173294067,0.015760960057377815,0.07074891030788422,0.0059811449609696865,0.0025917852763086557,0.07095196098089218,0.07095196098089218,0.7026668563485146,disgust
45,"The town itself is fairly built, situated in a fine plain on the banks of the Po.",neutral,0.5388844013214111,0.2744441628456116,0.5388844013214111,0.02255883999168873,0.018063358962535858,0.013204163871705532,0.018265066668391228,0.11457996815443039,0.2744441628456116,0.26444023847579956,joy
45,"At a little distance from it, we saw the palaces of La Venerie, and La Valentin, both very agreeable retreats.",joy,0.6627498269081116,0.6627498269081116,0.2791037857532501,0.008977477438747883,0.010291256941854954,0.003190019866451621,0.0018957483116537333,0.03379196301102638,0.2791037857532501,0.38364604115486145,neutral
45,"We were lodged in the Piazza Royale, which is one of the noblest squares I ever saw, with a fine portico of white stone quite round it.",neutral,0.6238401532173157,0.009166830219328403,0.6238401532173157,0.03820721060037613,0.019435815513134003,0.03289976343512535,0.008045832626521587,0.26840436458587646,0.26840436458587646,0.3554357886314392,disgust
45,"We were immediately visited by the Chevalier ----, whom you knew in England; who, with great civility, begged to introduce us at Court, which is now kept at Rivoli, about a league from Turin.",neutral,0.5933988094329834,0.14506462216377258,0.5933988094329834,0.016411546617746353,0.028220757842063904,0.034153491258621216,0.013013765215873718,0.16973693668842316,0.16973693668842316,0.42366187274456024,disgust
45,"I went thither yesterday, and had the honour of waiting on the queen, being presented to her by her first lady of honour.",joy,0.9037211537361145,0.9037211537361145,0.06957002729177475,0.011398926377296448,0.008815552107989788,0.001997853396460414,0.002244166564196348,0.0022523044608533382,0.06957002729177475,0.8341511264443398,neutral
45,"I found her majesty in a magnificent apartment, with a train of handsome ladies, all dressed in gowns, amongst which it was easy to distinguish the fair princess of Carignan.",joy,0.5176710486412048,0.5176710486412048,0.11635143309831619,0.005435239057987928,0.1356402039527893,0.009464167058467865,0.01590082421898842,0.19953709840774536,0.19953709840774536,0.3181339502334595,disgust
45,"The queen entertained me with a world of sweetness and affability, and seemed mistress of a great share of good sense.",joy,0.46933066844940186,0.46933066844940186,0.2950183153152466,0.014303783886134624,0.003577644005417824,0.009026957675814629,0.0020723454654216766,0.20667019486427307,0.2950183153152466,0.17431235313415527,neutral
45,"She did not forget to put me in mind of her English blood; and added, that she always felt in herself a particular inclination to love the English.",neutral,0.5934957265853882,0.2765783965587616,0.5934957265853882,0.04843351989984512,0.004618031904101372,0.014110235497355461,0.00485641323029995,0.05790771171450615,0.2765783965587616,0.3169173300266266,joy
45,"I returned her civility, by giving her the title of majesty, as often as I could, which, perhaps, she will not have the comfort of hearing many months longer.--The king has a great deal of vivacity in his eyes; and the young prince of Piedmont is a very handsome young man; but the great devotion which this Court is, at present, fallen into, does not permit any of those entertainments proper for his age.",neutral,0.42068028450012207,0.13717299699783325,0.42068028450012207,0.11305760592222214,0.006757514551281929,0.026127314195036888,0.004779796581715345,0.29142454266548157,0.29142454266548157,0.1292557418346405,disgust
45,"Processions and masses are all the magnificence in fashion here; and gallantry is so criminal, that the poor Count of ----, who was our acquaintance at London, is very seriously disgraced, for some small overtures he presumed to make to a maid of honour.",disgust,0.914503276348114,0.001097109285183251,0.010550962761044502,0.02397845685482025,0.0006458878633566201,0.045041780918836594,0.004182461183518171,0.914503276348114,0.045041780918836594,0.8694614954292774,anger
45,"I intend to set out tomorrow, and to pass those dreadful Alps, so much talked of.--If I come to the bottom, you shall hear of me.--I am, &c. &c.",fear,0.9833167195320129,0.0017374753952026367,0.0011793978046625853,0.008828282356262207,0.000932366237975657,0.0022588344290852547,0.9833167195320129,0.0017471042228862643,0.008828282356262207,0.9744884371757507,sadness
46,"I RECEIVED, at my arrival here, both your obliging letters, and also letters from many of my other friends, designed to Constantinople, and sent me from Marseilles hither; our merchant there, knowing we were upon our return.",joy,0.8953842520713806,0.8953842520713806,0.042024485766887665,0.003544359002262354,0.00526069151237607,0.028394848108291626,0.002687478670850396,0.022703867405653,0.042024485766887665,0.853359766304493,neutral
46,I am surprised to hear my sister has left England.,surprise,0.9847772121429443,0.0027758588548749685,0.005604937672615051,0.0013562521198764443,0.9847772121429443,0.003154495032504201,0.0011781356297433376,0.0011531353229656816,0.005604937672615051,0.9791722744703293,neutral
46,"I suppose what I wrote to her from Turin will be lost, and where to direct I know not, having no account of her affairs from her own hand.",neutral,0.75616055727005,0.006167978048324585,0.75616055727005,0.10370196402072906,0.03357447683811188,0.024173900485038757,0.02024700492620468,0.055974096059799194,0.10370196402072906,0.652458593249321,sadness
46,"For my own part, I am confined to my chamber, having kept my bed till yesterday, ever since the 17th, that I came to this town, where I have had so terrible a fever, I believed, for some time, that all my journeys were ended here; and I do not at all wonder, that such fatigues as I have passed, should have such an effect.",surprise,0.534013032913208,0.0031412187963724136,0.021814946085214615,0.019806047901511192,0.534013032913208,0.01619088090956211,0.37369590997695923,0.03133799880743027,0.37369590997695923,0.16031712293624878,fear
46,"The first day's journey from Turin to Novalesse, is through a very fine country, beautifully planted, and enriched by art and nature.",joy,0.9003534913063049,0.9003534913063049,0.05277268961071968,0.0036060207057744265,0.021097654476761818,0.001663527567870915,0.01427942793816328,0.006227282807230949,0.05277268961071968,0.8475808016955853,neutral
46,"The next day we began to ascend mount Cenis, being carried in little seats of twisted osiers, fixed upon poles, upon mens shoulders; our chaises taken to pieces, and laid upon mules.",disgust,0.4245435297489166,0.0038860193453729153,0.021434776484966278,0.010327190160751343,0.036470767110586166,0.10564197599887848,0.39769577980041504,0.4245435297489166,0.39769577980041504,0.026847749948501587,fear
46,"THE prodigious prospect of mountains covered with eternal snow, of clouds hanging far below our feet, and of vast cascades tumbling down the rocks with a confused roaring, would have been entertaining to me, if I had suffered less from the extreme cold that reigns here.",fear,0.8804636597633362,0.013446936383843422,0.05628914758563042,0.005855511408299208,0.0178879015147686,0.019972816109657288,0.8804636597633362,0.006083996966481209,0.05628914758563042,0.8241745121777058,neutral
46,"But the misty rains which fall perpetually, penetrated even the thick fur I was wrapped in; and I was half dead with cold, before we got to the foot of the mountain, which was not till two hours after dark.",fear,0.44308891892433167,0.004015511833131313,0.035170454531908035,0.204148530960083,0.025463292375206947,0.04055706784129143,0.44308891892433167,0.24755623936653137,0.24755623936653137,0.1955326795578003,disgust
46,"This hill has a spacious plain on the top of it, and a fine lake there; but the descent is so steep and slippery, 'tis surprising to see these chairmen go so steadily as they do.",surprise,0.9507316946983337,0.004092170856893063,0.010525858029723167,0.004225206095725298,0.9507316946983337,0.002633666153997183,0.024119315668940544,0.0036721143405884504,0.024119315668940544,0.9266123790293932,fear
46,"Yet I was not half so much afraid of breaking my neck, as I was of falling sick; and the event has shewed, that I placed my fears right.",fear,0.9843302369117737,0.003978214226663113,0.004776176996529102,0.003890740219503641,0.0009048301144503057,0.0012224919628351927,0.9843302369117737,0.0008973643998615444,0.004776176996529102,0.9795540599152446,neutral
46,"THE other mountains are now all passable for a chaise, and very fruitful in vines and pastures: Amongst them is a breed of the finest goats in the world.",neutral,0.6076111197471619,0.34525397419929504,0.6076111197471619,0.004512751940637827,0.020064029842615128,0.008739334531128407,0.0011443232651799917,0.012674353085458279,0.34525397419929504,0.2623571455478668,joy
46,"Acquebellet is the last, and soon after we entered Pont Beauvoisin, the frontier town of France, whose bridge parts this kingdom, and the dominions of Savoy.",neutral,0.6630771160125732,0.018773917108774185,0.6630771160125732,0.06003715097904205,0.1075068935751915,0.024272585287690163,0.0859275758266449,0.04040471464395523,0.1075068935751915,0.5555702224373817,surprise
46,"The same night we arrived late at this town, where I have had nothing to do, but to take care of my health.",fear,0.4240657687187195,0.005483601707965136,0.22523219883441925,0.2594549357891083,0.01392234768718481,0.04798518121242523,0.4240657687187195,0.023855967447161674,0.2594549357891083,0.1646108329296112,sadness
46,"I think myself already out of any danger; and am determined, that the sore throat, which still remains, shall not confine me long.",fear,0.3724791407585144,0.22055573761463165,0.23563061654567719,0.13223902881145477,0.0043601407669484615,0.01908700540661812,0.3724791407585144,0.015648342669010162,0.23563061654567719,0.13684852421283722,neutral
46,"I am impatient to see the curiosities of this famous city, and more impatient to continue my journey to Paris, from whence I hope to write you a more diverting letter than 'tis possible for me to do now, with a mind weakened by sickness, a head muddled with spleen, from a sorry inn, and a chamber crammed with mortifying objects of apothecaries vials and bottles.--I am, &c. &c.",sadness,0.4407735764980316,0.004134911112487316,0.03303808718919754,0.4407735764980316,0.03257286176085472,0.0729411393404007,0.11877232789993286,0.2977670729160309,0.2977670729160309,0.14300650358200073,disgust
47,"I RECEIVED yours here, and should thank you for the pleasure you seem to enjoy from my return; but I can hardly forbear being angry at you for rejoicing at what displeases me so much.",joy,0.6286990642547607,0.6286990642547607,0.012524493969976902,0.01367910299450159,0.0025454687420278788,0.33101192116737366,0.0008827196434140205,0.010657140053808689,0.33101192116737366,0.2976871430873871,anger
47,You will think this but an odd compliment on my side.,disgust,0.5799179077148438,0.007579245138913393,0.26879459619522095,0.004252867307513952,0.11272996664047241,0.02330947481095791,0.0034159927163273096,0.5799179077148438,0.26879459619522095,0.3111233115196228,neutral
47,"I'll assure you, 'tis not from insensibility of the joy of seeing my friends; but when I consider, that I must, at the same time, see and hear a thousand disagreeable impertinents; that I must receive and pay visits, make courtesies and assist at tea-tables, where I shall be half killed with questions: and, on the other part, that I am a creature that cannot serve any body, but with insignificant good wishes; and that my presence is not a necessary good to any one member of my native country, I think I might much better have staid where ease and quiet made up the happiness of my indolent life.--I should certainly be melancholy, if I pursued this theme one line farther.",sadness,0.9715617299079895,0.007893864996731281,0.012151041999459267,0.9715617299079895,0.0013574192998930812,0.0012545896461233497,0.0014230706728994846,0.004358298610895872,0.012151041999459267,0.9594106879085302,neutral
47,"I will rather fill the remainder of this paper with the inscriptions on the tables of brass, that are placed on each side of the town-house.",neutral,0.8691829442977905,0.005129216238856316,0.8691829442977905,0.008018143475055695,0.008009755052626133,0.020721791312098503,0.0045035178773105145,0.08443472534418106,0.08443472534418106,0.7847482189536095,disgust
47,I. T A B L E. Maererum.,neutral,0.7205268144607544,0.04252142831683159,0.7205268144607544,0.06801191717386246,0.02339998446404934,0.026202406734228134,0.06370922178030014,0.055628225207328796,0.06801191717386246,0.6525148972868919,sadness
47,nostr : : : : : sii : : : : : Equidem.,neutral,0.6731975674629211,0.0657423809170723,0.6731975674629211,0.043921634554862976,0.2022944688796997,0.0065352944657206535,0.004656250588595867,0.00365241221152246,0.2022944688796997,0.47090309858322144,surprise
47,primam.,neutral,0.8963445425033569,0.010078107006847858,0.8963445425033569,0.019072799012064934,0.05863586813211441,0.006316676735877991,0.0035436118487268686,0.006008359137922525,0.05863586813211441,0.8377086743712425,surprise
47,omnium.,neutral,0.38895171880722046,0.04296064004302025,0.38895171880722046,0.10749644786119461,0.22175677120685577,0.03644042834639549,0.10635114461183548,0.09604281187057495,0.22175677120685577,0.16719494760036469,surprise
47,illum.,neutral,0.7288466095924377,0.021192487329244614,0.7288466095924377,0.04574726149439812,0.07583222538232803,0.025501694530248642,0.025261130183935165,0.07761861383914948,0.07761861383914948,0.6512279957532883,disgust
47,cogitationem.,neutral,0.7772014737129211,0.04785318672657013,0.7772014737129211,0.031259309500455856,0.008981402032077312,0.0533132404088974,0.0022059022448956966,0.07918552309274673,0.07918552309274673,0.6980159506201744,disgust
47,hominum.,disgust,0.7878465056419373,0.00680991867557168,0.09003407508134842,0.05663784593343735,0.010471312329173088,0.011803921312093735,0.03639652580022812,0.7878465056419373,0.09003407508134842,0.6978124305605888,neutral
47,quam.,neutral,0.7768208384513855,0.027860302478075027,0.7768208384513855,0.03959233686327934,0.1441318839788437,0.005291426554322243,0.003678220324218273,0.002625066554173827,0.1441318839788437,0.6326889544725418,surprise
47,maxime.,neutral,0.8383553624153137,0.01040557213127613,0.8383553624153137,0.029776478186249733,0.10790587216615677,0.0064209941774606705,0.0025370409712195396,0.00459875026717782,0.10790587216615677,0.730449490249157,surprise
47,primam.,neutral,0.8963445425033569,0.010078107006847858,0.8963445425033569,0.019072799012064934,0.05863586813211441,0.006316676735877991,0.0035436118487268686,0.006008359137922525,0.05863586813211441,0.8377086743712425,surprise
47,occursuram.,neutral,0.8813661932945251,0.0033110887743532658,0.8813661932945251,0.023249810561537743,0.057174474000930786,0.013991529121994972,0.008986218832433224,0.011920738965272903,0.057174474000930786,0.8241917192935944,surprise
47,mihi.,neutral,0.6219754815101624,0.05083926394581795,0.6219754815101624,0.05157534033060074,0.21238626539707184,0.012195698916912079,0.03446260094642639,0.01656532473862171,0.21238626539707184,0.4095892161130905,surprise
47,provideo.,neutral,0.9223871231079102,0.016444087028503418,0.9223871231079102,0.019860995933413506,0.03236963227391243,0.00286514381878078,0.003417659318074584,0.002655379008501768,0.03236963227391243,0.8900174908339977,surprise
47,deprecor.,sadness,0.42357268929481506,0.003377891844138503,0.2904583215713501,0.42357268929481506,0.014039847999811172,0.03258831799030304,0.012378048151731491,0.22358492016792297,0.2904583215713501,0.13311436772346497,neutral
47,ne.,sadness,0.32375016808509827,0.019708242267370224,0.24456854164600372,0.32375016808509827,0.03669871762394905,0.06108313053846359,0.05542445927858353,0.2587667405605316,0.2587667405605316,0.06498342752456665,disgust
47,quasi.,neutral,0.8025112748146057,0.007507899776101112,0.8025112748146057,0.036818310618400574,0.11504781991243362,0.014288174919784069,0.015225237235426903,0.008601256646215916,0.11504781991243362,0.6874634549021721,surprise
47,novam.,neutral,0.6242443323135376,0.031049270182847977,0.6242443323135376,0.03543122112751007,0.2691914737224579,0.01341184601187706,0.019000403583049774,0.007671397179365158,0.2691914737224579,0.3550528585910797,surprise
47,istam.,neutral,0.6780553460121155,0.02915959246456623,0.6780553460121155,0.07737410068511963,0.18890948593616486,0.009050428867340088,0.010472792200744152,0.006978156976401806,0.18890948593616486,0.4891458600759506,surprise
47,rem.,neutral,0.8280782103538513,0.008658617734909058,0.8280782103538513,0.059579744935035706,0.03872399404644966,0.013708556070923805,0.007661039475351572,0.043589890003204346,0.059579744935035706,0.7684984654188156,sadness
47,introduci.,neutral,0.902411699295044,0.003970266319811344,0.902411699295044,0.008188523352146149,0.05366786941885948,0.008920751512050629,0.011301945894956589,0.011538926512002945,0.05366786941885948,0.8487438298761845,surprise
47,exhorreseatis.,neutral,0.9329105019569397,0.007283729035407305,0.9329105019569397,0.018418697640299797,0.01869310811161995,0.006182512734085321,0.00729849049821496,0.009212963283061981,0.01869310811161995,0.9142173938453197,surprise
47,sed.,neutral,0.8177875876426697,0.009733887389302254,0.8177875876426697,0.077764593064785,0.007441127672791481,0.022815125063061714,0.0032886380795389414,0.06116904690861702,0.077764593064785,0.7400229945778847,sadness
47,illa.,neutral,0.6935384273529053,0.028953999280929565,0.6935384273529053,0.05523209273815155,0.06046721339225769,0.06466735899448395,0.0444469228386879,0.052693985402584076,0.06466735899448395,0.6288710683584213,anger
47,po.,neutral,0.8170807957649231,0.023588882759213448,0.8170807957649231,0.04717199504375458,0.08846110850572586,0.0054536499083042145,0.003918886184692383,0.014324693940579891,0.08846110850572586,0.7286196872591972,surprise
47,tius.,neutral,0.7909185886383057,0.015369636937975883,0.7909185886383057,0.047505076974630356,0.04023001343011856,0.02012057974934578,0.01750837080180645,0.06834780424833298,0.06834780424833298,0.7225707843899727,disgust
47,cogitetis.,neutral,0.8440173864364624,0.043099019676446915,0.8440173864364624,0.03928641602396965,0.037792570888996124,0.017787573859095573,0.006169385276734829,0.0118476040661335,0.043099019676446915,0.8009183667600155,joy
47,quam.,neutral,0.7768208384513855,0.027860302478075027,0.7768208384513855,0.03959233686327934,0.1441318839788437,0.005291426554322243,0.003678220324218273,0.002625066554173827,0.1441318839788437,0.6326889544725418,surprise
47,multa.,neutral,0.8573037981987,0.01630382239818573,0.8573037981987,0.03427230566740036,0.04966530576348305,0.013575056567788124,0.0104661975055933,0.018413443118333817,0.04966530576348305,0.8076384924352169,surprise
47,in.,neutral,0.755123496055603,0.021727420389652252,0.755123496055603,0.11924805492162704,0.07193557918071747,0.01352784875780344,0.007726904936134815,0.010710693895816803,0.11924805492162704,0.635875441133976,sadness
47,hac.,neutral,0.7560205459594727,0.056805212050676346,0.7560205459594727,0.07492551952600479,0.07950097322463989,0.008087682537734509,0.00876206997781992,0.015898054465651512,0.07950097322463989,0.6765195727348328,surprise
47,civitate.,neutral,0.8353623747825623,0.009840354323387146,0.8353623747825623,0.029325081035494804,0.007669840473681688,0.06319260597229004,0.016485467553138733,0.03812422603368759,0.06319260597229004,0.7721697688102722,anger
47,novata.,neutral,0.7230681777000427,0.025643769651651382,0.7230681777000427,0.05443776771426201,0.1015540063381195,0.03628869354724884,0.033238206058740616,0.025769418105483055,0.1015540063381195,0.6215141713619232,surprise
47,sint.,neutral,0.8192164897918701,0.004751355387270451,0.8192164897918701,0.04062057286500931,0.11331498622894287,0.003645534161478281,0.0038843515794724226,0.014566722325980663,0.11331498622894287,0.7059015035629272,surprise
47,et.,neutral,0.6496826410293579,0.01658264920115471,0.6496826410293579,0.15286004543304443,0.024649543687701225,0.0343836173415184,0.022255737334489822,0.09958579391241074,0.15286004543304443,0.4968225955963135,sadness
47,quidem.,neutral,0.8603209853172302,0.008513080887496471,0.8603209853172302,0.03353939950466156,0.02888309396803379,0.01382629293948412,0.01485978253185749,0.04005737602710724,0.04005737602710724,0.820263609290123,disgust
47,statim.,neutral,0.6910713315010071,0.013330546207726002,0.6910713315010071,0.07690489292144775,0.0776737853884697,0.04686643183231354,0.03380792960524559,0.06034506857395172,0.0776737853884697,0.6133975461125374,surprise
47,ab.,neutral,0.5416558384895325,0.011353863403201103,0.5416558384895325,0.199872225522995,0.05688086897134781,0.027699081227183342,0.026904968544840813,0.13563323020935059,0.199872225522995,0.3417836129665375,sadness
47,origine.,neutral,0.8266713619232178,0.012210223823785782,0.8266713619232178,0.05431441217660904,0.07493609189987183,0.008089975453913212,0.006415054202079773,0.017362922430038452,0.07493609189987183,0.751735270023346,surprise
47,urbis.,neutral,0.6161759495735168,0.047364458441734314,0.6161759495735168,0.0897553488612175,0.14301949739456177,0.033445168286561966,0.025961538776755333,0.04427793249487877,0.14301949739456177,0.4731564521789551,surprise
47,nostrae.,neutral,0.6956409811973572,0.022794662043452263,0.6956409811973572,0.07251474261283875,0.07896982133388519,0.0382843092083931,0.0287319328635931,0.06306355446577072,0.07896982133388519,0.616671159863472,surprise
47,in.,neutral,0.755123496055603,0.021727420389652252,0.755123496055603,0.11924805492162704,0.07193557918071747,0.01352784875780344,0.007726904936134815,0.010710693895816803,0.11924805492162704,0.635875441133976,sadness
47,quod.,neutral,0.8647899627685547,0.018345609307289124,0.8647899627685547,0.03234223276376724,0.05363760516047478,0.00776667520403862,0.006348215974867344,0.01676967553794384,0.05363760516047478,0.8111523576080799,surprise
47,formas.,neutral,0.9217956066131592,0.005215466488152742,0.9217956066131592,0.009124088101089,0.026729414239525795,0.014099597930908203,0.006005540955811739,0.017030395567417145,0.026729414239525795,0.8950661923736334,surprise
47,statusque.,neutral,0.8449158668518066,0.011550850234925747,0.8449158668518066,0.044704921543598175,0.02481287717819214,0.02085457369685173,0.009805429726839066,0.04335549846291542,0.044704921543598175,0.8002109453082085,sadness
47,res.,sadness,0.595440685749054,0.004531308077275753,0.3055691421031952,0.595440685749054,0.04832630231976509,0.014991520904004574,0.007314126472920179,0.02382693439722061,0.3055691421031952,0.28987154364585876,neutral
47,p. nostra.,neutral,0.44273415207862854,0.00899417232722044,0.44273415207862854,0.15251173079013824,0.06371556222438812,0.015000288374722004,0.04459910839796066,0.27244502305984497,0.27244502305984497,0.17028912901878357,disgust
47,diducta.,neutral,0.41903236508369446,0.010072319768369198,0.41903236508369446,0.02615925669670105,0.05332515761256218,0.027033554390072823,0.049256548285484314,0.41512081027030945,0.41512081027030945,0.00391155481338501,disgust
47,sit.,neutral,0.8243716359138489,0.009959978051483631,0.8243716359138489,0.06550092250108719,0.01617630012333393,0.023996502161026,0.014771241694688797,0.045223429799079895,0.06550092250108719,0.7588707134127617,sadness
47,Quondam.,neutral,0.9030579328536987,0.015157702378928661,0.9030579328536987,0.031031902879476547,0.019160863012075424,0.0038527599535882473,0.00953863374888897,0.018200265243649483,0.031031902879476547,0.8720260299742222,sadness
47,reges.,neutral,0.7114145159721375,0.009116578847169876,0.7114145159721375,0.07041855156421661,0.036576371639966965,0.07485891133546829,0.021186476573348045,0.07642856985330582,0.07642856985330582,0.6349859461188316,disgust
47,hanc.,neutral,0.8563147783279419,0.007808305323123932,0.8563147783279419,0.07861767709255219,0.022579723969101906,0.005270317196846008,0.005244193132966757,0.024164998903870583,0.07861767709255219,0.7776971012353897,sadness
47,tenuere.,neutral,0.4818069040775299,0.024053486064076424,0.4818069040775299,0.09699536114931107,0.02331119403243065,0.07766641676425934,0.05753223970532417,0.23863448202610016,0.23863448202610016,0.24317242205142975,disgust
47,urbem.,neutral,0.8189017176628113,0.013485436327755451,0.8189017176628113,0.03786884993314743,0.07422498613595963,0.01724833808839321,0.007677488960325718,0.03059322014451027,0.07422498613595963,0.7446767315268517,surprise
47,ne.,sadness,0.32375016808509827,0.019708242267370224,0.24456854164600372,0.32375016808509827,0.03669871762394905,0.06108313053846359,0.05542445927858353,0.2587667405605316,0.2587667405605316,0.06498342752456665,disgust
47,tamen.,neutral,0.9089890122413635,0.007223191205412149,0.9089890122413635,0.013874512165784836,0.013511624187231064,0.008386618457734585,0.007762004155665636,0.04025298357009888,0.04025298357009888,0.8687360286712646,disgust
47,domesticis.,neutral,0.7921263575553894,0.007851933129131794,0.7921263575553894,0.05164342373609543,0.022183414548635483,0.021791350096464157,0.005208433605730534,0.09919513761997223,0.09919513761997223,0.6929312199354172,disgust
47,successoribus.,neutral,0.8548786640167236,0.020746713504195213,0.8548786640167236,0.019950659945607185,0.042982880026102066,0.023799963295459747,0.010690157301723957,0.02695104479789734,0.042982880026102066,0.8118957839906216,surprise
47,eam.,neutral,0.8164157867431641,0.03036661446094513,0.8164157867431641,0.05260365083813667,0.06942542642354965,0.010309621691703796,0.006191542372107506,0.014687378890812397,0.06942542642354965,0.7469903603196144,surprise
47,tradere.,neutral,0.741402804851532,0.022026650607585907,0.741402804851532,0.07018780708312988,0.043128322809934616,0.01852566748857498,0.04376688599586487,0.06096180900931358,0.07018780708312988,0.6712149977684021,sadness
47,contigit.,neutral,0.7678983211517334,0.0043818335980176926,0.7678983211517334,0.022118037566542625,0.010680608451366425,0.053160659968853,0.005089413374662399,0.13667112588882446,0.13667112588882446,0.6312271952629089,disgust
47,supervenere.,neutral,0.7263912558555603,0.024128006771206856,0.7263912558555603,0.044318750500679016,0.05830761417746544,0.06988029927015305,0.041875407099723816,0.03509864583611488,0.06988029927015305,0.6565109565854073,anger
47,alieni.,neutral,0.6902812123298645,0.01109814178198576,0.6902812123298645,0.03209954872727394,0.14108899235725403,0.02828143537044525,0.060471292585134506,0.03667937219142914,0.14108899235725403,0.5491922199726105,surprise
47,et.,neutral,0.6496826410293579,0.01658264920115471,0.6496826410293579,0.15286004543304443,0.024649543687701225,0.0343836173415184,0.022255737334489822,0.09958579391241074,0.15286004543304443,0.4968225955963135,sadness
47,quidam.,neutral,0.8618864417076111,0.016720352694392204,0.8618864417076111,0.020764173939824104,0.08425322920084,0.00580697413533926,0.005632140673696995,0.004936640616506338,0.08425322920084,0.7776332125067711,surprise
47,externi.,neutral,0.7545791268348694,0.016542894765734673,0.7545791268348694,0.061083339154720306,0.048579130321741104,0.046558037400245667,0.02346130646765232,0.049196116626262665,0.061083339154720306,0.6934957876801491,sadness
47,ut.,neutral,0.3931296765804291,0.013342808932065964,0.3931296765804291,0.1450391560792923,0.03222516551613808,0.10492242872714996,0.04776662215590477,0.2635740637779236,0.2635740637779236,0.1295556128025055,disgust
47,Numa.,neutral,0.4277976453304291,0.003478170605376363,0.4277976453304291,0.2187950164079666,0.02646579034626484,0.047106415033340454,0.06633879244327545,0.21001824736595154,0.2187950164079666,0.20900262892246246,sadness
47,Romulo.,neutral,0.9147771596908569,0.005362872499972582,0.9147771596908569,0.016756968572735786,0.020741702988743782,0.010859071277081966,0.006402104161679745,0.02510015293955803,0.02510015293955803,0.8896770067512989,disgust
47,successerit.,neutral,0.8802863955497742,0.01562732644379139,0.8802863955497742,0.015064132399857044,0.06581355631351471,0.010458285920321941,0.006719441618770361,0.0060309674590826035,0.06581355631351471,0.8144728392362595,surprise
47,ex.,neutral,0.8693745136260986,0.005446196999400854,0.8693745136260986,0.04719370976090431,0.025227298960089684,0.010625403374433517,0.007722774054855108,0.03441004827618599,0.04719370976090431,0.8221808038651943,sadness
47,Sabinis.,neutral,0.846095085144043,0.015923818573355675,0.846095085144043,0.04886217042803764,0.03542152792215347,0.012386946007609367,0.009158385917544365,0.03215203806757927,0.04886217042803764,0.7972329147160053,sadness
47,veniens.,neutral,0.732341468334198,0.01820484548807144,0.732341468334198,0.04650275036692619,0.0726688951253891,0.03376590833067894,0.023637760430574417,0.07287845015525818,0.07287845015525818,0.6594630181789398,disgust
47,vicinus.,neutral,0.628751277923584,0.022238317877054214,0.628751277923584,0.10872829705476761,0.05827516317367554,0.03755602985620499,0.03855642303824425,0.105894535779953,0.10872829705476761,0.5200229808688164,sadness
47,quidem.,neutral,0.8603209853172302,0.008513080887496471,0.8603209853172302,0.03353939950466156,0.02888309396803379,0.01382629293948412,0.01485978253185749,0.04005737602710724,0.04005737602710724,0.820263609290123,disgust
47,sed.,neutral,0.8177875876426697,0.009733887389302254,0.8177875876426697,0.077764593064785,0.007441127672791481,0.022815125063061714,0.0032886380795389414,0.06116904690861702,0.077764593064785,0.7400229945778847,sadness
47,tunc.,neutral,0.9549365639686584,0.0027740083169192076,0.9549365639686584,0.009102257899940014,0.014405718073248863,0.005431835539638996,0.00289629097096622,0.010453292168676853,0.014405718073248863,0.9405308458954096,surprise
47,externus.,neutral,0.858223021030426,0.00715870875865221,0.858223021030426,0.05031891167163849,0.01910671591758728,0.018166925758123398,0.008955702185630798,0.038069918751716614,0.05031891167163849,0.8079041093587875,sadness
47,ut.,neutral,0.3931296765804291,0.013342808932065964,0.3931296765804291,0.1450391560792923,0.03222516551613808,0.10492242872714996,0.04776662215590477,0.2635740637779236,0.2635740637779236,0.1295556128025055,disgust
47,Anco.,neutral,0.7995957136154175,0.03635339066386223,0.7995957136154175,0.040941644459962845,0.05847925692796707,0.012949429452419281,0.012806402519345284,0.038874268531799316,0.05847925692796707,0.7411164566874504,surprise
47,Marcio.,neutral,0.8773509860038757,0.013548742979764938,0.8773509860038757,0.030597016215324402,0.03550497442483902,0.012348100543022156,0.010093712247908115,0.020556466653943062,0.03550497442483902,0.8418460115790367,surprise
47,"Priseus, Tarquinius.",neutral,0.872117817401886,0.036587223410606384,0.872117817401886,0.011932981200516224,0.04318704456090927,0.010904445312917233,0.00910272914916277,0.016167741268873215,0.04318704456090927,0.8289307728409767,surprise
47,propter.,neutral,0.6757965087890625,0.02653065137565136,0.6757965087890625,0.0679798498749733,0.09390208125114441,0.032258179038763046,0.023785902187228203,0.07974687218666077,0.09390208125114441,0.5818944275379181,surprise
47,temeratum.,neutral,0.6834543943405151,0.0038362345658242702,0.6834543943405151,0.024071024730801582,0.025307342410087585,0.08208752423524857,0.01585455797612667,0.16538891196250916,0.16538891196250916,0.518065482378006,disgust
47,sanguinem.,neutral,0.7184028625488281,0.015428882092237473,0.7184028625488281,0.10317924618721008,0.04628199338912964,0.02754306234419346,0.010336914099752903,0.07882703840732574,0.10317924618721008,0.615223616361618,sadness
47,quod.,neutral,0.8647899627685547,0.018345609307289124,0.8647899627685547,0.03234223276376724,0.05363760516047478,0.00776667520403862,0.006348215974867344,0.01676967553794384,0.05363760516047478,0.8111523576080799,surprise
47,patre.,neutral,0.9393772482872009,0.010116491466760635,0.9393772482872009,0.01643666811287403,0.01386873610317707,0.008115054108202457,0.002015102654695511,0.010070676915347576,0.01643666811287403,0.9229405801743269,sadness
47,de.,neutral,0.7239819765090942,0.022253813222050667,0.7239819765090942,0.07981350272893906,0.07484755665063858,0.024505404755473137,0.015763312578201294,0.05883447080850601,0.07981350272893906,0.6441684737801552,sadness
47,marato.,neutral,0.750901997089386,0.04130939766764641,0.750901997089386,0.07390617579221725,0.08062361925840378,0.02121751941740513,0.015319016762077808,0.01672215573489666,0.08062361925840378,0.6702783778309822,surprise
47,Corinthio.,neutral,0.6478046774864197,0.04544054716825485,0.6478046774864197,0.08603433519601822,0.02811751514673233,0.020689625293016434,0.011448146775364876,0.16046516597270966,0.16046516597270966,0.48733951151371,disgust
47,natus.,neutral,0.7717050313949585,0.006287111900746822,0.7717050313949585,0.1280103176832199,0.016924872994422913,0.010594300925731659,0.010209166444838047,0.056269191205501556,0.1280103176832199,0.6436947137117386,sadness
47,eret.,neutral,0.7768813371658325,0.00947937835007906,0.7768813371658325,0.02733520045876503,0.01892234943807125,0.041868068277835846,0.029178353026509285,0.09633529931306839,0.09633529931306839,0.6805460378527641,disgust
47,et.,neutral,0.6496826410293579,0.01658264920115471,0.6496826410293579,0.15286004543304443,0.024649543687701225,0.0343836173415184,0.022255737334489822,0.09958579391241074,0.15286004543304443,0.4968225955963135,sadness
47,Tarquiniensi.,neutral,0.8109228014945984,0.016762081533670425,0.8109228014945984,0.03357184678316116,0.08643637597560883,0.016053376719355583,0.016527825966477394,0.019725602120161057,0.08643637597560883,0.7244864255189896,surprise
47,matre.,neutral,0.715712308883667,0.03113257884979248,0.715712308883667,0.07440018653869629,0.06031478941440582,0.036066483706235886,0.026041533797979355,0.05633207783102989,0.07440018653869629,0.6413121223449707,sadness
47,generosa.,neutral,0.8608550429344177,0.008159896358847618,0.8608550429344177,0.024477262049913406,0.05595638230443001,0.016699673607945442,0.006487126927822828,0.027364611625671387,0.05595638230443001,0.8048986606299877,surprise
47,sed.,neutral,0.8177875876426697,0.009733887389302254,0.8177875876426697,0.077764593064785,0.007441127672791481,0.022815125063061714,0.0032886380795389414,0.06116904690861702,0.077764593064785,0.7400229945778847,sadness
47,inopi.,neutral,0.5898810625076294,0.032799605280160904,0.5898810625076294,0.052031952887773514,0.2822146415710449,0.012889507226645947,0.015396734699606895,0.014786528423428535,0.2822146415710449,0.3076664209365845,surprise
47,ut.,neutral,0.3931296765804291,0.013342808932065964,0.3931296765804291,0.1450391560792923,0.03222516551613808,0.10492242872714996,0.04776662215590477,0.2635740637779236,0.2635740637779236,0.1295556128025055,disgust
47,quae.,neutral,0.8566362857818604,0.007311638444662094,0.8566362857818604,0.01906236633658409,0.046328213065862656,0.015585692599415779,0.011077648028731346,0.043998170644044876,0.046328213065862656,0.8103080727159977,surprise
47,tali.,neutral,0.874962568283081,0.017629511654376984,0.874962568283081,0.02505643293261528,0.0650949701666832,0.005965058691799641,0.00617179274559021,0.005119707901030779,0.0650949701666832,0.8098675981163979,surprise
47,marito.,neutral,0.7737813591957092,0.026970205828547478,0.7737813591957092,0.0677291750907898,0.08866430819034576,0.01672886684536934,0.013814008794724941,0.012311986647546291,0.08866430819034576,0.6851170510053635,surprise
47,necesse.,neutral,0.5881259441375732,0.03331395611166954,0.5881259441375732,0.2536355257034302,0.10506565123796463,0.004314713180065155,0.003955434542149305,0.011588810943067074,0.2536355257034302,0.33449041843414307,sadness
47,habuerit.,neutral,0.6676628589630127,0.005887885112315416,0.6676628589630127,0.03630216419696808,0.010539181530475616,0.04451091215014458,0.011970628052949905,0.2231263518333435,0.2231263518333435,0.4445365071296692,disgust
47,succumbere.,neutral,0.7174601554870605,0.025293715298175812,0.7174601554870605,0.09323525428771973,0.055753134191036224,0.032474566251039505,0.02944992296397686,0.04633321985602379,0.09323525428771973,0.6242249011993408,sadness
47,cum.,neutral,0.900816798210144,0.0023778886534273624,0.900816798210144,0.025991972535848618,0.01119881309568882,0.015771018341183662,0.008309285156428814,0.035534195601940155,0.035534195601940155,0.8652826026082039,disgust
47,domi.,neutral,0.7637189626693726,0.02423560805618763,0.7637189626693726,0.05961349606513977,0.10245587676763535,0.012119131162762642,0.014880605973303318,0.022976301610469818,0.10245587676763535,0.6612630859017372,surprise
47,repelleretur.,neutral,0.662178099155426,0.04255376383662224,0.662178099155426,0.07893237471580505,0.0405687615275383,0.05757756158709526,0.019706884399056435,0.09848255664110184,0.09848255664110184,0.5636955425143242,disgust
47,a. gerendis.,neutral,0.6642408967018127,0.08207057416439056,0.6642408967018127,0.08076944947242737,0.09968967735767365,0.026377176865935326,0.024208011105656624,0.022644272074103355,0.09968967735767365,0.5645512193441391,surprise
47,honoribus.,neutral,0.6600176095962524,0.01670299842953682,0.6600176095962524,0.017514603212475777,0.019911399111151695,0.0593620240688324,0.01140205841511488,0.2150893211364746,0.2150893211364746,0.44492828845977783,disgust
47,postquam.,neutral,0.8298438191413879,0.04007604345679283,0.8298438191413879,0.043408021330833435,0.07409433275461197,0.005568542517721653,0.004000711254775524,0.003008563071489334,0.07409433275461197,0.755749486386776,surprise
47,Romam.,neutral,0.9040319919586182,0.006843157112598419,0.9040319919586182,0.019251056015491486,0.04347366467118263,0.005442168563604355,0.004559103865176439,0.01639878749847412,0.04347366467118263,0.8605583272874355,surprise
47,migravit.,neutral,0.8413556814193726,0.021207934245467186,0.8413556814193726,0.030171314254403114,0.09073073416948318,0.006731576751917601,0.003686268115416169,0.006116510834544897,0.09073073416948318,0.7506249472498894,surprise
47,regnum.,neutral,0.6646096110343933,0.009472925215959549,0.6646096110343933,0.09427722543478012,0.09430751204490662,0.0423877127468586,0.022188110277056694,0.07275693118572235,0.09430751204490662,0.5703020989894867,surprise
47,adeptus.,neutral,0.4923960566520691,0.042905326932668686,0.4923960566520691,0.1363084763288498,0.09821005165576935,0.052739087492227554,0.04160594940185547,0.13583503663539886,0.1363084763288498,0.3560875803232193,sadness
47,est.,neutral,0.6752875447273254,0.017180010676383972,0.6752875447273254,0.05434311181306839,0.10611524432897568,0.03715856000781059,0.01701006479561329,0.09290549904108047,0.10611524432897568,0.5691723003983498,surprise
47,huie.,neutral,0.6199873089790344,0.055252932012081146,0.6199873089790344,0.07905936241149902,0.1439695954322815,0.028247138485312462,0.02194366790354252,0.05154002457857132,0.1439695954322815,0.47601771354675293,surprise
47,quoque.,neutral,0.817581832408905,0.03279499709606171,0.817581832408905,0.03942902013659477,0.0675446018576622,0.010286111384630203,0.016911420971155167,0.0154520059004426,0.0675446018576622,0.7500372305512428,surprise
47,et.,neutral,0.6496826410293579,0.01658264920115471,0.6496826410293579,0.15286004543304443,0.024649543687701225,0.0343836173415184,0.022255737334489822,0.09958579391241074,0.15286004543304443,0.4968225955963135,sadness
47,filio.,neutral,0.45046573877334595,0.4199060797691345,0.45046573877334595,0.040822431445121765,0.03479962795972824,0.007421429269015789,0.017912426963448524,0.02867225371301174,0.4199060797691345,0.030559659004211426,joy
47,nepotive.,neutral,0.6743346452713013,0.01585136167705059,0.6743346452713013,0.07650936394929886,0.20863677561283112,0.005829093977808952,0.011305511929094791,0.007533223833888769,0.20863677561283112,0.46569786965847015,surprise
47,ejus.,neutral,0.8421838283538818,0.005627504084259272,0.8421838283538818,0.04671860858798027,0.03128388151526451,0.010163957253098488,0.015770958736538887,0.04825124889612198,0.04825124889612198,0.7939325794577599,disgust
47,nam.,neutral,0.6884990930557251,0.0464850552380085,0.6884990930557251,0.12944094836711884,0.04355335980653763,0.01790200173854828,0.020100325345993042,0.054019294679164886,0.12944094836711884,0.5590581446886063,sadness
47,et.,neutral,0.6496826410293579,0.01658264920115471,0.6496826410293579,0.15286004543304443,0.024649543687701225,0.0343836173415184,0.022255737334489822,0.09958579391241074,0.15286004543304443,0.4968225955963135,sadness
47,hoc.,neutral,0.8988348245620728,0.018147051334381104,0.8988348245620728,0.03096531145274639,0.01562504470348358,0.010490299202501774,0.004313935525715351,0.021623440086841583,0.03096531145274639,0.8678695131093264,sadness
47,inter.,neutral,0.7767453193664551,0.006550967693328857,0.7767453193664551,0.09569332003593445,0.08572927117347717,0.011428527534008026,0.007525989785790443,0.016326645389199257,0.09569332003593445,0.6810519993305206,sadness
47,auctores.,neutral,0.7140430808067322,0.014289218001067638,0.7140430808067322,0.1194489598274231,0.09227405488491058,0.017159225419163704,0.011655420996248722,0.031130008399486542,0.1194489598274231,0.5945941209793091,sadness
47,discrepat.,disgust,0.7757766842842102,0.002368837594985962,0.1260269284248352,0.01494699064642191,0.005027576349675655,0.07265002280473709,0.003202991560101509,0.7757766842842102,0.1260269284248352,0.649749755859375,neutral
47,incretus.,neutral,0.48172417283058167,0.018104521557688713,0.48172417283058167,0.0841713398694992,0.06002325192093849,0.09634051471948624,0.027581021189689636,0.2320551872253418,0.2320551872253418,0.24966898560523987,disgust
47,Servius.,neutral,0.7143439054489136,0.005499927792698145,0.7143439054489136,0.015604068525135517,0.007020695134997368,0.025555862113833427,0.01189260184764862,0.22008290886878967,0.22008290886878967,0.4942609965801239,disgust
47,Tullius.,neutral,0.5856726169586182,0.023949842900037766,0.5856726169586182,0.04683569446206093,0.03408114239573479,0.0275607630610466,0.11396776884794235,0.1679321527481079,0.1679321527481079,0.41774046421051025,disgust
47,si.,neutral,0.4077765643596649,0.01893553137779236,0.4077765643596649,0.34795665740966797,0.11904198676347733,0.015136477537453175,0.04955087974667549,0.04160190373659134,0.34795665740966797,0.05981990694999695,sadness
47,nostros.,neutral,0.8668169379234314,0.01380989421159029,0.8668169379234314,0.046092189848423004,0.0501881018280983,0.006840407848358154,0.0056609464809298515,0.010591474361717701,0.0501881018280983,0.8166288360953331,surprise
47,sequimur.,neutral,0.39024731516838074,0.0030422809068113565,0.39024731516838074,0.08777955919504166,0.013928795233368874,0.166891947388649,0.011955173686146736,0.3261549472808838,0.3261549472808838,0.06409236788749695,disgust
47,captiva.,neutral,0.5097355842590332,0.017439207062125206,0.5097355842590332,0.06712229549884796,0.020665116608142853,0.1123528853058815,0.16851213574409485,0.10417280346155167,0.16851213574409485,0.34122344851493835,fear
47,natus.,neutral,0.7717050313949585,0.006287111900746822,0.7717050313949585,0.1280103176832199,0.016924872994422913,0.010594300925731659,0.010209166444838047,0.056269191205501556,0.1280103176832199,0.6436947137117386,sadness
47,ocresia.,neutral,0.7493042349815369,0.014392726123332977,0.7493042349815369,0.09474989026784897,0.0869341790676117,0.015275211073458195,0.016474729403853416,0.022868957370519638,0.09474989026784897,0.6545543447136879,sadness
47,si.,neutral,0.4077765643596649,0.01893553137779236,0.4077765643596649,0.34795665740966797,0.11904198676347733,0.015136477537453175,0.04955087974667549,0.04160190373659134,0.34795665740966797,0.05981990694999695,sadness
47,tuscos.,neutral,0.9051941633224487,0.013943037949502468,0.9051941633224487,0.025885596871376038,0.02553320862352848,0.008556297980248928,0.0045029716566205025,0.01638474129140377,0.025885596871376038,0.8793085664510727,sadness
47,coeli.,neutral,0.8858028650283813,0.015637950971722603,0.8858028650283813,0.026141729205846786,0.05293697491288185,0.00804837979376316,0.005367513746023178,0.006064622662961483,0.05293697491288185,0.8328658901154995,surprise
47,quondam.,neutral,0.7627982497215271,0.04000680521130562,0.7627982497215271,0.06989629566669464,0.10346553474664688,0.006641804240643978,0.008579138666391373,0.008612269535660744,0.10346553474664688,0.6593327149748802,surprise
47,vivennae.,neutral,0.7744885683059692,0.013121816329658031,0.7744885683059692,0.05429641529917717,0.03969339653849602,0.02782958745956421,0.019589990377426147,0.07098022848367691,0.07098022848367691,0.7035083398222923,disgust
47,sodalis.,neutral,0.7479337453842163,0.02668250910937786,0.7479337453842163,0.064675472676754,0.07103225588798523,0.018059566617012024,0.02228771522641182,0.04932877793908119,0.07103225588798523,0.6769014894962311,surprise
47,fidelissimus.,neutral,0.8283054828643799,0.024754751473665237,0.8283054828643799,0.06302802264690399,0.029696274548768997,0.017934385687112808,0.007421993650496006,0.028859121724963188,0.06302802264690399,0.7652774602174759,sadness
47,omnisque.,neutral,0.7431424260139465,0.032316774129867554,0.7431424260139465,0.07608460634946823,0.08773719519376755,0.014893600717186928,0.016969678923487663,0.0288557056337595,0.08773719519376755,0.655405230820179,surprise
47,ejus.,neutral,0.8421838283538818,0.005627504084259272,0.8421838283538818,0.04671860858798027,0.03128388151526451,0.010163957253098488,0.015770958736538887,0.04825124889612198,0.04825124889612198,0.7939325794577599,disgust
47,casus.,neutral,0.8729977011680603,0.006641811691224575,0.8729977011680603,0.04209940880537033,0.03309737890958786,0.014287140220403671,0.008854803629219532,0.022021716460585594,0.04209940880537033,0.83089829236269,sadness
47,comes.,neutral,0.6153053641319275,0.036301009356975555,0.6153053641319275,0.07173279672861099,0.1255415678024292,0.03658217191696167,0.08111076056957245,0.033426303416490555,0.1255415678024292,0.4897637963294983,surprise
47,postquam.,neutral,0.8298438191413879,0.04007604345679283,0.8298438191413879,0.043408021330833435,0.07409433275461197,0.005568542517721653,0.004000711254775524,0.003008563071489334,0.07409433275461197,0.755749486386776,surprise
47,varia.,neutral,0.7214961647987366,0.025752119719982147,0.7214961647987366,0.08271496742963791,0.10209891945123672,0.017507227137684822,0.01980005018413067,0.030630506575107574,0.10209891945123672,0.6193972453474998,surprise
47,fortuna.,neutral,0.5102964639663696,0.14961352944374084,0.5102964639663696,0.04874686151742935,0.2611570954322815,0.020123131573200226,0.0033160776365548372,0.006746851373463869,0.2611570954322815,0.24913936853408813,surprise
47,exactus.,neutral,0.8628405332565308,0.022085539996623993,0.8628405332565308,0.02412661537528038,0.040180061012506485,0.0179460272192955,0.005181196611374617,0.02764003351330757,0.040180061012506485,0.8226604722440243,surprise
47,cum.,neutral,0.900816798210144,0.0023778886534273624,0.900816798210144,0.025991972535848618,0.01119881309568882,0.015771018341183662,0.008309285156428814,0.035534195601940155,0.035534195601940155,0.8652826026082039,disgust
47,omnibus.,neutral,0.5749548673629761,0.028401944786310196,0.5749548673629761,0.0386507473886013,0.07299576699733734,0.03718068078160286,0.0863032191991806,0.16151271760463715,0.16151271760463715,0.41344214975833893,disgust
47,reliquis.,neutral,0.9231417179107666,0.026428718119859695,0.9231417179107666,0.014049186371266842,0.021890990436077118,0.0052318088710308075,0.002294341567903757,0.006963309831917286,0.026428718119859695,0.8967129997909069,joy
47,coeliani.,neutral,0.5926305055618286,0.08967117965221405,0.5926305055618286,0.10047250986099243,0.1379753202199936,0.031073952093720436,0.02779325842857361,0.02038332261145115,0.1379753202199936,0.454655185341835,surprise
47,exercitus.,neutral,0.764670193195343,0.010947426781058311,0.764670193195343,0.06719979643821716,0.017142383381724358,0.018070612102746964,0.03029649332165718,0.09167308360338211,0.09167308360338211,0.6729971095919609,disgust
47,Etruria.,neutral,0.6233331561088562,0.0073689622804522514,0.6233331561088562,0.04357631877064705,0.03381853550672531,0.03369041159749031,0.04443639889359474,0.21377623081207275,0.21377623081207275,0.40955692529678345,disgust
47,excessit.,neutral,0.8751489520072937,0.005707283038645983,0.8751489520072937,0.020220953971147537,0.011392039246857166,0.028128579258918762,0.002129487693309784,0.05727262794971466,0.05727262794971466,0.817876324057579,disgust
47,montem.,neutral,0.7383093237876892,0.045329079031944275,0.7383093237876892,0.09033185988664627,0.08948326110839844,0.013565273955464363,0.009137689135968685,0.01384352520108223,0.09033185988664627,0.6479774639010429,sadness
47,Coelium.,neutral,0.9133899211883545,0.008578302338719368,0.9133899211883545,0.009875336661934853,0.016681822016835213,0.008184907026588917,0.005614289082586765,0.03767554834485054,0.03767554834485054,0.875714372843504,disgust
47,occupavit.,neutral,0.8627645373344421,0.0031040289904922247,0.8627645373344421,0.027383679524064064,0.02355867624282837,0.02525199018418789,0.03348445147275925,0.02445259504020214,0.03348445147275925,0.8292800858616829,fear
47,et.,neutral,0.6496826410293579,0.01658264920115471,0.6496826410293579,0.15286004543304443,0.024649543687701225,0.0343836173415184,0.022255737334489822,0.09958579391241074,0.15286004543304443,0.4968225955963135,sadness
47,a. duce.,neutral,0.47880375385284424,0.3003966808319092,0.47880375385284424,0.11988666653633118,0.06285083293914795,0.019021473824977875,0.005970620084553957,0.013069963082671165,0.3003966808319092,0.17840707302093506,joy
47,suo.,neutral,0.668250560760498,0.02614695020020008,0.668250560760498,0.12374646216630936,0.11664436757564545,0.01707502454519272,0.010296608321368694,0.037840038537979126,0.12374646216630936,0.5445040985941887,sadness
47,Coelio.,neutral,0.8809294104576111,0.04022222012281418,0.8809294104576111,0.021608751267194748,0.025226345285773277,0.007610506843775511,0.009502326138317585,0.014900450594723225,0.04022222012281418,0.8407071903347969,joy
47,ita.,neutral,0.8529184460639954,0.008146854117512703,0.8529184460639954,0.02485569939017296,0.06493270397186279,0.01896284706890583,0.012367586605250835,0.01781587302684784,0.06493270397186279,0.7879857420921326,surprise
47,appellitatus.,neutral,0.7535295486450195,0.02746272273361683,0.7535295486450195,0.044238749891519547,0.07749007642269135,0.03744585067033768,0.017808880656957626,0.04202425852417946,0.07749007642269135,0.6760394722223282,surprise
47,mutatoque.,neutral,0.6774041056632996,0.021900534629821777,0.6774041056632996,0.05000840499997139,0.05448222905397415,0.04835665225982666,0.028696749359369278,0.11915126442909241,0.11915126442909241,0.5582528412342072,disgust
47,nomine.,neutral,0.4290672540664673,0.08267080038785934,0.4290672540664673,0.18658408522605896,0.13618290424346924,0.022854426875710487,0.020446689799427986,0.12219387292861938,0.18658408522605896,0.24248316884040833,sadness
47,nam.,neutral,0.6884990930557251,0.0464850552380085,0.6884990930557251,0.12944094836711884,0.04355335980653763,0.01790200173854828,0.020100325345993042,0.054019294679164886,0.12944094836711884,0.5590581446886063,sadness
47,tusce.,neutral,0.8764303922653198,0.0178823322057724,0.8764303922653198,0.036127008497714996,0.03509502485394478,0.0128428740426898,0.0055887834168970585,0.01603356935083866,0.036127008497714996,0.8403033837676048,sadness
47,mastarna.,neutral,0.6539844274520874,0.011806448921561241,0.6539844274520874,0.08691580593585968,0.06444770842790604,0.04409318044781685,0.04229893162846565,0.09645350277423859,0.09645350277423859,0.5575309246778488,disgust
47,ei.,neutral,0.529222846031189,0.020378753542900085,0.529222846031189,0.0819506049156189,0.0584472194314003,0.12519574165344238,0.03571144491434097,0.1490934193134308,0.1490934193134308,0.3801294267177582,disgust
47,nomen.,neutral,0.6705964207649231,0.013869707472622395,0.6705964207649231,0.05639871954917908,0.03734603896737099,0.025385284796357155,0.041569001972675323,0.15483488142490387,0.15483488142490387,0.5157615393400192,disgust
47,erat.,neutral,0.7522689700126648,0.02140793390572071,0.7522689700126648,0.06761953979730606,0.0944117084145546,0.02039610594511032,0.010159452445805073,0.0337362065911293,0.0944117084145546,0.6578572615981102,surprise
47,ita.,neutral,0.8529184460639954,0.008146854117512703,0.8529184460639954,0.02485569939017296,0.06493270397186279,0.01896284706890583,0.012367586605250835,0.01781587302684784,0.06493270397186279,0.7879857420921326,surprise
47,appellatus.,neutral,0.6954950094223022,0.0340968556702137,0.6954950094223022,0.055612385272979736,0.10574846714735031,0.04250058904290199,0.01977708749473095,0.04676962271332741,0.10574846714735031,0.5897465422749519,surprise
47,est.,neutral,0.6752875447273254,0.017180010676383972,0.6752875447273254,0.05434311181306839,0.10611524432897568,0.03715856000781059,0.01701006479561329,0.09290549904108047,0.10611524432897568,0.5691723003983498,surprise
47,ut.,neutral,0.3931296765804291,0.013342808932065964,0.3931296765804291,0.1450391560792923,0.03222516551613808,0.10492242872714996,0.04776662215590477,0.2635740637779236,0.2635740637779236,0.1295556128025055,disgust
47,dixi.,neutral,0.7400363683700562,0.03592561557888985,0.7400363683700562,0.0460507795214653,0.15086503326892853,0.0064610582776367664,0.009502226486802101,0.011158954352140427,0.15086503326892853,0.5891713351011276,surprise
47,et.,neutral,0.6496826410293579,0.01658264920115471,0.6496826410293579,0.15286004543304443,0.024649543687701225,0.0343836173415184,0.022255737334489822,0.09958579391241074,0.15286004543304443,0.4968225955963135,sadness
47,regnum.,neutral,0.6646096110343933,0.009472925215959549,0.6646096110343933,0.09427722543478012,0.09430751204490662,0.0423877127468586,0.022188110277056694,0.07275693118572235,0.09430751204490662,0.5703020989894867,surprise
47,summa.,neutral,0.8397045135498047,0.009306002408266068,0.8397045135498047,0.02734733745455742,0.011872363276779652,0.023424234241247177,0.02934722602367401,0.05899830535054207,0.05899830535054207,0.7807062081992626,disgust
47,cum.,neutral,0.900816798210144,0.0023778886534273624,0.900816798210144,0.025991972535848618,0.01119881309568882,0.015771018341183662,0.008309285156428814,0.035534195601940155,0.035534195601940155,0.8652826026082039,disgust
47,reip.,neutral,0.819421112537384,0.012445527128875256,0.819421112537384,0.03807305544614792,0.07881727069616318,0.015698878094553947,0.005237786564975977,0.03030640445649624,0.07881727069616318,0.7406038418412209,surprise
47,utilitate.,anger,0.5766304731369019,0.002045189496129751,0.0980556458234787,0.009770234115421772,0.0041390685364604,0.5766304731369019,0.04161053150892258,0.26774871349334717,0.26774871349334717,0.3088817596435547,disgust
47,obtinuit.,neutral,0.7826064229011536,0.017212973907589912,0.7826064229011536,0.056357815861701965,0.046427275985479355,0.022109707817435265,0.01659650355577469,0.05868929252028465,0.05868929252028465,0.7239171303808689,disgust
47,diende.,neutral,0.7664072513580322,0.006070148199796677,0.7664072513580322,0.03768289461731911,0.07173028588294983,0.02483069896697998,0.021288294345140457,0.07199040800333023,0.07199040800333023,0.694416843354702,disgust
47,postquam.,neutral,0.8298438191413879,0.04007604345679283,0.8298438191413879,0.043408021330833435,0.07409433275461197,0.005568542517721653,0.004000711254775524,0.003008563071489334,0.07409433275461197,0.755749486386776,surprise
47,Tarquini.,neutral,0.814690887928009,0.02517331764101982,0.814690887928009,0.03652355819940567,0.05117179453372955,0.012355860322713852,0.027124986052513123,0.03295966982841492,0.05117179453372955,0.7635190933942795,surprise
47,Superbi.,neutral,0.9032959938049316,0.006118018180131912,0.9032959938049316,0.010703044012188911,0.04707441106438637,0.007513290736824274,0.00798435602337122,0.017310870811343193,0.04707441106438637,0.8562215827405453,surprise
47,mores.,neutral,0.8120867609977722,0.011604909785091877,0.8120867609977722,0.08732890337705612,0.07546740025281906,0.004912668373435736,0.0025122149381786585,0.006087166722863913,0.08732890337705612,0.7247578576207161,sadness
47,invisi.,neutral,0.5534799695014954,0.031999386847019196,0.5534799695014954,0.1080288514494896,0.15704785287380219,0.03972920402884483,0.05409437045454979,0.05562036111950874,0.15704785287380219,0.3964321166276932,surprise
47,civitati.,neutral,0.887193500995636,0.011811507865786552,0.887193500995636,0.013522996567189693,0.0331813283264637,0.023799875751137733,0.007118832785636187,0.023371880874037743,0.0331813283264637,0.8540121726691723,surprise
47,nostrae.,neutral,0.6956409811973572,0.022794662043452263,0.6956409811973572,0.07251474261283875,0.07896982133388519,0.0382843092083931,0.0287319328635931,0.06306355446577072,0.07896982133388519,0.616671159863472,surprise
47,esse.,neutral,0.6305698752403259,0.026601888239383698,0.6305698752403259,0.16157326102256775,0.06018625199794769,0.04250641539692879,0.02386874333024025,0.054693542420864105,0.16157326102256775,0.4689966142177582,sadness
47,coeperunt.,neutral,0.7835293412208557,0.01950865425169468,0.7835293412208557,0.052063580602407455,0.11489196121692657,0.013293557800352573,0.007229063659906387,0.009483852423727512,0.11489196121692657,0.6686373800039291,surprise
47,qua.,neutral,0.5521380305290222,0.022817453369498253,0.5521380305290222,0.0740748718380928,0.04212263226509094,0.12068487703800201,0.0610094778239727,0.127152681350708,0.127152681350708,0.4249853491783142,disgust
47,ipsius.,neutral,0.680220365524292,0.03125292807817459,0.680220365524292,0.05343250557780266,0.09260863810777664,0.03181491792201996,0.025900188833475113,0.08477044105529785,0.09260863810777664,0.5876117274165154,surprise
47,qua.,neutral,0.5521380305290222,0.022817453369498253,0.5521380305290222,0.0740748718380928,0.04212263226509094,0.12068487703800201,0.0610094778239727,0.127152681350708,0.127152681350708,0.4249853491783142,disgust
47,filiorum ejus nempe.,neutral,0.6909149885177612,0.024545427411794662,0.6909149885177612,0.02981409803032875,0.013956778682768345,0.051276519894599915,0.11067792028188705,0.078814297914505,0.11067792028188705,0.5802370682358742,fear
47,pertaesum.,neutral,0.6006771922111511,0.02562822960317135,0.6006771922111511,0.07308626174926758,0.0389295369386673,0.032460395246744156,0.04151102155447006,0.18770739436149597,0.18770739436149597,0.41296979784965515,disgust
47,est.,neutral,0.6752875447273254,0.017180010676383972,0.6752875447273254,0.05434311181306839,0.10611524432897568,0.03715856000781059,0.01701006479561329,0.09290549904108047,0.10611524432897568,0.5691723003983498,surprise
47,mentes.,neutral,0.7133166193962097,0.04711245000362396,0.7133166193962097,0.08678591996431351,0.06419792026281357,0.02645139954984188,0.013058185577392578,0.04907744750380516,0.08678591996431351,0.6265306994318962,sadness
47,regni.,neutral,0.6084494590759277,0.016001181676983833,0.6084494590759277,0.15040461719036102,0.09875528514385223,0.032995566725730896,0.03791738674044609,0.05547652021050453,0.15040461719036102,0.4580448418855667,sadness
47,et.,neutral,0.6496826410293579,0.01658264920115471,0.6496826410293579,0.15286004543304443,0.024649543687701225,0.0343836173415184,0.022255737334489822,0.09958579391241074,0.15286004543304443,0.4968225955963135,sadness
47,ad.,sadness,0.5235690474510193,0.008123054169118404,0.3796244263648987,0.5235690474510193,0.05115731060504913,0.007054978050291538,0.008732673712074757,0.021738523617386818,0.3796244263648987,0.1439446210861206,neutral
47,consules.,neutral,0.8866389393806458,0.006343808490782976,0.8866389393806458,0.024736637249588966,0.021689556539058685,0.02096938155591488,0.00522873317822814,0.034392863512039185,0.034392863512039185,0.8522460758686066,disgust
47,annuos.,neutral,0.7210052609443665,0.01126846857368946,0.7210052609443665,0.1017797663807869,0.13759927451610565,0.00873349979519844,0.009474181570112705,0.010139484889805317,0.13759927451610565,0.5834059864282608,surprise
47,magistratus.,neutral,0.7732164263725281,0.030452514067292213,0.7732164263725281,0.046590011566877365,0.06282065063714981,0.03571420907974243,0.026022840291261673,0.025183377787470818,0.06282065063714981,0.7103957757353783,surprise
47,administratio.,neutral,0.6989133954048157,0.003995686303824186,0.6989133954048157,0.04254781827330589,0.02827494591474533,0.08463409543037415,0.010209874249994755,0.1314242035150528,0.1314242035150528,0.5674891918897629,disgust
47,reip.,neutral,0.819421112537384,0.012445527128875256,0.819421112537384,0.03807305544614792,0.07881727069616318,0.015698878094553947,0.005237786564975977,0.03030640445649624,0.07881727069616318,0.7406038418412209,surprise
47,translata.,neutral,0.9192436933517456,0.004604531917721033,0.9192436933517456,0.008393309079110622,0.03669905662536621,0.009893479757010937,0.005856803152710199,0.015309153124690056,0.03669905662536621,0.8825446367263794,surprise
47,est.,neutral,0.6752875447273254,0.017180010676383972,0.6752875447273254,0.05434311181306839,0.10611524432897568,0.03715856000781059,0.01701006479561329,0.09290549904108047,0.10611524432897568,0.5691723003983498,surprise
47,Quid.,neutral,0.930773138999939,0.0027929702773690224,0.930773138999939,0.008854731917381287,0.019007297232747078,0.0068612974137067795,0.004339301027357578,0.027371205389499664,0.027371205389499664,0.9034019336104393,disgust
47,nunc.,neutral,0.8889936208724976,0.0042070564813911915,0.8889936208724976,0.038507599383592606,0.02181275561451912,0.007663873955607414,0.008929268456995487,0.0298857931047678,0.038507599383592606,0.850486021488905,sadness
47,commemorem.,neutral,0.6575852036476135,0.037649549543857574,0.6575852036476135,0.02610078826546669,0.013227003626525402,0.08274875581264496,0.013517629355192184,0.1691710203886032,0.1691710203886032,0.4884141832590103,disgust
47,"dictaturae, hoc.",neutral,0.7457147240638733,0.008291800506412983,0.7457147240638733,0.013133968226611614,0.02209714986383915,0.05007330700755119,0.01339317299425602,0.14729589223861694,0.14729589223861694,0.5984188318252563,disgust
47,ipso.,neutral,0.8603101372718811,0.012778480537235737,0.8603101372718811,0.03484266996383667,0.07166881114244461,0.006957817357033491,0.003798386547714472,0.009643638506531715,0.07166881114244461,0.7886413261294365,surprise
47,consulari.,neutral,0.8138607740402222,0.016124676913022995,0.8138607740402222,0.04155099391937256,0.025767328217625618,0.045968927443027496,0.017359266057610512,0.039368074387311935,0.045968927443027496,0.7678918465971947,anger
47,imperium.,neutral,0.5618195533752441,0.030476387590169907,0.5618195533752441,0.07759685814380646,0.121103934943676,0.0573890395462513,0.049941807985305786,0.10167241841554642,0.121103934943676,0.44071561843156815,surprise
47,valentius.,neutral,0.6191320419311523,0.05259637162089348,0.6191320419311523,0.07349376380443573,0.09289996325969696,0.04360216110944748,0.03699847310781479,0.08127711713314056,0.09289996325969696,0.5262320786714554,surprise
47,repertum.,neutral,0.723698616027832,0.012885423377156258,0.723698616027832,0.06813304871320724,0.03599776700139046,0.0324789397418499,0.029890717938542366,0.09691539406776428,0.09691539406776428,0.6267832219600677,disgust
47,apud.,neutral,0.4734135568141937,0.015092876739799976,0.4734135568141937,0.21543122828006744,0.24431487917900085,0.010643540881574154,0.0072493115440011024,0.03385467454791069,0.24431487917900085,0.22909867763519287,surprise
47,majores.,neutral,0.7999171614646912,0.03992126137018204,0.7999171614646912,0.06317532062530518,0.08033271133899689,0.005354168359190226,0.007544929627329111,0.0037543848156929016,0.08033271133899689,0.7195844501256943,surprise
47,nostros quo.,neutral,0.7309645414352417,0.0146532217040658,0.7309645414352417,0.03478110954165459,0.06488600373268127,0.03721169754862785,0.035904742777347565,0.0815986767411232,0.0815986767411232,0.6493658646941185,disgust
47,in.,neutral,0.755123496055603,0.021727420389652252,0.755123496055603,0.11924805492162704,0.07193557918071747,0.01352784875780344,0.007726904936134815,0.010710693895816803,0.11924805492162704,0.635875441133976,sadness
47,asperioribus.,neutral,0.84511399269104,0.0063620335422456264,0.84511399269104,0.016442250460386276,0.019345754757523537,0.023118775337934494,0.011713990941643715,0.07790325582027435,0.07790325582027435,0.7672107368707657,disgust
47,bellis.,neutral,0.7204957008361816,0.04297935590147972,0.7204957008361816,0.10334213078022003,0.06560207903385162,0.0229068361222744,0.013702879659831524,0.030971011146903038,0.10334213078022003,0.6171535700559616,sadness
47,aut.,neutral,0.8124493956565857,0.006234206724911928,0.8124493956565857,0.09276838600635529,0.035511042922735214,0.013316106982529163,0.01486740168184042,0.024853605777025223,0.09276838600635529,0.7196810096502304,sadness
47,in.,neutral,0.755123496055603,0.021727420389652252,0.755123496055603,0.11924805492162704,0.07193557918071747,0.01352784875780344,0.007726904936134815,0.010710693895816803,0.11924805492162704,0.635875441133976,sadness
47,civili.,neutral,0.6571999788284302,0.044080693274736404,0.6571999788284302,0.06813140213489532,0.1073026955127716,0.050097640603780746,0.03379271924495697,0.039394963532686234,0.1073026955127716,0.5498972833156586,surprise
47,motu.,neutral,0.8958557844161987,0.011737960390746593,0.8958557844161987,0.02446303516626358,0.03563390672206879,0.007378214970231056,0.009074031375348568,0.015857046470046043,0.03563390672206879,0.8602218776941299,surprise
47,difficiliori.,neutral,0.43829458951950073,0.04068823903799057,0.43829458951950073,0.07870923727750778,0.12257655709981918,0.12393057346343994,0.0633375495672226,0.13246317207813263,0.13246317207813263,0.3058314174413681,disgust
47,uterentur.,neutral,0.5829622745513916,0.005375734530389309,0.5829622745513916,0.023084746673703194,0.012353666126728058,0.11809758096933365,0.014337758533656597,0.2437881976366043,0.2437881976366043,0.3391740769147873,disgust
47,aut.,neutral,0.8124493956565857,0.006234206724911928,0.8124493956565857,0.09276838600635529,0.035511042922735214,0.013316106982529163,0.01486740168184042,0.024853605777025223,0.09276838600635529,0.7196810096502304,sadness
47,in.,neutral,0.755123496055603,0.021727420389652252,0.755123496055603,0.11924805492162704,0.07193557918071747,0.01352784875780344,0.007726904936134815,0.010710693895816803,0.11924805492162704,0.635875441133976,sadness
47,auxilium.,neutral,0.5447747111320496,0.06195941939949989,0.5447747111320496,0.08324657380580902,0.10308176279067993,0.06538896262645721,0.04019201546907425,0.10135651379823685,0.10308176279067993,0.44169294834136963,surprise
47,plebis.,neutral,0.7339835166931152,0.023511560633778572,0.7339835166931152,0.07404744625091553,0.0365937240421772,0.026683051139116287,0.01755566895008087,0.08762503415346146,0.08762503415346146,0.6463584825396538,disgust
47,creatos.,neutral,0.9009304046630859,0.012753268703818321,0.9009304046630859,0.025702843442559242,0.028563831001520157,0.014059280976653099,0.003749438328668475,0.014240968972444534,0.028563831001520157,0.8723665736615658,surprise
47,tribunos.,neutral,0.9068204760551453,0.00810551643371582,0.9068204760551453,0.02220332622528076,0.018751289695501328,0.006467052735388279,0.005290500819683075,0.03236193582415581,0.03236193582415581,0.8744585402309895,disgust
47,plebei.,neutral,0.8871588110923767,0.020904021337628365,0.8871588110923767,0.01920599862933159,0.042009688913822174,0.010378190316259861,0.008917239494621754,0.011426093988120556,0.042009688913822174,0.8451491221785545,surprise
47,quid.,neutral,0.8675705194473267,0.010155552066862583,0.8675705194473267,0.03039928898215294,0.061203669756650925,0.008205144666135311,0.006690333131700754,0.015775498002767563,0.061203669756650925,0.8063668496906757,surprise
47,a. consulibus.,neutral,0.8011937737464905,0.03505352512001991,0.8011937737464905,0.05003569647669792,0.044072866439819336,0.02285393327474594,0.01638064719736576,0.030409445986151695,0.05003569647669792,0.7511580772697926,sadness
47,ad.,sadness,0.5235690474510193,0.008123054169118404,0.3796244263648987,0.5235690474510193,0.05115731060504913,0.007054978050291538,0.008732673712074757,0.021738523617386818,0.3796244263648987,0.1439446210861206,neutral
47,decemviros.,neutral,0.6684004664421082,0.04014172777533531,0.6684004664421082,0.0755886510014534,0.07821188867092133,0.04208829626441002,0.031044982373714447,0.06452402472496033,0.07821188867092133,0.5901885777711868,surprise
47,translatum.,neutral,0.8624518513679504,0.00463360920548439,0.8624518513679504,0.01886667124927044,0.045416370034217834,0.016128230839967728,0.010321064852178097,0.04218212887644768,0.045416370034217834,0.8170354813337326,surprise
47,imperium.,neutral,0.5618195533752441,0.030476387590169907,0.5618195533752441,0.07759685814380646,0.121103934943676,0.0573890395462513,0.049941807985305786,0.10167241841554642,0.121103934943676,0.44071561843156815,surprise
47,solutoque postea decemvirali.,neutral,0.5108147859573364,0.04208185151219368,0.5108147859573364,0.07932867109775543,0.02772654965519905,0.094046950340271,0.11416374146938324,0.13183744251728058,0.13183744251728058,0.37897734344005585,disgust
47,regno.,neutral,0.6118793487548828,0.019614338874816895,0.6118793487548828,0.14744794368743896,0.03923920914530754,0.04560394585132599,0.0477459616959095,0.08846927434206009,0.14744794368743896,0.46443140506744385,sadness
47,ad.,sadness,0.5235690474510193,0.008123054169118404,0.3796244263648987,0.5235690474510193,0.05115731060504913,0.007054978050291538,0.008732673712074757,0.021738523617386818,0.3796244263648987,0.1439446210861206,neutral
47,consules.,neutral,0.8866389393806458,0.006343808490782976,0.8866389393806458,0.024736637249588966,0.021689556539058685,0.02096938155591488,0.00522873317822814,0.034392863512039185,0.034392863512039185,0.8522460758686066,disgust
47,rursus.,neutral,0.6739649772644043,0.01857631839811802,0.6739649772644043,0.11118552088737488,0.09445519000291824,0.04245559126138687,0.0154017498716712,0.04396063834428787,0.11118552088737488,0.5627794563770294,sadness
47,reditum.,neutral,0.7366724014282227,0.008616614155471325,0.7366724014282227,0.03256747126579285,0.026842761784791946,0.03434853255748749,0.023466462269425392,0.13748575747013092,0.13748575747013092,0.5991866439580917,disgust
47,quid.,neutral,0.8675705194473267,0.010155552066862583,0.8675705194473267,0.03039928898215294,0.061203669756650925,0.008205144666135311,0.006690333131700754,0.015775498002767563,0.061203669756650925,0.8063668496906757,surprise
47,im : : : : v ris.,neutral,0.48048219084739685,0.09305095672607422,0.48048219084739685,0.05717616528272629,0.360040545463562,0.00471444521099329,0.0029117518570274115,0.0016239526448771358,0.360040545463562,0.12044164538383484,surprise
47,distributum.,neutral,0.5739893913269043,0.008845304138958454,0.5739893913269043,0.02558307722210884,0.020484430715441704,0.10010647773742676,0.010386213660240173,0.26060500741004944,0.26060500741004944,0.31338438391685486,disgust
47,"consulare, imperium.",neutral,0.7710949182510376,0.010560605674982071,0.7710949182510376,0.016804629936814308,0.014629759825766087,0.06854742765426636,0.017103781923651695,0.10125879943370819,0.10125879943370819,0.6698361188173294,disgust
47,tribunosque.,neutral,0.8921903967857361,0.01836445741355419,0.8921903967857361,0.034464333206415176,0.03496099263429642,0.005196564365178347,0.004271637182682753,0.010551583021879196,0.03496099263429642,0.8572294041514397,surprise
47,militum.,neutral,0.5862579345703125,0.02114313654601574,0.5862579345703125,0.027006644755601883,0.033371515572071075,0.11248842626810074,0.08551491796970367,0.13421739637851715,0.13421739637851715,0.45204053819179535,disgust
47,consulari.,neutral,0.8138607740402222,0.016124676913022995,0.8138607740402222,0.04155099391937256,0.025767328217625618,0.045968927443027496,0.017359266057610512,0.039368074387311935,0.045968927443027496,0.7678918465971947,anger
47,imperio.,neutral,0.713631272315979,0.03940080106258392,0.713631272315979,0.05814268812537193,0.11376884579658508,0.02772652730345726,0.02408825047314167,0.023241586983203888,0.11376884579658508,0.5998624265193939,surprise
47,appellatus.,neutral,0.6954950094223022,0.0340968556702137,0.6954950094223022,0.055612385272979736,0.10574846714735031,0.04250058904290199,0.01977708749473095,0.04676962271332741,0.10574846714735031,0.5897465422749519,surprise
47,qui.,neutral,0.702375590801239,0.031391873955726624,0.702375590801239,0.02899937517940998,0.21240977942943573,0.008176865987479687,0.01081614289432764,0.005830427166074514,0.21240977942943573,0.4899658113718033,surprise
47,seni.,neutral,0.6657995581626892,0.02811720408499241,0.6657995581626892,0.10499193519353867,0.11237306147813797,0.023035386577248573,0.03562243655323982,0.03006044030189514,0.11237306147813797,0.5534264966845512,surprise
47,et octoni.,neutral,0.8253166675567627,0.011140702292323112,0.8253166675567627,0.05218687653541565,0.04533404856920242,0.015586338005959988,0.015515695326030254,0.034919630736112595,0.05218687653541565,0.773129791021347,sadness
47,crearentur.,neutral,0.44803285598754883,0.04722492769360542,0.44803285598754883,0.07519770413637161,0.05367720499634743,0.08919128030538559,0.05688660964369774,0.22978943586349487,0.22978943586349487,0.21824342012405396,disgust
47,quid.,neutral,0.8675705194473267,0.010155552066862583,0.8675705194473267,0.03039928898215294,0.061203669756650925,0.008205144666135311,0.006690333131700754,0.015775498002767563,0.061203669756650925,0.8063668496906757,surprise
47,communicatos.,neutral,0.9312120676040649,0.0044702207669615746,0.9312120676040649,0.008762095123529434,0.008683840744197369,0.02200586162507534,0.0032138670794665813,0.021652059629559517,0.02200586162507534,0.9092062059789896,anger
47,postremo.,neutral,0.9107432961463928,0.013640079647302628,0.9107432961463928,0.026262935250997543,0.030014779418706894,0.005174166522920132,0.004746239632368088,0.009418478235602379,0.030014779418706894,0.8807285167276859,surprise
47,cum.,neutral,0.900816798210144,0.0023778886534273624,0.900816798210144,0.025991972535848618,0.01119881309568882,0.015771018341183662,0.008309285156428814,0.035534195601940155,0.035534195601940155,0.8652826026082039,disgust
47,plebe.,neutral,0.8022829294204712,0.02812245488166809,0.8022829294204712,0.0503968819975853,0.055401451885700226,0.020085535943508148,0.010143319144845009,0.03356744721531868,0.055401451885700226,0.746881477534771,surprise
47,honores.,neutral,0.8414613604545593,0.023533940315246582,0.8414613604545593,0.03461335226893425,0.04265594482421875,0.02357516624033451,0.0022465025540441275,0.03191370889544487,0.04265594482421875,0.7988054156303406,surprise
47,non.,neutral,0.63803631067276,0.021721251308918,0.63803631067276,0.09490966796875,0.019698962569236755,0.045237939804792404,0.02458467334508896,0.1558111608028412,0.1558111608028412,0.4822251498699188,disgust
47,imperi.,neutral,0.7127737998962402,0.023274792358279228,0.7127737998962402,0.03746611997485161,0.1398889422416687,0.02687017433345318,0.037625715136528015,0.022100411355495453,0.1398889422416687,0.5728848576545715,surprise
47,solum.,neutral,0.7652884125709534,0.02365724742412567,0.7652884125709534,0.07008707523345947,0.03312796726822853,0.02647468075156212,0.0310895387083292,0.050275083631277084,0.07008707523345947,0.6952013373374939,sadness
47,sed.,neutral,0.8177875876426697,0.009733887389302254,0.8177875876426697,0.077764593064785,0.007441127672791481,0.022815125063061714,0.0032886380795389414,0.06116904690861702,0.077764593064785,0.7400229945778847,sadness
47,sacerdotorum.,neutral,0.8424410223960876,0.01712176389992237,0.8424410223960876,0.03636244311928749,0.05701316148042679,0.02009342610836029,0.011865511536598206,0.015102716162800789,0.05701316148042679,0.7854278609156609,surprise
47,quoque.,neutral,0.817581832408905,0.03279499709606171,0.817581832408905,0.03942902013659477,0.0675446018576622,0.010286111384630203,0.016911420971155167,0.0154520059004426,0.0675446018576622,0.7500372305512428,surprise
47,jamsi.,neutral,0.6349071860313416,0.04472900554537773,0.6349071860313416,0.12587574124336243,0.14275093376636505,0.011851322837173939,0.025296248495578766,0.014589555561542511,0.14275093376636505,0.4921562522649765,surprise
47,narrem.,neutral,0.5851035714149475,0.01892811991274357,0.5851035714149475,0.11890637129545212,0.12142516672611237,0.03592483326792717,0.03686191141605377,0.08285006880760193,0.12142516672611237,0.46367840468883514,surprise
47,bella.,neutral,0.820977509021759,0.03369195759296417,0.820977509021759,0.05961277335882187,0.05482771247625351,0.012554199434816837,0.007909303531050682,0.010426579974591732,0.05961277335882187,0.7613647356629372,sadness
47,a. quibus.,neutral,0.747870683670044,0.0370054766535759,0.747870683670044,0.03606712073087692,0.04054000601172447,0.02649957872927189,0.03809615969657898,0.07392103224992752,0.07392103224992752,0.6739496514201164,disgust
47,coeperint.,neutral,0.8586888909339905,0.01074484083801508,0.8586888909339905,0.019849469885230064,0.10383174568414688,0.002320914063602686,0.00267933146096766,0.0018847621977329254,0.10383174568414688,0.7548571452498436,surprise
47,majores.,neutral,0.7999171614646912,0.03992126137018204,0.7999171614646912,0.06317532062530518,0.08033271133899689,0.005354168359190226,0.007544929627329111,0.0037543848156929016,0.08033271133899689,0.7195844501256943,surprise
47,nostri.,neutral,0.7256699204444885,0.02644992433488369,0.7256699204444885,0.07718680053949356,0.1075412929058075,0.0185561403632164,0.01983509585261345,0.024760859087109566,0.1075412929058075,0.618128627538681,surprise
47,et.,neutral,0.6496826410293579,0.01658264920115471,0.6496826410293579,0.15286004543304443,0.024649543687701225,0.0343836173415184,0.022255737334489822,0.09958579391241074,0.15286004543304443,0.4968225955963135,sadness
47,quo.,neutral,0.892868161201477,0.013108175247907639,0.892868161201477,0.022464174777269363,0.05546949431300163,0.004428035579621792,0.0061632730066776276,0.005498684477061033,0.05546949431300163,0.8373986668884754,surprise
47,processerimus.,neutral,0.8298874497413635,0.012858685106039047,0.8298874497413635,0.031425293534994125,0.0541057325899601,0.02473565563559532,0.013254002667963505,0.033733077347278595,0.0541057325899601,0.7757817171514034,surprise
47,vereor.,neutral,0.49834463000297546,0.02055845968425274,0.49834463000297546,0.096530482172966,0.03732803836464882,0.10086563974618912,0.048274677246809006,0.19809819757938385,0.19809819757938385,0.3002464324235916,disgust
47,ne.,sadness,0.32375016808509827,0.019708242267370224,0.24456854164600372,0.32375016808509827,0.03669871762394905,0.06108313053846359,0.05542445927858353,0.2587667405605316,0.2587667405605316,0.06498342752456665,disgust
47,nimio.,neutral,0.7853323817253113,0.03319786861538887,0.7853323817253113,0.0718485563993454,0.07050362974405289,0.0064690797589719296,0.016888722777366638,0.0157596617937088,0.0718485563993454,0.7134838253259659,sadness
47,insolentior.,neutral,0.6027253866195679,0.03072228841483593,0.6027253866195679,0.16522829234600067,0.06999076157808304,0.05997879430651665,0.021003615111112595,0.050350870937108994,0.16522829234600067,0.4374970942735672,sadness
47,esse.,neutral,0.6305698752403259,0.026601888239383698,0.6305698752403259,0.16157326102256775,0.06018625199794769,0.04250641539692879,0.02386874333024025,0.054693542420864105,0.16157326102256775,0.4689966142177582,sadness
47,videar.,neutral,0.7237991094589233,0.019537534564733505,0.7237991094589233,0.07715961337089539,0.0675843209028244,0.02732394076883793,0.022505490109324455,0.062090083956718445,0.07715961337089539,0.646639496088028,sadness
47,et.,neutral,0.6496826410293579,0.01658264920115471,0.6496826410293579,0.15286004543304443,0.024649543687701225,0.0343836173415184,0.022255737334489822,0.09958579391241074,0.15286004543304443,0.4968225955963135,sadness
47,quaesisse.,neutral,0.9119128584861755,0.01846311055123806,0.9119128584861755,0.015201004222035408,0.021066976711153984,0.015158847905695438,0.007836501114070415,0.01036069355905056,0.021066976711153984,0.8908458817750216,surprise
47,jactationem.,neutral,0.9304469227790833,0.024136820808053017,0.9304469227790833,0.010961811058223248,0.023398973047733307,0.006494414061307907,0.0018168953247368336,0.002744099823758006,0.024136820808053017,0.9063101019710302,joy
47,gloriae.,disgust,0.7935435175895691,0.013665172271430492,0.14472270011901855,0.021837351843714714,0.00910948496311903,0.010948387905955315,0.006173336878418922,0.7935435175895691,0.14472270011901855,0.6488208174705505,neutral
47,prolati.,neutral,0.7725325226783752,0.014982299879193306,0.7725325226783752,0.022583862766623497,0.024830034002661705,0.04060949385166168,0.012617111206054688,0.11184464395046234,0.11184464395046234,0.6606878787279129,disgust
47,imperi.,neutral,0.7127737998962402,0.023274792358279228,0.7127737998962402,0.03746611997485161,0.1398889422416687,0.02687017433345318,0.037625715136528015,0.022100411355495453,0.1398889422416687,0.5728848576545715,surprise
47,ultra.,disgust,0.4616188406944275,0.0022492753341794014,0.09296081960201263,0.007539670914411545,0.02532193437218666,0.39202719926834106,0.018282251432538033,0.4616188406944275,0.39202719926834106,0.06959164142608643,anger
47,oceanum.,neutral,0.6144070029258728,0.027236973866820335,0.6144070029258728,0.1092032939195633,0.05484599620103836,0.03573449328541756,0.064545638859272,0.0940265953540802,0.1092032939195633,0.5052037090063095,sadness
47,sed.,neutral,0.8177875876426697,0.009733887389302254,0.8177875876426697,0.077764593064785,0.007441127672791481,0.022815125063061714,0.0032886380795389414,0.06116904690861702,0.077764593064785,0.7400229945778847,sadness
47,illo.,neutral,0.7479956150054932,0.011731238104403019,0.7479956150054932,0.04820254072546959,0.02841758355498314,0.0471075177192688,0.04599207639694214,0.07055343687534332,0.07055343687534332,0.6774421781301498,disgust
47,C. Porius.,neutral,0.800345778465271,0.028991784900426865,0.800345778465271,0.039572324603796005,0.05054783076047897,0.02053590677678585,0.0188597422093153,0.04114670306444168,0.05054783076047897,0.749797947704792,surprise
47,revertar.,neutral,0.7487859129905701,0.002319830469787121,0.7487859129905701,0.029853371903300285,0.031041456386446953,0.08055078983306885,0.016895992681384087,0.09055265039205551,0.09055265039205551,0.6582332625985146,disgust
47,civitatem.,neutral,0.7867311239242554,0.019695231691002846,0.7867311239242554,0.010736247524619102,0.01569303497672081,0.07703787088394165,0.0071907346136868,0.08291573077440262,0.08291573077440262,0.7038153931498528,disgust
47,II.,neutral,0.34999191761016846,0.05475031957030296,0.34999191761016846,0.10640840232372284,0.030978787690401077,0.07473471760749817,0.22041428089141846,0.16272161900997162,0.22041428089141846,0.12957763671875,fear
47,T A B L E. : : : : : : : : : : : : : : : sane : : : : : : : : : : : : : : : : : : : : nova : : : divus : aug : : : no : lus.,joy,0.5609519481658936,0.5609519481658936,0.3167293965816498,0.053071748465299606,0.05906224623322487,0.004163607023656368,0.0027354403864592314,0.0032856555189937353,0.3167293965816498,0.24422255158424377,neutral
47,et.,neutral,0.6496826410293579,0.01658264920115471,0.6496826410293579,0.15286004543304443,0.024649543687701225,0.0343836173415184,0.022255737334489822,0.09958579391241074,0.15286004543304443,0.4968225955963135,sadness
47,patruus.,neutral,0.8046637177467346,0.021087326109409332,0.8046637177467346,0.04205397516489029,0.043166909366846085,0.02791297249495983,0.015172869898378849,0.04594232887029648,0.04594232887029648,0.7587213888764381,disgust
47,Ti.,neutral,0.8931505084037781,0.0034048010129481554,0.8931505084037781,0.02300875075161457,0.03317780792713165,0.01074935868382454,0.00821827631443739,0.028290456160902977,0.03317780792713165,0.8599727004766464,surprise
47,Caesar.,neutral,0.5779368877410889,0.03654826059937477,0.5779368877410889,0.061430804431438446,0.04481373354792595,0.03981703892350197,0.06204364821314812,0.1774095892906189,0.1774095892906189,0.40052729845046997,disgust
47,omnem.,neutral,0.5198748111724854,0.010680099949240685,0.5198748111724854,0.0892423540353775,0.23102189600467682,0.0277805607765913,0.05762995779514313,0.06377030909061432,0.23102189600467682,0.28885291516780853,surprise
47,florem.,neutral,0.5833273530006409,0.04416607692837715,0.5833273530006409,0.05370791628956795,0.05699320510029793,0.08784420788288116,0.03377121686935425,0.14019005000591278,0.14019005000591278,0.4431373029947281,disgust
47,ubique.,neutral,0.7354216575622559,0.05823566019535065,0.7354216575622559,0.06755063682794571,0.10078544169664383,0.011955459602177143,0.012182390317320824,0.013868741691112518,0.10078544169664383,0.634636215865612,surprise
47,coloniarum.,neutral,0.6584334373474121,0.04994332790374756,0.6584334373474121,0.07541926205158234,0.04277439042925835,0.04520586505532265,0.031086327508091927,0.0971374362707138,0.0971374362707138,0.5612960010766983,disgust
47,ac.,neutral,0.5493223071098328,0.016113990917801857,0.5493223071098328,0.2641976773738861,0.12254305928945541,0.013537478633224964,0.02572442963719368,0.008561104536056519,0.2641976773738861,0.28512462973594666,sadness
47,municipiorum.,neutral,0.7860428094863892,0.014370134100317955,0.7860428094863892,0.032735440880060196,0.021237287670373917,0.028950555250048637,0.07172854989767075,0.044935181736946106,0.07172854989767075,0.7143142595887184,fear
47,bonorum.,neutral,0.6844513416290283,0.014854192733764648,0.6844513416290283,0.03705224767327309,0.04984189197421074,0.05787194147706032,0.019268717616796494,0.1366596668958664,0.1366596668958664,0.5477916747331619,disgust
47,scilicet.,neutral,0.7118366360664368,0.04987446591258049,0.7118366360664368,0.06873830407857895,0.061316460371017456,0.04051775485277176,0.02443087473511696,0.043285466730594635,0.06873830407857895,0.6430983319878578,sadness
47,virorum.,neutral,0.526378333568573,0.02653682418167591,0.526378333568573,0.054173149168491364,0.07479145377874374,0.07086772471666336,0.03627461567521095,0.21097791194915771,0.21097791194915771,0.3154004216194153,disgust
47,et.,neutral,0.6496826410293579,0.01658264920115471,0.6496826410293579,0.15286004543304443,0.024649543687701225,0.0343836173415184,0.022255737334489822,0.09958579391241074,0.15286004543304443,0.4968225955963135,sadness
47,locupletium.,neutral,0.7376161813735962,0.0427505224943161,0.7376161813735962,0.06781814247369766,0.061016328632831573,0.025355879217386246,0.01941627450287342,0.046026650816202164,0.06781814247369766,0.6697980388998985,sadness
47,in.,neutral,0.755123496055603,0.021727420389652252,0.755123496055603,0.11924805492162704,0.07193557918071747,0.01352784875780344,0.007726904936134815,0.010710693895816803,0.11924805492162704,0.635875441133976,sadness
47,hac.,neutral,0.7560205459594727,0.056805212050676346,0.7560205459594727,0.07492551952600479,0.07950097322463989,0.008087682537734509,0.00876206997781992,0.015898054465651512,0.07950097322463989,0.6765195727348328,surprise
47,curia.,neutral,0.8440653085708618,0.020067298784852028,0.8440653085708618,0.057961974292993546,0.03154375031590462,0.01380137074738741,0.008530441671609879,0.024029796943068504,0.057961974292993546,0.7861033342778683,sadness
47,esse.,neutral,0.6305698752403259,0.026601888239383698,0.6305698752403259,0.16157326102256775,0.06018625199794769,0.04250641539692879,0.02386874333024025,0.054693542420864105,0.16157326102256775,0.4689966142177582,sadness
47,voluit.,neutral,0.9220843315124512,0.006694115232676268,0.9220843315124512,0.019390644505620003,0.014815696515142918,0.01092571672052145,0.006582634523510933,0.019506823271512985,0.019506823271512985,0.9025775082409382,disgust
47,quid.,neutral,0.8675705194473267,0.010155552066862583,0.8675705194473267,0.03039928898215294,0.061203669756650925,0.008205144666135311,0.006690333131700754,0.015775498002767563,0.061203669756650925,0.8063668496906757,surprise
47,ergo.,neutral,0.7417383193969727,0.04161829501390457,0.7417383193969727,0.0781000629067421,0.10457246005535126,0.011159069836139679,0.009044782258570194,0.013767020776867867,0.10457246005535126,0.6371658593416214,surprise
47,non.,neutral,0.63803631067276,0.021721251308918,0.63803631067276,0.09490966796875,0.019698962569236755,0.045237939804792404,0.02458467334508896,0.1558111608028412,0.1558111608028412,0.4822251498699188,disgust
47,italicus.,neutral,0.7488749623298645,0.031568948179483414,0.7488749623298645,0.047932133078575134,0.04190245643258095,0.04541446641087532,0.032057248055934906,0.052249837666749954,0.052249837666749954,0.6966251246631145,disgust
47,senator.,neutral,0.7033944129943848,0.011666164733469486,0.7033944129943848,0.040903083980083466,0.03827996924519539,0.04155514016747475,0.02853180468082428,0.13566942512989044,0.13566942512989044,0.5677249878644943,disgust
47,"provinciali, potior.",neutral,0.8842784762382507,0.0177636556327343,0.8842784762382507,0.022705623880028725,0.04082675650715828,0.013818998821079731,0.006313433405011892,0.014293125830590725,0.04082675650715828,0.8434517197310925,surprise
47,est.,neutral,0.6752875447273254,0.017180010676383972,0.6752875447273254,0.05434311181306839,0.10611524432897568,0.03715856000781059,0.01701006479561329,0.09290549904108047,0.10611524432897568,0.5691723003983498,surprise
47,jam.,neutral,0.7234974503517151,0.03209569677710533,0.7234974503517151,0.13430139422416687,0.07994411140680313,0.005534734111279249,0.011751974932849407,0.012874565087258816,0.13430139422416687,0.5891960561275482,sadness
47,vobis.,neutral,0.8409686088562012,0.022607745602726936,0.8409686088562012,0.035943157970905304,0.07288063317537308,0.0073314146138727665,0.006801144685596228,0.013467212207615376,0.07288063317537308,0.7680879756808281,surprise
47,cum.,neutral,0.900816798210144,0.0023778886534273624,0.900816798210144,0.025991972535848618,0.01119881309568882,0.015771018341183662,0.008309285156428814,0.035534195601940155,0.035534195601940155,0.8652826026082039,disgust
47,hanc.,neutral,0.8563147783279419,0.007808305323123932,0.8563147783279419,0.07861767709255219,0.022579723969101906,0.005270317196846008,0.005244193132966757,0.024164998903870583,0.07861767709255219,0.7776971012353897,sadness
47,partem.,neutral,0.5418294668197632,0.010975616052746773,0.5418294668197632,0.16146442294120789,0.010044609196484089,0.10430210083723068,0.004011073615401983,0.1673726737499237,0.1673726737499237,0.3744567930698395,disgust
47,censurae.,neutral,0.42587989568710327,0.003560042940080166,0.42587989568710327,0.02065616473555565,0.01146390475332737,0.10659045726060867,0.014205165207386017,0.4176443815231323,0.4176443815231323,0.008235514163970947,disgust
47,meae.,neutral,0.6857045292854309,0.02287396602332592,0.6857045292854309,0.08928453177213669,0.059902023524045944,0.03693718463182449,0.026051288470625877,0.07924652844667435,0.08928453177213669,0.5964199975132942,sadness
47,approbare.,neutral,0.529113233089447,0.0048383986577391624,0.529113233089447,0.09113624691963196,0.05706382170319557,0.048659175634384155,0.03884073719382286,0.2303483635187149,0.2303483635187149,0.2987648695707321,disgust
47,coepero.,neutral,0.8247862458229065,0.02032405324280262,0.8247862458229065,0.04140348732471466,0.09667469561100006,0.005930372979491949,0.006455885712057352,0.004425272811204195,0.09667469561100006,0.7281115502119064,surprise
47,quid.,neutral,0.8675705194473267,0.010155552066862583,0.8675705194473267,0.03039928898215294,0.061203669756650925,0.008205144666135311,0.006690333131700754,0.015775498002767563,0.061203669756650925,0.8063668496906757,surprise
47,de.,neutral,0.7239819765090942,0.022253813222050667,0.7239819765090942,0.07981350272893906,0.07484755665063858,0.024505404755473137,0.015763312578201294,0.05883447080850601,0.07981350272893906,0.6441684737801552,sadness
47,ca.,neutral,0.6396692395210266,0.030065884813666344,0.6396692395210266,0.2424374222755432,0.037184007465839386,0.02324211597442627,0.012360240332782269,0.015041031874716282,0.2424374222755432,0.3972318172454834,sadness
47,re.,neutral,0.6257311701774597,0.03806537017226219,0.6257311701774597,0.17020682990550995,0.05981156602501869,0.03804103285074234,0.026174593716859818,0.0419694185256958,0.17020682990550995,0.45552434027194977,sadness
47,sentiam.,neutral,0.9151949286460876,0.00545593723654747,0.9151949286460876,0.018958119675517082,0.0321618877351284,0.009434407576918602,0.0035965240094810724,0.015198267064988613,0.0321618877351284,0.8830330409109592,surprise
47,rebus.,neutral,0.9160556197166443,0.007077561225742102,0.9160556197166443,0.024597661569714546,0.03746626526117325,0.004165246617048979,0.0028409119695425034,0.007796845864504576,0.03746626526117325,0.878589354455471,surprise
47,ostendam.,neutral,0.8578442931175232,0.009569359011948109,0.8578442931175232,0.02577929198741913,0.09211403876543045,0.006256142631173134,0.0018979134038090706,0.006539030931890011,0.09211403876543045,0.7657302543520927,surprise
47,sed.,neutral,0.8177875876426697,0.009733887389302254,0.8177875876426697,0.077764593064785,0.007441127672791481,0.022815125063061714,0.0032886380795389414,0.06116904690861702,0.077764593064785,0.7400229945778847,sadness
47,ne.,sadness,0.32375016808509827,0.019708242267370224,0.24456854164600372,0.32375016808509827,0.03669871762394905,0.06108313053846359,0.05542445927858353,0.2587667405605316,0.2587667405605316,0.06498342752456665,disgust
47,provinciales.,neutral,0.8003708720207214,0.016453713178634644,0.8003708720207214,0.06929048895835876,0.06278134882450104,0.021219808608293533,0.005975519306957722,0.023908227682113647,0.06929048895835876,0.7310803830623627,sadness
47,quidem.,neutral,0.8603209853172302,0.008513080887496471,0.8603209853172302,0.03353939950466156,0.02888309396803379,0.01382629293948412,0.01485978253185749,0.04005737602710724,0.04005737602710724,0.820263609290123,disgust
47,si.,neutral,0.4077765643596649,0.01893553137779236,0.4077765643596649,0.34795665740966797,0.11904198676347733,0.015136477537453175,0.04955087974667549,0.04160190373659134,0.34795665740966797,0.05981990694999695,sadness
47,modo.,neutral,0.9174404740333557,0.004285989794880152,0.9174404740333557,0.020646223798394203,0.03832269459962845,0.004679352045059204,0.002815785352140665,0.011809463612735271,0.03832269459962845,0.8791177794337273,surprise
47,ornare.,neutral,0.7893393635749817,0.020448794588446617,0.7893393635749817,0.07927177846431732,0.05539627745747566,0.017480099573731422,0.015176857821643353,0.022886810824275017,0.07927177846431732,0.7100675851106644,sadness
47,curiam.,neutral,0.8837500214576721,0.0248564463108778,0.8837500214576721,0.04655946046113968,0.03529965132474899,0.0038511184975504875,0.0023994892835617065,0.0032839146442711353,0.04655946046113968,0.8371905609965324,sadness
47,poterint.,neutral,0.783552348613739,0.02528572641313076,0.783552348613739,0.0434361957013607,0.10699798166751862,0.013196035288274288,0.009689878672361374,0.01784185692667961,0.10699798166751862,0.6765543669462204,surprise
47,rejiciendos.,neutral,0.8176639080047607,0.00830688327550888,0.8176639080047607,0.04701772332191467,0.0498952716588974,0.02031736634671688,0.02264019101858139,0.03415870666503906,0.0498952716588974,0.7677686363458633,surprise
47,puto.,neutral,0.7218038439750671,0.01815878227353096,0.7218038439750671,0.0652010440826416,0.048579078167676926,0.02654261328279972,0.052353035658597946,0.06736160069704056,0.06736160069704056,0.6544422432780266,disgust
47,Ornatissima.,neutral,0.8021637201309204,0.02249680832028389,0.8021637201309204,0.05528278276324272,0.032633643597364426,0.020249541848897934,0.02606109529733658,0.04111233353614807,0.05528278276324272,0.7468809373676777,sadness
47,ecce.,neutral,0.7810842990875244,0.06592544168233871,0.7810842990875244,0.04614388197660446,0.07840467244386673,0.012734297662973404,0.007175757549703121,0.008531738072633743,0.07840467244386673,0.7026796266436577,surprise
47,colonia.,neutral,0.8369051218032837,0.022547464817762375,0.8369051218032837,0.09508943557739258,0.031247464939951897,0.004197339061647654,0.003911042585968971,0.0061021349392831326,0.09508943557739258,0.7418156862258911,sadness
47,valentissimaque.,neutral,0.7218496799468994,0.0758010745048523,0.7218496799468994,0.07934122532606125,0.061859920620918274,0.0189355555921793,0.021358061581850052,0.02085450105369091,0.07934122532606125,0.6425084546208382,sadness
47,Riennensium.,neutral,0.8138779997825623,0.016912396997213364,0.8138779997825623,0.0363411046564579,0.04120279848575592,0.01779520884156227,0.02381608448922634,0.05005444586277008,0.05005444586277008,0.7638235539197922,disgust
47,quam.,neutral,0.7768208384513855,0.027860302478075027,0.7768208384513855,0.03959233686327934,0.1441318839788437,0.005291426554322243,0.003678220324218273,0.002625066554173827,0.1441318839788437,0.6326889544725418,surprise
47,longo.,neutral,0.85676109790802,0.015585780143737793,0.85676109790802,0.04191095754504204,0.04653117433190346,0.009973466396331787,0.007274985313415527,0.02196250483393669,0.04653117433190346,0.8102299235761166,surprise
47,jam.,neutral,0.7234974503517151,0.03209569677710533,0.7234974503517151,0.13430139422416687,0.07994411140680313,0.005534734111279249,0.011751974932849407,0.012874565087258816,0.13430139422416687,0.5891960561275482,sadness
47,tempore.,neutral,0.6022900342941284,0.007824243046343327,0.6022900342941284,0.08181200921535492,0.012452413327991962,0.03568734973669052,0.01074136234819889,0.24919265508651733,0.24919265508651733,0.3530973792076111,disgust
47,senatores.,neutral,0.8456440567970276,0.011181764304637909,0.8456440567970276,0.055782150477170944,0.030566738918423653,0.013656257651746273,0.009635419584810734,0.033533647656440735,0.055782150477170944,0.7898619063198566,sadness
47,huic.,neutral,0.6089974045753479,0.040132470428943634,0.6089974045753479,0.09508369863033295,0.18924903869628906,0.015298208221793175,0.02859194576740265,0.02264721505343914,0.18924903869628906,0.41974836587905884,surprise
47,curiae.,neutral,0.4753974676132202,0.010006330907344818,0.4753974676132202,0.05625656247138977,0.014144948683679104,0.052332039922475815,0.0213498305529356,0.3705127537250519,0.3705127537250519,0.10488471388816833,disgust
47,consert.,neutral,0.7429527640342712,0.003082928014919162,0.7429527640342712,0.023388007655739784,0.012098402716219425,0.09574924409389496,0.007848330773413181,0.11488036066293716,0.11488036066293716,0.6280724033713341,disgust
47,ex.,neutral,0.8693745136260986,0.005446196999400854,0.8693745136260986,0.04719370976090431,0.025227298960089684,0.010625403374433517,0.007722774054855108,0.03441004827618599,0.04719370976090431,0.8221808038651943,sadness
47,qua.,neutral,0.5521380305290222,0.022817453369498253,0.5521380305290222,0.0740748718380928,0.04212263226509094,0.12068487703800201,0.0610094778239727,0.127152681350708,0.127152681350708,0.4249853491783142,disgust
47,colonia.,neutral,0.8369051218032837,0.022547464817762375,0.8369051218032837,0.09508943557739258,0.031247464939951897,0.004197339061647654,0.003911042585968971,0.0061021349392831326,0.09508943557739258,0.7418156862258911,sadness
47,inter.,neutral,0.7767453193664551,0.006550967693328857,0.7767453193664551,0.09569332003593445,0.08572927117347717,0.011428527534008026,0.007525989785790443,0.016326645389199257,0.09569332003593445,0.6810519993305206,sadness
47,paucos.,neutral,0.8801138401031494,0.02547181397676468,0.8801138401031494,0.03874687850475311,0.0442374013364315,0.004933169111609459,0.0025559940841048956,0.003940886352211237,0.0442374013364315,0.8358764387667179,surprise
47,equestris.,neutral,0.8943156003952026,0.012149931862950325,0.8943156003952026,0.020301152020692825,0.046107012778520584,0.010473232716321945,0.003687108401209116,0.012966008856892586,0.046107012778520584,0.848208587616682,surprise
47,ordinis.,neutral,0.7968985438346863,0.017144784331321716,0.7968985438346863,0.055861007422208786,0.06640443950891495,0.021603938192129135,0.011182774789631367,0.030904531478881836,0.06640443950891495,0.7304941043257713,surprise
47,ornamentum.,neutral,0.7209388613700867,0.006266442127525806,0.7209388613700867,0.041991766542196274,0.02395663410425186,0.04011692851781845,0.02811390906572342,0.1386154592037201,0.1386154592037201,0.5823234021663666,disgust
47,L. restinum.,neutral,0.8078980445861816,0.018888676539063454,0.8078980445861816,0.06047459691762924,0.02688509225845337,0.011080596596002579,0.011203915812075138,0.0635690689086914,0.0635690689086914,0.7443289756774902,disgust
47,familiarissime.,neutral,0.7446487545967102,0.03061963990330696,0.7446487545967102,0.03980414941906929,0.03049713559448719,0.020587535575032234,0.036858901381492615,0.0969838872551918,0.0969838872551918,0.6476648673415184,disgust
47,diligo.,neutral,0.778522789478302,0.045825306326150894,0.778522789478302,0.08147391676902771,0.06286755949258804,0.006173369009047747,0.011400136165320873,0.0137369679287076,0.08147391676902771,0.6970488727092743,sadness
47,et.,neutral,0.6496826410293579,0.01658264920115471,0.6496826410293579,0.15286004543304443,0.024649543687701225,0.0343836173415184,0.022255737334489822,0.09958579391241074,0.15286004543304443,0.4968225955963135,sadness
47,hodieque.,neutral,0.49086493253707886,0.0848362073302269,0.49086493253707886,0.09735939651727676,0.10370023548603058,0.06105511263012886,0.054067857563495636,0.10811623930931091,0.10811623930931091,0.38274869322776794,disgust
47,in.,neutral,0.755123496055603,0.021727420389652252,0.755123496055603,0.11924805492162704,0.07193557918071747,0.01352784875780344,0.007726904936134815,0.010710693895816803,0.11924805492162704,0.635875441133976,sadness
47,rebus.,neutral,0.9160556197166443,0.007077561225742102,0.9160556197166443,0.024597661569714546,0.03746626526117325,0.004165246617048979,0.0028409119695425034,0.007796845864504576,0.03746626526117325,0.878589354455471,surprise
47,meis.,neutral,0.5610010027885437,0.07656902074813843,0.5610010027885437,0.11904636025428772,0.11380817741155624,0.04118097573518753,0.030611960217356682,0.05778246000409126,0.11904636025428772,0.441954642534256,sadness
47,detineo.,neutral,0.8578330874443054,0.009828698821365833,0.8578330874443054,0.04643770679831505,0.0369948074221611,0.009696947410702705,0.013014598749577999,0.026194153353571892,0.04643770679831505,0.8113953806459904,sadness
47,cujus.,neutral,0.8639435172080994,0.017053235322237015,0.8639435172080994,0.05294463410973549,0.040192000567913055,0.008118273690342903,0.006662886589765549,0.011085505597293377,0.05294463410973549,0.8109988830983639,sadness
47,liberi.,neutral,0.6017709374427795,0.01628018543124199,0.6017709374427795,0.015609909780323505,0.01136127207428217,0.2565751373767853,0.027113083750009537,0.07128944247961044,0.2565751373767853,0.34519580006599426,anger
47,fruantur.,neutral,0.8820298910140991,0.02600044012069702,0.8820298910140991,0.015763670206069946,0.034020375460386276,0.028274692595005035,0.0038639011327177286,0.010047049261629581,0.034020375460386276,0.8480095155537128,surprise
47,quaeso.,neutral,0.5679630041122437,0.050661105662584305,0.5679630041122437,0.08786220103502274,0.1952403336763382,0.0401046983897686,0.031909409910440445,0.026259254664182663,0.1952403336763382,0.37272267043590546,surprise
47,primo.,neutral,0.8816258907318115,0.00789598748087883,0.8816258907318115,0.027563011273741722,0.0303039513528347,0.016520289704203606,0.011358527466654778,0.024732312187552452,0.0303039513528347,0.8513219393789768,surprise
47,sacerdotiorum.,neutral,0.8681563138961792,0.025090569630265236,0.8681563138961792,0.0460691936314106,0.036366116255521774,0.010144525207579136,0.006394893862307072,0.0077784000895917416,0.0460691936314106,0.8220871202647686,sadness
47,gradu.,neutral,0.6506606936454773,0.01435764692723751,0.6506606936454773,0.08137428760528564,0.05157989263534546,0.02948952652513981,0.0980493351817131,0.07448858767747879,0.0980493351817131,0.5526113584637642,fear
47,post.,neutral,0.8443756103515625,0.009120169095695019,0.8443756103515625,0.08534078299999237,0.018720591440796852,0.017613153904676437,0.0024848338216543198,0.022344905883073807,0.08534078299999237,0.7590348273515701,sadness
47,modo.,neutral,0.9174404740333557,0.004285989794880152,0.9174404740333557,0.020646223798394203,0.03832269459962845,0.004679352045059204,0.002815785352140665,0.011809463612735271,0.03832269459962845,0.8791177794337273,surprise
47,cum.,neutral,0.900816798210144,0.0023778886534273624,0.900816798210144,0.025991972535848618,0.01119881309568882,0.015771018341183662,0.008309285156428814,0.035534195601940155,0.035534195601940155,0.8652826026082039,disgust
47,annis.,sadness,0.342899352312088,0.04169255867600441,0.24225792288780212,0.342899352312088,0.03134534880518913,0.09450451284646988,0.0463419184088707,0.20095840096473694,0.24225792288780212,0.10064142942428589,neutral
47,promoturi.,neutral,0.896206259727478,0.005464883521199226,0.896206259727478,0.023446036502718925,0.04966626316308975,0.009299724362790585,0.004136720206588507,0.011780088767409325,0.04966626316308975,0.8465399965643883,surprise
47,dignitatis.,neutral,0.7682251334190369,0.009465971030294895,0.7682251334190369,0.037600524723529816,0.03861541301012039,0.04684879630804062,0.011699039489030838,0.08754504472017288,0.08754504472017288,0.680680088698864,disgust
47,suae.,neutral,0.6847653388977051,0.016737164929509163,0.6847653388977051,0.09084726125001907,0.059386610984802246,0.032468874007463455,0.015437318943440914,0.10035745054483414,0.10035745054483414,0.5844078883528709,disgust
47,incrementa.,neutral,0.7564370036125183,0.026192234829068184,0.7564370036125183,0.03591441735625267,0.06782087683677673,0.05411073938012123,0.013238143175840378,0.046286556869745255,0.06782087683677673,0.6886161267757416,surprise
47,ut.,neutral,0.3931296765804291,0.013342808932065964,0.3931296765804291,0.1450391560792923,0.03222516551613808,0.10492242872714996,0.04776662215590477,0.2635740637779236,0.2635740637779236,0.1295556128025055,disgust
47,dirum.,neutral,0.7784919142723083,0.010636060498654842,0.7784919142723083,0.03859668970108032,0.04107745364308357,0.0299674179404974,0.01854797825217247,0.0826825425028801,0.0826825425028801,0.6958093717694283,disgust
47,nomen.,neutral,0.6705964207649231,0.013869707472622395,0.6705964207649231,0.05639871954917908,0.03734603896737099,0.025385284796357155,0.041569001972675323,0.15483488142490387,0.15483488142490387,0.5157615393400192,disgust
47,latronis.,neutral,0.8341288566589355,0.011997001245617867,0.8341288566589355,0.030997149646282196,0.10423211008310318,0.007870125584304333,0.0034907888621091843,0.007283978629857302,0.10423211008310318,0.7298967465758324,surprise
47,taceam.,neutral,0.9124743938446045,0.01968432031571865,0.9124743938446045,0.028427867218852043,0.02889608033001423,0.004909160081297159,0.002263630274683237,0.003344510914757848,0.02889608033001423,0.8835783135145903,surprise
47,et.,neutral,0.6496826410293579,0.01658264920115471,0.6496826410293579,0.15286004543304443,0.024649543687701225,0.0343836173415184,0.022255737334489822,0.09958579391241074,0.15286004543304443,0.4968225955963135,sadness
47,odi.,neutral,0.777657151222229,0.009588653221726418,0.777657151222229,0.04695647954940796,0.11398407816886902,0.019095802679657936,0.009281649254262447,0.023436136543750763,0.11398407816886902,0.66367307305336,surprise
47,illud.,neutral,0.7552462220191956,0.016208361834287643,0.7552462220191956,0.10662596672773361,0.04780185595154762,0.01626371592283249,0.010670971125364304,0.04718286916613579,0.10662596672773361,0.648620255291462,sadness
47,palestricum.,neutral,0.5184047818183899,0.02916562370955944,0.5184047818183899,0.09991215914487839,0.07686819136142731,0.032547175884246826,0.034604232758283615,0.2084977924823761,0.2084977924823761,0.3099069893360138,disgust
47,prodiguum.,neutral,0.6306051015853882,0.009460506960749626,0.6306051015853882,0.030791785567998886,0.03527228161692619,0.02395147830247879,0.013882937841117382,0.25603580474853516,0.25603580474853516,0.374569296836853,disgust
47,quod.,neutral,0.8647899627685547,0.018345609307289124,0.8647899627685547,0.03234223276376724,0.05363760516047478,0.00776667520403862,0.006348215974867344,0.01676967553794384,0.05363760516047478,0.8111523576080799,surprise
47,ante.,neutral,0.6471206545829773,0.029741588979959488,0.6471206545829773,0.13781894743442535,0.06491896510124207,0.058242686092853546,0.025301950052380562,0.03685528039932251,0.13781894743442535,0.5093017071485519,sadness
47,in.,neutral,0.755123496055603,0.021727420389652252,0.755123496055603,0.11924805492162704,0.07193557918071747,0.01352784875780344,0.007726904936134815,0.010710693895816803,0.11924805492162704,0.635875441133976,sadness
47,domum.,neutral,0.6373493075370789,0.019560985267162323,0.6373493075370789,0.038812149316072464,0.0458039715886116,0.039937302470207214,0.02032359316945076,0.19821269810199738,0.19821269810199738,0.4391366094350815,disgust
47,consulatum.,neutral,0.8072065114974976,0.004509659484028816,0.8072065114974976,0.030147235840559006,0.01400576438754797,0.07082203030586243,0.006671312265098095,0.06663751602172852,0.07082203030586243,0.7363844811916351,anger
47,intulit.,neutral,0.682447612285614,0.01499149575829506,0.682447612285614,0.06814879924058914,0.09515073150396347,0.05155899375677109,0.044736992567777634,0.04296546429395676,0.09515073150396347,0.5872968807816505,surprise
47,quam.,neutral,0.7768208384513855,0.027860302478075027,0.7768208384513855,0.03959233686327934,0.1441318839788437,0.005291426554322243,0.003678220324218273,0.002625066554173827,0.1441318839788437,0.6326889544725418,surprise
47,colonia.,neutral,0.8369051218032837,0.022547464817762375,0.8369051218032837,0.09508943557739258,0.031247464939951897,0.004197339061647654,0.003911042585968971,0.0061021349392831326,0.09508943557739258,0.7418156862258911,sadness
47,sua.,neutral,0.695563018321991,0.021525785326957703,0.695563018321991,0.10504038631916046,0.09788168221712112,0.022541992366313934,0.010945048183202744,0.046502113342285156,0.10504038631916046,0.5905226320028305,sadness
47,solidum.,neutral,0.6034417748451233,0.02168053761124611,0.6034417748451233,0.03231394663453102,0.021234076470136642,0.06417897343635559,0.0651957094669342,0.19195492565631866,0.19195492565631866,0.4114868491888046,disgust
47,civitatis.,neutral,0.8526242971420288,0.021165603771805763,0.8526242971420288,0.01473166886717081,0.027477696537971497,0.037825506180524826,0.0077986083924770355,0.03837661072611809,0.03837661072611809,0.8142476864159107,disgust
47,Romanae.,neutral,0.8108412027359009,0.01616847515106201,0.8108412027359009,0.0606435164809227,0.034225743263959885,0.012489489279687405,0.010767659172415733,0.05486387386918068,0.0606435164809227,0.7501976862549782,sadness
47,beneficium.,joy,0.8393075466156006,0.8393075466156006,0.08271031826734543,0.012125829234719276,0.008422494865953922,0.014763412065804005,0.0022031303960829973,0.040467239916324615,0.08271031826734543,0.7565972283482552,neutral
47,consecuta.,anger,0.37277695536613464,0.0035990760661661625,0.30246400833129883,0.025824368000030518,0.014204870909452438,0.37277695536613464,0.016690116375684738,0.2644406259059906,0.30246400833129883,0.07031294703483582,neutral
47,est.,neutral,0.6752875447273254,0.017180010676383972,0.6752875447273254,0.05434311181306839,0.10611524432897568,0.03715856000781059,0.01701006479561329,0.09290549904108047,0.10611524432897568,0.5691723003983498,surprise
47,idem.,neutral,0.6476680636405945,0.0195627398788929,0.6476680636405945,0.11348429322242737,0.029341913759708405,0.03467801958322525,0.03748463839292526,0.11778027564287186,0.11778027564287186,0.5298877879977226,disgust
47,de fratre.,neutral,0.36935359239578247,0.16801610589027405,0.36935359239578247,0.10486387461423874,0.04996510222554207,0.10762817412614822,0.05793474242091179,0.14223840832710266,0.16801610589027405,0.20133748650550842,joy
47,ejus.,neutral,0.8421838283538818,0.005627504084259272,0.8421838283538818,0.04671860858798027,0.03128388151526451,0.010163957253098488,0.015770958736538887,0.04825124889612198,0.04825124889612198,0.7939325794577599,disgust
47,possum.,neutral,0.7364383339881897,0.03432801365852356,0.7364383339881897,0.07762480527162552,0.03636147081851959,0.009365973062813282,0.017678463831543922,0.08820290118455887,0.08820290118455887,0.6482354328036308,disgust
47,dicere.,neutral,0.6963817477226257,0.04980342090129852,0.6963817477226257,0.09223771840333939,0.0813184455037117,0.022054119035601616,0.022590812295675278,0.03561375290155411,0.09223771840333939,0.6041440293192863,sadness
47,miserabili.,neutral,0.8359952569007874,0.04117126762866974,0.8359952569007874,0.03313503414392471,0.0707484781742096,0.00850815512239933,0.005826121661812067,0.004615708254277706,0.0707484781742096,0.7652467787265778,surprise
47,quidem.,neutral,0.8603209853172302,0.008513080887496471,0.8603209853172302,0.03353939950466156,0.02888309396803379,0.01382629293948412,0.01485978253185749,0.04005737602710724,0.04005737602710724,0.820263609290123,disgust
47,indignissimoque.,neutral,0.7217423319816589,0.04647187143564224,0.7217423319816589,0.0819733515381813,0.1042407676577568,0.014661871828138828,0.01723337732255459,0.013676455244421959,0.1042407676577568,0.6175015643239021,surprise
47,hoc.,neutral,0.8988348245620728,0.018147051334381104,0.8988348245620728,0.03096531145274639,0.01562504470348358,0.010490299202501774,0.004313935525715351,0.021623440086841583,0.03096531145274639,0.8678695131093264,sadness
47,casu.,neutral,0.6873350143432617,0.044879160821437836,0.6873350143432617,0.07855171710252762,0.125985786318779,0.024539608508348465,0.02096175216138363,0.01774696819484234,0.125985786318779,0.5613492280244827,surprise
47,ut.,neutral,0.3931296765804291,0.013342808932065964,0.3931296765804291,0.1450391560792923,0.03222516551613808,0.10492242872714996,0.04776662215590477,0.2635740637779236,0.2635740637779236,0.1295556128025055,disgust
47,vobis.,neutral,0.8409686088562012,0.022607745602726936,0.8409686088562012,0.035943157970905304,0.07288063317537308,0.0073314146138727665,0.006801144685596228,0.013467212207615376,0.07288063317537308,0.7680879756808281,surprise
47,utilis.,neutral,0.8509504199028015,0.00935216061770916,0.8509504199028015,0.03925439715385437,0.05466275289654732,0.015613713301718235,0.008795807138085365,0.021370675414800644,0.05466275289654732,0.7962876670062542,surprise
47,senator.,neutral,0.7033944129943848,0.011666164733469486,0.7033944129943848,0.040903083980083466,0.03827996924519539,0.04155514016747475,0.02853180468082428,0.13566942512989044,0.13566942512989044,0.5677249878644943,disgust
47,esse.,neutral,0.6305698752403259,0.026601888239383698,0.6305698752403259,0.16157326102256775,0.06018625199794769,0.04250641539692879,0.02386874333024025,0.054693542420864105,0.16157326102256775,0.4689966142177582,sadness
47,non.,neutral,0.63803631067276,0.021721251308918,0.63803631067276,0.09490966796875,0.019698962569236755,0.045237939804792404,0.02458467334508896,0.1558111608028412,0.1558111608028412,0.4822251498699188,disgust
47,possit.,neutral,0.8613862991333008,0.01747158169746399,0.8613862991333008,0.04621807485818863,0.02637597732245922,0.014062441885471344,0.002075228374451399,0.03241034597158432,0.04621807485818863,0.8151682242751122,sadness
47,Tempus.,neutral,0.8676090240478516,0.0067088487558066845,0.8676090240478516,0.018760401755571365,0.013294058851897717,0.015391458757221699,0.011307296343147755,0.06692884862422943,0.06692884862422943,0.8006801754236221,disgust
47,est.,neutral,0.6752875447273254,0.017180010676383972,0.6752875447273254,0.05434311181306839,0.10611524432897568,0.03715856000781059,0.01701006479561329,0.09290549904108047,0.10611524432897568,0.5691723003983498,surprise
47,jam.,neutral,0.7234974503517151,0.03209569677710533,0.7234974503517151,0.13430139422416687,0.07994411140680313,0.005534734111279249,0.011751974932849407,0.012874565087258816,0.13430139422416687,0.5891960561275482,sadness
47,Ti.,neutral,0.8931505084037781,0.0034048010129481554,0.8931505084037781,0.02300875075161457,0.03317780792713165,0.01074935868382454,0.00821827631443739,0.028290456160902977,0.03317780792713165,0.8599727004766464,surprise
47,Caesar.,neutral,0.5779368877410889,0.03654826059937477,0.5779368877410889,0.061430804431438446,0.04481373354792595,0.03981703892350197,0.06204364821314812,0.1774095892906189,0.1774095892906189,0.40052729845046997,disgust
47,Germanice.,neutral,0.6206724643707275,0.010955571196973324,0.6206724643707275,0.07381582260131836,0.01654214970767498,0.07522661238908768,0.03798694536089897,0.16480042040348053,0.16480042040348053,0.455872043967247,disgust
47,detegere.,neutral,0.5951305627822876,0.039626482874155045,0.5951305627822876,0.077593132853508,0.07588675618171692,0.057560380548238754,0.03642335906624794,0.11777929216623306,0.11777929216623306,0.47735127061605453,disgust
47,te.,neutral,0.9096112847328186,0.022740183398127556,0.9096112847328186,0.020328029990196228,0.01691359654068947,0.009608331136405468,0.009728541597723961,0.01107005774974823,0.022740183398127556,0.886871101334691,joy
47,patribus.,neutral,0.8867622017860413,0.005512971896678209,0.8867622017860413,0.010978173464536667,0.011134943924844265,0.010451441630721092,0.0018466301262378693,0.07331360131502151,0.07331360131502151,0.8134486004710197,disgust
47,conscriptis.,neutral,0.9138631224632263,0.0034691770561039448,0.9138631224632263,0.013744263909757137,0.014064867049455643,0.020531438291072845,0.005231843329966068,0.029095416888594627,0.029095416888594627,0.8847677055746317,disgust
47,quo.,neutral,0.892868161201477,0.013108175247907639,0.892868161201477,0.022464174777269363,0.05546949431300163,0.004428035579621792,0.0061632730066776276,0.005498684477061033,0.05546949431300163,0.8373986668884754,surprise
47,tendat.,neutral,0.7949886322021484,0.020565787330269814,0.7949886322021484,0.016756750643253326,0.036377083510160446,0.04421177878975868,0.005715812090784311,0.08138412237167358,0.08138412237167358,0.7136045098304749,disgust
47,oratio.,neutral,0.508057713508606,0.016414824873209,0.508057713508606,0.052809227257966995,0.02220606803894043,0.03242742270231247,0.027585411444306374,0.3404993414878845,0.3404993414878845,0.16755837202072144,disgust
47,tua.,neutral,0.8321914672851562,0.008446888998150826,0.8321914672851562,0.039815664291381836,0.03830355405807495,0.02303982526063919,0.019795363768935204,0.03840724378824234,0.039815664291381836,0.7923758029937744,sadness
47,jam.,neutral,0.7234974503517151,0.03209569677710533,0.7234974503517151,0.13430139422416687,0.07994411140680313,0.005534734111279249,0.011751974932849407,0.012874565087258816,0.13430139422416687,0.5891960561275482,sadness
47,enim.,neutral,0.5848073363304138,0.05002148076891899,0.5848073363304138,0.09583871066570282,0.19313254952430725,0.023226585239171982,0.026320794597268105,0.026652563363313675,0.19313254952430725,0.39167478680610657,surprise
47,ad.,sadness,0.5235690474510193,0.008123054169118404,0.3796244263648987,0.5235690474510193,0.05115731060504913,0.007054978050291538,0.008732673712074757,0.021738523617386818,0.3796244263648987,0.1439446210861206,neutral
47,extremos.,neutral,0.6873179078102112,0.007078391034156084,0.6873179078102112,0.04061046242713928,0.08433111757040024,0.054485954344272614,0.016350476071238518,0.1098257303237915,0.1098257303237915,0.5774921774864197,disgust
47,sines.,sadness,0.8113755583763123,0.03212404251098633,0.09635056555271149,0.8113755583763123,0.0503777451813221,0.0014883624389767647,0.0012884013121947646,0.0069953748025000095,0.09635056555271149,0.7150249928236008,neutral
47,Galliae.,neutral,0.4133531451225281,0.016312459483742714,0.4133531451225281,0.0315517894923687,0.020468056201934814,0.06367138773202896,0.043513521552085876,0.41112956404685974,0.41112956404685974,0.002223581075668335,disgust
47,Narbonensis.,neutral,0.8423966765403748,0.014140186831355095,0.8423966765403748,0.03971776366233826,0.030852114781737328,0.010842534713447094,0.012590517289936543,0.04946016147732735,0.04946016147732735,0.7929365150630474,disgust
47,venisti.,neutral,0.6343567371368408,0.040772538632154465,0.6343567371368408,0.05483176186680794,0.15546153485774994,0.039982423186302185,0.04811858385801315,0.02647637575864792,0.15546153485774994,0.4788952022790909,surprise
47,Tot.,neutral,0.876438558101654,0.005821570288389921,0.876438558101654,0.014704686589539051,0.02197680063545704,0.015529592521488667,0.005876822397112846,0.05965203046798706,0.05965203046798706,0.816786527633667,disgust
47,ecce.,neutral,0.7810842990875244,0.06592544168233871,0.7810842990875244,0.04614388197660446,0.07840467244386673,0.012734297662973404,0.007175757549703121,0.008531738072633743,0.07840467244386673,0.7026796266436577,surprise
47,insignes.,neutral,0.7700774669647217,0.012200213968753815,0.7700774669647217,0.13318827748298645,0.0370747335255146,0.01816440559923649,0.0039013903588056564,0.025393642485141754,0.13318827748298645,0.6368891894817352,sadness
47,juvenes.,neutral,0.798308789730072,0.01937219314277172,0.798308789730072,0.04958727955818176,0.07599187642335892,0.031391531229019165,0.006099826656281948,0.01924850419163704,0.07599187642335892,0.7223169133067131,surprise
47,quot.,neutral,0.8084392547607422,0.08054795861244202,0.8084392547607422,0.03664352744817734,0.06303824484348297,0.005140160676091909,0.0016344561008736491,0.004556447733193636,0.08054795861244202,0.7278912961483002,joy
47,intueor.,neutral,0.4501528739929199,0.005653541535139084,0.4501528739929199,0.06875866651535034,0.04389267414808273,0.14657127857208252,0.021790137514472008,0.26318076252937317,0.26318076252937317,0.18697211146354675,disgust
47,non.,neutral,0.63803631067276,0.021721251308918,0.63803631067276,0.09490966796875,0.019698962569236755,0.045237939804792404,0.02458467334508896,0.1558111608028412,0.1558111608028412,0.4822251498699188,disgust
47,magis.,neutral,0.8601391911506653,0.02573978155851364,0.8601391911506653,0.03850642219185829,0.059576548635959625,0.0062227630987763405,0.0038035777397453785,0.006011771969497204,0.059576548635959625,0.8005626425147057,surprise
47,sunt.,sadness,0.42066437005996704,0.010034974664449692,0.4192792773246765,0.42066437005996704,0.03409973159432411,0.012698192149400711,0.004114239476621151,0.09910918027162552,0.4192792773246765,0.0013850927352905273,neutral
47,poenitenci.,neutral,0.7182562947273254,0.0267319455742836,0.7182562947273254,0.056382618844509125,0.05429921671748161,0.042515482753515244,0.029322970658540726,0.07249141484498978,0.07249141484498978,0.6457648798823357,disgust
47,senatorib.,neutral,0.8350447416305542,0.013442542403936386,0.8350447416305542,0.027662081643939018,0.04630790650844574,0.015016613528132439,0.011131555773317814,0.05139463394880295,0.05139463394880295,0.7836501076817513,disgust
47,quam.,neutral,0.7768208384513855,0.027860302478075027,0.7768208384513855,0.03959233686327934,0.1441318839788437,0.005291426554322243,0.003678220324218273,0.002625066554173827,0.1441318839788437,0.6326889544725418,surprise
47,poenitet.,neutral,0.8456418514251709,0.011229653842747211,0.8456418514251709,0.03412410616874695,0.028775224462151527,0.03114091232419014,0.011815267615020275,0.03727295994758606,0.03727295994758606,0.8083688914775848,disgust
47,Persicum.,neutral,0.874333918094635,0.0032108277082443237,0.874333918094635,0.0154762864112854,0.013627796433866024,0.02189440093934536,0.012231551110744476,0.0592251718044281,0.0592251718044281,0.8151087462902069,disgust
47,nobilissimum.,neutral,0.7518478035926819,0.012780534103512764,0.7518478035926819,0.07606575638055801,0.05102072283625603,0.024448586627840996,0.07197687029838562,0.011859715916216373,0.07606575638055801,0.6757820472121239,sadness
47,virum.,disgust,0.4748316705226898,0.030893877148628235,0.2866138219833374,0.07236550748348236,0.027089159935712814,0.07215706259012222,0.03604891523718834,0.4748316705226898,0.2866138219833374,0.18821784853935242,neutral
47,amicum.,neutral,0.5413429737091064,0.030876480042934418,0.5413429737091064,0.08384592086076736,0.09727257490158081,0.05862368643283844,0.036293789744377136,0.151744544506073,0.151744544506073,0.38959842920303345,disgust
47,meum.,neutral,0.8109942078590393,0.012810411863029003,0.8109942078590393,0.030993232503533363,0.027789250016212463,0.012860379181802273,0.009497220627963543,0.09505533427000046,0.09505533427000046,0.7159388735890388,disgust
47,inter.,neutral,0.7767453193664551,0.006550967693328857,0.7767453193664551,0.09569332003593445,0.08572927117347717,0.011428527534008026,0.007525989785790443,0.016326645389199257,0.09569332003593445,0.6810519993305206,sadness
47,imagines.,neutral,0.8032095432281494,0.06609486043453217,0.8032095432281494,0.023113546893000603,0.08604218810796738,0.008653229102492332,0.005441207438707352,0.007445392664521933,0.08604218810796738,0.717167355120182,surprise
47,majorum.,neutral,0.6055982708930969,0.03407375514507294,0.6055982708930969,0.07107716053724289,0.11049067974090576,0.07254891097545624,0.04121862351894379,0.06499258428812027,0.11049067974090576,0.49510759115219116,surprise
47,suorum.,neutral,0.7677617073059082,0.011748427525162697,0.7677617073059082,0.03406660258769989,0.06582082062959671,0.033757779747247696,0.015520245768129826,0.071324422955513,0.071324422955513,0.6964372843503952,disgust
47,Allorogici.,neutral,0.5277475714683533,0.055918943136930466,0.5277475714683533,0.08308915793895721,0.08945617079734802,0.06898830085992813,0.11194860935211182,0.062851183116436,0.11194860935211182,0.41579896211624146,fear
47,nomen.,neutral,0.6705964207649231,0.013869707472622395,0.6705964207649231,0.05639871954917908,0.03734603896737099,0.025385284796357155,0.041569001972675323,0.15483488142490387,0.15483488142490387,0.5157615393400192,disgust
47,legere.,disgust,0.6247549057006836,0.008084874600172043,0.12883040308952332,0.059722092002630234,0.008592133410274982,0.02562502771615982,0.1443905085325241,0.6247549057006836,0.1443905085325241,0.4803643971681595,fear
47,quod.,neutral,0.8647899627685547,0.018345609307289124,0.8647899627685547,0.03234223276376724,0.05363760516047478,0.00776667520403862,0.006348215974867344,0.01676967553794384,0.05363760516047478,0.8111523576080799,surprise
47,si.,neutral,0.4077765643596649,0.01893553137779236,0.4077765643596649,0.34795665740966797,0.11904198676347733,0.015136477537453175,0.04955087974667549,0.04160190373659134,0.34795665740966797,0.05981990694999695,sadness
47,hae.,neutral,0.3100834786891937,0.156982421875,0.3100834786891937,0.10434470325708389,0.18789562582969666,0.06168108060956001,0.015690792351961136,0.16332189738750458,0.18789562582969666,0.12218785285949707,surprise
47,ita.,neutral,0.8529184460639954,0.008146854117512703,0.8529184460639954,0.02485569939017296,0.06493270397186279,0.01896284706890583,0.012367586605250835,0.01781587302684784,0.06493270397186279,0.7879857420921326,surprise
47,esse.,neutral,0.6305698752403259,0.026601888239383698,0.6305698752403259,0.16157326102256775,0.06018625199794769,0.04250641539692879,0.02386874333024025,0.054693542420864105,0.16157326102256775,0.4689966142177582,sadness
47,consenti.,neutral,0.7566506862640381,0.011593332514166832,0.7566506862640381,0.058707594871520996,0.02165212668478489,0.04212941229343414,0.014001038856804371,0.09526584297418594,0.09526584297418594,0.6613848432898521,disgust
47,is.,neutral,0.7564846873283386,0.008457235991954803,0.7564846873283386,0.07829142361879349,0.13881604373455048,0.0064650168642401695,0.0034699919633567333,0.00801563449203968,0.13881604373455048,0.6176686435937881,surprise
47,quid.,neutral,0.8675705194473267,0.010155552066862583,0.8675705194473267,0.03039928898215294,0.061203669756650925,0.008205144666135311,0.006690333131700754,0.015775498002767563,0.061203669756650925,0.8063668496906757,surprise
47,ultra.,disgust,0.4616188406944275,0.0022492753341794014,0.09296081960201263,0.007539670914411545,0.02532193437218666,0.39202719926834106,0.018282251432538033,0.4616188406944275,0.39202719926834106,0.06959164142608643,anger
47,desideratis.,neutral,0.8673742413520813,0.011595253832638264,0.8673742413520813,0.021988660097122192,0.036167364567518234,0.02153025008738041,0.0051391818560659885,0.03620505705475807,0.03620505705475807,0.8311691842973232,disgust
47,quam.,neutral,0.7768208384513855,0.027860302478075027,0.7768208384513855,0.03959233686327934,0.1441318839788437,0.005291426554322243,0.003678220324218273,0.002625066554173827,0.1441318839788437,0.6326889544725418,surprise
47,ut.,neutral,0.3931296765804291,0.013342808932065964,0.3931296765804291,0.1450391560792923,0.03222516551613808,0.10492242872714996,0.04776662215590477,0.2635740637779236,0.2635740637779236,0.1295556128025055,disgust
47,vobis.,neutral,0.8409686088562012,0.022607745602726936,0.8409686088562012,0.035943157970905304,0.07288063317537308,0.0073314146138727665,0.006801144685596228,0.013467212207615376,0.07288063317537308,0.7680879756808281,surprise
47,digito.,neutral,0.8966483473777771,0.00954432599246502,0.8966483473777771,0.019469475373625755,0.032677534967660904,0.00861093495041132,0.005209717899560928,0.02783966064453125,0.032677534967660904,0.8639708124101162,surprise
47,demonstrem.,disgust,0.37304314970970154,0.02753850258886814,0.22867119312286377,0.09957483410835266,0.03279874846339226,0.16331352293491364,0.07506008446216583,0.37304314970970154,0.22867119312286377,0.14437195658683777,neutral
47,solum.,neutral,0.7652884125709534,0.02365724742412567,0.7652884125709534,0.07008707523345947,0.03312796726822853,0.02647468075156212,0.0310895387083292,0.050275083631277084,0.07008707523345947,0.6952013373374939,sadness
47,ipsum.,neutral,0.6952788829803467,0.023894431069493294,0.6952788829803467,0.05217626318335533,0.10982386767864227,0.023121852427721024,0.015450953505933285,0.0802537053823471,0.10982386767864227,0.5854550153017044,surprise
47,ultra.,disgust,0.4616188406944275,0.0022492753341794014,0.09296081960201263,0.007539670914411545,0.02532193437218666,0.39202719926834106,0.018282251432538033,0.4616188406944275,0.39202719926834106,0.06959164142608643,anger
47,sines.,sadness,0.8113755583763123,0.03212404251098633,0.09635056555271149,0.8113755583763123,0.0503777451813221,0.0014883624389767647,0.0012884013121947646,0.0069953748025000095,0.09635056555271149,0.7150249928236008,neutral
47,provinciae.,neutral,0.6348568797111511,0.014363747090101242,0.6348568797111511,0.0415731817483902,0.028345987200737,0.08169682323932648,0.022335104644298553,0.1768282949924469,0.1768282949924469,0.4580285847187042,disgust
47,Narbonensis jam.,neutral,0.8454129099845886,0.043325699865818024,0.8454129099845886,0.029002172872424126,0.01476094126701355,0.007108941208571196,0.008655095472931862,0.051734261214733124,0.051734261214733124,0.7936786487698555,disgust
47,vobis.,neutral,0.8409686088562012,0.022607745602726936,0.8409686088562012,0.035943157970905304,0.07288063317537308,0.0073314146138727665,0.006801144685596228,0.013467212207615376,0.07288063317537308,0.7680879756808281,surprise
47,senatores.,neutral,0.8456440567970276,0.011181764304637909,0.8456440567970276,0.055782150477170944,0.030566738918423653,0.013656257651746273,0.009635419584810734,0.033533647656440735,0.055782150477170944,0.7898619063198566,sadness
47,mittere.,neutral,0.5344338417053223,0.011747938580811024,0.5344338417053223,0.05920574441552162,0.044243648648262024,0.06819770485162735,0.04370676726102829,0.2384643405675888,0.2384643405675888,0.29596950113773346,disgust
47,quando.,neutral,0.8642985820770264,0.010124766267836094,0.8642985820770264,0.02116331271827221,0.07488448917865753,0.01159570924937725,0.009331868961453438,0.008601320907473564,0.07488448917865753,0.7894140928983688,surprise
47,ex.,neutral,0.8693745136260986,0.005446196999400854,0.8693745136260986,0.04719370976090431,0.025227298960089684,0.010625403374433517,0.007722774054855108,0.03441004827618599,0.04719370976090431,0.8221808038651943,sadness
47,Lugduno.,neutral,0.7658714056015015,0.026242492720484734,0.7658714056015015,0.05249766632914543,0.03600810840725899,0.0250801220536232,0.024320797994732857,0.06997936218976974,0.06997936218976974,0.6958920434117317,disgust
47,habere.,neutral,0.46673163771629333,0.01921439729630947,0.46673163771629333,0.08149604499340057,0.021835502237081528,0.04734908044338226,0.02970162220299244,0.3336716890335083,0.3336716890335083,0.13305994868278503,disgust
47,nos.,neutral,0.48089200258255005,0.005572430789470673,0.48089200258255005,0.1126864030957222,0.01402435451745987,0.0192155372351408,0.06437443196773529,0.30323490500450134,0.30323490500450134,0.1776570975780487,disgust
47,nostri.,neutral,0.7256699204444885,0.02644992433488369,0.7256699204444885,0.07718680053949356,0.1075412929058075,0.0185561403632164,0.01983509585261345,0.024760859087109566,0.1075412929058075,0.618128627538681,surprise
47,ordinis.,neutral,0.7968985438346863,0.017144784331321716,0.7968985438346863,0.055861007422208786,0.06640443950891495,0.021603938192129135,0.011182774789631367,0.030904531478881836,0.06640443950891495,0.7304941043257713,surprise
47,viros.,neutral,0.8819246292114258,0.006955389399081469,0.8819246292114258,0.037319619208574295,0.05183335021138191,0.007032385561615229,0.004768346436321735,0.010166273452341557,0.05183335021138191,0.8300912790000439,surprise
47,non.,neutral,0.63803631067276,0.021721251308918,0.63803631067276,0.09490966796875,0.019698962569236755,0.045237939804792404,0.02458467334508896,0.1558111608028412,0.1558111608028412,0.4822251498699188,disgust
47,poenitet.,neutral,0.8456418514251709,0.011229653842747211,0.8456418514251709,0.03412410616874695,0.028775224462151527,0.03114091232419014,0.011815267615020275,0.03727295994758606,0.03727295994758606,0.8083688914775848,disgust
47,timide.,neutral,0.8811177015304565,0.026893658563494682,0.8811177015304565,0.035318005830049515,0.03760863468050957,0.005303041078150272,0.005069809965789318,0.00868914369493723,0.03760863468050957,0.843509066849947,surprise
47,quidim.,neutral,0.8009427785873413,0.017557021230459213,0.8009427785873413,0.019618777558207512,0.11844131350517273,0.012894468382000923,0.01657588593661785,0.013969681225717068,0.11844131350517273,0.6825014650821686,surprise
47,p. c. egressus.,neutral,0.8747596144676208,0.00882366020232439,0.8747596144676208,0.029675152152776718,0.030949492007493973,0.009167375974357128,0.023720432072877884,0.022904304787516594,0.030949492007493973,0.8438101224601269,surprise
47,adsuetos.,neutral,0.7429420948028564,0.013137045316398144,0.7429420948028564,0.09647136926651001,0.05780230835080147,0.024361563846468925,0.017474088817834854,0.04781149700284004,0.09647136926651001,0.6464707255363464,sadness
47,familiaresque.,neutral,0.8249117136001587,0.031981904059648514,0.8249117136001587,0.06209971383213997,0.04880793020129204,0.010636361315846443,0.007439010310918093,0.014123331755399704,0.06209971383213997,0.7628119997680187,sadness
47,vobis.,neutral,0.8409686088562012,0.022607745602726936,0.8409686088562012,0.035943157970905304,0.07288063317537308,0.0073314146138727665,0.006801144685596228,0.013467212207615376,0.07288063317537308,0.7680879756808281,surprise
47,"provinciarum, terminos.",neutral,0.8534101843833923,0.014581244438886642,0.8534101843833923,0.023215387016534805,0.01884918473660946,0.017304841428995132,0.021472536027431488,0.05116668716073036,0.05116668716073036,0.802243497222662,disgust
47,sum.,neutral,0.6665931344032288,0.01597481220960617,0.6665931344032288,0.12027071416378021,0.017808126285672188,0.05731838941574097,0.008313626050949097,0.11372117698192596,0.12027071416378021,0.5463224202394485,sadness
47,sed.,neutral,0.8177875876426697,0.009733887389302254,0.8177875876426697,0.077764593064785,0.007441127672791481,0.022815125063061714,0.0032886380795389414,0.06116904690861702,0.077764593064785,0.7400229945778847,sadness
47,destricte jam comatae.,neutral,0.453091025352478,0.37207284569740295,0.453091025352478,0.06489621847867966,0.0721224769949913,0.011579526588320732,0.010649807751178741,0.01558807771652937,0.37207284569740295,0.08101817965507507,joy
47,Galliae.,neutral,0.4133531451225281,0.016312459483742714,0.4133531451225281,0.0315517894923687,0.020468056201934814,0.06367138773202896,0.043513521552085876,0.41112956404685974,0.41112956404685974,0.002223581075668335,disgust
47,causa.,neutral,0.858718752861023,0.010525627061724663,0.858718752861023,0.062243979424238205,0.04701166972517967,0.008515804074704647,0.0071359132416546345,0.005848211701959372,0.062243979424238205,0.7964747734367847,sadness
47,agenda.,neutral,0.9304644465446472,0.006128398701548576,0.9304644465446472,0.013687772676348686,0.016600187867879868,0.014183714054524899,0.0053031789138913155,0.013632327318191528,0.016600187867879868,0.9138642586767673,surprise
47,est.,neutral,0.6752875447273254,0.017180010676383972,0.6752875447273254,0.05434311181306839,0.10611524432897568,0.03715856000781059,0.01701006479561329,0.09290549904108047,0.10611524432897568,0.5691723003983498,surprise
47,in.,neutral,0.755123496055603,0.021727420389652252,0.755123496055603,0.11924805492162704,0.07193557918071747,0.01352784875780344,0.007726904936134815,0.010710693895816803,0.11924805492162704,0.635875441133976,sadness
47,qua.,neutral,0.5521380305290222,0.022817453369498253,0.5521380305290222,0.0740748718380928,0.04212263226509094,0.12068487703800201,0.0610094778239727,0.127152681350708,0.127152681350708,0.4249853491783142,disgust
47,si.,neutral,0.4077765643596649,0.01893553137779236,0.4077765643596649,0.34795665740966797,0.11904198676347733,0.015136477537453175,0.04955087974667549,0.04160190373659134,0.34795665740966797,0.05981990694999695,sadness
47,quis.,neutral,0.7426825165748596,0.04531823843717575,0.7426825165748596,0.07042361050844193,0.10550833493471146,0.011785656213760376,0.009068132378160954,0.015213443897664547,0.10550833493471146,0.6371741816401482,surprise
47,hoc.,neutral,0.8988348245620728,0.018147051334381104,0.8988348245620728,0.03096531145274639,0.01562504470348358,0.010490299202501774,0.004313935525715351,0.021623440086841583,0.03096531145274639,0.8678695131093264,sadness
47,intuetur.,neutral,0.7864872217178345,0.005270675756037235,0.7864872217178345,0.04811282828450203,0.0622234046459198,0.03123716451227665,0.02316061221063137,0.043508026748895645,0.0622234046459198,0.7242638170719147,surprise
47,quod.,neutral,0.8647899627685547,0.018345609307289124,0.8647899627685547,0.03234223276376724,0.05363760516047478,0.00776667520403862,0.006348215974867344,0.01676967553794384,0.05363760516047478,0.8111523576080799,surprise
47,bello.,neutral,0.8468236327171326,0.02750249207019806,0.8468236327171326,0.06241023167967796,0.04249262809753418,0.005914527457207441,0.0071997917257249355,0.00765659986063838,0.06241023167967796,0.7844134010374546,sadness
47,per.,neutral,0.7240326404571533,0.009799926541745663,0.7240326404571533,0.10020480304956436,0.09333097189664841,0.03661858290433884,0.00817042961716652,0.02784271165728569,0.10020480304956436,0.623827837407589,sadness
47,decem.,neutral,0.7663761973381042,0.04012446105480194,0.7663761973381042,0.06523691862821579,0.05701766908168793,0.021623730659484863,0.02317720465362072,0.026443766430020332,0.06523691862821579,0.7011392787098885,sadness
47,annos.,neutral,0.6516819596290588,0.02305596135556698,0.6516819596290588,0.14787638187408447,0.14322729408740997,0.010324263013899326,0.008774626068770885,0.015059496276080608,0.14787638187408447,0.5038055777549744,sadness
47,exercuerunt.,neutral,0.7992876768112183,0.009725859388709068,0.7992876768112183,0.04957880452275276,0.04618096724152565,0.03645361214876175,0.01205410249531269,0.046718962490558624,0.04957880452275276,0.7497088722884655,sadness
47,divom.,neutral,0.8616580963134766,0.014430764131247997,0.8616580963134766,0.02935430407524109,0.06316053122282028,0.008795417845249176,0.005071545951068401,0.017529267817735672,0.06316053122282028,0.7984975650906563,surprise
47,julium.,neutral,0.8100032210350037,0.028042642399668694,0.8100032210350037,0.05532267689704895,0.0461948961019516,0.01921396516263485,0.014800897799432278,0.026421669870615005,0.05532267689704895,0.7546805441379547,sadness
47,idem opponat.,neutral,0.43092095851898193,0.0193166546523571,0.43092095851898193,0.061357852071523666,0.019846798852086067,0.08466391265392303,0.01991078443825245,0.3639831244945526,0.3639831244945526,0.06693783402442932,disgust
47,centum.,neutral,0.5840464234352112,0.02107139118015766,0.5840464234352112,0.07787074893712997,0.08008575439453125,0.050623442977666855,0.032516371458768845,0.1537858098745346,0.1537858098745346,0.4302606135606766,disgust
47,annorum.,neutral,0.5909432768821716,0.02220342308282852,0.5909432768821716,0.06899897754192352,0.1557539701461792,0.048618853092193604,0.03426942601799965,0.07921208441257477,0.1557539701461792,0.43518930673599243,surprise
47,immobilem.,neutral,0.7123067378997803,0.021173059940338135,0.7123067378997803,0.07263846695423126,0.15587547421455383,0.014841215685009956,0.013699288479983807,0.009465782903134823,0.15587547421455383,0.5564312636852264,surprise
47,fidem.,neutral,0.8122348189353943,0.017323609441518784,0.8122348189353943,0.054099343717098236,0.03370920568704605,0.020192688331007957,0.0116780586540699,0.05076222866773605,0.054099343717098236,0.758135475218296,sadness
47,obsequiumque.,neutral,0.6837618350982666,0.039372701197862625,0.6837618350982666,0.06876499950885773,0.06489930301904678,0.04109993204474449,0.03028038889169693,0.07182087749242783,0.07182087749242783,0.6119409576058388,disgust
47,multis.,neutral,0.8787506222724915,0.011465474963188171,0.8787506222724915,0.032552774995565414,0.05898067727684975,0.005994095467031002,0.0037811677902936935,0.0084752282127738,0.05898067727684975,0.8197699449956417,surprise
47,tripidis.,neutral,0.7963833212852478,0.017760034650564194,0.7963833212852478,0.038892582058906555,0.04750707745552063,0.01665022410452366,0.01738070510327816,0.06542616337537766,0.06542616337537766,0.7309571579098701,disgust
47,rebus.,neutral,0.9160556197166443,0.007077561225742102,0.9160556197166443,0.024597661569714546,0.03746626526117325,0.004165246617048979,0.0028409119695425034,0.007796845864504576,0.03746626526117325,0.878589354455471,surprise
47,nostris plusquam.,neutral,0.8535090684890747,0.056213583797216415,0.8535090684890747,0.031050385907292366,0.05242025479674339,0.0035080090165138245,0.0015769886085763574,0.001721693086437881,0.056213583797216415,0.7972954846918583,joy
47,expertum.,neutral,0.6918583512306213,0.014328423887491226,0.6918583512306213,0.07226517051458359,0.05143190547823906,0.018340105190873146,0.06541933119297028,0.08635667711496353,0.08635667711496353,0.6055016741156578,disgust
47,illi.,neutral,0.6682087182998657,0.016848500818014145,0.6682087182998657,0.03666600584983826,0.06511890143156052,0.06666266173124313,0.06492955982685089,0.08156569302082062,0.08156569302082062,0.5866430252790451,disgust
47,patri.,neutral,0.8186203241348267,0.01956731267273426,0.8186203241348267,0.04981198161840439,0.09320086240768433,0.0059244888834655285,0.005469856318086386,0.0074051241390407085,0.09320086240768433,0.7254194617271423,surprise
47,meo.,neutral,0.8541560769081116,0.027762359008193016,0.8541560769081116,0.03376476839184761,0.05237710475921631,0.009528748691082,0.008039970882236958,0.01437103096395731,0.05237710475921631,0.8017789721488953,surprise
47,Druso.,neutral,0.8804322481155396,0.008868709206581116,0.8804322481155396,0.018854541704058647,0.050143465399742126,0.007874629460275173,0.008376702666282654,0.02544967457652092,0.050143465399742126,0.8302887827157974,surprise
47,Germaniam.,neutral,0.8525540232658386,0.010516989044845104,0.8525540232658386,0.02685585804283619,0.02267528511583805,0.015127863734960556,0.013767601922154427,0.05850235000252724,0.05850235000252724,0.7940516732633114,disgust
47,subigenti.,neutral,0.6230834722518921,0.01379176415503025,0.6230834722518921,0.049819208681583405,0.0318429172039032,0.05432426184415817,0.03928510844707489,0.18785323202610016,0.18785323202610016,0.43523024022579193,disgust
47,tutam.,neutral,0.9239732623100281,0.009490742348134518,0.9239732623100281,0.012643260881304741,0.027319902554154396,0.010320112109184265,0.0046229553408920765,0.011629831045866013,0.027319902554154396,0.8966533597558737,surprise
47,quiete.,sadness,0.603242814540863,0.009454702958464622,0.30648258328437805,0.603242814540863,0.010776602663099766,0.007020452059805393,0.026350077241659164,0.036672770977020264,0.30648258328437805,0.296760231256485,neutral
47,sua secaramque.,neutral,0.9164355993270874,0.011792035773396492,0.9164355993270874,0.012929822318255901,0.03170762211084366,0.012682543136179447,0.0033509882632642984,0.011101466603577137,0.03170762211084366,0.8847279772162437,surprise
47,a tergo pacem.,neutral,0.7207642793655396,0.02487565204501152,0.7207642793655396,0.07568176090717316,0.03888902813196182,0.04570910334587097,0.06088749319314957,0.033192697912454605,0.07568176090717316,0.6450825184583664,sadness
47,praestiterunt.,neutral,0.7776826024055481,0.0296818558126688,0.7776826024055481,0.05117755010724068,0.04318426921963692,0.04313548281788826,0.019259491935372353,0.03587861359119415,0.05117755010724068,0.7265050522983074,sadness
47,et.,neutral,0.6496826410293579,0.01658264920115471,0.6496826410293579,0.15286004543304443,0.024649543687701225,0.0343836173415184,0.022255737334489822,0.09958579391241074,0.15286004543304443,0.4968225955963135,sadness
47,quidem.,neutral,0.8603209853172302,0.008513080887496471,0.8603209853172302,0.03353939950466156,0.02888309396803379,0.01382629293948412,0.01485978253185749,0.04005737602710724,0.04005737602710724,0.820263609290123,disgust
47,cum.,neutral,0.900816798210144,0.0023778886534273624,0.900816798210144,0.025991972535848618,0.01119881309568882,0.015771018341183662,0.008309285156428814,0.035534195601940155,0.035534195601940155,0.8652826026082039,disgust
47,ad.,sadness,0.5235690474510193,0.008123054169118404,0.3796244263648987,0.5235690474510193,0.05115731060504913,0.007054978050291538,0.008732673712074757,0.021738523617386818,0.3796244263648987,0.1439446210861206,neutral
47,census.,neutral,0.7537865042686462,0.017466416582465172,0.7537865042686462,0.06054678186774254,0.05029045045375824,0.04441072791814804,0.02594226971268654,0.04755690321326256,0.06054678186774254,0.6932397224009037,sadness
47,novo.,neutral,0.8433570861816406,0.017084529623389244,0.8433570861816406,0.07910517603158951,0.02593122236430645,0.005740592256188393,0.012335444800555706,0.016446009278297424,0.07910517603158951,0.7642519101500511,sadness
47,tum.,disgust,0.66302090883255,0.003315192647278309,0.22214792668819427,0.021577250212430954,0.00454450910910964,0.07518074661493301,0.010213445872068405,0.66302090883255,0.22214792668819427,0.4408729821443558,neutral
47,opere.,neutral,0.48203831911087036,0.041462142020463943,0.48203831911087036,0.12458528578281403,0.18283189833164215,0.04346156865358353,0.049329377710819244,0.07629137486219406,0.18283189833164215,0.2992064207792282,surprise
47,et.,neutral,0.6496826410293579,0.01658264920115471,0.6496826410293579,0.15286004543304443,0.024649543687701225,0.0343836173415184,0.022255737334489822,0.09958579391241074,0.15286004543304443,0.4968225955963135,sadness
47,in.,neutral,0.755123496055603,0.021727420389652252,0.755123496055603,0.11924805492162704,0.07193557918071747,0.01352784875780344,0.007726904936134815,0.010710693895816803,0.11924805492162704,0.635875441133976,sadness
47,adsueto.,neutral,0.8476725220680237,0.015492429956793785,0.8476725220680237,0.0574110671877861,0.05157587677240372,0.009454728104174137,0.005649519618600607,0.012743870727717876,0.0574110671877861,0.7902614548802376,sadness
47,Galliis.,neutral,0.8000243306159973,0.058812838047742844,0.8000243306159973,0.03738914430141449,0.028451481834053993,0.01869046688079834,0.015699857845902443,0.04093184322118759,0.058812838047742844,0.7412114925682545,joy
47,ad.,sadness,0.5235690474510193,0.008123054169118404,0.3796244263648987,0.5235690474510193,0.05115731060504913,0.007054978050291538,0.008732673712074757,0.021738523617386818,0.3796244263648987,0.1439446210861206,neutral
47,bellum.,neutral,0.6275088787078857,0.03305571898818016,0.6275088787078857,0.15220405161380768,0.0680210143327713,0.02549637109041214,0.0381038524210453,0.055610157549381256,0.15220405161380768,0.47530482709407806,sadness
47,avocatus.,neutral,0.6910741329193115,0.03607994318008423,0.6910741329193115,0.06845693290233612,0.06887389719486237,0.045756254345178604,0.031845103949308395,0.05791379511356354,0.06887389719486237,0.6222002357244492,surprise
47,esset.,neutral,0.8293251991271973,0.011328528635203838,0.8293251991271973,0.061530835926532745,0.04482191801071167,0.009512295946478844,0.0065995496697723866,0.03688168153166771,0.061530835926532745,0.7677943632006645,sadness
47,quod.,neutral,0.8647899627685547,0.018345609307289124,0.8647899627685547,0.03234223276376724,0.05363760516047478,0.00776667520403862,0.006348215974867344,0.01676967553794384,0.05363760516047478,0.8111523576080799,surprise
47,opus.,disgust,0.48952898383140564,0.013851101510226727,0.3271618187427521,0.08078982681035995,0.041029851883649826,0.01516575738787651,0.03247256949543953,0.48952898383140564,0.3271618187427521,0.16236716508865356,neutral
47,quam.,neutral,0.7768208384513855,0.027860302478075027,0.7768208384513855,0.03959233686327934,0.1441318839788437,0.005291426554322243,0.003678220324218273,0.002625066554173827,0.1441318839788437,0.6326889544725418,surprise
47,arduum.,neutral,0.6907850503921509,0.015433944761753082,0.6907850503921509,0.0580134242773056,0.07927702367305756,0.04307529330253601,0.03283906728029251,0.08057625591754913,0.08057625591754913,0.6102087944746017,disgust
47,sit.,neutral,0.8243716359138489,0.009959978051483631,0.8243716359138489,0.06550092250108719,0.01617630012333393,0.023996502161026,0.014771241694688797,0.045223429799079895,0.06550092250108719,0.7588707134127617,sadness
47,nobis.,neutral,0.8163649439811707,0.015374056063592434,0.8163649439811707,0.061224959790706635,0.06220947951078415,0.006709678564220667,0.007605686318129301,0.030511220917105675,0.06220947951078415,0.7541554644703865,surprise
47,nunc.,neutral,0.8889936208724976,0.0042070564813911915,0.8889936208724976,0.038507599383592606,0.02181275561451912,0.007663873955607414,0.008929268456995487,0.0298857931047678,0.038507599383592606,0.850486021488905,sadness
47,cum.,neutral,0.900816798210144,0.0023778886534273624,0.900816798210144,0.025991972535848618,0.01119881309568882,0.015771018341183662,0.008309285156428814,0.035534195601940155,0.035534195601940155,0.8652826026082039,disgust
47,maxime.,neutral,0.8383553624153137,0.01040557213127613,0.8383553624153137,0.029776478186249733,0.10790587216615677,0.0064209941774606705,0.0025370409712195396,0.00459875026717782,0.10790587216615677,0.730449490249157,surprise
47,quamvis.,neutral,0.7863366007804871,0.04010660573840141,0.7863366007804871,0.061307720839977264,0.08247362822294235,0.011917985044419765,0.008518451824784279,0.009339138865470886,0.08247362822294235,0.7038629725575447,surprise
47,nihil.,disgust,0.5857044458389282,0.002472917316481471,0.061788808554410934,0.14467209577560425,0.0049763391725718975,0.15659169852733612,0.043793678283691406,0.5857044458389282,0.15659169852733612,0.4291127473115921,anger
47,ultra.,disgust,0.4616188406944275,0.0022492753341794014,0.09296081960201263,0.007539670914411545,0.02532193437218666,0.39202719926834106,0.018282251432538033,0.4616188406944275,0.39202719926834106,0.06959164142608643,anger
47,quam.,neutral,0.7768208384513855,0.027860302478075027,0.7768208384513855,0.03959233686327934,0.1441318839788437,0.005291426554322243,0.003678220324218273,0.002625066554173827,0.1441318839788437,0.6326889544725418,surprise
47,ut.,neutral,0.3931296765804291,0.013342808932065964,0.3931296765804291,0.1450391560792923,0.03222516551613808,0.10492242872714996,0.04776662215590477,0.2635740637779236,0.2635740637779236,0.1295556128025055,disgust
47,publice.,neutral,0.8548154830932617,0.0739332064986229,0.8548154830932617,0.029734890908002853,0.014118808321654797,0.00673090061172843,0.005929366685450077,0.014737349934875965,0.0739332064986229,0.7808822765946388,joy
47,notae.,neutral,0.5161699652671814,0.00628027506172657,0.5161699652671814,0.07029193639755249,0.022398509085178375,0.09183017909526825,0.012020142748951912,0.2810090482234955,0.2810090482234955,0.2351609170436859,disgust
47,sint.,neutral,0.8192164897918701,0.004751355387270451,0.8192164897918701,0.04062057286500931,0.11331498622894287,0.003645534161478281,0.0038843515794724226,0.014566722325980663,0.11331498622894287,0.7059015035629272,surprise
47,facultates.,disgust,0.6245663166046143,0.005722030997276306,0.2626766562461853,0.011332345195114613,0.0064166756346821785,0.07636477798223495,0.012921210378408432,0.6245663166046143,0.2626766562461853,0.36188966035842896,neutral
47,nostrae.,neutral,0.6956409811973572,0.022794662043452263,0.6956409811973572,0.07251474261283875,0.07896982133388519,0.0382843092083931,0.0287319328635931,0.06306355446577072,0.07896982133388519,0.616671159863472,surprise
47,exquiratur.,neutral,0.8359678387641907,0.01053149439394474,0.8359678387641907,0.028974711894989014,0.033762361854314804,0.022007033228874207,0.014261252246797085,0.054495301097631454,0.054495301097631454,0.7814725376665592,disgust
47,nimis.,neutral,0.7472246289253235,0.01606372371315956,0.7472246289253235,0.0651429295539856,0.11554338037967682,0.009354681707918644,0.016708526760339737,0.029962120577692986,0.11554338037967682,0.6316812485456467,surprise
47,magne.,neutral,0.6808412671089172,0.04528028145432472,0.6808412671089172,0.18940548598766327,0.044156089425086975,0.012219466269016266,0.007094717584550381,0.021002640947699547,0.18940548598766327,0.49143578112125397,sadness
47,experimento.,neutral,0.7675383687019348,0.02204683981835842,0.7675383687019348,0.02945871278643608,0.09508674591779709,0.015252040699124336,0.03426668047904968,0.036350712180137634,0.09508674591779709,0.6724516227841377,surprise
47,cognoscimus.,neutral,0.8201196789741516,0.01872481405735016,0.8201196789741516,0.042409732937812805,0.0404367558658123,0.02593798004090786,0.01988355442881584,0.032487425953149796,0.042409732937812805,0.7777099460363388,sadness
47,"I WAS also shewed without the gate of St Justinus, some remains of a Roman aqueduct; and behind the monastery of St Mary, there are the ruins of the imperial palace, where the emperor Claudius was born, and where Severus lived.",disgust,0.5546545386314392,0.0027758299838751554,0.2601378262042999,0.03592274710536003,0.10436821728944778,0.019650889560580254,0.022490045055747032,0.5546545386314392,0.2601378262042999,0.2945167124271393,neutral
47,"The great cathedral of St John is a good Gothic building, and its clock much admired by the Germans.",joy,0.8366361856460571,0.8366361856460571,0.09625720977783203,0.010639308020472527,0.009166174568235874,0.0046090902760624886,0.008145725354552269,0.034546323120594025,0.09625720977783203,0.7403789758682251,neutral
47,"In one of the most conspicuous parts of the town, is the late king's statue set up, trampling upon mankind.",disgust,0.9619067311286926,0.0004273017111700028,0.015210180543363094,0.0030129756778478622,0.002805789466947317,0.011942786164581776,0.004694206640124321,0.9619067311286926,0.015210180543363094,0.9466965505853295,neutral
47,"I cannot forbear saying one word here, of the French statues (for I never intend to mention any more of them) with their gilded full-bottomed wigs.",disgust,0.5994371175765991,0.010965941473841667,0.3443044126033783,0.011920052580535412,0.0064953952096402645,0.021649960428476334,0.0052271513268351555,0.5994371175765991,0.3443044126033783,0.2551327049732208,neutral
47,"If their king had intended to express, in one image, _ignorance, ill taste_, and _vanity_, his sculptors could have made no other figure, so proper for that purpose, as this statue, which represents the odd mixture of an old beau, who had a mind to be a hero, with a bushel of curled hair on his head, and a gilt truncheon in his hand.--The French have been so voluminous on the history of this town, I need say nothing of it.",disgust,0.6992092132568359,0.006549406331032515,0.21994400024414062,0.028366170823574066,0.020942585542798042,0.017736827954649925,0.007251705974340439,0.6992092132568359,0.21994400024414062,0.4792652130126953,neutral
47,"The houses are tolerably well built, and the Belle Cour well planted, from whence is seen the celebrated joining of the Soane and Rhone.",joy,0.8306335210800171,0.8306335210800171,0.13767902553081512,0.004362786188721657,0.004809738602489233,0.007138240151107311,0.0008258347515948117,0.014550854451954365,0.13767902553081512,0.692954495549202,neutral
47,"_""Ubi Rhodanus ingens amne praerapido fluit ""Ararque dubitans quo suos fluctus agat.",neutral,0.7197898030281067,0.04808350279927254,0.7197898030281067,0.03717772662639618,0.09323587268590927,0.037568747997283936,0.042688194662332535,0.021456193178892136,0.09323587268590927,0.6265539303421974,surprise
47,"""_ I have had time to see every thing with great leisure, having been confined several days to this town by a swelling in my throat, the remains of a fever, occasioned by a cold I got in the damps of the Alps.",neutral,0.37766972184181213,0.021600721403956413,0.37766972184181213,0.15542900562286377,0.039416417479515076,0.04153819382190704,0.1420821249485016,0.22226381301879883,0.22226381301879883,0.1554059088230133,disgust
47,"The doctors here threaten me with all sorts of distempers, if I dare to leave them; but I, that know the obstinacy of it, think it just as possible to continue my way to Paris, with it, as to go about the streets of Lyons; and am determined to pursue my journey to-morrow, in spite of doctors, apothecaries, and sore throats.",fear,0.9509042501449585,0.00809915829449892,0.004586956463754177,0.0037265599239617586,0.0005983381415717304,0.029785744845867157,0.9509042501449585,0.0022990547586232424,0.029785744845867157,0.9211185052990913,anger
47,"WHEN you see Lady R----, tell her I have received her letter, and will answer it from Paris, believing that the place that she would most willingly hear of.",neutral,0.8086099624633789,0.10665492713451385,0.8086099624633789,0.0070260814391076565,0.0182336512953043,0.036786291748285294,0.005193804856389761,0.017495285719633102,0.10665492713451385,0.701955035328865,joy
47,"I am, &c. &c:",neutral,0.48243528604507446,0.09575045108795166,0.48243528604507446,0.25125208497047424,0.1550735980272293,0.006371255498379469,0.005428571254014969,0.0036886942107230425,0.25125208497047424,0.23118320107460022,sadness
48,"I CANNOT give my dear Lady R---- a better proof of the pleasure I have in writing to her, than chusing to do it in this seat of various amusements, where I am _accableed_ with visits, and those so full of vivacity and compliments, that 'tis full employment enough to hearken, whether one answers or not.",joy,0.7532899975776672,0.7532899975776672,0.17401155829429626,0.022278521209955215,0.017686059698462486,0.01944950595498085,0.0012167516397312284,0.012067608535289764,0.17401155829429626,0.579278439283371,neutral
48,"The French ambassadress at Constantinople has a very considerable and numerous family here, who all come to see me, and are never weary of making inquiries.",neutral,0.6770768165588379,0.08022753894329071,0.6770768165588379,0.14506718516349792,0.010995041579008102,0.033045072108507156,0.011797954328358173,0.0417904406785965,0.14506718516349792,0.53200963139534,sadness
48,"The air of Paris has already had a good effect on me; for I was never in better health, though I have been extremely ill all the road from Lyons to this place.",neutral,0.32262301445007324,0.02982286363840103,0.32262301445007324,0.2811912000179291,0.017277799546718597,0.009049227461218834,0.20928646624088287,0.13074949383735657,0.2811912000179291,0.041431814432144165,sadness
48,You may judge how agreeable the journey has been to me; which did not want that addition to make me dislike it.,neutral,0.5359414219856262,0.09937058389186859,0.5359414219856262,0.040188267827034,0.011186288669705391,0.08934320509433746,0.002399406861513853,0.22157077491283417,0.22157077491283417,0.31437064707279205,disgust
48,"I think nothing so terrible as objects of misery, except one had the God-like attribute of being capable to redress them; and all the country villages of France shew nothing else.",disgust,0.5392175316810608,0.002563321962952614,0.02722283825278282,0.03804754093289375,0.00674281595274806,0.0221661776304245,0.3640397787094116,0.5392175316810608,0.3640397787094116,0.17517775297164917,fear
48,"While the post horses are changed, the whole town comes out to beg, with such miserable starved faces, and thin tattered cloths, they need no other eloquence, to persuade one of the wretchedness of their condition.",sadness,0.7712010145187378,0.003996289800852537,0.06983162462711334,0.7712010145187378,0.003370419843122363,0.005325380712747574,0.014194636605679989,0.13208065927028656,0.13208065927028656,0.6391203552484512,disgust
48,"This is all the French magnificence, till you come to Fountainbleau, when you are shewed one thousand five hundred rooms in the king's hunting palace.",disgust,0.6330379247665405,0.01158931478857994,0.2821691036224365,0.0034398704301565886,0.017925329506397247,0.0482260026037693,0.003612462431192398,0.6330379247665405,0.2821691036224365,0.350868821144104,neutral
48,"The apartments of the royal family are very large, and richly gilt; but I saw nothing in the architecture or painting worth remembering.",neutral,0.5703377723693848,0.014714853838086128,0.5703377723693848,0.03049146942794323,0.15433602035045624,0.013329153880476952,0.007426354568451643,0.2093643695116043,0.2093643695116043,0.36097340285778046,disgust
48,"The long gallery, built by Henry IV.",surprise,0.3750440180301666,0.16204077005386353,0.2648938298225403,0.012896914966404438,0.3750440180301666,0.02277926355600357,0.041521426290273666,0.12082375586032867,0.2648938298225403,0.11015018820762634,neutral
48,has prospects of all the king's houses.,neutral,0.8435491323471069,0.01919812709093094,0.8435491323471069,0.0316026397049427,0.08629752695560455,0.008472428657114506,0.007873066700994968,0.0030069926287978888,0.08629752695560455,0.7572516053915024,surprise
48,"Its walls are designed after the taste of those times, but appear now very mean.",disgust,0.8296026587486267,0.0009040907025337219,0.08854079991579056,0.036225706338882446,0.005266859196126461,0.03484369069337845,0.004616138990968466,0.8296026587486267,0.08854079991579056,0.7410618588328362,neutral
48,"The park is, indeed, finely wooded and watered, the trees well grown and planted, and in the fish-ponds are kept tame carp, said to be, some of them, eighty years of age.",neutral,0.8301997184753418,0.05727364867925644,0.8301997184753418,0.007685776799917221,0.01495237648487091,0.009358256123960018,0.001410511671565473,0.07911963760852814,0.07911963760852814,0.7510800808668137,disgust
48,"The late king passed some months every year at this seat; and all the rocks round it, by the pious sentences inscribed on them, shew the devotion in fashion at his court, which I believe died with him; at least, I see no exterior marks of it at Paris, where all peoples thoughts seem to be on present diversion.",neutral,0.7556217908859253,0.020047998055815697,0.7556217908859253,0.05831066891551018,0.028879767283797264,0.012337562628090382,0.006816198118031025,0.11798587441444397,0.11798587441444397,0.6376359164714813,disgust
48,THE fair of St Lawrence is now in season.,neutral,0.7068762183189392,0.1525753289461136,0.7068762183189392,0.006652539595961571,0.10688278824090958,0.014021876268088818,0.008653933182358742,0.004337314050644636,0.1525753289461136,0.5543008893728256,joy
48,"You may be sure I have been carried thither, and think it much better disposed than ours of Bartholomew.",neutral,0.8764166831970215,0.04427194967865944,0.8764166831970215,0.013951480388641357,0.02793092466890812,0.008461645804345608,0.0027200020849704742,0.0262474212795496,0.04427194967865944,0.832144733518362,joy
48,"The shops being all set in rows so regularly and well lighted, they made up a very agreeable spectacle.",neutral,0.46375447511672974,0.41972699761390686,0.46375447511672974,0.009637751616537571,0.0077799465507268906,0.010071687400341034,0.0015264671528711915,0.08750268071889877,0.41972699761390686,0.044027477502822876,joy
48,"But I was not at all satisfied with the _grossierte_ of their harlequin, no more than with their music at the opera, which was abominably grating, after being used to that of Italy.",disgust,0.9444969296455383,0.003747596638277173,0.012418072670698166,0.015362083911895752,0.0006326739094220102,0.021831048652529716,0.001511524897068739,0.9444969296455383,0.021831048652529716,0.9226658809930086,anger
48,"Their house is a booth, compared to that of the Hay-market, and the play-house not so neat as that of Lincoln's-Inn-fields; but then it must be owned, to their praise, their tragedians are much beyond any of ours.",neutral,0.4385679364204407,0.017518699169158936,0.4385679364204407,0.035461630672216415,0.40730735659599304,0.016292709857225418,0.00505931256338954,0.07979238778352737,0.40730735659599304,0.03126057982444763,surprise
48,I should hardly allow Mrs O----d a better place than to be confidante to La ----.,disgust,0.5685606598854065,0.01756170392036438,0.2985858917236328,0.04692107439041138,0.002748474944382906,0.05809099227190018,0.007531274575740099,0.5685606598854065,0.2985858917236328,0.2699747681617737,neutral
48,"I have seen the tragedy of Bajazet so well represented, that I think our best actors can be only said to  speak, but these to feel; and 'tis certainly infinitely more moving to see a man appear unhappy, than to hear him say that he is so, with a jolly face, and a stupid smirk in his countenance.--_A propos_ of countenances, I must tell you something of the French ladies; I have seen all the beauties, and such--(I can't help making use of the coarse word) nauseous creatures!",joy,0.6359391808509827,0.6359391808509827,0.02411528304219246,0.30283212661743164,0.0047356141731143,0.00527504738420248,0.003206766676157713,0.023896051570773125,0.30283212661743164,0.333107054233551,sadness
48,so fantastically absurd in their dress!,surprise,0.8198286294937134,0.01525165606290102,0.010560412891209126,0.004484349861741066,0.8198286294937134,0.042699865996837616,0.04289747774600983,0.06427757441997528,0.06427757441997528,0.7555510550737381,disgust
48,so monstrously unnatural in their paints!,disgust,0.8470227718353271,0.0012068472569808364,0.010644678957760334,0.0056558456271886826,0.024633511900901794,0.044368430972099304,0.06646797060966492,0.8470227718353271,0.06646797060966492,0.7805548012256622,fear
48,"their hair cut short, and curled round their faces, and so loaded with powder, that it makes it look like white wool!",disgust,0.6219883561134338,0.007096199318766594,0.05787426605820656,0.02326216734945774,0.11251646280288696,0.16535843908786774,0.01190413348376751,0.6219883561134338,0.16535843908786774,0.4566299170255661,anger
48,"and on their cheeks to their chins, unmercifully laid on a shining red japan, that glistens in a most flaming manner, so that they seem to have no resemblance to human faces.",joy,0.8834224939346313,0.8834224939346313,0.06401889771223068,0.033980466425418854,0.004517402034252882,0.009513096883893013,0.0005193449323996902,0.004028359893709421,0.06401889771223068,0.8194035962224007,neutral
48,"I am apt to believe, that they took the first hint of their dress from a fair sheep newly ruddled.",neutral,0.657913863658905,0.015017681755125523,0.657913863658905,0.004356286022812128,0.016752539202570915,0.015168228186666965,0.012277305126190186,0.27851414680480957,0.27851414680480957,0.37939971685409546,disgust
48,"'Tis with pleasure I recollect my dear pretty country-women: and if I was writing to any body else, I should say, that these grotesque daubers give me still a higher esteem of the natural charms of dear Lady R----'s auburne (sic) hair, and the lively colours of her unsullied complexion.",disgust,0.9702885150909424,0.004368441179394722,0.006575444247573614,0.004869319964200258,0.0014787690015509725,0.004342925734817982,0.008076501078903675,0.9702885150909424,0.008076501078903675,0.9622120140120387,fear
48,"I am, &c. &c. _P.",neutral,0.6988255977630615,0.05527374520897865,0.6988255977630615,0.132799431681633,0.10181065648794174,0.004875351209193468,0.0031473729759454727,0.0032679252326488495,0.132799431681633,0.5660261660814285,sadness
48,"S._ I have met the Abbe here, who desires me to make his compliments to you.",neutral,0.7054410576820374,0.09853516519069672,0.7054410576820374,0.04404826834797859,0.037088144570589066,0.04557954519987106,0.00473341578617692,0.06457438319921494,0.09853516519069672,0.6069058924913406,joy
49,"YOU see I'm just to my word, in writing to you from Paris, where I was very much surprised to meet my sister; I need not add, very much pleased.",surprise,0.9809338450431824,0.006027127616107464,0.007188707124441862,0.0012649126583710313,0.9809338450431824,0.0028450775425881147,0.0010419703321531415,0.000698311603628099,0.007188707124441862,0.9737451379187405,neutral
49,"She as little expected to see me as I her (having not received my late letters); and this meeting would shine under the hand of de Seuderie; but I shall not imitate his style so far, as to tell you how often we embraced, how she inquired, by what odd chance I returned from Constantinople?",surprise,0.4657720625400543,0.026316411793231964,0.4114345908164978,0.012844202108681202,0.4657720625400543,0.01671178638935089,0.02555162087082863,0.04136931523680687,0.4114345908164978,0.05433747172355652,neutral
49,"And I answered her by asking, what adventure brought her to Paris?",neutral,0.6186127662658691,0.041890695691108704,0.6186127662658691,0.008101778104901314,0.2918259799480438,0.02606777846813202,0.007225539069622755,0.006275453604757786,0.2918259799480438,0.3267867863178253,surprise
49,"To shorten the story, all questions, and answers, and exclamations, and compliments being over, we agreed upon running about together, and have seen Versailles, Trianon, Marli, and St Cloud.",neutral,0.8730210661888123,0.07966446876525879,0.8730210661888123,0.01989981345832348,0.008314964361488819,0.005337090231478214,0.0012401947751641273,0.012522383593022823,0.07966446876525879,0.7933565974235535,joy
49,"We had an order for the water to play for our diversion, and I was followed thither by all the English at Paris.",fear,0.43736395239830017,0.0066650863736867905,0.2533005177974701,0.03959548473358154,0.0235037449747324,0.20517922937870026,0.43736395239830017,0.034392084926366806,0.2533005177974701,0.18406343460083008,neutral
49,"I own, Versailles appeared to me rather vast than beautiful; and after having seen the exact proportions of the Italian buildings, I thought the irregularity of it shocking.",surprise,0.8581734895706177,0.004352990537881851,0.0041863638907670975,0.00146468635648489,0.8581734895706177,0.0038677696138620377,0.12345588952302933,0.004498834256082773,0.12345588952302933,0.7347176000475883,fear
49,"THE king's cabinet of antiques and medals, is, indeed, very richly furnished.",neutral,0.5651417970657349,0.25023144483566284,0.5651417970657349,0.01376022957265377,0.11422792822122574,0.010664171539247036,0.0015416234964504838,0.044432852417230606,0.25023144483566284,0.314910352230072,joy
49,"Amongst that collection, none pleased so well, as the apotheosis of Germanicus, on a large agate, which is one of the most delicate pieces of the kind that I remember to have seen.",disgust,0.5495816469192505,0.04002732038497925,0.16993822157382965,0.08972582221031189,0.09934817999601364,0.03359226509928703,0.01778658665716648,0.5495816469192505,0.16993822157382965,0.37964342534542084,neutral
49,I observed some ancient statues of great value.,disgust,0.9226416349411011,0.015889830887317657,0.028186693787574768,0.005828286055475473,0.007294646464288235,0.014956090599298477,0.00520287686958909,0.9226416349411011,0.028186693787574768,0.8944549411535263,neutral
49,"But the nauseous flattery, and tawdry pencil of Le Brun, are equally disgusting in the gallery.",disgust,0.9896802306175232,0.0004293717793188989,0.0023873080499470234,0.0018307049758732319,0.0004926921101287007,0.0020947833545506,0.003084879834204912,0.9896802306175232,0.003084879834204912,0.9865953507833183,fear
49,"I will not pretend to describe to you the great apartment, the vast variety of fountains, the theatre, the grove of Esop's (sic) fables, &c. all which you may read very amply particularized in some of the French authors, that have been paid for these descriptions.",neutral,0.5948490500450134,0.2788638472557068,0.5948490500450134,0.024930370971560478,0.07432788610458374,0.010100005194544792,0.00424190191552043,0.012686905451118946,0.2788638472557068,0.31598520278930664,joy
49,"Trianon, in its littleness, pleased me better than Versailles; Marli, better than either of them; and St Cloud best of all; having the advantage of the Seine running at the bottom of the gardens, the great cascade, &c.  You may find information in the aforesaid books, if you have any curiosity to know the exact number of the statues, and how many feet they cast up the water.",joy,0.8978943228721619,0.8978943228721619,0.07612169533967972,0.006468221079558134,0.006214577704668045,0.005115354433655739,0.002454205183312297,0.00573159521445632,0.07612169533967972,0.8217726275324821,neutral
49,"WE saw the king's pictures in the magnificent house of the duke D'Antin, who has the care of preserving them till his majesty is of age.",neutral,0.7076740264892578,0.1051597073674202,0.7076740264892578,0.01945267803966999,0.10280188918113708,0.008247069083154202,0.0028692507185041904,0.053795430809259415,0.1051597073674202,0.6025143191218376,joy
49,There are not many but of the best hands.,neutral,0.9356347322463989,0.017375249415636063,0.9356347322463989,0.007114152889698744,0.030735298991203308,0.0034088860265910625,0.0016301231225952506,0.004101654049009085,0.030735298991203308,0.9048994332551956,surprise
49,"I looked, with great pleasure on the arch-angel of Raphael, where the sentiments of superior beings are as well expressed as in Milton.",joy,0.5770214200019836,0.5770214200019836,0.11940335482358932,0.00868295133113861,0.0043993741273880005,0.013993553817272186,0.0011006975546479225,0.2753986418247223,0.2753986418247223,0.30162277817726135,disgust
49,"You won't forgive me, if I say nothing of the Thuilleries (sic), much finer than our Mall; and the Cour, more agreeable than our Hyde-park, the high trees giving shade in the hottest season.",joy,0.44751638174057007,0.44751638174057007,0.3585585653781891,0.06445300579071045,0.02077481895685196,0.060986053198575974,0.0021593153942376375,0.045551855117082596,0.3585585653781891,0.08895781636238098,neutral
49,"At the Louvre, I had the opportunity of seeing the king, accompanied by the Duke regent.",disgust,0.5912871360778809,0.25981977581977844,0.03492525592446327,0.009898221120238304,0.018302571028470993,0.011185197159647942,0.07458189129829407,0.5912871360778809,0.25981977581977844,0.3314673602581024,joy
49,"He is tall, and well shaped but has not the air of holding the crown so many years as his grandfather.",neutral,0.8447173237800598,0.007976728491485119,0.8447173237800598,0.028001569211483,0.04478307440876961,0.005744833033531904,0.009756808169186115,0.059019722044467926,0.059019722044467926,0.7856976017355919,disgust
49,"And now I am speaking of the Court, I must say, I saw nothing in France that delighted me so much, as to see an Englishman (at least a Briton) absolute at Paris, I mean Mr Law, who treats their dukes and peers extremely _de haut en bas_, and is treated by them with the utmost submission and respect.--Poor souls!--This reflection on their abject slavery, puts me in mind of the _place des victoires_; but I will not take up your time, and my own, with such descriptions, which are too numerous.",disgust,0.5102713704109192,0.020176278427243233,0.06318190693855286,0.35624438524246216,0.01833225041627884,0.02457151748239994,0.007222314365208149,0.5102713704109192,0.35624438524246216,0.15402698516845703,sadness
49,"IN general, I think Paris has the advantage of London, in the neat pavement of the streets, and the regular lighting of them at nights, in the proportion of the streets, the houses being all built of stone, and most of those belonging to people of quality being beautified by gardens.",neutral,0.7372564077377319,0.1904705911874771,0.7372564077377319,0.008135139010846615,0.016840266063809395,0.008044837042689323,0.0011863260297104716,0.03806640952825546,0.1904705911874771,0.5467858165502548,joy
49,"But we certainly may boast of a town very near twice as large; and when I have said that, I know nothing else we surpass it in.",neutral,0.6679476499557495,0.008542226627469063,0.6679476499557495,0.007659605238586664,0.27484750747680664,0.012294765561819077,0.003935595508664846,0.024772685021162033,0.27484750747680664,0.39310014247894287,surprise
49,"I shall not continue here long; if you have any thing to command me during my short stay, write soon, and I shall take pleasure in obeying you.",joy,0.9274439215660095,0.9274439215660095,0.03881172463297844,0.008653875440359116,0.0011888514272868633,0.011607469990849495,0.0008755370508879423,0.011418643407523632,0.03881172463297844,0.8886321969330311,neutral
49,"I am, &c. &c.",neutral,0.5534117817878723,0.0904766172170639,0.5534117817878723,0.25651076436042786,0.08371268957853317,0.00516490638256073,0.0064614336006343365,0.004261855036020279,0.25651076436042786,0.29690101742744446,sadness
50,"I AM willing to take your word for it, that I shall really oblige you, by letting you know, as soon as possible, my safe passage over the water.",neutral,0.6385146975517273,0.17756468057632446,0.6385146975517273,0.02015426754951477,0.004868023097515106,0.09708671271800995,0.03742365539073944,0.024387957528233528,0.17756468057632446,0.46095001697540283,joy
50,"I arrived this morning at Dover, after being tossed a whole night in the packet-boat, in so violent a manner, that the master, considering the weakness of his vessel, thought it proper to remove the mail, and give us notice of the danger.",anger,0.6462764143943787,0.0013462627539411187,0.0018562149489298463,0.0033382251858711243,0.001575507689267397,0.6462764143943787,0.3018714189529419,0.04373596981167793,0.3018714189529419,0.34440499544143677,fear
50,"We called a little fishing boat, which could hardly make up to us; while all the people on board us were crying to Heaven.",sadness,0.3614139258861542,0.02304961532354355,0.3513871133327484,0.3614139258861542,0.11416163295507431,0.010781504213809967,0.05079568177461624,0.08841050416231155,0.3513871133327484,0.010026812553405762,neutral
50,"'Tis hard to imagine one's self in a scene of greater horror than on such an occasion: and yet, shall I own it to you?",fear,0.9881163835525513,0.0008860048837959766,0.003530239686369896,0.002590551506727934,0.0017919293604791164,0.0014125570887699723,0.9881163835525513,0.0016722907312214375,0.003530239686369896,0.9845861438661814,neutral
50,"though I was not at all willingly to be drowned, I could not forbear being entertained at the double distress of a fellow-passenger.",fear,0.7292324304580688,0.041449833661317825,0.013147268444299698,0.14566287398338318,0.0010599573142826557,0.007154418621212244,0.7292324304580688,0.062293317168951035,0.14566287398338318,0.5835695564746857,sadness
50,"She was an English lady that I had met at Calais, who desired me to let her go over with me in my cabin.",disgust,0.9404711723327637,0.0008670166716910899,0.005125553347170353,0.0028026194777339697,0.0012729204026982188,0.03516949340701103,0.014291253872215748,0.9404711723327637,0.03516949340701103,0.9053016789257526,anger
50,"She had bought a fine point-head, which she was contriving to conceal from the custom-house officers.",neutral,0.8677621483802795,0.004985049366950989,0.8677621483802795,0.011973312124609947,0.00835777074098587,0.03302580863237381,0.00583801232278347,0.06805798411369324,0.06805798411369324,0.7997041642665863,disgust
50,"When the wind grew high, and our little vessel cracked, she fell very heartily to her prayers, and thought wholly of her soul.",sadness,0.8309535384178162,0.0026684526819735765,0.01751873455941677,0.8309535384178162,0.006016548722982407,0.07074961811304092,0.0377587266266346,0.03433438017964363,0.07074961811304092,0.7602039203047752,anger
50,"When it seemed to abate, she returned to the worldly care of her head-dress, and addressed herself to me--_""Dear madam, will you take care of this point?",neutral,0.28663143515586853,0.010951492935419083,0.28663143515586853,0.23252590000629425,0.13509908318519592,0.16043923795223236,0.09729809314012527,0.07705474644899368,0.23252590000629425,0.05410553514957428,sadness
50,"if it should be ""lost!--Ah, Lord, we shall all be lost!--Lord have mercy on my ""soul!--Pray, madam, take care of this head-dress.",sadness,0.9190505146980286,0.003520665457472205,0.03470761328935623,0.9190505146980286,0.013110965490341187,0.009748084470629692,0.012236973270773888,0.007625145837664604,0.03470761328935623,0.8843429014086723,neutral
50,"""_  This easy transition from her soul to her head-dress, and the alternate agonies that both gave her, made it hard to determine which she thought of greatest value.",neutral,0.8327810764312744,0.056096915155649185,0.8327810764312744,0.015452235005795956,0.05329018458724022,0.012186179868876934,0.01351164747029543,0.01668182760477066,0.056096915155649185,0.7766841612756252,joy
50,"But, however, the scene was not so diverting, but I was glad to get rid of it, and be thrown into the little boat, though with some hazard of breaking my neck.",joy,0.9809874296188354,0.9809874296188354,0.004078538157045841,0.00738831190392375,0.0012566891964524984,0.00160310254432261,0.0020036555361002684,0.002682274440303445,0.00738831190392375,0.9735991177149117,sadness
50,It brought me safe hither; and I cannot help looking with partial eyes on my native land.,sadness,0.6776342988014221,0.19957146048545837,0.08946191519498825,0.6776342988014221,0.003831484355032444,0.003954849671572447,0.011837282218039036,0.013708674348890781,0.19957146048545837,0.47806283831596375,joy
50,"That partiality was certainly given us by nature, to prevent rambling, the effect of an ambitious thirst after knowledge, which we are not formed to enjoy.",neutral,0.8956647515296936,0.0058271209709346294,0.8956647515296936,0.020688248798251152,0.0045072706416249275,0.013553454540669918,0.003233155934140086,0.05652599781751633,0.05652599781751633,0.8391387537121773,disgust
50,"All we get by it, is a fruitless desire of mixing the different pleasures and conveniencies which are given to the different parts of the world, and cannot meet in any one of them.",neutral,0.8031497001647949,0.011915239505469799,0.8031497001647949,0.0375312976539135,0.008381428197026253,0.04791228100657463,0.002185631776228547,0.08892439305782318,0.08892439305782318,0.7142253071069717,disgust
50,"After having read all that is to be found in the languages I am mistress of, and having decayed my sight by midnight studies, I envy the easy peace of mind of a ruddy milk-maid, who, undisturbed by doubt, hears the sermon, with humility, every Sunday, not having confounded the sentiments of natural duty in her head by the vain-inquiries of the schools, who may be more learned, yet, after all, must remain as ignorant.",joy,0.696501612663269,0.696501612663269,0.20005422830581665,0.012637627311050892,0.02427712082862854,0.03350622579455376,0.0013576498022302985,0.03166545554995537,0.20005422830581665,0.4964473843574524,neutral
50,"And, after having seen part of Asia and Africa, and almost made the tour of Europe, I think the honest English squire more happy, who verily believes the Greek wines less delicious than March beer; that the African fruits have not so fine a flavour as golden pippins; that the Beca figuas of Italy are not so well tasted as a rump of beef; and that, in short, there is no perfect enjoyment of this life out of Old England.",joy,0.8620479106903076,0.8620479106903076,0.09867183864116669,0.018981002271175385,0.006711363326758146,0.002563395770266652,0.0005779300117865205,0.010446553118526936,0.09867183864116669,0.7633760720491409,neutral
50,"I pray God I may think so for the rest of my life; and, since I must be contented with our scanty allowance of day-light, that I may forget the enlivening sun of Constantinople.",joy,0.40938296914100647,0.40938296914100647,0.3497760593891144,0.2086617797613144,0.004893993493169546,0.00578314857557416,0.003594237845391035,0.017907841131091118,0.3497760593891144,0.05960690975189209,neutral
50,"I am, &c. &c.",neutral,0.5534117817878723,0.0904766172170639,0.5534117817878723,0.25651076436042786,0.08371268957853317,0.00516490638256073,0.0064614336006343365,0.004261855036020279,0.25651076436042786,0.29690101742744446,sadness
51,"I Have this minute received a letter of yours, sent me from Paris.",surprise,0.44347837567329407,0.1975513994693756,0.2934638559818268,0.032558608800172806,0.44347837567329407,0.01582738384604454,0.015213227830827236,0.001907196594402194,0.2934638559818268,0.15001451969146729,neutral
51,"I believe and hope I shall very soon see both you and Mr Congreve; but as I am here in an inn, where we stay to regulate our march to London, bag and baggage, I shall employ some of my leisure time, in answering that part of yours, that seems to require an answer.",neutral,0.7854392528533936,0.0790262296795845,0.7854392528533936,0.04895404726266861,0.014996490441262722,0.0212743878364563,0.01931016519665718,0.030999496579170227,0.0790262296795845,0.706413023173809,joy
51,"I MUST applaud your good nature, in supposing, that your pastoral lovers (vulgarly called hay-makers) would have lived in everlasting joy and harmony, if the lightning had not interrupted their scheme of happiness.",joy,0.8093122243881226,0.8093122243881226,0.13290439546108246,0.0027067861519753933,0.018752707168459892,0.028367305174469948,0.0013425369979813695,0.006614055950194597,0.13290439546108246,0.6764078289270401,neutral
51,"I see no reason to imagine, that John Hughes and Sarah Drew, were either wiser or more virtuous than their neighbours.",neutral,0.75447016954422,0.06143157184123993,0.75447016954422,0.009188948199152946,0.038237158209085464,0.018537091091275215,0.002603917382657528,0.11553116887807846,0.11553116887807846,0.6389390006661415,disgust
51,"That a well-set man of twenty-five should have a fancy to marry a brown woman of eighteen, is nothing marvellous; and I cannot help thinking, that had they married, their lives would have passed in the common track with their fellow parishioners.",joy,0.958774983882904,0.958774983882904,0.013496140018105507,0.010864850133657455,0.003774585435166955,0.0022929501719772816,0.0006855332758277655,0.010110918432474136,0.013496140018105507,0.9452788438647985,neutral
51,"His endeavouring to shield her from a storm, was a natural action, and what he would have certainly done for his horse, if he had been in the same situation.",disgust,0.3959161043167114,0.022044973447918892,0.2333356738090515,0.024661405012011528,0.0062172748148441315,0.14116373658180237,0.17666083574295044,0.3959161043167114,0.2333356738090515,0.1625804305076599,neutral
51,"Neither am I of opinion, that their sudden death was a reward of their mutual virtue.",surprise,0.5852320790290833,0.005461664404720068,0.33187583088874817,0.004940592218190432,0.5852320790290833,0.02883882261812687,0.012135173194110394,0.031515851616859436,0.33187583088874817,0.2533562481403351,neutral
51,"You know the Jews were reproved for thinking a village destroyed by fire, more wicked than those that had escaped the thunder.",disgust,0.6520437598228455,0.0030040910933166742,0.030309829860925674,0.017245367169380188,0.006160366348922253,0.2826322317123413,0.008604375645518303,0.6520437598228455,0.2826322317123413,0.36941152811050415,anger
51,Time and chance happen to all men.,neutral,0.9231806993484497,0.009143538773059845,0.9231806993484497,0.005884782411158085,0.037496212869882584,0.01180512085556984,0.008307156153023243,0.004182513803243637,0.037496212869882584,0.8856844864785671,surprise
51,"Since you desire me to try my skill in an epitaph, I think the following lines perhaps more just, tho' not so poetical as yours.",neutral,0.9369409084320068,0.011444424279034138,0.9369409084320068,0.007588323671370745,0.011343943886458874,0.0068670413456857204,0.00450168177485466,0.021313657984137535,0.021313657984137535,0.9156272504478693,disgust
51,"_Here lies John Hughes and Sarah Drew; Perhaps you'll say, What's that to you?",surprise,0.5951917767524719,0.01550278626382351,0.3205125629901886,0.01619732193648815,0.5951917767524719,0.025035714730620384,0.01816655322909355,0.009393289685249329,0.3205125629901886,0.2746792137622833,neutral
51,"Believe me, friend, much may be said On that poor couple that are dead.",sadness,0.8772853016853333,0.00541866198182106,0.0471155121922493,0.8772853016853333,0.04079868644475937,0.006227199919521809,0.007505510933697224,0.01564912311732769,0.0471155121922493,0.830169789493084,neutral
51,On Sunday next they should have married; But see how oddly things are carried!,surprise,0.8749332427978516,0.00635681813582778,0.08366533368825912,0.005704831797629595,0.8749332427978516,0.01176340039819479,0.005102845840156078,0.012473488226532936,0.08366533368825912,0.7912679091095924,neutral
51,"On Thursday last it rain'd and lighten'd, These tender lovers sadly frighten'd, Shelter'd beneath the cocking hay, In hopes to pass the time away, But the_ BOLD THUNDER _found them out, (Commission'd for that end no doubt) And seizing on their trembling breath, Consign'd them to the shades of death.",fear,0.9868025183677673,0.001676403102464974,0.0031079065520316362,0.005473610479384661,0.0007003949722275138,0.0013066453393548727,0.9868025183677673,0.0009324672282673419,0.005473610479384661,0.9813289078883827,sadness
51,Who knows if 'twas not kindly done?,neutral,0.4187454283237457,0.008667941205203533,0.4187454283237457,0.04709893465042114,0.046588264405727386,0.2823355197906494,0.027681874111294746,0.16888201236724854,0.2823355197906494,0.1364099085330963,anger
51,"For had they seen the next year's fun, A beaten wife and cockold swain Had jointly curs'd the marriage chain: Now they are happy in their doom_, FOR POPE HAS WROTE UPON THEIR TOMB.",joy,0.899601936340332,0.899601936340332,0.03559175506234169,0.03787418454885483,0.017439942806959152,0.006366451270878315,0.0006052504759281874,0.002520488342270255,0.03787418454885483,0.8617277517914772,sadness
51,"I CONFESS, these sentiments are not altogether so heroic as yours; but I hope you will forgive them in favour of the two last lines.",neutral,0.7058814764022827,0.10236305743455887,0.7058814764022827,0.05608205869793892,0.006956976838409901,0.06322508305311203,0.002447989536449313,0.06304335594177246,0.10236305743455887,0.6035184189677238,joy
51,"You see how much I esteem the honour you have done them; though I am not very impatient to have the same, and had rather continue to be your stupid _living_ humble servant, than be _celebrated_ by all the pens in Europe.",anger,0.3756539523601532,0.18418937921524048,0.32614666223526,0.004422200843691826,0.08412583917379379,0.3756539523601532,0.0030737328343093395,0.022388247773051262,0.32614666223526,0.04950729012489319,neutral
51,"I WOULD write to Mr C----; but suppose you will read this to him, if he inquires after me.",neutral,0.427898108959198,0.01711738482117653,0.427898108959198,0.2018117904663086,0.018925346434116364,0.08903946727514267,0.13472454249858856,0.11048334091901779,0.2018117904663086,0.2260863184928894,sadness
