number,heading,recipient,location,date,body,footnote,start_page,language
PREMIERE,LETTRE PREMIERE.,A la Comtesse de ***.,Rotterdam,le 3 Août 1716. Vieux style.,"Vous apprendrez avec plaisir, sans doute, ma chere Sœur, que j'ai passé la mer sans accident, quoique nous ayons essuyé une tempête. Le Capitaine du Yacht nous fit partir dans un tems calme, croyant qu'il étoit facile de faire le trajet à la faveur de la marée ; mais deux jours étoient à peine écoulés qu'il s'éleva un vent si violent, qu'aucun matelot ne pouvoit se tenir debout ; & nous fumes cruellement agités toute la nuit du Dimanche au Lundi. Je n'ai jamais vu un homme plus effrayé que le Capitaine. Pour moi, je n'ai eu ni crainte, ni maladie de mer. J'avouerai cependant que j'avois fort envie de me voir encore une fois sur la terre ferme, & que je n'eus pas la patience d'attendre l'arrivée du Yacht à Rotterdam : je me fis transporter dans la grande chaloupe à Helvoetfluys, où nous primes des voitures pour le Briel. Je fus enchantée de la propreté de cette petite Ville ; mais celle de Rotterdam me ravit : toutes les rues y sont pavées de grandes pierres ; on voit devant les por- tes, même des Artisans, des siéges de marbre de diverses couleurs : le pavé est toujours si bien nettoyé, que je parcourus hier presque toute la Ville, incognito, & en pantoufles, sans attraper la moindre crotte. Enfin, les rues de Hollande sont plus propres que nos chambres à coucher.
Les rues de Rotterdam sont toujours si remplies de monde, qu'il me semble que c'est une foire continuelle. Il est vrai qu'on ne trouve point de Ville plus avantageusement située pour le commerce. Il y a sept grands canaux par lesquels les vaisseaux marchands montent jusques devant les portes des maisons. Les boutiques & les magasins sont d'une magnificence & d'une propreté étonnantes. On y voit une quantité incroyable de très-belles marchandises, qui sont toutes d'un prix si inférieur à celui qu'elles coûtent en Angle- terre, que, malgré moi, je me persuade en être fort éloignée.
On ne voit pas plus de mendians à Rotterdam que de crottes : les yeux n'y sont point choqués, comme à Londres, par le dégoûtant spectacle d'une quantité d'estropiés; on n'y est point fatigué par les importunités de paresseux & de paresseuses, qui vivent par goût dans la saleté & dans l'oisiveté. Les plus petites Marchandes, les servantes même y sont plus propres que la plûpart de nos Dames. Les femmes ne font asservies à aucune mode ; chacune se met à son goût ; ce qui cause dans les ajustemens une variété assez agréable.
Je ne me plains point, comme vous voyez, ma chere Soeur ; &, si je n'essuie pas plus de désagrément que je n'ai fait jusqu'ici, je ne me repentirai point d'avoir formé le projet de voyager ; je m'en féliciterai, au contraire, toutes les fois que je trouverai occasion de vous amuser par quelque récit agréable. Mais on est intéressé en Hollande, & j'ai assez pris le style de Rotterdam, pour vous demander en échange toutes les nouvelles de Londres. Vous voyez que je fais déjà bien faire un marché. Je suis votre affectionnée Sœur, &c.",,vol1_9,fr
II,LETTRE II.,A Madame S....,la Haye,le 5 Août 1716. Vieux style.,"JE me hâte de vous apprendre, ma chere Dame, que je n'ai point encore essuyé les fatigues insupportables dont vous m'aviez menacée. Je suis, au contraire, très-satisfaite de mon voyage. Nous faisons de si petites journées, qu'il me semble plutôt être en partie de plaisir qu'en route. Rien n'est plus agréable que de voyager en Hollande ; ce Pays ressemble à un grand jardin. Tous les chemins y sont bien pavés, & bordés, des deux côtés, d'arbres qui les couvrent de leur ombre ; on y voit aussi de grands canaux, où les bateaux se croisent sans cesse. De vingt pas en vingt pas on découvre quelque Village ; & de quatre heures en quatre heures, quelque grande Ville. Je suis actuellement dans un des plus beaux Villages du Monde. On y voit plusieurs quarrés ou places environnées de beaux édifices, & plantées de grands arbres touffus, qui y font un très-bel effet. Le Voor-Hout est à la Haye, ce que le Hide-Parck & le Mail sont à Londres; les personnes de qualité vont y prendre l'air à pied & dans leurs voitures ; il y a des boutiques où l'on trouve divers rafraîchissemens. J'ai vû plusieurs jardins magnifiques ; mais je ne vous en ferai pas la description ; je craindrois de vous ennuyer. Ma Lettre vous paroît, sans doute, déjà trop longue : je ne l'acheverai cependant pas sans vous faire excuse de ne vous avoir point envoyé la dentelle que vous m'aviez demandée : elle est en vérité plus chere ici qu'à Londres ; mais les marchandises des Indes y font à très-bon marché : si vous en voulez, je m'acquitterai de votre commission avec beaucoup de plaisir & d'exactitude. Je suis, ma chere .... , &c.",,vol1_13,fr
III,LETTRE III.,A Madame S. C.,Nimegue,le 13 Août 1716. Vieux style.,"JE suis bien fâchée, ma chere S. C. que l'inquiétude de vos parens sur votre santé, & votre soumission à leurs volontés, nous privent, moi, de la satisfaction d'être avec vous, & vous, de celle de faire un voyage agréable. Lorsque je rencontre quelqu'un de ces objets qui charment la vue, je suis saisie de tristesse, parce que vous êtes privée du plaisir de le contempler avec moi. Si vous étiez à Nimegue, vous attendriez à chaque instant des visites de vos parens qui sont à Nottingham ; ces deux Villes se ressemblent parfaitement. Il n'y a de différence qu'entre les noms de Meuse & de Trent : le coup d'oeil est le même. Les maisons, comme celles de Nottingham, sont bâties les unes sur les autres, entre-mêlées de jardins & d'arbres. La Tour de Jules-César est située comme le Château de Nottingham : j'ai monté dessus, & j'ai cru voir la plaine du Trent & Adboulton, lieu qui nous sont si connus. Il y a cependant de la différence entre les fortifications : tous les Connoisseurs vantent beaucoup celles de Nimegue. Pour moi, qui ne m'y connois point, je vous dirai seulement que la promenade qui est sur les remparts est assez agréable. On y trouve une Tour, nommée à juste titre le Belveder ; c'est un des plus beaux points de vue du monde : on y prend du thé, du caffé, &c. Les promenades publiques n'ont d'autre agrément que l'ombrage épais qui y regne. J'oubliois de vous parler du pont, qui est une chose surprenante. Il est assez spacieux pour contenir trois ou quatre cents personnes, outre des chevaux & des voitures : pour y monter il en coûte deux sols d'Angleterre. Ce pont part, & porte les passans de l'autre côté de la riviere ; mais si lentement, qu'à peine s'apperçoit-on que l'on est transporté. J'allai hier à l'Eglise des François, & examinai leur rit avec curiosité. Le Ministre commença d'abord par frapper sur un chapeau à grands bords ; ce qui lui donnoit tout-à-fait l'air de cet homme de la foire de Saint Barthelemi : il continua avec des gestes qui annonçoient l'antiquité ; enfin, prêcha à peu près de la même maniere que l'autre débitoit ses drogues aux marionnettes. Au reste, on l'écoutoit avec beaucoup d'attention, & quelqu'un de son troupeau m'assura qu'il passoit pour un homme de mérite. J'i- magine que vous êtes aussi fatiguée de mon récit, que je le fus de son Sermon : mais M. votre Frere excusera une digression en faveur de l'Eglise Anglicane. Vous sçavez qu'il y a autant de mérite à parler peu respectueusement des Calvinistes, qu'à parler honorablement de l'Eglise. Adieu, ma chere S. C. souvenez-vous toujours de moi, & soyez persuadée que je ne vous oublierai jamais.",,vol1_16,fr
IV,LETTRE IV.,A Milady ***.,Cologne,le 16 Août 1716. Vieux style.,"SI vous pouviez, Milady, vous former une idée des fatigues que j'ai essuyées depuis deux jours, vous me tiendriez compte, j'en suis persuadée, du courage que j'ai de vous écrire, & vous le prendriez comme une preuve convaincante de la parfaite considération que j'ai pour vous. Nous avons pris des chevaux de louage, parce qu'il n'y a point de Poste de Nimegue à Cologne, & nous nous sommes arrêtés à Remberg, pour nous reposer ; mais nous y avons été fort mal logés. Ce n'est, cependant, rien en comparaison de ce que je souffris hier. Nous nous flattions d'ar- river à Cologne ; mais nos chevaux ne purent passer Stamel, qui en est à trois lieues. On nous mit dans une chambre, ou plutôt dans une étable : je ne jugeai pas à propos de me coucher, quoique j'eusse mon lit avec moi, parce que le vent nous assiégeoit de tous côtés. Nous avons quitté ce lieu désagréable dès le point du jour, & nous sommes arrivés, ce matin, sur les six heures, à Cologne : je me suis mise au lit sur le champ, & j'ai dormi trois heures ; ce qui m'a entierement délassée. Mon premier soin a été d'aller voir les curiosités de la Ville, c'est-à-dire les Eglises ; car il n'y a pas d'autre bâtiment qui mérite attention. Cette Ville est très-grande ; mais les édifices ont tous un air de vétusté. L'Eglise des Jésuites est la plus propre. Un jeune & beau Jésuite a eu la complaisance de me la montrer. Comme il ne me connoissoit pas, il a pris la liberté de me faire des complimens, d'un ton aisé, même un peu railleur ; ce qui m'a beaucoup divertie. Je fus frappée de la magnificence des Autels, de la richesse des statues, qui sont toutes d'argent massif, & de celle des châsses. Je n'ai, cependant, pu m'empêcher de murmurer intérieurement de la profusion des perles, des diamans, des rubis qui font atttachés aux ornemens de ces Reliques. J'ai même été assez méchante, je l'avoue, pour convoiter le collier de perles de sainte Ursule. Au reste, étoit-ce bien une méchanceté ? Une statue n'est point mon prochain. Pendant que j'y étois, j'ai souhaité que la statue même de cette fille fût convertie en vaisselle de toilette. Je voudrois bien aussi convertir en argent un grand saint Christophe que j'y ai vu. Voilà mes pieuses réflexions. J'ai cependant été bien satisfaite de voir entassés, à l'honneur de notre Nation, les crânes des onze mille Vierges. Il y a encore quelques centaines d'autres Reliques d'une aussi grande conséquence; mais je crois que vous me dispenserez d'imiter les Voyageurs, qui ne manqueroient pas de vous en envoyer une liste. Adieu ; je vais souper, & boire à votre santé avec d'excellent vin de Lorraine, qui est celui qu'on appelle Bourgogne à Londres.",,vol1_20,fr
V,LETTRE V.,A la Comtesse de B***.,Nuremberg,le 22 Août 1716. Vieux style.,"LA fatigue que j'ai essuyée pendant cinq jours de poste, ne m'empêchera pas d'exécuter l'ordre flatteur que m'a donné ma chere Comtesse de lui rendre compte de mes voyages. J'ai traversé une grande partie de l'Allemagne, & j'ai vu tout ce qui mérite de l'attention à Cologne, à Francfort, à Wurts-bourg, enfin, à Nuremberg. Il est impossible de ne pas sentir la différence qu'il y a entre les Villes libres & celles qui ne le sont pas. Dans les premieres on voit regner l'abondance que produit le commerce ; les rues sont belles, remplies de monde vétu d'une maniere niere simple, mais honnête ; les boutiques sont garnies de marchandi- ses ; le tiers-état, en général, a l'air propre & content. Les habitans des autres Villes, au contraire, affectent un luxe au travers duquel on voit percer l'indigence. Les gens de qualité font mal-propres, & tous habillés d'une maniere ridicule : les rues sont très-étroites, sales, mal entretenues, & très-peu habitées ; plus de la moitié du peuple demande l'aumône. Une Ville libre enfin me présente à l'idée la femme d'un Citoyen de Hollande proprement, mais simplement mise ; une qui ne l'est pas, m'y présente, au contraire, une Fille de joie, dont la tête est extrêmement bien parée, le visage couvert de fard ; mais le reste de son habillement est sale & en mauvais ordre : misérable mélange de vice & de pauvreté. I. Partie. A Nuremberg, il y a des Loix somptuaires qui préviennent l'excès, ruineux à tant de personnes dans les autres Villes. Les rangs y sont désignés par l'habillement ; ce qui fait, aux yeux d'un étranger, un effet plus agréable que nos modes. J'avoue franchement que je souhaiterois, de tout mon cœur, que ces Loix fussent établies dans beaucoup d'autres endroits. Lorsque l'on voit que, dans la plupart des Villes, un habit riche fait le mérite, donne de la considération, on est forcé de convenir, qu'il faut avoir un bon sens plus qu'ordinaire, pour résister à la tentation de plaire & d'être admiré. Les jeunes gens ne cedent que trop à cette tentation, quoiqu'ils se mettent souvent par-là dans le cas de manquer d'argent, ce qui les expose à mille bassesses, & les conduit même jusqu'au crime. Combien de personnes nées avec les meilleures inclinations, ont fini par commettre les plus horribles attentats, pour avoir contracté, par de folles dépenses, des dettes qu'il leur étoit impossible d'acquitter ! Elles ne se seroient jamais trouvées dans ce cas, si la multitude ne respectoit point les habits, & si le prix en étoit fixé par la Loi. Ces réflexions en font naître d'autres trop tristes : il faut vous en distraire par le spectacle des Reliques dont j'ai été régalée dans toutes les Eglises Romaines. Les Luthériens ne sont pas tout-à-fait exempts de ces dévotions. J'ai vu, dans la principale Eglise de cette Ville, un morceau de la Croix garni de pierreries, & la pointe de la lance, qu'on m'a dit être celle dont le côté du Sauveur fut percé. Mais je m'amusai singulierement dans une petite Eglise de Catholiques Romains, qui est tolérée ici. Comme ceux de cette Religion ne sont pas riches à Nuremberg, ils ne peuvent mettre des ornemens de prix à leurs statues : on en voit une du Sauveur au-dessus de leur Autel, à laquelle ils ont, par vénération, mis un habit, & une perruque bien poudrée. Cela vous surprend, & vous croyez que je viens de vous raconter une fable ; mais je vous proteste que je n'ai point encore fait usage du privilége des Voyageurs, & vous pouvez me croire à ce sujet avec autant de confiance, que quand je vous assure que je suis, &c.",,vol1_24,fr
VI,LETTRE VI.,A Madame P***.,Ratisbonne,le 30 Août 1716. Vieux style.,"JE n'ai reçu votre Lettre que la veille de mon départ de Londres. Je vous remercie de vos bons souhaits : je leur attribue tant de vertu, que je croirois volontiers leur devoir, en partie, le bonheur que j'ai d'être si avancée dans mon voyage, sans avoir essuyé aucun accident. Ce n'en est pas un d'avoir été arrêtée quelques jours dans cette Ville, par un rhume, puisqu'il m'a procuré l'occasion de voir tout ce qu'il y a de plus curieux, & d'y lier connoissance avec plusieurs Dames qui ont eu la politesse de me rendre visite, principalement Milady ***, femme de l'En- voyé de Hanovre. Elle m'a menée à toutes les assemblées, & m'a traitée magnifiquement à son Hôtel, qui est un des plus beaux de la Ville. Toute la Noblesse de Ratisbonne est composée d'Envoyés de différens Etats. Ils sont en très-grand nombre, & passeroient leur tems agréablement, s'ils étoient moins délicats sur le cérémonial : mais, au lieu de chercher à s'amuser réciproquement, ils ne s'occupent que de querelles, qu'ils semblent même vouloir éterniser, en les laissant comme un héritage à leurs successeurs ; de maniere qu'un Envoyé à Ratisbonne, en essuie au moins une demi-douzaine, comme si c'étoit un casuel ordinaire à sa fonction. Les femmes ne manquent jamais de fomenter ces importantes disputes, qui divisent la Ville en presqu'autant de partis qu'il y a de familles : elles aiment mieux avoir la mortification d'être seules dans leurs assemblées de nuit, que d'abandonner la moindre de leurs prétentions. Je ne suis ici que depuis une semaine ; cependant chacune de ces Dames m'a raconté tous les griefs, & tous les sujets de plainte qu'elle croit avoir contre ses voisins & voisines. Je m'apperçois qu'on a le projet de me faire déclarer pour quelque parti ; mais la prudence m'ordonne la neutralité. Je ne pourrois, cependant, la garder longtems si je restois dans cette Ville, parce que, lorsqu'on fréquente les personnes d'un parti, l'on est insulté par celles de l'autre. Ces disputes roulent sur le rang, sur la préféance, enfin sur le titre d'Excellence, auquel tout le monde prétend, & qu'on a la méchanceté de ne vouloir accorder à personne. Je leur ai con- seillé, pour le bien public, de le donner à tout le monde, afin que chacun l'obtienne de tout le monde: mais on m'a écoutée avec indignation, comme quelqu'un qui proposoit une paix deshonorante. Je m'apperçois que ces querelles font un amusement pour les habitans de Ratisbonne, & je me blâme moi-même d'avoir voulu les en priver. Mon inclination pacifique commence déjà à me faire regarder de mauvais œil : chacun se dit à l'oreille que je suis bien fiere d'avoir, jusqu'à présent, fait honnêteté à tout le monde, & qu'il faut que je n'aye trouvé personne digne de prendre querelle avec moi. Je changerois de conduite, si je n'avois dessein, de continuer mon voyage dans peu de jours. J'ai visité les Eglises de cette Ville, & l'on m'a permis de toucher les Reliques; complaisance qu'on n'avoit pas eue dans les autres Villes où j'ai passé. En les voyant de si près, j'ai eu occasion de faire une remarque que j'aurois, sans doute, pu faire par-tout ailleurs ; c'est que les diamans, les émeraudes, les rubis, &c. qui servent à les orner, sont, pour la plûpart, des pierres fausses, quoi-qu'on assure qu'une grande partie des croix, des statues, qui sont garnies de ces pierreries, ayent été données par des Empereurs & d'autres grands Princes. Je ne doute pas qu'elles ne fussent d'abord des pierres fines ; mais les bons Peres ont, sans doute, jugé à propos de les employer à d'autres usages, ne doutant pas que des morceaux de verre ne fissent autant d'effet aux yeux du peuple.
On m'a fait voir la griffe d'un Griffon enchâssée dans de l'or : elle est d'une grosseur prodigieuse. J'ai demandé au Révérend Pere, qui me la montroit, si le Griffon étoit un Saint. Cette question lui a presque fait perdre sa gravité; il m'a cependant répondu qu'on ne gardoit cette griffe que par curiosité. J'ai été scandalisée de voir une grande statue d'argent qui représente la Trinité. Le Pere Eternel est sous la figure d'un vieillard décrépit; il a une barbe qui lui descend jusqu'aux genoux, & une triple couronne sur la tête. Il tient dans ses bras le Fils attaché à la croix, & le Saint-Esprit, qui est en forme de colombe, voltige sur sa tête. Milady *** me propose d'aller à l'assemblée; ce qui est cause que je vous dis sans préambule, que je suis toujours Votre, &c.",,vol1_29,fr
VII,LETTRE VII.,A la Comtesse de ***.,Vienne,le 8 Septembre 1716. Vieux style.,"JE suis enfin arrivée à Vienne : quoique nous ayons essuyé beaucoup de fatigues mon cher enfant & moi,nous nous portons très-bien. A Ratisbonne nous nous sommes embarqués sur le Danube,dans de petits vaisseaux qu'on appelle, avec raison, des maisons de bois : on y trouve autant de commodités que dans un Palais ; poëles, cuisines, &c. Ils ont douze rames, & vont avec tant de rapidité,que la vue est frappée d'une variété continuelle de perspectives. Rien n'est plus agréable que cette route : d'heure en heure on apperçoit une Ville bien peuplée, & ornée de Palais magnifiques : on découvre des solitudes, dont la description sembleroit romanesque : enfin les bords du fleuve sont agréablement diversifiés par des bois, des ro- chers, & des coteaux couverts de vignes, des champs remplis de bled; par de grandes Villes, & des ruines d'anciens Châteaux. J'ai vu Passau & Lintz. Cette derniere Ville est fameuse pour avoir été la retraite de la Cour Impériale, lorsque Vienne fut assiégée. Quoiqu'elle soit aujourd'hui honorée de la résidence de l'Empereur, elle n'a pas rempli mon attente ; je l'ai trouvée bien plus petite que je ne le pensois : ses rues sont si étroites, qu'il est impossible de voir les beaux frontispices des Palais. Ils sont presque tous bâtis de belles pierres blanches, & prodigieusement élevés. Comme Lintz ne peut contenir tous ceux qui veulent y demeurer, on a entassé Ville sur Ville; la plûpart des maisons ont cinq étages, & beaucoup en ont six. Il est aisé de comprendre que les rues étant si étroites, les chambres font fort obscures; &, ce qui me paroit encore plus insup- portable, c'est qu'il ny a point de maison qui ne contienne cinq ou six familles. Les appartemens des plus grandes Dames, même des Ministres d'Etat, ne sont séparés de ceux des Tailleurs & des Cordonniers que par des cloisons ; personne n'occupe plus de deux étages dans une maison : les maîtres logent au premier, & les domestiques habitent celui de dessus. Les Propriétaires n'occupent de leurs maisons que ce qui leur est absolument nécessaire ; ils louent le reste ; ainsi les escaliers sont aussi communs & aussi sales que les rues. Je conviens que les appartemens sont magnifiques : ce sont ordinairement des enfilades de huit ou dix grandes pièces toutes parquetées : les portes & les fenêtres sont ornées de sculpture & de dorure ; les ameublemens sont si riches, qu'on en voit peu de semblables, même chez les Princes Souverains des autres pays. Ils con- sistent en tapisseries de haute-lisse ; en très-grandes glaces, dont les cadres sont d'argent ; on y voit des tables en vernis du Japon. Les lits, les chaises, les canapés & les rideaux des fenêtres sont de damas ou de velours de Gênes, enrichis de galons ou de broderie en or. Il y a, en outre, de grands vases en vernis de la Chine, de très-beaux tableaux, & de grands lustres de crystal de roche. J'ai eu l'honneur de dîner chez plusieurs personnes de la premiere qualité, & je puis dire, avec vérité, que le bon goût & la magnificence de leur table répond à celle de leurs ameublemens. J'ai vû, plus d'une fois, servir cinquante plats, tous d'argent, & remplis d'excellents mets ; le dessert, qui répondoit au reste du repas, étoit sur la plus belle porcelaine de la Chine. Il y a toujours dans leurs repas une variété surpre- nante de vins exquis. C'est un usage de mettre sur l'assiette des convives une liste de ceux qu'on doit servir, & j'en ai compté plusieurs fois jusqu'à dix-huit sortes des plus excellens. J'allai hier à la maison de campagne du Comte de Schoonbourn, Vice-Chancelier, où j'étois invitée à dîner. Je n'ai jamais rien vu de si beau que le fauxbourg de Vienne : il est fort grand, & ses maisons sont presque toutes des Palais magnifiques. Vienne seroit une Ville & des plus grandes & des mieux bâties de l'Europe, si l'Empereur vouloit qu'on en abattît les portes, & qu'on y joignît le fauxbourg. Pour revenir à la maison de campagne du Comte de Schoonbourn, elle est extrêmement belle. Les ameublemens sont de brocart d'un si beau goût, & si brillant, que l'oeil en est satisfait. Il y a une galerie pavée de pierres très-rares ; & dont les murs sont tout couverts de nacre de perle ; la dorure & la sculpture sont répandues avec profusion dans toute la maison : on y voit quantité de belles peintures & de magnifique porcelaine ; des statues d'albâtre & d'yvoire : la vue & l'odorat sont réjouis par de grands orangers & limoniers, qui sont plantés dans des pots dorés. Le dîner fut splendide & très-bien ordonné ; la bonne humeur du Comte en fit le principal agrément. Je n'ai pas encore été à la Cour ; j'attends ma robe, sans laquelle je ne peux être admise à l'audience de l'Impératrice. Je suis bien impatiente de voir une Beauté qui a fait l'admiration de tant de Nations différentes. Lorsque j'aurai eu cet honneur, je vous marquerai sincerement ce que j'en pense. C'est toujours un nouveau plaisir pour moi d'ouvrir mon coeur à ma chere Sœur.",,vol1_35,fr
VIII,ETTRE VIII.,A Monsieur P***.,Vienne,le 14 Septembre ; Vieux style.,"VOus rirez, peut-être, de voir que je vous remercie sérieusement de l'intérêt que vous dites prendre à ce qui me regarde. Je pourrois croire que votre Lettre n'est qu'une plaisanterie, & peut-être ne me tromperois-je pas : mais je ne pense point, comme le commun des hommes, que l'éloignement diminue l'amitié ; je suis, au contraire, persuadée qu'il augmente celle que vous avez pour moi. Quoique j'affecte l'esprit-fort, je conviendrai cependant que j'ai, comme les autres femmes, une grande disposition à croire aux miracles. Ne pensez pas, au reste, que je sois infectée de l'air qu'on respire dans ces Pays Papistes. Mais je me suis écartée des maximes de l'Eglise Anglicane ; j'allai Dimanche à l'Opéra que l'on donna dans le Jardin de la Favorite. Au reste, j'en fus si contente, que je ne puis me repentir de l'avoir vû. Je crois qu'il n'y a rien de plus beau dans ce genre;& l'on n'eut pas beaucoup de peine à me persuader que les décorations & les habits ont coûté à l'Empereur trois mille livres sterling. Le Théâtre étoit dressé sur un très-grand Canal : au commencement du second Acte, il se divisa en deux parties, & découvrit l'eau sur laquelle on apperçut à l'instant deux flottes composées de petits vaisseaux dorés qui arrivoient de divers endroits : ils représenterent un combat naval. Il seroit difficile d'imaginer la beauté de cette scène : je la regar- dai avec toute l'attention dont j'étois capable. Tout le reste étoit très-beau dans son genre. Le sujet de l'Opéra étoit l'Enchantement d'Alcine. On y change souvent de décorations, ce qui demande une prodigieuse quantité de machines : tout fut exécuté avec beaucoup d'art. Le Théâtre est si vaste, que l'œil peut à peine le parcourir; on y compte jusqu'à cent huit habits, tous de la derniere magnificence. Comme il n'y a point de Salle capable de contenir les décorations & les machines qui y sont nécessaires, on est obligé de le construire en plein air, & les Dames sont exposées aux injures du tems, parce qu'il n'y a qu'un seul Pavillon, destiné pour la Famille Impériale. La premiere fois que cet Opéra fut représenté, il survint une pluie qui obligea les Spectateurs de s'enfuir ; & je pensai être étouffée dans la foule. Durant les Opéra sont beaux à Vienne, autant les Comédies y font ridicules. Il n'y a qu'un Théâtre où l'on en représente: j'ai eu la curiosité d'en voir une. C'étoit Amphitrion, ce qui m'a fait plaisir, parce que ce sujet ayant été déjà traité par un Poëte Latin, un François & un Anglois, j'étois curieux de voir comment un Autrichien s'en étoit tiré. Quoique j'entendisse assez la langue pour comprendre presque toute la Pièce, j'y allai avec une Dame qui eut la bonté de me la rendre mot pour mot. L'usage est de prendre une Loge de quatre Places pour soi & pour sa compagnie, & le prix en est fixé à un ducat. Le lieu du Spectacle étoit bas & obscur; mais je fus bien dédommagée par la Comédie; je n'ai, en vérité, jamais tant ri. Jupiter ouvre la Scène; il fait l'amour à Alcmene, par le trou d'un nuage: la Pièce finit par la naif- sance d'Hercule. L'usage que Jupiter fait de sa métamorphose est très-plaisant : lorsqu'il paroît sous la figure d'Amphitrion, on croit qu'il va voler à Alcmene avec les transports que M. Dryden lui prête ; point du tout, il escroque un habit galonné au Tailleur d'Amphitrion, un sac d'argent à un Banquier, un diamant à un Juif, & commande un grand souper chez un Traiteur. Enfin, la Pièce roule sur les importunités qu'Amphitrion essuie de la part de ces créanciers, Sosie est traité de la même maniere par Mercure. Tout cela me fit beaucoup rire ; mais je ne pardonnai point au Poëte d'avoir lardé sa Pièce d'expressions indécentes, & de mots si grossiers, que le bas peuple de Londres auroit peine à les souffrir dans la bouche d'un Bateleur. Ajoûtez à cela, que les deux Sofies mirent exactement culotte bas, devant des Loges remplies de Gens de la premiere qualité, qui furent satisfaits du j u de ces deux impertinens Acteurs, & m'affûrerent que cette Pièce étoit célèbre. Je finis ma Lettre par cette relation, qui n'est pas indigne de l'attention de M. Collier. Je ne vous ennuierai point par de longs complimens d'adieu ; je les crois, en général, aussi fatigans que les révérences que l'on fait en sortant d'un appartement, lorsque la visite n'a déja été que trop longue.",,vol1_41,fr
IX,LETTRE IX.,A la Comtesse de ***.,Vienne,le 14 Septembre ; Vieux style.,"VOus écrire encore, après la longue & ennuyeuse Lettre que vous venez de recevoir de moi, c'est me rendre importune, ma chere Sœur, je l'avoue. Mais je vous ai promis de vous faire part de ma premiere entrée à la Cour, & je veux vous tenir parole. Pour me préparer à cette cérémonie, il a fallu me mettre à la torture dans une robe fort étroite, m'armer d'une gorgette, & du reste de l'équipage, qui fait, en général, un habillement fort incommode, quoiqu'il soit avantageux pour la taille & le cou. Je veux vous donner une idée des modes de Vienne, qui sont plus ridicules, & plus opposées au sens commun, que vous ne pouvez vous l'imaginer. Les femmes bâtissent sur leur tête un édifice de gaze, qui a environ une verge (a) de hauteur. Elles prennent d'abord un bourrelet, qui ne differe de celui dont les laitieres se servent pour porter leur pot au lait sur la tête, qu'en ce qu'il est trois fois plus gros ; élevent dessus trois ou quatre étages qu'elles fortifient avec une quantité prodigieuse de gros rubans; cette masse est ensuite couverte de leurs cheveux, auxquels elles en ajoûtent beaucoup de postiches : car c'est pour elles une beauté singuliere d'avoir la tête trop grosse pour qu'elle puisse entrer dans un tonneau de moyenne grandeur. Elles se poudrent beaucoup, afin qu'on n'apper- çoive pas le mélange des cheveux : pour perfectionner cet ajustement, elles y mettent trois ou quatre rangs de grandes épingles à têtes de diamant, de perles, & de pierres de toutes couleurs, & elles ont soin que ces épingles débordent les cheveux. Pour porter en équilibre cette énorme coëffure, je vous jure qu'il faut avoir beaucoup d'art & d'usage. Leurs jupes sont plus larges que les nôtres de trois ou quatre verges ; elles sont, en outre, soutenues par des baleines ; de façon qu'une Dame de Vienne occupe plusieurs toises de terrein. Jugez combien cet ajustement bizarre augmente la laideur qu'il a plû au Tout-Puissant de leur donner à toutes en général ! L'Impératrice elle-même est obligée de suivre, en quelque façon, ces modes absurdes, qu'on ne quitteroit pour rien au monde. Elle m'accorda une audience particuliere d'une de-mi-heure, au bout de laquelle on permit aux autres Dames de venir faire leur Cour. En voyant cette Princesse, j'ai senti le ravissement de l'admiration : ses traits ne sont cependant pas tout-à-fait réguliers; ses yeux ne font point grands; mais ils font vifs & doux; son nez est bien fait, son front bien pris; sa bouche est charmante; elle a le sourire extrême-ment agréable; son teint est le plus beau que j'aye jamais vû; sa tête est ornée d'une prodigieuse quantité de beaux cheveux : mais sa taille, son air & ses gestes !... pour les peindre, il faudroit emprunter le langage poë-tique. Ce qu'on a dit de la noblesse de Junon, des charmes de Vénus, n'est point encore assez expressif : les graces sont répandues sur toute sa personne. Non, la fameuse Vénus de Médicis n'a pas une taille plus ré-guliere. On ne peut rien ajoûter à la beauté de son cou, ni à celle de ses mains. Avant de les avoir vues, je n'imaginois pas que la Nature en eût produit de si belles. J'ai été presque fâchée que le rang que j'occupe ici, m'ait empêché de les baiser ; toutes les Dames qui sont admises à l'honneur de lui faire leur cour, ont ce bonheur en entrant & en sortant. Elle ne tarda pas à s'asseoir pour jouer au Quinze : comme je ne savois pas ce jeu, je fus privée de l'honneur de jouer avec elle. Pour m'en dédommager, elle eut la bonté de me faire asseoir à sa droite, & m'adressa souvent la parole avec cette grace qui lui est naturelle & particuliere en même tems. Je m'attendois à chaque instant de voir venir les Seigneurs faire leur Cour : mais l'étiquette de Vienne est différente de celle de Londres. Aucun homme n'entre chez l'Impératrice; le Grand- Maître vient seulement l'avertir de l'arrivée de l'Empereur. Ce Prince me fit l'honneur de m'adresser la parole ; ce qui me flatta d'autant plus qu'il ne l'adresse jamais aux Dames qui sont chez l'Impératrice ; sa visite se fait avec un ton de gravité, & un air de cérémonie singulierement affecté. L'Impératrice Amélie, veuve de l'Empereur Joseph, est venue ce soir rendre visite à l'Impératrice Regnante; elle étoit accompagnée des deux Archiduchesses, ses Filles, qui sont fort aimables. Leurs Majestés Impériales se sont levées, & sont allées au-devant d'elle, jusqu'à la porte de l'appartement. L'Impératrice Amélie s'est assise dans un fauteuil, à côté de l'Impératrice Regnante ; les Archiduchesses se sont mises sur des siéges à dossier, mais sans bras. On a servi le souper où les Seigneurs ont eu la liberté d'assister. Le repas étoit splendide ; les Filles d'honneur de l'Impératrice ont rangé les plats. Elles sont au nombre de douze, toutes jeunes, & de la premiere qualité. On ne leur donne aucuns gages ; elles sont seulement logées & nourries à la Cour, où elles sont fort gênées, n'ayant pas la liberté d'aller dans les assemblées, même de se montrer au dehors, si ce n'est lorsqu'il faut en complimenter quelqu'une d'entr'elles qui vient de se marier : dans cette occasion, l'Impératrice lui fait présent de son portrait. Les trois premieres sont appellées Dames de la clef, & elles portent des clefs d'or à leur côté. Lorsqu'elles sont sorties du service de l'Impératrice, l'usage veut qu'elles lui fassent, pendant le reste de leur vie, un présent tous les ans, le jour de sa Fête : cela me paroît assez singulier. L'Impératrice n'a que des Filles à son service, excepté la Grande-Maitresse, qui est ordinairement une veuve de la premiere qualité, & toujours fort âgée : elle est en même tems Dame de la Garderobe, & Mere ou Gouvernante des Filles d'honneur. Celles qui habillent l'Impératrice ne sont pas, à beaucoup près, si considerées à Vienne, que le font à Londres celles qui font la même fonction auprès de la Reine d'Angleterre : les premieres ne font regardées que comme de simples Femmes de chambre. J'eus le lendemain audience de l'Impératrice Mere, Princesse remplie de douceur & de vertu ; mais elle a donné dans le plus grand excès de dévotion. Elle fait une pénitence continuelle, sans avoir jamais péché. Elle porte toujours le deuil ; mais elle permet les habits de couleur à ses Filles d'honneur, dont le nombre est aussi de douze. Je n'ai rien vu de si lugubre, & de si désagréable en même tems, que le grand deuil de Vienne ; & on le prend pour tous les proches parens. Les femmes sont couvertes de noir depuis la tête jus-qu'aux pieds ; on ne voit point leur linge ; un crêpe couvre leur cou, leurs oreilles, & les deux côtés de leur visage, dont le bout perce à peine au milieu. Dans un deuil de Veuve, elles ont de plus un ban-deau sur le front. Avec cet habit lu-gubre, elles vont, sans scrupule, dans tous les lieux publics de diver-tissement. Le lendemain, j'allai faire ma cour à l'Impératrice Amélie, qui est à présent à son Palais de retraite, à un demi-mille de Vienne. J'y vis un divertissement tout nouveau pour moi ; c'est l'amusement ordinaire de cette Cour. L'Impératrice étoit as-sise sur un petit trône, élevé au bout de la grande allée de son jardin. Les Dames de qualité étoient rangées des deux côtés, ayant à leur tête les deux jeunes Archiduchesses. Elles étoient coëffées en cheveux tout garnis de pierreries, & tenoient en main des fusils fort beaux & fort légers. A quelque distance de-là étoient placés trois tableaux ovales, qui étoient le but où ces Dames devoient tirer. Le premier représentoit Cupidon versant du vin rouge dans un grand verre ; cette devise étoit au-dessous : il est facile d'être vaillant ici. Sur le second étoit la Fortune, tenant une guirlande; il y avoit pour devise : pour celle que la Fortune favorise. Sur le troisieme on voyoit une épée, dont la pointe étoit surmontée d'une couronne de laurier, avec cette devise : point de honte à craindre ici pour les vaincus. On avoit placé près de l'Impératrice un trophée doré, couronné de fleurs, & tout rempli de petits crochets, d'où pendoient des mouchoirs de Turquie, des palatines, des rubans, des dentelles, &c. pour les moindres prix. L'Impératrice donna de sa propre main le premier, qui étoit une tabatiere d'or, dans laquelle il y avoit une bague où étoit monté un très-beau rubis, entouré de diamans. Le second prix consistoit en un petit Cupidon enrichi de diamans, un service de très-belle porcelaine pour le thé, une table à bords d'or pour le même usage, en coffres de vernis du Japon, en éventails ; & autres meubles aussi galans. Tous les hommes de qualité de Vienne furent spectateurs ; mais il n'y eut que les Dames qui tirerent : l'Archiduchesse Amélie remporta le premier prix. Ce divertissement m'amusa beaucoup, & peut-être le détail en seroit-il aussi intéressant, que celui que nous donne Virgile dans l'E- néïde, si j'écrivois aussi-bien que ce Poëte. C'est un des principaux amusemens de l'Empereur, & rarement il se passe une semaine, sans qu'il en donne un pareil ; ce qui rend les jeunes Dames de Vienne assez adroites pour défendre un Fort. On rit beaucoup ici de voir que je n'ose manier un fusil. Pardonnez, ma chere Sœur, si je finis sans compliment; peut-être croyez-vous que je ne finirois jamais.","(a) C. à d. trois pieds, mesure de France.",vol1_47,fr
X,LETTRE X.,A Milady R***.,Vienne,le 20 Septembre 1716. Vieux style.,"LA Lettre obligeante que vous m'avez écrite, m'a fait d'autant plus de plaisir, que vous n'y avez épargné ni le papier, ni le tems, & je reconnois là votre caractère. Oui, je suis trop sûre de votre amitié, pour imaginer qu'elle puisse être alterée par l'absence, & par le séjour de la Cour: je crois, au contraire, que vous penserez quelquefois à moi. Je suis fort sensible aux mortifications qu'essuie notre petite ancienne amie. Je la plains d'être dans un Pays où il y a des usages barbares ; certainement, elle n'auroit ici d'autre défaut, que celui d'être trop jeune pour être à la mode : je lui conseille de s'y transporter dans sept ou huit ans ; elle sera encore une jeune & brillante Beauté. Je peux vous assûrer que ni les rides, ni les cheveux gris, ni même un dos courbé, ne font point un obstacle aux conquêtes. Croiriez-vous que Madame de S. H. K. eut pour adorateur un jeune homme de vingt-cinq ans, & qu'un autre à peu près de même âge, fut toujours empressé à donner le bras à la Comtesse d'O-d au sortir de l'Opera? Ce sont cependant les Spectacles que l'on voit tous les jours, & personne n'en est surpris, que moi. Une femme est regardée comme une jeune novice, sans expérience jusqu'à l'âge de trente-cinq ans, & quelquefois elle ne fait du bruit dans le monde qu'à quarante. Je ne sais, Milady, ce que vous penserez de tout ceci ; pour moi, je vous assûre que je suis charmée de savoir que Vienne est un paradis terrestre pour les vieilles femmes ; & je me console du peu de cas qu'on y fait aujourd'hui de moi, parce que je compte y revenir, lorsque je ne pourrai plus me montrer ailleurs. Que je plains ce grand nombre de femmes Angloises, qui sont réduites depuis longtems à faire les prudes ! Si elles étoient ici, elles tiendroient encore le premier rang parmi les Beautés. D'ailleurs, le mot réputation n'a point à Vienne la même signification que nous lui donnons à Londres ; & loin de la perdre, en prenant un Amant, au contraire, on s'en fait une ; parce que les femmes reçoivent plus de considération par le rang de ceux qui leur font la cour, que par celui de leurs maris mêmes. Ce qui doit vous paroître bien plus extraordinaire encore, c'est qu'il n'y a dans cette Ville ni coquettes ni prudes. Aucune femme n'oseroit paroître assez coquette pour écouter deux Amans à la fois , & l'on n'en voit point qui soient assez prudes pour prétendre être fidelles à leurs Maris. Ces derniers sont ici d'une douceur admirable ; ils ont autant d'attentions pour les Amans de leurs femmes , que pour un commis qui les décharge de la partie la plus embar-rassante de leurs affaires: ils n'en sont pas moins occupés pour cela ; chacun d'eux va faire ailleurs la fonc-tion de commis ; en un mot , c'est la coutume à Vienne que chaque fem-me ait deux Maris , l'un qui en porte le nom , l'autre qui en fait les fonc-tions ; & les engagemens sont si con-nus , que ce seroit faire un affront à une femme de qualité , de l'inviter à dîner , sans inviter en même tems ses deux suivans , son Amant & son Mari : elle ne manqueroit pas même d'en marquer son ressentiment. Elle se place entr'eux avec beaucoup de gravité. Les sous-mariages durent ordinairement vingt ans de suite, & souvent la Maitresse ruine totalement son Amant. Ces liaisons sont plus souvent formées par l'usage que par l'amour. Un homme est peu consideré, lorsqu'il n'est attaché à personne ; & sitôt qu'une femme est mariée, elle cherche un Amant, pour faire partie d'un équipage sans lequel elle ne peut être agréable. L'Amant commence par assûrer à sa Maîtresse une pension, qu'il seroit toujours forcé de lui payer, quand même il cesseroit de la voir : j'imagine que c'est la veritable cause de ces exemples étonnans de constance qu'on voit ici. Je pourrois vous nommer plusieurs femmes de la premiere qualité, dont les pensions sont aussi connues que leur patrimoine, sans qu'elles en soient moins estimées = leur conduite, au contraire, seroit suspecte, si on les soupçonnoit de ne rien recevoir de leur Amant, & elles mettent de la rivalité à se faire donner la plus forte pension : en un mot, c'est un deshonneur parmi elles, d'être sans intrigue. Une de ces Dames, avec qui je suis fort liée, me dit hier que je lui avois beaucoup d'obligation, d'avoir pris ma défense dans une conversation qu'on avoit tenue à mon sujet. On y soutenoit que je n'avois pas le sens commun, puisque depuis quinze jours que j'étois à Vienne, je n'avois fait aucune démarche pour lier une intrigue. Elle répondit, selon ce qu'elle m'a rapporté, qu'il étoit injuste d'attribuer à la stupidité, ce qui ne devoit l'être qu'à l'incertitude de mon départ ; & voilà tout ce qu'elle put trouver pour ma justification. Il m'arriva hier au soir une aventure bien singuliere : je vais vous la raconter, afin de vous donner une idée de la maniere dont les hommes déclarent ici leur passion. J'étois chez la Comtesse de ***, qui tenoit assemblée : le jeune Comte de *** me donna la main pour descendre l'escalier ; il profita de cette occasion, pour me demander si je comptois rester longtems à Vienne. Je lui répondis que je ne pouvois rien décider à ce sujet ; que cela dépendoit uniquement de la volonté de l'Empereur. Hé bien ! reprit-il, que votre séjour y soit long ou non, vous devriez au moins y passer le tems agréablement, & y engager une petite affaire de cœur. Mon cœur, répondis-je d'un ton assez sérieux, ne s'engage pas facilement ; d'ailleurs, j'ai dessein de le garder. Cette réponse, reprit-il encore en soupirant, m'annonce que je ne dois pas y prétendre ; ce qui m'afflige d'autant plus que je vous aimois sincerement. Je veux, cependant, vous obliger ; puisque vous ne me trouvez pas digne de vous, faites-moi connoître celui d'entre nous qui vous plaît le plus, & je vous promets d'arranger cette affaire à votre satisfaction. Jugez comment j'aurois reçu un pareil compliment à Londres ; mais je connoissois assez l'usage de Vienne, pour sentir qu'il cherchoit sincerement à m'obliger. Je le remerciai du zèle qu'il me marquoit, & me contentai de l'affûrer que je n'avois pas l'intention d'en profiter. Vous voyez, ma chere, que la galanterie & la bonne éducation varient autant dans les différens climats, que la Morale & la Religion. Qui sont ceux qui ont les meilleures notions de l'une & de l'autre ? c'est ce que nous n'apprendrons qu'au jour du Jugement ; grand jour d'éclaircissement, dont l'éloignement ne cause, je vous l'affûre, aucune impatience à votre, &c.",,vol1_59,fr
XI,LETTRE XI.,A Madame J***.,Vienne,le 26 Septembre 1716. Vieux style.,"LA Lettre que j'ai reçue de vous m'a fait un sensible plaisir, parce que je vous aime sincerement ; elle me feroit, au contraire, beaucoup de peine, si je vous aimois moins. L'aversion extrême que j'ai pour l'écriture, me fait trembler à la seule idée d'une nouvelle correspondance. Je crois avoir désobligé au moins une douzaine de mes connoissances de Londres, en ne voulant pas entretenir un commerce de Lettres avec elles. J'étois cependant convaincue qu'il auroit été amusant : mais j'ai refusé la satisfaction de lire des choses agréables, pour n'être pas obligée d'en écrire d'insipides. Le plaisir que j'ai de recevoir des preuves de votre amitié, triomphe de mon aversion : je crains cependant que ma réponse ne vous fasse regretter la peine que vous avez prise de m'écrire. Ce n'est pas de l'Autriche qu'on reçoit des Lettres pleines de vivacité, & le flegme du pays m'a déjà gagnée ; on en met jusques dans les querelles & la galanterie ; il n'y a que le cérémonial qui en soit exempt ; c'est lui qui développe toute la vivacité dont les Autrichiens sont capables. Deux carosses se rencontrant, il y a peu de tems, dans une rue fort étroite, pendant la nuit : les Dames qui étoient dedans se disputerent entr'elles le pas ; & ne pouvant décider laquelle devoit reculer, elles resterent dans leur voiture jusqu'à deux heures du matin. Elles étoient décidées l'une & l'autre à périr, plutôt que de céder sur un point de cette importance ; & la rue n'auroit été débarrassée qu'à leur mort, si l'Empereur n'avoit envoyé ses Gardes pour les séparer : elles refuserent encore mutuellement de céder le pas ; & l'on ne vint à bout de les séparer, que lorsqu'on eut imaginé de les faire sortir toutes deux de leurs carosses, & entrer dans une chaise à porteur exactement au même tems. On eut beaucoup de peine à mettre les Cochers à la raison ; ils étoient aussi entêtés sur le pas, que leurs maitresses mêmes. Les femmes ne regrettent leur mari, que parce qu'elles perdent leur rang, les veuves n'en ayant aucun à Vienne. Dans cette sorte de point d'honneur les hommes n'en cèdent point aux femmes : non-seulement ils dé- daignent d'épouser des femmes d'une naissance au-dessous de la leur, mais même de leur faire l'amour. Ils font, en vérité, plus attentifs à la généalogie de leur maitresse, qu'à sa beauté. Une femme qui peut compter parmi ses ancêtres des Comtes de l'Empire, n'a besoin ni de beauté, ni de sagesse, ni de bien pour trouver un mari. Il est vrai que les hommes ne tirent pas grand avantage de la richesse de leurs femmes, parce que les Loix d'Autriche restreignent la dot de celles-ci à deux mille florins, & le bien qu'elles ont au-delà reste tout entier à leur disposition : ainsi, il y a ici quantité de femmes beaucoup plus riches que leurs Maris, lesquels sont encore obligés de leur fournir l'argent nécessaire à leurs menus plaisirs, & selon leur qualité. Ces Loix & ces Coutumes font, sans doute, la cause de la grande liberté dont elles jouissent. Je suis persuadée que, connoissant mon extrême indifférence, même mon aversion pour tout ce qui s'appelle cérémonial, vous me plaignez beaucoup d'être dans un pays où l'on en fait son unique occupation. Je suis cependant un objet d'envie pour les femmes de Vienne : j'ai, selon l'usage, le pas sur toutes; mais l'on fait bien rendre compte aux pauvres Envoyés du respect que l'on est forcé d'avoir pour les Ambassadeurs : on les traite d'une maniere qui révolteroit mon indifférence même. Ils n'ont point d'entrée à la Cour les jours de cérémonie; dans les autres, ils n'entrent & ne sont salués que les derniers. Enfin il faudroit un volume entier pour vous détailler toutes les céré- monies , & je ne me suis déjà que trop étendue sur un sujet si insipide qui fixe cependant toute l'attention du peuple. Jugez à présent si je m'amuse beaucoup ici. Je suis, &c.",,vol1_67,fr
XII,LETTRE XII.,A Milady de ***.,Vienne,le 1. Octobre 1716. Vieux style.,"VOus me demandez un détail sur les modes de Vienne ; vous voulez même que je vous fasse une description de cette Ville : je suis toujours prête à vous obéir ; mais vous aurez la bonté de prendre ma volonté pour le fait. Si j'entreprenois de vous marquer toute la différence qu'il y a entre les modes de ce pays & les nôtres, il me faudroit une rame entiere de papier, encore ne vous marquerois-je que des choses très-insipides. Les femmes de Vienne ne ressemblent aux Françoises ou aux Angloises, qu'en ce qu'elles ont, comme elles, des jupes ; mais les premieres ont des usages qui leur font tout particuliers. Les veuves ne peuvent jamais, sans indécence, porter du verd, ni du couleur de rose; toutes les autres couleurs, même les plus éclatantes, leur font permises. Les assemblées font l'amusement ordinaire. Il n'y a jamais Opéra qu'à la Cour, & l'on n'y en donne que dans des cas particuliers. Madame Rabutin tient assemblée à son Hôtel régulierement tous les soirs. Les autres Dames en tiennent toutes les fois qu'il leur plaît de faire voir la magnificence de leurs appartemens, ou qu'elles veulent donner à quelqu'un des marques de considération le jour de sa fête. Dans ce dernier cas, elles font annoncer que l'assemblée se tiendra chez elles en l'honneur du Comte, ou de la Comtesse de .... Cela s'appelle jour de Gala. Tous les parens & amis de la Dame dont on célebre la fête sont obligés d'y paroître avec la plus grande parure. La Maîtreſſe de la maiſon n'eſt af-treinte à aucun cérémonial ; elle ne va prier perſonne en particulier ; & ſe trouve à ſon aſſemblée qui veut. On préſente à la compagnie des glaces de pluſieurs eſpèces, hiver & été ; après quoi les uns jouent à l'ombre ou au piquet ; les autres for-ment des cercles de converſation. Tout jeu de hazard y eſt défendu. On tint l'autre jour le Gala pour la fête du Comte d'Altheim, favori de l'Empereur. Je n'ai jamais vu tant d'habits riches, & de mauvais goût. On brode à Vienne les plus belles étoffes, & on ne les charge d'or, que pour les rendre plus cheres. Les jours ordinaires, les femmes por-tent une écharpe, & mettent deſſous tel habit qu'il leur plaît. Pendant que je ſuis ſur l'article de Vienne, il faut que je vous parle des Couvents. Il y en a de toute espéce; mais je donnerois la préférence à celui de S. Laurent : il y regne une propreté & une honnête liberté qui m'ont bien plus édifiée que ces austérités qu'on pratique dans les autres Monastères, au milieu d'une saleté continuelle, qui doit rendre la vie insupportable. Le nombre des Religieuses du Couvent de S. Laurent est d'environ cinquante. Elles font toutes de qualité : les cellules font très-propres, & toutes remplies de tableaux plus ou moins précieux, selon la qualité de celles qui les occupent. Le long de ces cellules, il regne une galerie bâtie en pierre blanche, & garnie des portraits de toutes les Sœurs qui, par leur exemple, ont édifié la maison. La Chapelle est très-propre & richement dorée. Rien ne sied mieux que l'habit de ces Religieuses. Leur robe est blanche; les paremens des manches & leur coëffe sont de coton des Indes. Elles ont sur leur tête un petit voile noir qui leur pend par derriere. Il y a dans ce Couvent une autre classe de Religieuses, qui font auprès d'elles la fonction de femmes de chambre. Les premieres reçoivent la visite de toutes les femmes ; elles jouent à l'Ombre dans leur chambre ; il est vrai qu'elles sont obligées d'en demander la permission à l'Abbesse, qui ne la leur refuse jamais: quoiqu'âgée d'environ quatre-vingts ans, elle est fort vive & très-gaie ; enfin elle n'a aucune infirmité de la vieillesse. Je ne connois point de vieille fille qui ait un caractère aussi agréable que cette Abbesse. Elle m'a fait présent de plusieurs jolis ouvrages qu'elle a faits elle-même, & de beaucoup de confitures. La grille de ce Couvent n'est pas serrée ; on pourroit facilement y passer la tête ; je crois même qu'un homme un peu moins gros qu'à l'ordinaire y passeroit facilement tout le corps. Le jeune Comte de Salamis y vint pendant que j'y étois ; l'Abbesse lui donna sa main à baiser. Je fus surprise de trouver dans ce Couvent la seule jeune & belle personne qui soit à Vienne. Elle est belle & jolie en même tems ; mais elle est encore plus agréable par la vivacité de son esprit, & la douceur de son caractère, que par sa charmante figure ; elle a fait enfin l'admiration de la Ville. Je ne pus cacher l'étonnement où j'étois de voir qu'une telle personne fût Religieuse. Elle me dit des choses fort obligeantes, & me pria de la venir voir souvent. Ce sera pour moi, ajoûta-t-elle en soupirant, un plai- sir infini : j'évite, avec grand soin, de voir mes anciennes connoissances, & toutes les fois qu'il en vient quelqu'une ici, je me renferme dans ma cellule. Les larmes lui vinrent aux yeux; j'en fus attendrie, au point que je lui parlai d'un ton de compassion. Elle ne voulut pas convenir qu'elle étoit malheureuse. J'ai fait bien des recherches pour connoître la véritable cause de sa retraite, & j'ai seulement appris que tout le monde en étoit étonné comme moi, sans en savoir davantage. Je lui ai rendu plusieurs visites ; mais je ressens du chagrin toutes les fois que je vois une si belle personne enterrée toute vive. Je ne suis pas étonnée que des Religieuses ayent si souvent inspiré de violentes passions ; la pitié qu'on sent naturellement pour ces filles, sur-tout lorsqu'elles paroissent mériter une autre destinée, porte facilement le coeur à des sentimens plus tendres. Mon éloignement pour la Religion Romaine augmente beaucoup depuis que je vois la misere qu'elle cause à tant de femmes, & la superstition du peuple, parmi lequel il se trouve toujours quelqu'un qui va offrir des morceaux de chandelle à des figures de bois qui sont plaquées dans presque toutes les rues. Les Processions que je vois souvent ne font autre chose qu'un faste très-bizarre. Dieu sait si c'est par esprit de contradiction ; mais je n'eus jamais tant d'aversion pour le Papisme. Je suis, ma chere, &c.",,vol1_73,fr
XIII,LETTRE XIII.,A Mr. ***.,Vienne,le 10 Octobre 1716. Vieux style.,"JE ne mérite nullement les reproches que vous me faites. Si j'ai différé quelque tems à vous répondre, ce n'est point que j'ignore combien je vous dois de remercîmens. Soyez persuadé qu'il n'y a aucun plaisir que je ne sacrifie à celui de vous donner de mes nouvelles, & d'en recevoir des vôtres. Malgré les protestations d'estime que vous me faites, je differerai, autant que je pourrai, de vous prouver que vous êtes dans l'erreur, si vous croyez sérieusement que mes Lettres vous amuseront. Je suis mortifiée, d'avance, de l'étonnement que vous causera votre méprise, malgré le soin que j'ai pris pour découvrir quelque chose qui soit digne de votre curiosité. J'ai examiné, avec beaucoup d'attention, tout ce qu'il y a à voir ici. On y trouve quelques belles maisons de campagne, particulierement celle du feu Prince de Lichtenstein ; mais il n'y a que des statues modernes ; les tableaux même ne sont pas des meilleurs Maîtres : il est vrai que l'Empereur en a quelques-uns de grand prix. J'allai hier voir son trésor : il paroît que, pour le garnir, on a plus songé à la quantité qu'à la qualité. J'y passai plus de cinq heures, & quoiqu'il y ait beaucoup de choses, j'y en trouvai peu qui méritassent attention. Il est dans une très-longue galerie qui est remplie des deux côtés*, & dans cinq grandes chambres qui font aussi toutes pleines. On y voit beaucoup de tableaux, parmi lesquels il y a de belles mignatures : les plus beaux sont du Corrége; car ceux du Titien sont à la Favorite. Le cabinet des pierreries m'a paru moins riche que je le croyois. On m'y a montré une coupe à peu près de la grandeur d'une tasse à thé; elle est d'une seule émeraude : on a tant de respect pour elle, qu'il n'est permis qu'à l'Empereur d'y toucher. Il y a un autre grand cabinet rempli de pièces de méchanique : je n'y en ai trouvé qu'une digne d'attention ; c'est une écrevisse, dont les mouvemens sont si artistement faits, qu'on la croiroit naturelle. Dans un autre cabinet est une collection d'agathes, parmi lesquelles il y en a d'extrêmement belles, & d'une grosseur peu commune. On y voit, en outre, plusieurs vases de lapis lazuli. Le cabinet de médailles est si pauvre, que j'en ai été surprise ; je n'y en ai vu aucune de prix, & en général il est en mauvais ordre. Parmi les antiques, il s'en trouve très-peu qui en méritent le nom. En les voyant, je dis naturellement qu'elles étoient modernes ; & je ne pus m'empêcher de rire en entendant le savant Antiquaire répondre qu'elles étoient assez anciennes : car il y avoit quarante ans qu'il les voyoit dans ce lieu. Le cabinet suivant m'a encore plus amusée que la réponse de l'Antiquaire. On n'y voit que des petits enfans de cire, & des joujous garnis de pierreries : deux chambres sont toutes remplies de ces bagatelles. On m'a fait observer un Crucifix, qu'on m'a assuré avoir parlé très-sagement à l'Empereur Léopold. Je veux vous épargner l'ennui de lire le catalogue du reste. Je ne peux cependant oublier un petit morceau d'aimant qui tient en l'air une ancre d'acier qu'il m'est impossible de lever de terre. C'est ce que j'ai trouvé de plus curieux dans le trésor. Il y a quelques têtes antiques ; mais on les a presque toutes défigurées par des additions modernes. Je prévois que ma Lettre vous ennuiera , & je n'ose m'excuser sur la stérilité de l'objet ; je vous demande seulement grace pour l'insuffisance de votre, &c.",,vol1_81,fr
XIV,LETTRE XIV.,A la Comtesse de ***.,Prague,le 17 Novembre 1716. Vieux style.,"SI, pour être convaincue de mon sincere attachement, il vous en falloit, ce que je ne crois pas, ma chere Sœur, de nouvelles preuves, je ne pourrois vous en donner une plus forte qu'en vous écrivant dans l'état de fatigue où je suis, après avoir couru la poste trois jours & trois nuits. Le Royaume de Bohème est le Pays le plus désert que j'aye vu en Allemagne. Les Villages y sont si misérables, qu'à peine les voyageurs trouvent-ils, même dans les Auberges où l'on prend la poste, de l'eau & de la paille fraîche. J'avois mon lit avec moi, mais je ne savois où le placer; & j'aimois mieux voyager toute la nuit enveloppée de ma fourrure, que d'aller dans les poëles respirer toutes sortes de mauvaises odeurs. Prague étoit autrefois la résidence des Rois de Bohème, & l'on y voit encore quelques restes de son ancienne splendeur: c'est une des plus grandes de l'Allemagne; mais elle est bâtie à l'antique, & il y a très-peu d'habitans: ce qui est cause que les logemens y font à très-bon marché. Les gens de qualité, qui n'ont pas assez de bien pour vivre à Vienne, vont s'établir à Prague : on y tient des assemblées; on y donne des concerts ; enfin, on s'y procure tous les amusemens qu'on peut trouver loin de la Cour. Tout y est en abondance, principalement le gibier, qui est excellent. J'ai déjà reçu la visite des premieres femmes de la Ville, desquelles j'ai connu la Famille à Vienne. On suit ici les modes de la Capitale, dans le même goût qu'on suit à Exceter celles de Londres : c'est-à-dire, qu'on enchérit sur les modeles. Enfin, l'habit des femmes de Prague est singulier, au point qu'il faudroit, pour qu'un étranger sçût qui le porte, qu'on mît sur leur dos : c'est une femme. Je vous assûre que cette indication est aussi nécessaire que celles qui font sur les tableaux des barbouilleurs, sans quoi on ne sauroit ce qu'ils ont voulu peindre. Je ne manquerai pas de vous écrire de Dresde & de Leipsick ; car je suis décidée à ne me jamais livrer au repos, qu'après avoir satisfait votre curiosité. Je suis, &c.",,vol1_85,fr
XV,LETTRE XV.,A la Comtesse de ***.,Leipsick,le 21 Novembre 1716. Vieux style.,"J'ESPERE que vous me pardonnerez facilement, ma chere Soeur, de ne vous avoir point écrit de Dresde, comme je vous l'avois promis, lorsque vous saurez que je ne suis point sortie de ma chaise, depuis Prague jusqu'ici. Jugez combien je devois être fatiguée d'avoir couru la poste vingt-quatre heures sans dormir, & sans prendre de rafraîchissement ; car il m'est impossible de dormir dans une voiture, quelque lasse que je sois. Nous avons passé, au clair de la lune, les précipices affreux qui séparent la Bohème de la Saxe, & au bas desquels coule l'Elbe. Je n'avois pas lieu de craindre d'être noyée dans cette riviere ; car il est certain que, si nous avions versé, j'aurois été morte avant d'arriver au bas de ces rochers. Le chemin est si étroit en quelques endroits, que je ne voyois pas un pouce de distance entre les roues & le précipice. J'ai cependant eu assez de bonté pour ne pas éveiller Mylord M***, qui dormoit d'un profond sommeil à côté de moi, & lui faire partager ma crainte dans un si pressant danger. Cependant la clarté de la lune m'ayant fait appercevoir que nos postillons sommeilloient, pendant que nos chevaux alloient au grand galop, je ne pus m'empêcher de les appeller & de leur dire de faire attention au lieu où nous étions. Ma voix éveilla Mylord, qui fut encore plus effrayé que moi de la situation où nous nous trouvions : il m'assura qu'il avoit passé cinq fois les Alpes en différens endroits, & que jamais il n'y avoit trouvé des chemins aussi dangereux. J'ai appris depuis qu'on voyoit assez souvent des corps de voyageurs dans l'Elbe ; mais, grace à Dieu, nous n'avons pas eu cette triste destinée. Après avoir passé ces affreux rochers, nous découvrîmes Dresde, dont la situation est très-agréable : elle est dans une vaste plaine sur le bord de l'Elbe. Je fus bien aise d'y passer un jour pour me reposer. De toutes les Villes que j'ai vues en Allemagne, c'est la plus propre. Les maisons y sont presque toutes bâties à neuf; le Palais de l'Electeur est très-beau ; son trésor est rempli de raretés de différentes especes ; il y a une collection de médailles fort estimée. Le Chevalier *** envoyé de notre Roi m'a rendu visite, aussi-bien que Madame de L*** que j'avois connue à Londres, lorsque son mari y étoit en qualité d'Envoyé de Pologne ; elle a fait tout ce qu'elle a pu pour me procurer de l'amusement ; elle m'a présenté plusieurs Dames de sa connoissance. Il y a autant de différence entre elles & les Autrichiennes, qu'il y en a entre les Chinoises & les Angloises. Les Saxonnes se mettent proprement à la mode des Angloises & des Françoises; elles m'ont paru en général assez jolies; mais elles sont si minaudieres, qu'elles croiroient manquer essentiellement aux regles de la bonne éducation, si elles prononçoient un seul mot, & faisoient le moindre geste d'une maniere naturelle. Pour avoir un parler doux, elles affectent toutes de graffeyer, & leur demarche est généralement guindée : au reste, la foiblesse de leur sexe fait leur excuse; & l'on doit être indulgent à leur égard, en faveur de la bonté qu'elles ont pour les étrangers : je vous jure que je suis dans le cas de m'en louer. La Comtesse de Cozelle est détenue prisonniere dans un triste Château, à quelques lieues de Dresde. Voici l'hif- toire que l'on met sur son compte ; elle est bien singuliere : mais ce sera plutôt un paquet qu'une lettre que je vous enverrai. Cette Comtesse étoit la Maitresse du Roi de Pologne, Electeur de Saxe ; elle avoit tant de pouvoir sur l'esprit de ce Prince, qu'aucune femme n'a jamais été si ab-solue dans cette Cour. Le Monarque, pour lui déclarer sa passion, alla chez elle, tenant d'une main un sac de cent mille écus, de l'autre un fer à cheval, qu'il rompit en sa présence, pour lui donner en même-tems des preuves de sa force & de sa générosi-té. Je ne sais laquelle des deux qualités plut davantage à la Dame; ce qu'il y a de certain, c'est qu'elle quitta son mari, pour être toute entiere au Roi: elle fit même un divorce public avec le premier; de maniere que, selon les loix du Pays, il lui fut permis de se remarier. Le Roi eut, sans doute dans un transport amoureux, la foi- blesse de passer un contrat de mariage avec sa nouvelle Maitresse : quoique ce contrat fût nul, puisque la Reine vivoit encore, la Comtesse en fut si flattée, qu'elle le fit voir à tous ceux qu'elle connoissoit, & qu'elle prit même le ton de Reine. Les hommes souffrent tout dans l'excès de leur amour ; mais la réflexion leur vient toujours, quand une longue jouissance a calmé leur passion. Le Roi sentit combien il étoit imprudent de laisser un tel acte entre les mains de cette femme : il la pria de le lui rendre ; mais ce fut en vain ; elle a plutôt souffert les plus cruels effets de la colere du Prince, que de le satisfaire. Malgré son avarice, elle a refusé une pension considérable, avec une garantie des sommes immenses qu'elle a amassées : elle a, enfin, porté le Roi à la renfermer dans un Château, où, mal- gré les horreurs d'une étroite prison, elle résiste toujours aux menaces & aux promesses. Le chagrin lui a causé des accès de fiévre qui la conduiront vraisemblablement bientôt au tombeau. Je ne puis refuser quelques sentimens de compassion à une femme qui souffre pour un point d'honneur, quoique mal entendu ; surtout dans un Pays où les femmes se piquent si peu d'en avoir. Je souhaiterois que les affaires de Milord M*** lui permissent de faire un plus long séjour à Dresde. Peut-être, suis-je prévenue en faveur de cette Ville, parce qu'on y professe la Religion Protestante ; mais tout m'y annonce une politesse bien différente de celle que j'ai trouvée ailleurs. Leipsick, où je suis actuellement, est une Ville très-considérable par son commerce, & je profite de l'occasion pour acheter des livrées de Pages, & des étoffes d'or pour moi, &c. &c. elles coûtent ici moitié moins qu'à Vienne, soit parce qu'on en fait un usage excessif dans cette derniere Ville, soit parce que le peuple n'a ni industrie ni activité ; il est certain que les Dames de Vienne sont obligées de faire venir de Saxe jusqu'à leurs souliers. La Foire de Leipsick est une des plus considérables d'Allemagne ; c'est le rendez-vous de la Noblesse & des Commerçans. Cette Ville est bien fortifiée ; mais je ne fais jamais la description des Fortifications, parce que je n'y entends rien. Convaincue que vous me pardonnerez cette omission, je suis tranquille sur mon ignorance. D'ailleurs, si je vous faisois une exacte description de tous les ravelins, de tous les bastions que je vois dans mes voyages, vous me demanderiez ce que c'est qu'un ravelin, qu'un bastion. Adieu, ma chere Soeur.",,vol1_89,fr
XVI,LETTRE XVI.,A la Comtesse de ***.,Brunswick,le 23 Novembre 1716. Vieux style.,"J'ARRIVE dans l'instant à Brunswick, ville très-ancienne, & Capitale des Etats du Duc de Wolfenbuttel. Cette Maison est très-illustre : elle a l'avantage d'avoir donné deux Impératrices à l'Allemagne, & de voir aujourd'hui sa branche cadette sur le Trône d'Angleterre. J'ai bu à votre santé avec du Mum*, qui passe, à juste titre, pour être la meilleure boisson que l'on puisse trouver en ce genre. Voici la troisieme Lettre que je vous écris pendant mon voyage ; mais je vous déclare que, si vous ne me donnez incessamment un détail de toutes les aventures qui sont arrivées à nos connoissances de Londres, je ne vous enverrai aucune description de Hanovre, où je compte arriver ce soir, quoique je n'ignore pas combien cette Ville vous intéresse.",* C'est une espece de bierre en usage à Brunswick.,vol1_97,fr
XVII,LETTRE XVII.,A la Comtesse de B***.,Hanovre,le 25 Novembre 1716. Vieux style.,"JE n'ai reçu votre Lettre que la veille de mon départ de Vienne, quoique, selon la date, j'eusse dû la recevoir beaucoup plutôt ; mais la poste est fort mal reglée dans presque toute l'Allemagne. Je vous assûre que le paquet de Lettres de Prague à Dresde fut pendant toute la route derriere ma chaise ; ainsi les secrets de la moitié des habitans ont été à ma discrétion. Je ne veux pas tarder plus long-tems à vous remercier de votre Lettre, quoique le grand nombre de connoissances que j'ai ici, & l'obligation où je suis d'aller à la Cour, me laissent peu de tems libre.
Je suis charmée de pouvoir vous dire, sans flatterie ni partialité, que notre jeune Prince a toutes les perfections que l'on peut désirer à son âge. Il a un air vif & plein d'intelligence ; des manieres si aisées & si prévenantes, qu'il n'a pas besoin des avantages de la naissance pour être charmant. J'eus l'honneur de converser avec lui hier au soir, avant l'arrivée du Roi. Son Gouverneur se retira pour le laisser parler sans gêne, comme il me l'a dit depuis, afin que je pusse juger de son génie. Je fus étonnée de sa politesse, & de la sagacité de son esprit. Je ne vous parlerai ni des agrémens, ni des beaux cheveux blonds de la Princesse. La Ville de Hanovre n'est ni grande, ni belle ; mais le Palais pourroit contenir une Cour plus nombreuse que celui de Saint James. Le Roi a eu la bonté de nous y donner un logement ; ce qui nous a tirés d'un très-grand embarras : car il y a ici une si prodigieuse quantité d'Anglois, qu'on a beaucoup de peine à trouver même une misérable chambre dans une taverne. J'ai dîné aujourd'hui avec l'Ambassadeur de Portugal, qui se trouve fort heureux d'avoir trouvé deux assez vilaines salles dans une Auberge. A présent que j'ai parcouru l'Allemagne, je fais une remarque ; c'est qu'on n'y trouve point, comme en Angleterre, ces belles maisons de plaisance des grands Seigneurs ; on n'y en trouve pas même qui approchent de celles de nos Gentilshommes de campagne, quoiqu'il y ait des situations extrêmement belles. Tout étant partagé en souverainetés absolues, les richesses & la magnificence ne font qu'à la Cour, ou chez les Négocians, qui, pour la commodité de leur commerce, sont toujours dans les Villes, comme à Nuremberg & à Francfort. Les Comédiens François du Roi jouent ici tous les soirs ; ils sont fort bien habillés : & il y a parmi eux quelques Acteurs assez bons. Sa Majesté dîne & soupe ordinairement en public. La Cour est fort nombreuse. L'affabilité, & la bonté du Prince, rendent cette Ville une des plus agréables du monde. Je suis votre, &c.",,vol1_99,fr
XVIII,LETTRE XVIII.,A Myladi R***.,Hanovre,le premier Octobre 1716. Vieux style.,"JE suis bien flattée, ma chere Myladi, que la nouvelle de mon retour en Angleterre vous ait fait tant de plaisir ; mais elle n'est appuyée sur aucun fondement. Je crois que vous me connoissez assez, pour vous en rapporter plutôt à ma parole, qu'aux bruits qui se répandent à mon sujet. Quoique je sois plus près de Londres que je ne l'étois il y a quelques semaines, cependant je n'en ai jamais été si éloignée, suivant mon projet. Je vous avoue que je verrois avec plaisir approcher le moment de vous revoir, ainsi que celles qui partagent mon estime avec vous ; mais Milord M*** ayant pris la ré- solution de poursuivre son dessein ; j'ai pris celle de l'accompagner. Je ne m'apperçois pas que ma plume coule, & que je deviens prolixe, comme tous ceux qui parlent d'eux-mêmes. Pour changer de matiere, je vous dirai que je suis dans la région de la Beauté : toutes les femmes, en général, ont des joues de rose, le front & la gorge blancs comme de la neige, les sourcils noirs comme du jais, les lévres rouges comme du corail, & presque toujours les cheveux de la couleur des sourcils : c'est enfin un spectacle charmant, que de voir ces femmes aux flambeaux. Mais il n'y a pas assez de variété dans ces beautés ; elles se ressemblent presque toutes. Le froid est déja très-vif ici. La neige est épaisse, & l'on commence à glisser dans des traîneaux ; ce qui fait un grand amusement dans toute l'Allemagne. Ces traîneaux sont de petites voitures, qui peuvent contenir une Dame & un Cavalier; elles sont traînées par un seul cheval; c'est le Cavalier qui mene, & l'on va d'une prodigieuse vitesse. La Dame est toujours bien parée; l'on a soin de décorer le cheval & le traîneau. Lorsqu'il s'en rencontre une certaine quantité, c'est un spectacle assez agréable. On voit quelquefois de ces voitures à Vienne, qui coûtent cinq ou six cents livres sterling; car, dans cette Ville, la magnificence y est portée à l'excès. Le Duc de Wolfenbuttel est actuellement ici. Vous n'ignorez pas qu'il est proche parent de notre Roi, & oncle de l'Impératrice, qui, selon moi, est la plus belle femme du monde. Elle est enceinte; ce qui console un peu la Cour Impériale de la mort de l'Archiduc. Lorsque j'allai prendre congé de cette aimable Princesse, elle me parla de la mort de son fils d'une maniere si touchante, que j'eus peine à retenir mes larmes. Vous me connoissez assez, pour être convaincue que ce n'est point son rang qui me prévient en sa faveur ; mais j'aime cette charmante femme pour ellemême, s'il m'est permis de me servir d'une expression si familiere à son égard ; & quand même je ne l'aimerois pas, je serois fort sensible à la mort tragique d'un jeune Prince qui avoit été si long-tems desiré, & qui n'est mort que par la négligence de ceux à qui on l'avoit confié. Adieu, ma chere Myladi; continuez de m'aimer, & croyez que personne n'est plus reconnoissante de vos bontés que votre, &c.",,vol1_103,fr
XIX,LETTRE XIX.,A la Comtesse de ***.,Blanckenbourg,le 17 Octobre 1716. Vieux style.,"JE reçus votre Lettre, ma chere Soeur, le jour que je partis de Hanovre. Mes occupations ne me permirent pas d'y répondre sur le champ; mais, pour me procurer ce plaisir, je saisis, comme vous voyez, la premiere occasion qui se présente. J'arrivai ici le 15 au soir très-tard & très-fatiguée : les chemins étoient impraticables, & le tems étoit fort mauvais. Je n'ai essuyé cette fatigue que pour obliger l'Impératrice regnante, qui m'a chargée d'une commission auprès de la Duchesse de Blanckenbourg, sa mere. C'est une Princesse remplie de talens & de dou- ceur ; on pourroit l'appeller encore une belle femme. Il étoit si tard lorsque j'arrivai dans cette Ville, que je ne crus pas devoir interrompre le Duc & la Duchesse ; je passai la nuit dans une mauvaise Auberge ; le lendemain, aussitôt que j'eus fait saluer Leurs Altesses de ma part, elles m'envoyerent leur carrosse : quoiqu'il fût attelé de six chevaux, j'eus peine à parvenir au haut de la montagne sur laquelle le Château est situé. La Duchesse a bien des bontés pour moi ; en général, cette petite Cour est assez gaie. Le Duc taille tous les soirs à la Bassette ; la Duchesse m'a dit qu'elle jouoit moins qu'à l'ordinaire, parce qu'elle aimoit beaucoup à converser avec moi. Pour vous écrire, je profite du moment qu'elle est à l'Eglise. Comme je n'entends pas la langue du pays, je ne vais point à l'Office Vous me sauriez mauvais gré de ne vous dire rien de Hanovre. Cette Ville n'est ni belle, ni grande. La Salle de l'Opéra, que le feu Electeur fit bâtir, l'emporte sur celle de Vienne. Je suis bien fâchée que le mauvais tems m'ait privée du plaisir de voir Hernhausen dans tout son éclat : la neige ne m'a cependant pas empêché de connoître la beauté des jardins. J'ai été surprise d'y trouver un si grand nombre d'orangers, & beaucoup plus gros que ceux qu'on voit en Angleterre, quoique le climat soit plus froid à Hanovre. Ce qui me surprit davantage, fut de voir servir le même soir sur la table du Roi deux grandes corbeilles remplies d'oranges, & de limons mûrs, parmi lesquels il s'en trouvoit d'une espece qui m'est inconnue; & en outre, deux ananas mûrs, qui me parurent être d'un prix beaucoup au-dessus du reste ; car ce fruit est délicieux à mon goût. Ce beau présent avoit été fait à Sa Majesté par un Gentilhomme du pays. Je crus que ces ananas étoient venus à Hanovre par miracle : vous savez que c'est un fruit du Brésil ; mais on m'a appris qu'on avoit porté, dans ce pays, les poëles à une telle perfection, qu'on y faisoit durer l'été autant qu'on le vouloit, & qu'on donnoit aux plantes étrangeres le même degré de chaleur qu'elles recevoient des rayons du soleil dans le pays d'où on les avoit enlevées. Cela est vrai, à peu de chose près, & je m'étonne qu'on ne le pratique pas en Angleterre. Pourquoi, d'un autre côté, nous obstinons-nous à trembler de froid huit mois de l'année, plutôt que de faire usage des poëles qui sont certainement une des grandes commodités de la vie? Loin de faire un mauvais effet dans une chambre, ils l'ornent, au contraire, lorf-qu'ils sont peints & dorés comme ceux de Vienne & de Dresde ; les uns imitent les vases de la Chine, les autres sont faits en forme de sta-tue ; d'autres enfin représentent de beaux cabinets, & cela si artistement, qu'il est aisé de s'y méprendre. Si je retourne jamais en Angleterre, cer-tainement, ma chere Soeur, en dé-pit de la mode, vous en verrez un dans la chambre de votre, &c.

Vous recevrez souvent de mes Let-tres, puisque vous le desirez ; mais je vous prie d'être moins laconique dans les vôtres : vous vous imaginez, sans doute, que je ne suis encore qu'à quarante milles de Londres, & vous ne faites pas attention, qu'après une si longue absence, je ne peux enten-dre à demi-mot.",,vol1_107,fr
XX,LETTRE XX.,A Milady ***.,Vienne,le 1 Janvier 1717. Vieux style.,"JE viens de recevoir une Lettre que vous m'aviez adressée à Hanovre : vous m'y faites compliment sur mon retour en Angleterre. Convenez que l'on ne doit pas toujours croire ce qui passe dans le Public pour une vérité constante, & que vous avez été un peu trop précipitée en vous plaignant que je vous laissois ignorer mon retour, qui est si certain, dites-vous, que tout le monde en est instruit. Vous pouvez dire à tout le monde, de ma part, que personne ne fait si bien mes affaires que moi ; que je suis sûre d'être actuellement à Vienne, où le carnaval est commencé, & où les divertissemens de toute espece sont poussés jusqu'à la possibilité : on n'y voit cependant pas de masques, parce qu'on n'en souf-fre point pendant qu'on est en guerre avec le Turc. Les bals se donnent dans des Places publiques : les hommes payent en entrant un ducat ; il n'en coûte rien aux femmes. On m'a assuré que ces bals produisoient quelquefois mille ducats par nuit. Les Salles où ils se donnent sont magnifiquement décorées ; la musique seroit assez bonne, si elle n'étoit pas entremêlée du son horrible des cors-de-chasse ; mais le bruit que font ces instrumens est si agréable aux Autrichiens, qu'ils le croient nécessaire dans tous les concerts. Le bal finit toujours par des contredanses Angloises : soixante ou quatre-vingts personnes des deux sexes figurent les unes devant les autres, mais avec si peu de graces, que cela est rebutant. On ne con- noît à Vienne qu'une demi-douzaine de ces contredanses ; & on les répete depuis environ cinquante ans. J'aurois souhaité pouvoir en enseigner quelques-unes ; mais ç'auroit été un travail de plusieurs mois.
On donna hier au soir une Comédie Italienne à la Cour : les scènes furent assez jolies ; mais la Comédie en elle-même étoit une farce si triviale & si plate, que je ne conçois pas comment la Cour put s'en amuser pendant quatre heures de suite. Pour Actrices, ce font des hommes qui s'habillent en femmes, & qui affectent une contenance, & des gestes si bizarres, qu'ils enchérissent sur le ridicule même du Spectacle. Mais le froid me fatiguoit encore plus que tout cela : il étoit si violent, que je pensai périr. L'hiver est extrêmement rude ici ; le Danube est entierement gelé : il seroit impossible de soutenir le froid sans les poëles & les fourrures. En général, les hivers sont plus rudes à Vienne qu'à Londres : mais je crois qu'il n'y a pas d'air auſſi sain & auſſi pur que celui qu'on respire dans la premiere de ces Villes. Les vivres y sont en abondance & très-bons ; l'on peut y donner des repas splendides sans beaucoup de dépense. Les marchés sont curieux à voir : on y trouve, en abondance, ce que nous appellons raretés dans notre pays, en gibier, en bêtes fauves, qu'on apporte tous les jours de Hongrie & de Bohême : le coquillage y est cependant rare, & on a une si grande passion pour les huîtres, qu'on en fait venir de Venise, & qu'on mange avec avidité celles qui sont fraîches & celles qui sont gâtées. Je suis fâchée, Milady, de ne pas vous envoyer des détails plus amusans sur Vienne. Vous me blâmez, sans doute, & vous m'accusez de paresse, de ne rien vous apprendre d'agréable & de frappant ; mais je vous jure que c'est l'amour de la vérité, non la paresse, qui m'empêche de raconter ces prodiges que les autres Voyageurs ne manquent jamais d'imaginer, pour intéresser le Lecteur. J'aurois pu faire, il est vrai, un recueil des prodiges qui font arrivés dans tous les lieux par où j'ai passé, & vous en envoyer une liste ; mais vous apprendrois-je une grande nouvelle en vous disant que le Peuple est crédule partout? Vous amuserois-je encore beaucoup, vous qui ne connoissez point les habitans de Vienne, en vous apprenant que le Prince de.... a quitté la Comtesse de...., ou que le Prince un tel a une intrigue avec le Comte un tel ? Je laisse à la Comtesse de *** le plaisir de raconter des historiettes, & je me contente de celui de vous dire, avec vérité, que je suis, &c.",,vol1_112,fr
XXI,LETTRE XXI.,A la Comtesse de ***.,Vienne,le 16 Janvier 1717. Vieux style.,"JE vais m’éloigner de vous pour long-tems, ma chere Sœur, & de Vienne pour toujours : je pars demain pour la Hongrie. Le froid est si violent, les neiges sont si épaisses, qu’il n’y a qu’une obéissance aussi aveugle que la mienne, qui puisse me faire continuer la route ; le courage me manque. L’Impératrice m’a donné mon audience de congé en présence de l’Empereur ; & Leurs Majestés, après m’avoir dit des choses obligeantes, m’ont fait l’honneur de m’inviter à reprendre la route de Vienne à mon retour ; mais tant de fatigue m’effraye. J’ai remis à l’Impératrice une Lettre de la Duchesse de Blankenbourg, à la Cour de laquelle je n'ai pas fait un long séjour, malgré les instances de Son Altesse, qui m'a recommandé, en la quittant, de lui écrire. Vous ne me parlez point d'une longue Lettre que je vous ai envoyée, & que vous avez, sans doute, reçue. Mais je ne vous ai pas fait part d'une singularité qui m'a frappée : c'est que tous les Princes d'Allemagne ont des Nains pour Favoris. On voit deux de ces petits monstres à la Cour Impériale ; ils font laids comme des diables, principalement la Naine. Leurs habits font tout couverts de diamans ; & ils se tiennent à côté de l'Impératrice dans toutes les Places publiques. Le Duc de Wolfenbuttel en a un : la Duchesse de Blankenbourg a une Naine ; c'est la mieux faite que j'aye vue. On dit que le Roi de Dannemarck a tellement enchéri sur cette mode, que son Nain est son premier Ministre. Je ne sais quelle peut être la cause d'un pareil attachement pour ces créatures difformes, si ce n'est la persuasion où sont tous les Princes Souverains, qu'ils s'avilissent en conversant avec d'autres hommes : ne voulant cependant pas rester seuls, ils sont obligés d'avoir pour société le rebut de la Nature humaine : les Nains seuls ont la liberté de leur parler familierement. J'ai un mal de gorge qui me force de garder la chambre : je le supporte avec patience, parce qu'il me sert de prétexte pour ne pas aller dire un éternel adieu à des personnes que j'aime. Les Autrichiens, je l'avoue, n'ont pas beaucoup de politesse ni d'agrément dans la société ; mais, comme à Vienne il y a des gens de toutes les Nations, je m'y étois fait une société de personnes fort aimables par l'esprit & le caractère : quoique le nombre en fût petit, il me seroit cependant très-difficile d'en trouver autant ailleurs : nous nous estimions tous réciproquement au point que nous cherchions à être continuellement ensemble. Vous savez que j'ai toujours regardé une société composée d'un petit nombre de personnes qu'on estime, comme le plus grand bonheur de la vie. On trouve ici des Espagnols des deux sexes : ils ont toute la vivacité & toute la délicatesse de sentiment qu'on attribuoit autrefois à leur Nation. Si je pouvois me persuader que tout le monde leur ressemble en Espagne, je désirerois d'y passer le reste de mes jours. Toutes les Dames de ma connoissance m'aiment au point qu'elles ne me voyent jamais sans verser des larmes, depuis qu'elles savent que je suis déterminée à entreprendre un pénible pénible voyage. Chacune enchérit sur le mal que j'aurai à essuyer : en vérité je suis effrayée d'avance. Le Prince Eugene a eu la bonté de me dire tout ce qu'il a cru capable de m'engager à attendre que le Danube fût dégelé. Il a même poussé la complaisance jusqu'à entrer dans des détails avec moi ; il m'a assuré que rien n'étoit si agréable que de voyager sur l'eau; que les maisons de Hongrie étoient si mal construites, qu'elles ne pouvoient garantir de l'injure du tems ; qu'entre Bade & Esseck on étoit obligé de voyager quatre ou cinq jours sans en trouver une seule; qu'il n'y avoit que des plaines désertes toutes couvertes de neige ; & qu'enfin le froid étoit si grand, que beaucoup de personnes y avoient péri. Cette effrayante image a fait une forte impression sur moi, parce que je suis persuadée que le Prince m'a parlé sincerement, & que personne ne connoît mieux le pays que lui. En lisant le nom de ce grand homme, vous vous attendez, sans doute, à trouver quelque particularité à son sujet, puisque j'ai la satisfaction de le voir très-souvent : mais je ne suis pas plus disposée à m'entretenir de lui à Vienne, que je ne l'aurois été à le faire d'Hercule à la Cour d'Omphale, si j'y avois vu ce demi-Dieu. Je ne sais pourquoi les hommes ordinaires voyent avec plaisir les foiblesses des grands hommes : c'est, sans doute, parce qu'elles les rapprochent d'eux. Pour moi je suis affligée toutes les fois que j'ai occasion de connoître qu'il n'y a point de perfection dans l'Humanité.
  Le jeune Prince de Portugal fait l'admiration de la Cour : il est d'une figure agréable, a beaucoup de politesse & de vivacité. Tous les Offi- ciers vantent la valeur qu'il a mon-trée dans la derniere campagne. On lui a donné un logement à la Cour, où on lui rend tous les honneurs dus à sa naissance. Adieu, ma chere Soeur ; si je ne péris pas dans mon voyage, vous recevrez encore de mes nouvelles. Je pourrois dire, avec vérité, comme Moneses, que j'ai long-tems appris à me compter pour rien : mais quand je pense à la fatigue que mon cher enfant souffri-ra, mes larmes expriment toute ma tendresse maternelle.

P. S. J'ai écrit une Lettre à Milady***, qui ne la flattera, peut-être, pas beaucoup : après une mûre réflexion, je crois que j'aurois mieux fait de ne pas lui écrire : elle avoit la simplicité de croire que je devois lui marquer les choses les plus extraor-dinaires, & que c'est par mauvaise volonté que je ne l'ai pas fait : en vérité, cela m'avoit donné de l'humeur. Faudroit-il que je lui parlasse des Anthropophages, espece d'hommes qui ont la tête sous les épaules ? Je vous prie, cependant, de faire ma paix avec elle.",,vol1_117,fr
XXII,LETTRE XXII.,A Monsieur Pope.,Vienne,le 16 Janvier 1717. Vieux style.,"JE suis si occupée à faire les préparatifs de mon départ, que je n'ai pas même le tems de répondre à votre Lettre. Si j'écoutois tout ce qu'on me dit ici, il faudroit que je dise adieu à tous mes amis, comme si j'allois monter à la breche : il est vrai qu'il y a peu de personnes qui voulussent se mettre en route par le tems qu'il fait. Les uns m'annoncent que je périrai de froid; les autres, que je serai enterrée dans la neige; d'autres, enfin, que je serai prise par les Tartares, qui ravagent la partie de la Hongrie par laquelle je dois passer : mais on nous donnera une escorte nombreuse, & peut-être aurai- je la satisfaction de voir une nouvelle scène, en me trouvant au milieu d'une bataille. J'abandonne mon fort à la Providence. S'il m'arrive quelqu'aventure plaisante, je vous en ferai part. Je vous prie de dire à M*** que j'ai reçu sa Lettre ; je lui répondrai, si je ne péris pas: faites-lui mes adieux, aussi-bien qu'à Milady R***.",,vol1_125,fr
XXIII,LETTRE XXIII.,A la Comtesse de ***.,Peter-Waradin,le 30 Janvier 1717. Vieux style.,"ENFIN, ma chere Soeur, je suis arrivée à Peter-Waradin en bonne santé, aussi-bien que toute ma famille. Comme nous étions pourvus de fourrures, nous avons été trés-peu incommodés du froid ; d'un autre côté, prenant la précaution d'envoyer quelqu'un devant nous, par-tout où nous devions nous arrêter, nous avons toujours trouvé des logemens passables. En vérité, j'ai peine à m'empêcher de rire, lorsque je me rappelle l'image affreuse qu'on m'avoit faite de ce voyage : mais je dois l'attribuer à la tendresse de mes amis de Vienne, & au desir qu'ils avoient de me faire passer tout l'hiver avec eux. Vous ne serez peut-être pas fâchée que je vous fasse le tableau du Pays par où nous avons passé : il vous est entierement inconnu ; il est même très-peu fréquenté par les Hongrois, qui voyagent ordinairement sur le Danube. Nous avons été assez heureux pour avoir, pendant notre route, un plus beau tems qu'il n'est permis de l'espérer dans cette saison ; mais la neige étoit si épaisse, que nous étions obligés de faire attacher nos carosses sur des traîneaux, dont le mouvement est si vif, & en même tems si doux, que c'est la maniere la plus agréable que je connoisse pour aller en poste. Nous allâmes de Vienne à Raab : le 17 de ce mois, Milord M*** avoit fait annoncer notre arrivée au Gouverneur, qui eut soin de nous faire préparer la meilleure maison de la Ville. La Garni- son prit les armes ; l'on mit une sentinelle à notre porte ; enfin, on nous rendit tous les honneurs qui nous étoient dus. Le Gouverneur, accompagné de tous les Officiers de la Garnison, vint saluer Milord M***, & lui offrir ses services. L'Evêque de Temeswar eut aussi la politesse de lui faire une visite : il nous invita à dîner chez lui pour le lendemain ; mais nous ne pûmes accepter son offre, parceque nous étions décidés à continuer notre route. Il nous envoya plusieurs paniers de fruits d'hiver, & du vin de Hongrie de différentes especes, avec une jeune biche qui venoit d'être tuée. Ce Prélat est très-puissant dans le Royaume ; il descend de l'ancienne Maison de Nadasti, si célébre depuis plusieurs siecles parmi les Hongrois. C'est un vieillard très-poli, très-gai, enfin très-aimable. Il est habillé à la Hongroise, & a une vénérable barbe blanche, qui lui descend jus-qu'à la ceinture. Raab est une Ville bien fortifiée : il y a une bonne Gar-nison : elle a été long-tems une Ville frontiere d'Allemagne du côté de la Turquie. Elle tire son nom de la riviere Rab, sur laquelle elle est si-tuée, à l'endroit de sa jonction avec le Danube, & dans un Pays decou-vert. Les Turcs, commandés par le Bassa Sinan, la prirent en 1594, sous le regne d'Amurat III. Le Gouver-neur ayant été accusé de trahison, fut décapité dans la fuite, par ordre de l'Empereur. Les Comtes de Swartzembourg & de Palfi reprirent cette Ville en 1598. Elle est toujours restée depuis sous la domination des Allemands. En 1642, les Turcs ten-terent inutilement de la reprendre par stratagême. Il n'y a rien de re-marquable dans cette Ville, que la Cathédrale qui est assez grande, & bien bâtie. Nous continuâmes notre route, laissant Comora de l'autre côté de la riviere : nous arrivâmes le 18 à un petit Village, où nous trouvâmes un logement passable. De-là, nous eûmes deux jours de marche avant d'arriver à Bude : nous traversâmes les plus belles plaines du monde ; elles sont aussi unies qu'un pavé, & extrêmement fertiles ; mais elles sont presque toutes désertes & incultes, depuis qu'elles furent ravagées pendant les guerres des Turcs & des Allemands, & pendant la guerre civile occasionnée par la persécution que les Protestans souffrirent sous l'Empereur Léopold. Ce Prince passe pour avoir été extraordinairement pieux : il étoit naturellement doux & bienfaisant : mais, après qu'il eut pris pour Directeur de sa conscience un Jésuite, il de- vint plus cruel aux pauvres Hongrois, que le Turc même ne l'a jamais été aux Chrétiens. Sans scrupule, il manquoit au serment de son Sacre, & trahissoit la foi de plusieurs traités solemnels. Un Voyageur qui se représente l'état florissant où étoit autrefois la Hongrie, ne peut, sans tristesse, la voir aujourd'hui presque déserte. Bude même, où nous arrivâmes le 22 de très-bonne heure, n'a pas été à l'abri de ces calamités: c'étoit autrefois la résidence des Rois de Hongrie. Le Palais étoit un des plus beaux édifices de ce tems; il n'en reste que des débris. La Ville fut ruinée pendant le dernier siége, & l'on n'a réparé que les Fortifications & le Château, qui est la résidence du Général Ragule, lequel est Gouverneur de cette Place: c'est un Officier de mérite. Sitôt qu'il fut instruit de notre arrivée, il vint nous voir, & nous emmena chez lui dans son carrosse : sa femme me fit toutes fortes de politesses, & me régala magnifiquement. Bude est située sur une petite montagne, au Nord de laquelle est le Danube. Le Château, qui est beaucoup plus élevé que la Ville, présente une perspective assez agréable. On apperçoit hors des murailles un amas de petites maisons, ou plutôt de cabanes : les habitans de Bude l'appellent la Ville des Rasciens, parce qu'elle n'est habitée que par ces peuples. Le Gouverneur m'assûra qu'on pourroit en tirer douze mille hommes de troupes. Ces fortes de Villes sont fort singulieres. Les maisons sont par rangées; mais si serrées les unes contre les autres, qu'à une certaine distance on les prendroit pour des tentes de l'ancien tems. Elles font toutes de terre, ont un étage, outre le rez de chaussée, & sont couvertes de chaume. L'été, on habite le rez de chaussée ; & l'hiver, l'étage au-dessus. Bude fut prise en 1526 par Soliman le magnifique, & reprise l'année suivante par Ferdinand premier Roi de Bohême. Soliman s'en rendit maître une seconde fois, par la trahison de la Garnison : il la céda volontairement à Jean, Roi de Hongrie, après la mort duquel Ferdinand l'assiégea. La Reine Mere appella Soliman à son secours : il y accourut, fit lever le siége ; mais il mit une garnison Turque dans la Ville, & força la Reine d'en sortir avec sa Cour en 1541. Cette Ville fut assiégée en 1542, par le Marquis de Brandebourg ; en 1598, par le Comte de Schwartzembourg ; en 1602, par le Général Rosworm ; enfin, en 1684, par le Duc de Lorraine, Général des Troupes de l'Empereur, auquel elle se rendit en 1686, après une vigoureuse défense; Apti Bassa, Gouverneur de la Ville, ayant été tué sur la breche, où il combattoit avec une bravoure Romaine. Les Turcs furent si sensibles à la perte de cette Ville importante, qu'ils déposerent l'année suivante Mahomet IV. Nous nous sommes remis en route le 23, & nous avons passé par Adam & Todowar : ces deux Villes étoient assez considérables, lorsqu'elles appartenoient au Turc ; mais elles sont à présent ruinées. On trouve les restes de plusieurs Villes Turques, qui annoncent ce qu'elles étoient autrefois. Ce Pays est tout couvert de bois ; mais il est désert. Nous y avons vû une quantité prodigieuse de bêtes fauves : elles vivent très-long-tems, parce qu'il n'y a point de chasseurs. Nous arrivâmes le 25 à Mohatch ; on nous montra la plaine où le jeune Louis, Roi de Hongrie, périt, après avoir été battu. Pour ne pas tomber entre les mains de Balibée, Général des Troupes de Soliman le Magnifique, il prit la fuite ; mais il se noya dans un fossé. Cette victoire ouvrit, pour la premiere fois, un passage aux Turcs dans le cœur de la Hongrie. Je ne vous nommerai point les petits Villages par où j'ai passé ; je n'y ai rien trouvé de remarquable. Les vivres y sont en abondance, sur-tout le gibier, comme sanglier, &c. Le petit nombre d'habitans qu'il y a en Hongrie, vit fort à l'aise : il manque d'argent ; mais les bois & les plaines lui fournissent toutes sortes de denrées, & en quantité. Il y avoit ordre de nous fournir, gratis, tout ce qui nous seroit nécessaire, jusqu'à des chevaux. Mais Milord M*** ne voulant pas fouler les paysans, a toujours payé la valeur de ce qu'on nous a fourni. Ces pauvres gens étoient si sensibles à cette générosité, à laquelle ils font peu accoutumés, qu'à notre départ ils nous engageoient toujours à accepter quelque présent, comme des Faisans gras, ou autres choses semblables. Leur habillement est fort ancien ; ce n'est autre chose qu'une peau de mouton : leur bonnet & leurs bottes font de la même matière. Comme cet habit leur dure long-tems, ils ont rarement besoin d'argent. Le 26, nous passâmes en voiture, & avec tous nos équipages, sur le Danube, qui étoit gelé. Le Général Veterani nous attendoit de l'autre côté : il nous invita à aller passer la nuit dans un petit Château qu'il a à quelques milles du fleuve, & nous assûra qu'il y avoit une journée de marche très-fatigante pour aller à Essek. Nous éprouvâmes la vérité de ce qu'il nous dit. Les bois sont si remplis de loups, qu'ils sont presqu'impraticables. Nous arrivâmes cependant à Essek, quoi-qu'il fût tard. Nous nous y arrêtâ-mes un jour, pour envoyer un cou-rier au Bassa de Belgrade : je profitai de l'occasion pour voir la Ville, qui est petite, mais bien bâtie & bien fortifiée : elle étoit peuplée, com-merçante & riche, lorsqu'elle étoit sous la domination des Turcs. Elle est située sur la Drave, qui se jette dans le Danube. Il y avoit un pont qu'on regardoit comme une des mer-veilles du monde : il étoit tout bâti en chêne, & avoit huit mille pas de long ; mais le Comte de Lesli le fit brûler, & réduisit la Ville en cen-dres en 1685. Les Turcs la répare-rent, la fortifierent & l'abandonne-rent en 1687. Le Général Dunne-walt en prit alors possession au nom de l'Empereur, sous la domination duquel elle est toujours restée depuis: elle est regardée comme un des boulevards de la Hongrie. Le 28, nous arrivâmes à Bocorvar, grande Ville de Rascie : je vous en ai déja fait la description. Le Colonel *** vint au-devant de nous, & nous engagea à aller loger dans son Quartier : j'y trouvai sa femme, sa fille & sa nièce, qui me parurent toutes trois fort aimables; les deux dernieres sont fort jolies : leur logement consiste en trois ou quatre maisons, construites à la maniere des Rasciens; mais on les a réunies en une seule, qu'on a rendue aussi commode qu'il est possible de le faire dans ce pays. Les Dames de Hongrie sont beaucoup plus belles que celles d'Autriche; & toutes les Beautés que l'on voit à Vienne sont Hongroises. Elles sont toutes blondes & très-bien faites : leur habillement me plaît beaucoup. La femme du Colonel *** avoit une robe de velours écarlate, doublée & bordée de martre; elle lui prenoit très-bien la taille, & descendoit jusqu’à ses pieds. Les Dames Hongroises portent ordinairement des manches étroites; elles ont un corset qui est boutonné par-devant avec deux rangs de petits boutons d’or, de perle ou de diamant. Elles portent sur la tête un bonnet d’or, avec un pendant doublé de martre, ou de quelque autre belle fourrure. On nous donna un dîner fort honnête; & la conversation de ces Dames me plut beaucoup: elles avoient envie de faire une partie de la route avec nous. Le 29 nous arrivâmes à Peter-Waradin: le Commandant de la Garnison vint au-devant de nous avec tous les autres Officiers. Nous sommes logés dans le meilleur appartement de la maison du Gouver- neur, où l'on nous traite magnifiquement par ordre de l'Empereur. Nous resterons ici, jusqu'à ce qu'on ait décidé de quelle maniere on doit nous recevoir sur les frontieres de Turquie. Le Courier que Mylord M*** avoit fait partir d'Essek, est revenu ce matin, avec la réponse du Bassa, dans une bourse de satin écarlate : l'Interprete l'a traduite ; elle nous annonce une réception fort honorable. J'ai engagé Mylord à fixer l'endroit où il veut que l'escorte Turque nous prenne : il a, en conséquence, renvoyé le Courier prier le Bassa que ce fût à Betsko : c'est un village situé entre Peter-Waradin & Belgrade, à égale distance de ces deux Villes : nous attendrons ici sa réponse. Je vous donne, ma chere Soeur, une relation bien circonstanciée de cette partie de mes voyages ; mais je crains qu'elle ne vous ennuye : je puis cependant vous affûrer que je n'ai pas eu le projet de faire parade d'érudition, en vous faisant un petit abrégé de l'histoire des Villes par où j'ai passé ; je me suis bien gardée d'en faire autant à l'égard de celles que j'ai cru vous être connues. Avec les meilleures intentions du monde, il est possible que je ne vous amuse pas ; mais ce n'est point une nécessité absolue que vous lisiez tout ce que je vous écris. Je suis, ma chere Sœur, &c. On m'assûre qu'on enverra ma Lettre à Vienne avec beaucoup d'exactitude.",,vol1_127,fr
XXIV,LETTRE XXIV.,A Monsieur Pope.,Belgrade,le 12 Février 1717. Vieux style.,"J'AVOIS résolu de vous écrire fort au long de Peter-Waradin, où je comptois rester trois ou quatre jours : mais le Bassa de Belgrade étoit si empressé de nous voir, qu'il renvoya sur le champ le Courier que Milord M*** lui avoit dépêché, pour savoir où l'escorte Turque devoit nous prendre. Je n'eus pas un moment libre ; il fallut partir le lendemain. Nous fûmes escortés par tous les principaux Officiers de la Garnison, & par une troupe considérable de soldats Allemands & Rasciens. L'Empereur a plusieurs Régimens composés de ces derniers ; mais, pour dire la vérité, ce sont plutôt des pil- lards, que des soldats : ils n'ont point de paye, & font obligés de se fournir d'armes & de chevaux. Enfin, on les prendroit plutôt pour des bandits ou pour des mendians, que pour des Troupes reglées. Je ne puis m'empêcher de vous dire quelque chose de ce peuple, qui est répandu dans la Hongrie. Les Rasciens professent la Religion Grecque ; ils ont un Patriarche au Grand-Caire : leur ignorance est si grande, que leurs Prêtres leur font accroire tout ce qu'ils veulent. Ces Prêtres ne coupent jamais leurs cheveux ni leur barbe : ils ressemblent exactement aux Brames des Indiens. Ils héritent en général de tout l'argent des Laïcs, auxquels ils donnent en échange des passeports signés & scellés pour le Ciel : il ne reste à la femme & aux enfans d'un mort, que la maison, & le bétail, s'il y en a : pour pour tout le reste, ils suivent la Religion des Grecs. Cette petite digression m'a empêché de vous dire que nous avons traversé la plaine de Carlowitz, où le Prince Eugène remporta une victoire signalée sur les Turcs : on y voit encore les marques de cette sanglante journée. Le champ de bataille est jonché de têtes & de carcasses d'hommes, de chevaux, & de chameaux, qu'on n'a pas même pris la peine d'enfouir. Je n'ai pu voir sans horreur tant de corps d'hommes mis en pièces, sans me récrier contre la guerre, qui rend le meurtre nécessaire, même méritoire. Rien ne prouve mieux la folie des hommes, quelque raisonnables qu'ils se croyent, que cette fureur avec laquelle ils se disputent un pouce de terrein, pendant qu'ils laissent des Pays immenses & fertiles sans culture & sans habitans. L'usage a rendu la guerre né- cessaire, il est vrai : mais y a-t-il rien qui prouve mieux le défaut de raison chez les hommes, que la durée d'un usage si diamétralement opposé à l'Humanité ? Je veux bien accorder à M. Hobbe, que la Nature est un état de guerre ; mais j'en conclûrai que la Nature humaine n'est pas raisonnable, si le mot raison signifie, comme je le crois, sens commun. Je pourrois bien appuyer cette réflexion de plusieurs preuves ; mais pour ne pas vous ennuyer, je vais continuer l'histoire de mes voyages.
Un Aga des Janissaires vint au-devant de nous à Betsko, Village situé entre Belgrade & Peter-Waradin. Il étoit à la tête d'un corps de Turcs, plus nombreux de cent hommes que celui des Allemands, quoique le Bassa eût promis de n'envoyer que le même nombre : jugez par-là de leur crainte. Je suis persuadée qu'ils ne croyoient pas encore leurs forces égales à celles des Allemands, quoique leur nombre fût supérieur. J'ai été fort inquiette jusqu'au moment de leur séparation ; je craignois toujours qu'il ne s'élevât quelque querelle entr'eux, malgré la parole donnée. L'épaisseur de la neige rendoit la montagne de Belgrade très-difficile ; ce qui fut cause que nous n'arrivâmes dans cette Ville que fort tard. Elle est fortifiée à l'Est par le Danube, & au Midi par la Save ; c'étoit autrefois la barriere de Hongrie du côté des Turcs. Elle fut prise d'abord par Soliman le Magnifique, ensuite par les Troupes de l'Empereur, commandées par l'Electeur de Baviere. Elle resta deux ans sous la domination de l'Empereur, au bout desquels le Grand-Visir la reprit. Les Turcs l'ont fortifiée avec tout l'art dont ils sont capa- bles. Il y a une nombreuse Garnison composée des plus braves Janissaires, commandée par un Bassa Serafkier, c'est-à-dire Général ; mais pour parler correctement, le Seraskier est commandé par les Janissaires. Ces derniers ont ici une autorité absolue, & ils tiennent plutôt la conduite de Soldats révoltés, que de Soldats disciplinés. Vous en jugerez par l'histoire que je vais vous raconter ; elle vous fera en même tems connoître la supérieure intelligence du Gouverneur de Peter-Waradin, qui est tout près de-là. Il nous dit, lorsque nous étions à Peter-Waradin, que la Garnison & les habitans de Belgrade étoient si fatigués de la guerre, qu'ils avoient tué le Bassa, il y avoit environ deux mois, pour avoir permis aux Tartares de ravager les frontieres d'Allemagne, moyennant cinq bourses, qui valent cinq cents livres sterling. Nous apprîmes avec plaisir, que le peuple étoit dans de pareilles dispositions : mais lorsque nous fûmes arrivés ici, on nous a fait connoître que le Gouverneur de Peter-Waradin étoit mal informé. Le feu Bassa, au contraire, encourut l'indignation de ses Soldats, pour avoir voulu les empêcher de faire des incursions sur les Allemands : ils s'imaginerent qu'il étoit d'intelligence avec ces derniers, & en firent informer le Grand-Seigneur, qui étoit à Andrinople. Voyant qu'on ne leur donnoit pas une prompte satisfaction, ils s'assemblerent avec un grand tumulte, traînerent le Bassa devant le Cadi & le Mufti, à qui ils demanderent justice de la maniere du monde la plus insolente. L'un reprocha au Bassa de protéger les Infideles ; l'autre, de voler leur argent. Le Bassa, qui com- prit leur intention, répondit avec tranquillité, qu'on lui faisoit trop de questions; qu'il n'avoit qu'une vie qui devoit répondre de tout : alors, sans attendre la Sentence des Chefs de la Loi, les Janissaires s'é-lancerent sur lui avec leurs sabres, & le mirent en pieces dans un instant. Le Bassa, son successeur, n'a osé pu-nir cet assassinat; il a même paru en applaudir les auteurs, comme des braves qui savoient se faire justice. A la moindre rumeur, il répand de l'argent parmi les Soldats, & les laisse faire des incursions en Hongrie où ils brûlent, de tems en tems, quel-ques maisons aux pauvres Rasciens. Vous vous imaginez bien, sans doute, que je ne suis gueres tran-quille dans une Ville ainsi livrée à l'insolence du Soldat. Nous comp-tions n'y pas faire un long séjour, & même n'y coucher qu'une nuit ; mais le Bassa nous y retient, jusqu'à ce qu'il ait reçu des ordres d'Andrinople : peut-être n'arriveront-ils pas avant un mois. En attendant, nous occupons une des plus belles maisons de la Ville ; elle appartient à une personne de marque, & nous sommes gardés par une chambre entiere de Janissaires. Je n'ai pour unique amusement, que la conversation de notre Hôte, Achmet-Beg, titre qui répond à celui de Comte en Allemagne. Son pere, qui étoit grand Bassa, lui a donné toute l'éducation possible en Orient : il fait parfaitement les Langues Arabe & Persanne, & est un très-bon Docteur de la Loi ; ce qu'on exprime ici par le mot Effendi. Cette qualité porte ordinairement aux premieres dignités : mais il a assez de bon sens pour préférer une vie tranquille, sûre & aisée à tous les honneurs dan- gereux de la Porte. Il soupe avec nous tous les soirs, & boit du vin sans scrupule. Vous n'imaginerez jamais combien la liberté qu'il a de converser avec moi lui fait de plaisir. Il m'a interprété plusieurs pièces de Poésie Arabe : il y en a une grande quantité dans cette Langue ; & elles approchent beaucoup des nôtres : les vers sont très-harmonieux, & très-susceptibles de musique : l'amour y est peint d'une maniere assez vive & assez passionnée. J'en suis si contente, que j'apprendrois l'Arabe si je restois ici quelques mois. Achmet-Beg a une Bibliothéque remplie de toutes sortes de livres à l'usage du Pays : ils font sa principale occupation. Je passe pour savante auprès de lui, en lui racontant quelques Contes Arabes, que je trouve assez ingénieux : il croyoit d'abord que j'entendois le Persan. J'ai de fréquentes disputes avec lui sur la différence de nos coûtumes, principalement sur la gêne dans laquelle celle de son Pays tient les femmes. Il m'assûre qu'elles sont aussi libres que nous : toute la différence, m'a-t-il dit, c'est que, quand elles nous trompent, personne ne le sait. Il a de l'esprit, & plus de politesse que bien des gens de qualité parmi les Chrétiens : enfin, je m'amuse beaucoup avec lui. Il s'est fait faire un Alphabet de nos caractères par un de mes domestiques, & il sait déjà écrire en lettres Romaines. Tous ces amusemens n'empêchent cependant pas que je ne desire ardemment d'être hors de cette Ville, quoiqu'il fasse dans ce Pays plus froid que par-tout ailleurs, excepté dans le Groenland. Nous avons un très-grand poële où l'on entretient toujours le feu; cependant les fenêtres de notre chambre sont gelées jusqu'en dedans. J'ignore quand je pourrai faire partir cette Lettre ; mais je l'ai écrite pour n'avoir rien à me reprocher. J'espere que vous ne me direz plus qu'une des vôtres en vaut dix des miennes. Adieu.",,vol1_143,fr
XXV,LETTRE XXV.,"A Son Altesse Royale, la Princesse de Galles (a).",D'Andrinople,le premier Avril 1717. Vieux flyle.,"J'AI fait un voyage qu'aucun Chrétien n'avoit entrepris depuis les Empereurs Grecs. Je serai bien dédommagée de mes fatigues, si je suis assez heureuse pour amuser Votre Altesse Royale, par la description d'un pays qui est entierement inconnu à Londres, parce que les Ambassadeurs de l'Empereur & le peu d'Anglois qui y sont venus, ont toujours pris la route de Nicopolis par le Danube : mais ce fleuve étoit gelé, & le zèle de Milord M*** pour le service de Sa Majesté, ne lui a pas permis d'attendre qu'il fût navigable. Nous avons traversé les déserts de la Servie : quoique ce soit un pays très-fertile, ils font presque tout couverts de bois. Les habitans y font industrieux ; mais le dégât que les Janissaires font chez eux, les engage à abandonner leurs maisons, & ils ne songent point à cultiver la terre. Nous avions cinq cents Janissaires pour notre escorte : ils faisoient tant de ravages dans tous les villages par où nous passions, que j'en versois des larmes. Après sept jours de marche au travers de bois fort épais, nous arrivâmes à Nissa, autrefois la Capitale de la Servie. Elle est située dans une belle plaine, sur la riviere de Nissara : l'air y est très-sain, & le terrein très-fertile. On m'a affûrée qu'il y avoit eu une si grande abondance de vin l'année derniere, qu'on avoit été obligé de faire des trous en terre pour l'y mettre, faute de futailles : mais le peuple est si opprimé, qu'à peine s'apperçoit-il de cette abondance. J'ai vu ici un nouveau sujet de compassion : on avoit loué vingt chariots pour porter nos bagages depuis Belgrade jusqu'ici ; & lorsque nous sommes arrivés, on a renvoyé ceux auxquels ils appartenoient sans aucun paiement ; on ne leur a même donné aucun dédommagement pour quelques-uns de leurs chevaux qui étoient estropiés ou morts. Ces pauvres gens rodoient autour de la maison, en pleurant & s'arrachant la barbe & les cheveux ; & les Soldats les chassoient à coups de bâton. Ce spectacle étoit si touchant, que je les aurois payés de ma bourse, si l'on ne m'avoit avertie que l'Aga leur auroit fait enlever, & se seroit approprié ce que je leur aurois donné. Après quatre jours de marche sur des montagnes, nous sommes arrivés à Sophia. Cette Ville est située dans une plaine, sur la riviere d'Isca : il n'est gueres possible de voir un paysage plus agréable. Sophia est très-grande & très-peuplée : il y a des bains chauds qui sont fort renommés. Nous arrivâmes à Philippopolis, après quatre jours de marche, pendant lesquels nous passâmes les Monts Hæmus & Rhodope, qui sont toujours couverts de neige. Cette Ville est située sur une éminence, près la riviere de Hebrus. Elle n'est habitée que par des Grecs, qui sont tous très-riches ; mais ils ont grand soin d'éviter de le paroître, n'ignorant pas à combien de dangers ils seroient exposés. Il y a dans cette Ville un Evêque Grec, & on y voit encore quelques anciennes Eglises Grecques. D'ici à Andrinople, la campagne est extrêmement agréable; les coteaux sont remplis de vignes, toutes couvertes de raisins; un printems éternel y rend la Nature toujours brillante. Cependant, ce pays, quelqu'agréable qu'il paroisse, n'est point préférable à l'Angleterre avec ses glaces & ses neiges, tant qu'elle sera gouvernée par un Roi qui fait consister son bonheur dans la liberté de son peuple, dont il veut plutôt être le pere que le maître: mais cette matiere me conduiroit trop loin; je sens que je n'ai déjà que trop abusé de la patience de Votre Altesse Royale. Ma Lettre est entre vos mains, & vous pouvez la jetter au feu, sitôt qu'elle vous ennuiera : c'est le moyen de la raccourcir. Je suis, Madame, avec le plus profond respect, &c.",(a) La feue Reine Caroline.,vol1_155,fr
XXVI,LETTRE XXVI.,A Milady ***.,Andrinople,le I Avril 1717. Vieux style.,"ME voici dans un nouveau monde: tout ce que j'y vois me paroît un changement de scène. Je vous écris avec satisfaction, parce que j'espere que vous trouverez dans mes Lettres le charme de la nouveauté, & que vous ne me reprocherez plus de ne vous mander rien d'extraordinaire. Je ne vous ennuierai point du détail de notre voyage; je ne passerai cependant pas sous silence ce que j'ai vu à Sophia, l'une des plus belles Villes de l'Empire Turc : elle est fameuse par ses bains chauds : comme ils sont bons pour la santé, il y a toujours beaucoup de monde, & l'on s'y amuse assez. Je restai un jour à Sophia pour les voir. Afin de n'être point connue, j'y allai dans un carrosse Turc. Ces voitures sont tout-à-fait différentes des nôtres ; mais elles sont beaucoup plus commodes pour voyager ici ; car la chaleur y est si grande, que la réverbération des glaces seroit in-supportable. Les carrosses Turcs sont faits, à peu près, comme ceux de voiture en Allemagne : il y a des jalousies de bois peintes & dorées ; le dedans est aussi peint en corbeilles de fleurs entremêlées de petites devises en vers. Ils sont couverts de drap écarlate doublé de soie, & brodé fort richement ; il y a de belles franges autour. Cette couverture cache ceux qui sont dedans ; mais il est facile de la relever quand on veut regarder au travers des jalousies. Quatre personnes peuvent être à l'aise dans ces carrosses ; ce sont des coussins qui servent de siéges.
J'arrivai au bain sur les dix heures ; il étoit déjà rempli de femmes. C'est un bâtiment de pierre où il y a trois dômes de suite qui ne reçoivent le jour que par la couverture, ce qui les rend assez clairs. Le premier qu'on trouve en entrant, est le plus petit ; c'est-là où se tient la Portiere : les femmes de qualité lui donnent ordinairement cinq, même dix schelins ; j'en fis autant. La salle qui suit est pavée de marbre, & environnée de deux bancs aussi de marbre, l'un au-dessous de l'autre. Il y a deux fontaines d'eau froide, qui tombe d'abord dans des bassins de marbre, & coule ensuite sur le pavé, où se trouvent de petits canaux qui la portent dans la chambre voisine. Elle est plus petite que celle-ci ; il y a pareillement des bancs de marbre : elle est si échauffée par les eaux sulfureuses qui y découlent des bains voisins, qu'il est impossible d'y rester avec des habits. Dans les deux autres dômes, sont les bains chauds. On y a mis des robinets d'eau froide, pour tempérer les eaux chaudes. Comme j'avois pris mon habit de cheval, je paroissois fort extraordinaire aux Dames Turques ; cependant aucune ne me marqua la moindre surprise, même la moindre curiosité offensante ; toutes, au contraire, me comblerent de politesses. Je ne connois point de Cour en Europe où les Dames se fussent comportées d'une maniere aussi honnête envers une étrangere. Il y avoit environ deux cents femmes; cependant je ne vis aucun de ces sourires dédaigneux, de ces petits mots à l'oreille qui échappent toujours dans nos cercles, dès qu'il y paroît quelqu'un avec un habit étranger. Elles me répéterent plusieurs fois ces mots, Uzelle, Pek, Uzelle, c'est-à-dire, charmante, très-charmante..... Les premiers bancs étoient couverts de coussins & de riches tapis ; les Dames étoient assises dessus, & leurs Esclaves étoient sur les seconds, derriere elles : ce n'étoit pas l'habit qui les distinguoit, car elles étoient dans l'état de nature, c'est-à-dire toutes nues, sans cacher ni beauté ni défaut ; je n'apperçus cependant pas le moindre sourire, ni le moindre geste qui pût choquer la pudeur. Quelques-unes se promenoient, mais avec cet air majestueux que Milton donne à notre premiere Mere. Plusieurs d'entr'elles étoient aussi bien prises dans leur taille, qu'aucun portrait de Déesse qui soit sorti du pinceau du Guide ou du Titien : presque toutes avoient la peau d'une blancheur à éblouir : de beaux che- veux partagés en plusieurs tresses parsemées de perles & de rubans, pendoient sur leurs épaules : elles représentoient parfaitement les Graces. Là, je me convainquis de la justesse d'une réflexion que j'ai souvent faite; c'est que, si c'étoit l'usage d'aller tout nud, on feroit à peine attention au visage. Moi-même, je regardois avec plus de plaisir les femmes les mieux faites & celles dont la peau étoit la plus délicate, que les autres qui avoient le visage plus beau. Je vous avoue que j'eus la méchanceté de souhaiter que M. Gervais pût être là invisiblement : il auroit trouvé de quoi se perfectionner dans son art, en voyant tant de belles femmes nues en différentes postures ; les unes faisant la conversation ; les autres occupées à l'ouvrage ; quelques-unes prenant du caffé ou du sorbet ; plusieurs négligemment couchées sur des cous- fins, pendant que leurs Esclaves, qui sont ordinairement de jolies filles de dix-sept ou dix-huit ans, s'occupoient à tresser leurs cheveux. Enfin le bain est le caffé des femmes de Turquie: on y raconte toutes les nouvelles de la Ville. Elles prennent ce divertissement une fois la semaine, & y restent quatre ou cinq heures sans s'enrhumer, quoiqu'elles passent subitement du bain chaud dans la chambre froide; ce qui me surprit beaucoup. Celle qui me parut la plus distinguée, m'engagea à me mettre à côté d'elle, & me fit beaucoup d'instances pour que je me déshabillasse & me misse au bain; elle voulut même m'aider à le faire. Je m'en défendis quelque tems; mais voyant que toutes les autres Dames se joignoient à elle, je fus obligée d'ouvrir mon habit de cheval, & de leur montrer mon corset: elles ne m'en demande- rent pas davantage, s'imaginant que ce corset étoit une machine dans laquelle mon mari m'avoit enfermée avec la clef, & qu'il m'étoit impossible de l'ouvrir. Je fus enchantée de leur politesse & de leur beauté. J'aurois bien voulu rester plus long-tems avec elles; mais Milord M*** avoit résolu de partir le lendemain de bon matin, & je voulois voir les ruines de l'Eglise de Justinien, dont le coup d'œil fut pour moi bien moins agréable que ce que je venois de quitter: cette Eglise n'étoit qu'un tas de pierres.
Adieu, Milady: je viens de vous entretenir d'un spectacle tel que vous n'en avez jamais vu, & dont aucun Journal de Voyageurs ne peut vous parler: tout homme qui seroit attrapé dans ces lieux, perdroit la vie sur le champ.
LETTRE",,vol1_161,fr
XXVII,LETTRE XXVII.,A l'Abbé ***.,Andrinople,le 1 Avril 1717. Vieux style.,"JE suis exacte, comme vous voyez, à vous tenir ma parole. Je ne sais, cependant, si votre curiosité sera satisfaite de la relation que je vais vous faire : mais je puis vous assurer que l'envie que j'ai de vous obliger en tout ce qui dépendra de moi, m'a fait faire toutes les recherches & toutes les observations possibles. Il est certain que nous n'avons qu'une connoissance imparfaite de la Religion & des Mœurs des Turcs ; leur pays n'étant visité que par des Négocians qui ne s'occupent que de leurs propres affaires, ou par des Voyageurs qui n'y font pas un assez long séjour pour en prendre une exacte & entiere connoissance. Les Turcs, d'ailleurs, sont trop fiers pour converser avec les Marchands, qui ne peuvent, par conséquent, ramasser que quelques bruits populaires, & généralement faux : ils ne sont pas plus en ètat de rendre compte de ce qui se passe en Turquie, qu'un François réfugié, logé dans un grenier de la rue des Grecs à Londres, ne le seroit de dire ce qui se passe à la Cour d'Angleterre. Le chemin que nous avons fait de Belgrade ici, est impraticable à toute personne qui n'est pas revétue d'un caractère public. Les déserts de la Servie sont tout couverts de bois, & remplis de voleurs attroupés par cinquantaines; de maniere que nos Gardes suffisoient à peine pour notre sûreté. Les Villages y sont si misérables, que la force seule y fait trouver le nécessaire. Mais les Janissaires n'avoient aucun égard à la pauvreté du peuple : ils enlevoient tout ce qu'ils trouvoient, volailles, moutons ; & ceux à qui ils appartenoient, n'osoient encore les réclamer, de crainte d'être maltraités ; les agneaux à peine nés, les oies, les poules d'Inde sur leurs œufs, tout étoit enlevé & massacré, sans distinction. La douleur que je voyois peinte sur le visage de ces Païsans, me rappelloit les complaintes de Mélibée au sujet de son troupeau. Il se commet encore bien d'autres cruautés lorsque les Bassas voyagent : ces oppresseurs ne se contentent pas de manger tout ce qui leur convient chez les Païsans ; après s'être bien remplis, eux & leur nombreuse suite, ils ont l'impudence d'éxiger une contribution qu'ils appellent argent de dents, pour les dédommager du tort qu'ils ont fait à leurs dents en dévorant les provisions de ces pauvres malheureux. Quelque surprenant que ce fait vous paroisse, il n'en est pas moins vrai : tel est le vice naturel d'un Gouvernement Militaire. La Religion de Mahomet est cependant aussi contraire à cette cruauté que la nôtre. J'eus l'avantage de loger trois semaines à Belgrade chez un Effendi, c'est-à-dire un Savant. Ces hommes sont également habiles à posséder les Dignités de l'Eglise & les Charges de Judicature ; c'est la même science qui est nécessaire pour les deux états ; de maniere qu'un Jurisconsulte & un Prêtre signifient la même chose, & c'est le même mot dans la Langue Turque ; ce sont les seuls hommes importans dans cet Empire. Tous les emplois considérables & les biens de l'Eglise sont en leur possession. Quoique le Grand-Seigneur soit l'héritier né de son peuple, il n'ose toucher ni aux revenus ni à l'argent d'un Effendi ; tout ce que celui-ci laisse en mourant, passe à ses enfans. Il est vrai qu'il perd ce privilége lorsqu'il accepte une place à la Cour, ou le titre de Bassa ; mais il y a peu d'exemples d'une pareille imprudence parmi eux. Vous pouvez juger quel peut être le pouvoir de ces hommes, qui se sont emparés de toutes les sciences & de tout le bien de l'Empire. Ils sont les véritables auteurs des révolutions, & les soldats n'en font que les acteurs. Il est important pour l'Empereur de les ménager : leur pouvoir est très-connu : ce furent eux qui déposerent le Sultan Mustapha. Voilà une longue digression. Je voulois vous dire que les fréquentes & familieres conversations que j'ai eues avec Effendi Achmet-Beg m'ont donné, sur la Religion & les Moeurs des Turcs, une connois- sance beaucoup plus parfaite que celle qu'aucun Chrétien ait jamais euë. Je lui fis connoître la différence qu'il y a entre la Religion Anglicanne, & celle de Rome. Il fut satisfait de voir qu'il y eût des Chrétiens qui n'adoroient ni les images, ni même la Vierge Marie : la transubstantiation lui parut quelque chose de bien fort. Quand je compare la Profession de Foi des Turcs avec la nôtre, je suis convaincue que si notre ami le Docteur *** avoit la liberté de prêcher ici, il n'auroit pas beaucoup de peine à faire embraſſer la Religion Chrétienne à la plûpart des Turcs : leurs notions sont peu différentes des siennes. M. Whiston feroit un bon Apôtre ici : je suis persuadée que vous enflammerez son zèle si vous lui faites part de ma Lettre ; mais dites-lui qu'avant d'être utile dans ce pays, il faut qu'il commence par en apprendre la Langue. Le Mahométisme est divisé en autant de Sectes que le Christianisme. Je ne puis m'empêcher de réfléchir ici sur le penchant naturel que les hommes ont pour le merveilleux & les nouveautés. Les Zeidi, les Kudi, les Jobari, &c. me rappellent l'idée des Luthériens, des Calvinistes, des Trembleurs, &c. Le même zèle les anime les uns contre les autres. La Religion dominante parmi les Effendis, & qu'ils tiennent secrette, c'est le pur Déisme. Loin de l'enseigner au peuple, ils l'amusent de différens principes, & toujours suivant leur intérêt personnel. On en trouve peu parmi eux, & même aucun, selon Achmet-Beg, qui cherche à faire le bel-esprit en affichant l'incrédulité. Le Chevalier Paul Ricaut se trompe en ceci, comme en presque toute autre chose : il appelle Athées ceux de la secte de Mutherin, c'est-à-dire le secret avec nous. Ce sont des Déistes, dont l'impiété consiste à regarder leur Prophete comme ridicule. Achmet - Beg ne m'avoua pas qu'il fût de cette opinion ; mais il ne se faisoit aucun scrupule de s'écarter un peu de la Loi de Mahomet : il buvoit du vin aussi librement que nous. Un jour que je lui demandai pourquoi il prenoit cette liberté, il me répondit, que tout ce que Dieu avoit fait étoit destiné à l'usage de l'homme ; que la Loi qui défendoit le vin étoit cependant très-sage ; mais qu'elle n'étoit établie que pour le peuple, parmi lequel cette liqueur étoit une source de désordre. Il m'ajoûta que l'intention du Prophete n'avoit jamais été de gêner ceux qui savent en user avec modération. Je sais cependant, continua-t-il, qu'il faut éviter le scandale, & je n'en bois jamais en public. Cette façon de penser est générale ici ; tous ceux qui ont le moyen d'acheter du vin en boivent. Il m'assura que, si j'entendois l'Arabe, je lirois l'Alcoran avec plaisir. Loin d'être un pur galimathias, comme nous le croyons, il contient une morale très-pure, exprimée d'une maniere très-élevée & très-correcte. Plusieurs Chrétiens sans partialité m'ont assuré depuis que cela étoit vrai. Toutes les traductions que nous en avons sont, sans doute, des copies venues des Prêtres Grecs, qui ont eu la malice de falsifier l'original. Je ne crois pas qu'il y ait d'hommes plus ignorans & plus corrompus qu'eux. Cependant je sais mauvais gré à votre Clergé de les avoir si mal traités, quand il en a eu occasion, seulement parce qu'ils ne regardent pas le Pape comme Chef universel de l'Eglise. J'ai trouvé à Philippopolis une Secte de Chrétiens qui s'appellent Paulins : ils font voir une vieille Eglise où ils assûrent que S. Paul a prêché ; ils ont pour lui la même vénération qu'on a pour S. Pierre à Rome, & lui donnent la même préférence sur les autres Apôtres. Mais de toutes les Religions que j'ai vues, la plus singuliere, à mon avis, est celle des Arnounts. Ils font originaires d'Arnuntlich, qui est l'ancienne Macédoine : quoiqu'ils ayent perdu le nom de Macédoniens, ils en ont conservé le courage & la fermeté. Ce sont les meilleures troupes de l'Empire Turc, & les seules qui se fassent craindre des Janissaires. Ils font à pied : nous en avons eu une Garde qui a été relevée dans chaque Ville par où nous avons passé. Ils s'habillent & s'arment à leurs dépens. Leur uniforme est de gros drap blanc, mais assez propre ; leurs fusils sont d'une longueur prodigieuse ; mais ils ne les empêchent pas de courir, même aussi rapidement que s'ils ne portoient rien du tout. Lorsqu'ils sont en marche, leur Commandant chante un air grossier, qui n'est cependant pas désagréable, & ils lui répondent en choeur. Ce peuple étant parmi des Chrétiens & des Mahométans, & n'entendant point la controverse, dit qu'il ne peut juger laquelle des deux Religions est la meilleure ; & afin de ne pas se trouver dans le cas de rejetter la vérité, il les pratique toutes les deux. Les Arnountes vont le Vendredi à la Mosquée, & le Dimanche à l'Eglise. Ils disent qu'ils sont certains, par-là, de la protection du vrai Prophete au jour du Jugement ; mais qu'ils ne peuvent décider dans ce monde lequel est le véritable. Je crois que c'est la seule nation qui soit si modeste sur sa propre capacité.
Telles sont les remarques que j'ai faites sur la diversité des Religions que j'ai vues. Je ne vous fais point excuse de la liberté que j'ai prise de lâcher quelque chose contre le Catholicisme ; je sais que vous blâmez autant le fanatisme que vous révérez les vérités sacrées dont nous convenons vous & moi. Vous espérez, sans doute, que je vais vous faire une description des Antiquités de ce Pays ; mais il y a très-peu de vestiges de l'ancienne Grèce. Nous avons passé auprès des débris d'une arcade qu'on appelle communément la Porte de Trajan. Le vulgaire croit que cet Empereur la fit faire pour fermer le passage qui est au-dessus des montagnes entre Sophia & Philippopolis. Pour moi je crois, quoiqu'il n'y ait aucune inscription, que c'étoit plutôt un arc de triomphe ; car quand même ce passage auroit été fermé, il s'en trouve plusieurs autres par où une armée pourroit facilement passer. Malgré ce que dit l'Histoire au sujet de Baudouin, Comte de Flandres, qui fut défait dans ces défilés, après avoir pris Constantinople, je ne crois pas que les Allemands s'y trouvasent arrêtés aujourd'hui. Il est vrai que les Turcs ont beaucoup travaillé à ce chemin, pour faciliter la marche de leurs troupes ; ils ont construit des ponts de bois très-larges & très-forts sur tous les fossés & les bourbiers qui se trouvent entre Belgrade & Philippopolis. Je remarquai que les précipices n'étoient pas si affreux qu'on me les avoit annoncés. Nous logeâmes dans le petit Village de Kiskoi qui est près de ces montagnes : il est habité par des Chrétiens, comme tous les autres Villages de Bulgarie : les maisons sont de petites cabanes bâties avec de la boue séchée au soleil. Lorsque les habi- tans apprennent la marche de l'armée des Turcs, ils s'enfuient dans les montagnes, emmenent avec eux leurs troupeaux, & tout ce qu'ils possedent ; autrement ils seroient pillés & ruinés par les soldats. Cette précaution leur assûre une espece d'abondance ; car ils possédent en commun une très-grande étendue de pays, & ont la liberté d'y semer ce qu'ils veulent ; ils sont en général bons Laboureurs. J'ai bu chez eux différens vins, tous excellents. Les femmes portent sur leurs habits quantité de petits grains de verre de différentes couleurs. Elles ne sont pas laides ; mais elles ont le teint bazané. Voilà tout ce que j'ai recueilli dans mon voyage, qui me paroisse digne de votre attention ; peut-être encore ne la mérite-t-il pas. Lorsque je serai à Constantinople, je tâchera de ramasser quelque chose de curieux, & vous recevrez encore des nouvel-es de Votre, &c.",,vol1_169,fr
XXVIII,LETTRE XXVIII.,A la Comtesse de B***.,D'Andrinople,le premier Avril 1717. Vieux style.,"JE ne vous ai point oubliée, & mon premier soin en arrivant ici a été de chercher les étoffes que vous m'aviez chargée de vous acheter ; mais je n'en ai point vu qui vous convinssent. La maniere de s'habiller ici est si différente de celle de Londres, qu'il est difficile d'y trouver des ajustemens qui puissent servir à une Angloise. Je ne me lasserai cependant point de chercher ; & lorsque je serai à Constantinople, je ferai l'impossible pour avoir ce que vous demandez, quoique je n'espere pas mieux réussir qu'ici, où la Cour est actuellement. La Fille aînée du Grand-Seigneur se maria quelques jours avant mon arrivée en cette Ville, & les Dames Turques étalerent à cette occasion toute leur magnificence. La nouvelle mariée fut conduite au Palais de son mari avec beaucoup de pompe. Elle étoit veuve du feu Vizir, qui fut tué à Peter-Waradin : on pourroit plutôt appeller sa premiere alliance un contrat, qu'un mariage ; car elle n'a jamais habité avec le Vizir ; cependant elle a hérité de la plus grande partie de sa fortune. Il avoit eu la permission de la voir dans le Serrail ; & comme c'étoit un des plus beaux hommes de l'Empire, la Princesse avoit conçu beaucoup d'amour pour lui. En voyant le mari qu'elle a aujourd'hui, lequel est âgé de cinquante ans, elle ne put retenir ses larmes : c'est cependant un homme de mérite, & il est le favori de l'Empereur ; mais cela ne suffit pas pour le rendre aimable aux yeux d'une fille de treize ans. Le Gouvernement Turc est entierement à la disposition de l'armée ; & le Grand-Seigneur, tout absolu qu'il paroît, n'est pas moins esclave que le dernier de ses Sujets : il tremble, s'il voit un Janissaire le regarder de mauvais œil. Cependant il y a ici une plus grande apparence de subordination que parmi nous : on ne parle qu'à genoux à un Ministre d'Etat : s'il échappoit un mot dans un caffé contre sa conduite, comme il y a des espions par-tout, la maison seroit sur le champ rasée, & peut-être que tous ceux qui auroient été présents, seroient mis à la torture. On n'entend point ici la populace faire des acclamations ; l'on n'y voit point de libelles diffamatoires ; l'on n'y dispute point sur les affaires d'Etat, comme à Londres; ce qui est une suite fâcheuse de notre liberté. Ce n'est point par des noms diffamans, qu'on se venge ici d'un Ministre: lorsqu'il a le malheur de déplaire au peuple, on l'arrache même d'entre les bras de son maître, on lui coupe les mains, les pieds & la tête, & on le jette devant la porte du Palais. Pendant ce tems, le Sultan, pour lequel on paroît avoir la plus grande soumission, reste tout tremblant de peur dans son appartement, sans oser ni défendre ni venger son Favori. Telle est l'heureuse condition du plus absolu Monarque de la terre, qui ne reconnoît d'autre loi que sa volonté.
Je voudrois que notre Parlement envoyât ici un vaisseau chargé de ces gens qui prêchent continuellement l'obéissance aveugle: ils verroient le Gouvernement arbitraire dans tout son jour, & je les défierois de décider lequel est le plus malheureux, du Prince, du peuple, ou du Ministre Ici une foule de réflexions se présentent à mon esprit : mais le vôtre, Madame, vous en dira toujours au-delà du mien.
Hier nous vîmes, l'Ambassadrice de France & moi, passer le Grand-Seigneur qui alloit à la Mosquée. Il étoit précédé d'un nombre prodigieux de Janissaires, qui avoient de grands plumets blancs ; de Spahis & de Bostangis, qui font un corps considérable. Leurs habits sont tous de différentes couleurs, toutes très-vives & très-belles, de sorte, qu'à une certaine distance, ils ressembloient à un parterre de tulippes. L'Aga des Janissaires suivoit : il avoit une robe de velours pourpre, doublée d'une étoffe en argent ; deux esclaves, richement vétus, condui- soient son cheval. Après lui venoit le Kisler-Aga, ou premier Garde des Dames du Serrail : son habit étoit d'un drap jaune foncé, doublé de martre, & qui étoit bien assorti avec son teint noir. Enfin, le Grand-Seigneur paroissoit : il avoit un habit verd, doublé d'une fourrure de renard noir de Moscovie, que l'on dit valoir mille livres sterling ; il étoit monté sur un beau cheval, dont les harnois étoient brodés en pierreries : on menoit après lui six autres chevaux très-richement en-harnachés. Un des premiers de la Cour portoit sa caffetiere d'or ; un autre, celle d'argent ; un troisieme portoit sur sa tête un tabouret d'ar-gent, en cas que le Prince voulût s'asseoir. Je ne finirois pas si je vou-lois vous faire le détail des différens habits, & des différens turbans qui distinguoient les rangs ; mais il est certain qu'il y en avoit plusieurs milliers, tous très-riches ; enfin, cela faisoit un fort beau coup d'œil. Le Sultan peut avoir environ 40 ans ; c'est un assez bel homme ; il a de grands yeux noirs à fleur de tête : sa contenance me parut cependant sévère. Il s'arrêta sous notre fenêtre : on lui avoit, sans doute, dit que nous y étions ; car il nous regarda fort attentivement, & nous donna le tems de l'examiner. L'Ambassadrice de France convint avec moi que c'étoit un bel homme. Je la vois souvent ; elle est jeune, & sa société me plairoit beaucoup, si je pouvois l'engager à quitter tout ce cérémonial, qui rend la vie gênante & ennuyeuse. Elle est si enthousiasmée de ses Gardes, de ses 24 Valets de pied, de ses Ecuyers, &c. que je crois qu'elle aimeroit mieux mourir que de me faire une visite sans tout cet attirail : elle n'oublie pas non plus son carrosse de Demoiselles de compagnie. Cela ne me fâche, que parce que je suis obligée d'en faire autant lorsque je vais la voir : au reste, notre interêt respectif demande que nous soyons souvent ensemble. Je fis l'autre jour le tour de la Ville avec elle, dans un chariot doré & découvert : toute notre suite étoit réunie, & nos Gardes nous précédoient. Le peuple n'avoit jamais vu, & ne verra, peut-être, jamais deux jeunes Ambassadrices Chrétiennes ensemble. Vous vous imaginez bien que nous rassemblâmes une grande foule de spectateurs : mais personne n'osa dire un seul mot. Si l'on avoit crié, comme fait notre peuple dans les spectacles extraordinaires, nos Janissaires n'auroient pas manqué de sabrer tous ceux qu'ils auroient rencontrés, sans en craindre les suites, parce qu'ils sont au-dessus de la loi. Ces gens-là, je veux dire les Janissaires, ont cependant quelques bonnes qualités : ils ont beaucoup de zèle & de fidélité pour ceux qu'ils servent, & ils se font un devoir de combattre pour eux dans toutes les occasions. J'eus un exemple bien singulier de ce zèle, dans un village en-deçà de Philippopolis, où nos Gardes domestiques vinrent au-devant de nous. Je demandai des pigeons pour souper ; un de mes Janissaires alla sur le champ chez le Cadi, qui est le premier Officier civil du lieu, & lui ordonna de m'en envoyer quelques douzaines. Ce pauvre homme lui répondit qu'il en avoit déjà fait chercher, mais qu'on n'en pouvoit trouver. Mon Janissaire, dans un transport de zèle pour moi, l'enferma dans sa chambre, en lui disant que l'impudence avec laquelle il refusoit d'obéir à mes vo- lontés méritoit la mort ; mais que par respect pour moi , il ne le puniroit que par mon ordre. En conséquence, il vint gravement me trouver , & me demander ce que je voulois qu'il lui fît ; il ajoûta même par politesse , que , si je voulois , il m'apporteroit sa tête. Ceci peut vous donner une idée du pouvoir énorme qu'ont les Janissaires. Ils font liés tous ensemble par serment, & sont obligés de venger les injures les uns des autres , soit au Caire , à Alep , enfin , dans toutes les parties du monde. Cette ligue les rend si puissans , que les plus Grands de la Cour n'osent leur parler que d'un ton d'amitié. Tout homme riche en Asie s'enrôle dans les Janissaires , pour que son bien soit en sûreté. Mais je crois que j'en ai dit assez ; & vous apprendrez , sans doute , avec plaisir , Madame , que vous ne pour- rez recevoir de mes nouvelles plus d'une fois en six mois. C'est ce qui m'a engagée à être si prolixe ; c'est aussi ce qui vous engagera, je l'espere, à excuser votre, &c.",,vol1_183,fr
XXIX,LETTRE XXIX.,A la Comtesse de ***.,Andrinople,le premier Avril 1717. Vieux style.,"J'Ai lieu de me plaindre de vous, ma chere Sœur : je ne manque jamais de vous faire part de tout ce qui paroît ici capable de vous amuser, & vous vous contentez de me dire & de me répéter que la Ville de Londres est bien triste. Il est possible qu'elle le soit pour vous, sur-tout quand il n'y arrive point d'évenement nouveau ; mais, pour moi, qui n'en ai reçu aucune nouvelle depuis deux mois, je trouverois très-nou- veau & très-agréable ce qui est fort vieux, même usé pour vous. Entrez, je vous prie, dans un plus grand détail, si vous voulez exciter ma reconnoissance. Je vous ferai un ample, mais véritable, recit des nouveautés d'Andrinople : aucune ne vous surprendroit plus que celle de me voir à present dans mon habit Turc ; je crois cependant que vous penseriez, comme moi, qu'il me siéd très-bien. J'ai dessein de vous envoyer mon portrait ; en attendant, je vais vous faire la description de mon ajustement.
J'ai premierement un caleçon fort ample, qui descend jusques sur mes souliers, & qui me cache les jambes. Il est d'un damas fin, couleur de rose, à fleurs d'argent ; mes souliers sont de cabron blanc, brodé en or, Sur le caleçon pend une chemise de gaze de soie blanche, brodée tout au tour : elle a de larges manches, qui viennent à la moitié de mon bras : elle est attachée sur le col avec un bouton de diamant ; & elle laisse voir la forme & la couleur du sein. L'Antere est une veste qui prend la forme de la taille ; la mienne est de damas blanc à fleurs d'or : il y a de très-longues manches, au bout desquelles est une grande frange d'or; il devroit y avoir des boutons de diamant ou de perle : ces manches pendent par derriere. Mon caftan est de la même étoffe que mon caleçon : c'est une robe qui est juste à ma taille ; elle pend jusques sur mes pieds ; il y a aussi de longues manches pendantes & étroites : on met par-dessus une ceinture large, environ de quatre doigts. Les Dames qui sont riches, ont des ceintures couvertes de diamans ou d'autres pierres précieuses. Celles qui ne veulent pas en faire la dépense, en ont de satin brodé ; on ne peut se dispenser de l'attacher par-devant avec une agraffe de diamant. La Curdée est une robe de chambre que les Dames Turques mettent dans de certains tems, & qu'elles quittent dans d'autres : elle est d'un riche brocard, doublée d'hermine ou de martre ; les manches ne descendent guères plus bas que les épaules : la mienne est verte à fleurs d'or. La coëffure est un bonnet appellé Talpock. En hiver il est de velours brodé avec des perles ou des diamans ; en été il est d'une étoffe d'argent légere & très-brillante. Il est placé sur un côté de la tête & penche un peu : on y attache un gland d'or, soit avec une rose de diamans, soit avec un mouchoir richement brodé. De l'autre côté de la tête, les cheveux sont plaqués, & l'on y met la parure que l'on juge à propos ; soit des fleurs, soit un panache de plumes de Héron : la grande mode, cependant, est d'y mettre un gros bouquet de différentes pierreries. Les perles imitent les boutons de fleurs ; les rubis, de différentes couleurs, forment des roses ; les diamans représentent du jasmin ; les topases font les jonquilles : le tout est si artistement fait, qu'il est difficile d'imaginer rien de si beau dans ce genre. Les cheveux pendent par derriere dans toute leur longueur, & sont partagés en plusieurs tresses ornées de perles ou de rubans. Je n'ai jamais vu de femmes qui aient de si beaux cheveux & en si grande quantité. J'ai compté juſqu'à cent dix treſſes à une ſeule Dame ; & il n'y avoit point de cheveux poſtiches. Les Beautés ſont bien plus communes en Turquie qu'en Angleterre, & elles ſont toutes variées : il eſt même rare d'y voir une jeune femme qui ne ſoit très-belle. Elles ont toutes de grands yeux noirs, & le plus beau teint du monde. Quoique la Cour d'Angleterre ſoit, à mon avis, celle de toute la Chrétienté, où l'on trouve le plus de belles femmes, il n'y en a pas, à beaucoup près, autant qu'ici. Les dernieres ſavent donner des graces à leurs ſourcils ; & elles mettent autour de leurs yeux une couleur noire, qui les rend très-brillantes à la lumiere, & à une certaine diſtance, le jour. Les Grecques ont auſſi ce ſecret. Je crois que pluſieurs de nos Dames ſeroient charmées de l'avoir : mais au jour , & de près, cette couleur noire est trop sensible. Les Dames Turques donnent à leurs ongles une couleur de rose ; mais cela ne m'a pas plu ; sans doute, parce que je n'y suis pas accoutumée. 
Pour ce qui regarde leurs moeurs ou leur conduite, je dirai avec Arlequin : c'est comme parmi nous. Les Dames Turques ne péchent pas moins que les Chrétiennes. A présent que je suis instruite de leur conduite, je ne puis m'empêcher d'admirer la discrétion ou la simplicité des Ecrivains qui en ont parlé. Elles ont certainement plus de liberté que nous ; vous allez en voir la preuve : il n'est permis à aucune femme, de quelque condition qu'elle soit, d'aller dans les rues sans deux Murlins : l'un couvre tout le visage à la réserve des yeux; l'autre cache toute la coëffure, & pend par derriere jusqu'à la moitié du corps ; la taille est cachée sous un surtout qu'on appelle Ferigée, & aucune femme, de quelqu'état qu'elle soit, ne peut sortir sans l'avoir sur elle. Cette ferigée a des manches étroites, qui descendent jusqu'au bout des doigts ; elle enveloppe les femmes, à peu près comme les redingotes enveloppent les hommes : en hiver elle est de drap, en été d'une étoffe légere ou de soie. Elles sont tellement déguisées avec ces ajustemens, qu'il est impossible de distinguer la femme de qualité d'avec son esclave, & le mari le plus jaloux ne peut la reconnoître, lorsqu'il la rencontre : ajoûtez à cela qu'il n'y a pas d'homme assez hardi pour oser suivre ou toucher une femme dans les rues. Cette mascarade perpétuelle leur donne une entiere liberté de se livrer à leurs passions, sans danger d'être découvertes. C'est dans la boutique des Juifs qu'elles donnent des rendez-vous à leurs amans. Les gens de cette Nation sont aussi commodes dans ce pays-là, que les Indiens chez nous. Il y a beaucoup d'hommes qui, sans avoir besoin de leurs marchandises, vont en acheter exprès pour y trouver des femmes. Celles qui sont de qualité se font rarement connoître à leurs amans, & il arrive souvent qu'un homme est en commerce de galanterie avec une femme plus de six mois de suite, sans savoir qui elle est. Jugez combien il doit y en avoir qui sont infidelles à leurs maris, dans un pays où elles n'ont point à craindre l'indiscrétion de leurs amans, & où elles ne sont jamais menacées des peines de l'autre monde, puis- qu'il y en a tant parmi nous qui bravent le supplice qu'on leur dit être attaché à cette infidélité. Les Dames Turques qui sont riches, ont peu à craindre de leurs maris ; ce sont elles qui touchent leurs revenus. Enfin, je suis convaincue que les femmes seules sont libres en Turquie. Le Divan même les respecte, & lorsqu'un Bassa est mis à mort, le Grand Seigneur ne viole jamais les priviléges du Haram, ou appartement des femmes : la veuve y reste en sûreté, sans que personne y fouille. Les Dames sont souveraines de leurs esclaves, & les maris n'ont pas même la liberté de les regarder, à moins que ce ne soit quelque Vieille qui ne puisse causer de la jalousie à sa maitresse. 
Il est vrai que la loi permet quatre femmes aux Turcs ; mais les hom- mes de qualité n'usent point de cette liberté; d'ailleurs, une femme ne le souffriroit pas. S'il arrive qu'un mari soit infidele, ce qui n'a rien d'étonnant, il met sa maitresse dans une maison à l'écart, & va la voir le plus secrettement qu'il peut; c'est comme en Angleterre. Parmi tous les Grands, je ne connois ici que le Tefterdar ou trésorier, qui entretienne plusieurs esclaves; elles habitent la partie de la maison où est son appartement; car lorsqu'une esclave a été donnée à une femme pour la servir, elle est entierement sous sa domination. Le trésorier dont je viens de parler est regardé comme un libertin, & généralement méprisé. Sa femme reste toujours dans sa maison; mais elle ne veut pas le voir. 
Vous voyez, ma chere Sœur, que les mœurs des hommes ne sont pas si différentes entr'elles, que nos faiseurs de voyages voudroient nous le persuader : je vous aurois, peut-être, plus amusée, si je vous avois fait une fiction surprenante ; mais je crois que rien n'est plus agréable que la vérité, & en même tems plus digne de vous : c'est dans cette idée que je vous en présente encore une, qui est que je suis, ma chere Sœur, &c.",,vol1_193,fr
XXX,LETTRE XXX.,A M. Pope.,Andrinople,le premier Avril 1717. Vieux style.,"VOus esperez, sans doute, trouver quelque chose de fort curieux dans une Lettre, écrite par une personne qui est dans un pays où aucun Chrétien n'a osé aller depuis plusieurs siecles. Il ne m'est point arrivé d'accident : ma voiture a seulement pensé verser dans l'He-bre. Je vous assûre que si j'étois beaucoup attachée à la gloire de mon nom après ma mort, je serois fâchée de n'avoir pas nagé le long de ce même fleuve, où la tête harmonieuse d'Orphée répéta ces Vers, il y a tant de siecles :
Caput, à cervice revulsum,
Gurgite cum medio portans Œagrius Hebrus Volverat, Euridicen vox ipsa, & frigida lingua
Ah ! miseram Euridicen ! animâ fugiente, vocabat :
Euridicen toto referebant flumine ripæ .

Quelqu'un de nos beaux esprits d'Angleterre n'auroit pas manqué de faire un Elégie sur ma mort, & de dire à l'univers que notre sort étant le même, nos ames se sont réunies : mais je ne dois pas m'attendre qu'on mette sur ma tombe les belles choses qu'un accident si extraordinaire m'auroit attirées. Je suis, au moment où je vous écris, dans une maison située sur l'Hebre ; il coule sur les fenêtres de ma chambre. Mon jardin est rempli de Cyprès fort hauts, sur lesquels il y a une infinité de tourterelles qui se disent mille douceurs, depuis le matin jusqu'au soir. Mon esprit, dans cet instant, est tout rempli de leurs caresses, & vous conviendrez, à ma louange, que je suis bien discrette de résister à l'envie que j'ai de faire des Vers; sur-tout, ayant sous les yeux une vraie pastorale. L'été est déjà fort avancé dans cette partie du monde. Tout le territoire d'Andrinople est rempli de jardins ; les bords des rivieres sont plantés d'arbres fruitiers, sous lesquels les gens de marque vont s'amuser tous les soirs. La promenade n'est point une récréation pour eux : ils forment des cercles sur la verdure, dans les endroits les plus exposés à l'ombre : y étendent un tapis, se mettent dessus, & prennent le caffé, pendant qu'un de leurs esclaves joue de quelqu'instrument. De distance en distance on voit de ces petites compagnies, toutes attentives au murmure des eaux. Ce goût est si général en Turquie qu'il a passé jusqu'aux Jardiniers. J'en ai souvent vu qui étoient assis sur le bord de la riviere avec leurs enfans, & jouoient d'un instrument champêtre, qui ressemble beaucoup à la description qu'on nous donne des anciens chalumeaux. Il est composé de plusieurs roseaux inégaux, qui rendent un son simple, mais doux & agréable.
M. Addison pourroit faire ici l'expérience dont il parle dans ses voyages : le peuple y fait usage de tous les instrumens qu'on voit aux antiques Grecques & Romaines. Les jeunes bergers s'amusent à faire des guirlandes de fleurs pour leurs agneaux favoris : j'ai souvent vu de ces animaux peints & ornés de différentes manieres ; ils étoient couchés aux pieds des bergers, qui s'amusoient à jouer ou à chanter. Ces gens ne lisent jamais de Romans : ils ont cependant conservé les anciens amusemens du pays, & ils leur font aussi naturels que le jeu du bâton ou celui du ballon à nos paysans Anglois. La chaleur du climat rend ceux de ce pays-ci mous au point qu'ils ne font aucun exercice violent ; ils n'en connoissent pas : cette mollesse leur donne même de l'aversion pour le travail : elle est d'ailleurs entretenue par la grande fertilité du terrein. Les jardiniers sont les seuls paysans heureux en Turquie ; comme ils fournissent des fruits & des légumes à toute la Ville, ils font fort à leur aise. La plupart font Grecs. Ils ont de petites maisons au milieu de leurs jardins, où leurs femmes & leurs filles ont la liberté d'aller sans voile ; ce qui n'est pas permis dans la Ville. Ces filles font fort belles, & assez proprement mises : elles passent leur tems à faire de la toile à l'ombre des arbres. 
 Je ne regarde plus Théocrite com- me un Ecrivain romanesque : il a donné une idée véritable des mœurs des paysans du pays. Avant que l'oppression les eût réduits à la misere, ils avoient tous, en général, la même façon de vivre, que les principaux d'entr'eux ont aujourd'hui. S'il eût été Anglois, ses Idylles annonceroient, sans doute, la maniere de battre le bled, & de faire le beurre. Dans ce pays, on ne bat point le bled, il est foulé aux pieds des bœufs : & le beurre, ce qui ne m'amuse pas trop, y est inconnu. Je lis ici votre Homere avec un plaisir infini : je suis dans le cas d'entendre clairement plusieurs petits passages dont je ne sentois pas toute la beauté. On a conservé plusieurs Coutumes qui étoient établies de son tems; une grande partie même des habits dont on se servoit alors, sont encore en usage. Il n'est pas étonnant qu'on trouve plutôt ici, que dans tout autre pays, des restes d'un siécle si éloigné. Les Turcs ne prennent pas la peine de communiquer leurs modes, comme font les autres Nations, qui s'imaginent être plus polies. Je vous ennuierois, si je vous rapportois tous les passages d'Homere qui ont rapport aux Coutumes modernes. Je puis vous assûrer, en général, que les femmes du premier rang passent leur tems à broder, sur un métier, des voiles & des robes; & elles sont toujours entourées de leurs servantes, dont le nombre est considérable; comme ce Poëte nous dépeint Andromaque & Hélene. La description du ceinturon de Ménélas présente à l'esprit celui que portent aujourd'hui les Grands: ils sont richement brodés tout autour, & attachés par-devant avec de riches agraffes d'or. Le voile blanc qu'Hélene jette sur son visage est encore à la mode. Quand je vois plusieurs vieux Bassas, à barbe véné- rable, se chauffer au soleil, je me rappelle le bon Roi Priam & ses Conseillers. Les tableaux où Diane est représentée dansant sur les bords de l'Eurotas, donnent une juste idée des danses qui sont en usage ici. La Dame la plus distinguée commence la danse ; elle est suivie d'une troupe de jeunes filles qui imitent exactement ses pas, & qui répondent en Chœur, lorsqu'elle chante. Leur chant est très-gai & très-vif : les pas sont variés au gré de celle qui mene la danse ; mais ils sont toujours en mesure ; enfin je trouve leurs danses beaucoup plus agréables qu'aucune des nôtres. Je me mets quelquefois de la partie ; mais je ne suis pas assez habile pour mener les danses: je ne vous parle que de celles qui sont en usage parmi les Dames Grecques; celles des Turques sont bien différentes. J'aurois dû vous dire d'abord que les mœurs & le langage des Orien- taux peuvent servir a entendre bien des passages de l'Ecriture, qui paroissent obscurs. Le Turc vulgaire est très-différent de celui de la Cour, ou des personnes de marque : il est toujours rempli d'Arabe & de Persan ; & il seroit aussi ridicule de s'en servir en parlant à un Grand, que de faire usage de l'Idiome des Provinces d'York ou de Sommerset dans l'antichambre du Roi d'Angleterre. Il y a encore un troisieme langage qu'on appelle sublime ; c'est-à-dire propre pour la Poësie. C'est exactement le même que celui de l'Ecriture. Vous ne serez sans doute pas fâché d'en voir un exemple ; & j'ai cru vous faire plaisir en vous envoyant une traduction fidelle des Vers qu'Ibrahim Bassa, Favori actuel de l'Empereur, a faits en l'honneur de la jeune Princesse sa femme, qu'il ne lui est pas encore permis de voir sans témoins, quoiqu'elle soit chez lui. Il a de l'esprit & est fort savant : quand même il seroit mauvais Poëte, il ne manqueroit pas de se faire aider dans cette occasion par les meilleurs de l'Empire. Ainsi, l'on peut regarder ces Vers comme un exemple de la plus belle Poësie Turque ; & je ne doute pas que vous ne trouviez des rapports entre cette piece, & le Cantique de Salomon, qui fut aussi adressé à une Princesse nouvellement mariée.

Vers Turcs adressés à la Sultane, fille aînée du Sultan Achmet III.

STANCE I.

1. Le Rossignol voltige maintenant dans les vignes ;
Sa passion est de chercher les roses.
2. J'ai été admirer la beauté des vignes :
La douceur de vos charmes a ravi mon cœur.
3. Vos yeux sont noirs & aimables ;
Mais aussi vifs & dédaigneux que ceux d'un Cerf. S T A N C E II.

1. La possession désirée est différée de jour en jour ;
Le cruel Sultan Achmet me défend
De voir ces joues plus vermeilles que les roses.
2. Je n'ose vous dérober un baiser :
La douceur de vos charmes a ravi mon ame.
3. Vos yeux sont noirs & aimables ;
Mais aussi vifs & aussi dédaigneux que ceux d'un Cerf.

S T A N C E III.

1. Ces Vers sont les interpretes des soupirs du malheureux Ibrahim.
Un dard sorti de vos yeux m'a percé l'ame.
2. Ah ! quand arrivera l'heure où je pourrai vous posséder ?
Dois-je attendre encore long-tems ?
La douceur de vos charmes a ravi mon ame.
3. Ah ! Sultane ! yeux de Cerf ! Ange parmi les Anges !
Je desire , & ce desir n'est point rempli.
Goûtez-vous du plaisir à me déchirer le cœur ? STANCE IV.

1. Mes cris s'élevent jusqu'aux Cieux.
Le sommeil ne peut plus fermer mes yeux.
Tourne-toi vers moi, ma Sultane, afin que
je contemple ta beauté.
2. Adieu, je descends au tombeau.
Si vous m'appellez, je reviens.
Mon cœur est aussi inflammable que le
soufre: un seul de vos regards l'em-
brafera.
3. Couronne de ma vie ! Brillante lumiere de
mes yeux !
Ma Sultane ! ma Princesse !
Je frotte la terre avec ma face.
Je me noye dans l'amertume de mes lar-
mes : mes sens s'égarent.
Ne prendrez-vous point pitié de moi ?
N'obtiendrai-je pas même un regard de
vous ?

J'ai eu beaucoup de peine à trouver quelqu'un qui me fît la traduction littérale de ces Vers. Si vous connoissiez mon interprete, il seroit inutile de vous avertir que cette pièce pièce n'a reçu de sa part aucun embellissement. Il me semble qu'en excusant les fautes inévitables dans une traduction en prose, & dans un langage si différent, on trouvera de grandes beautés dans ces Vers. Quoique cette expression, yeux de Cerf, soit basse dans notre Langue, elle me plaît beaucoup, & je la regarde comme une vive image du feu & de l'indifférence qui sont en même tems dans les yeux de sa Maitresse. Monsieur Boileau a très-judicieusement observé qu'il ne falloit jamais juger de la noblesse d'une expression employée dans un ancien Auteur, par celle qui la rend dans notre Langue, puisqu'elle peut être très-élevée chez lui, & devenir très-basse chez nous. Vous counoissez si bien Homere, qu'il n'est pas possible que vous n'ayez fait cette remarque à son sujet : on ne doit pas manquer de le faire, à l'égard de la Poésie Orientale. Les répétitions que vous trouverez à la fin des deux premieres Stances, doivent faire une espece de chorus conforme à la maniere des Anciens. Le chant change, sans doute, à la troisieme Stance ; le refrein n'est plus le même. Je trouve qu'il y a beaucoup d'art dans la fin : le Poëte montre plus de passion que dans tout le reste ; parce qu'il est naturel qu'il s'échauffe dans son discours, sur-tout pour un sujet qui le touche de si près. Cette maniere est certainement beaucoup plus intéressante, que celle qui s'est introduite depuis peu chez nous, qui est de terminer une chanson d'amour par un tour tout-à-fait opposé. Le premier Vers de la chanson d'Ibrahim est une image de la saison actuelle de l'année. Toute la campagne est à présent remplie de rossignols ; leurs amours avec les roses est une Fable Arabe, aussi connue ici, qu'Ovide parmi nous. C'est la même chose que si nous commencions une chanson par ces mots :
Maintenant Philomele chante, &c.
On a cru qu'il étoit inutile de donner ici la traduction des Vers Anglois qui sont dans l'original : c'est une répétition des Vers Turcs. Milady elle-même n'ose assurer qu'elle ait bien réussi, parce que, dit-elle, la Langue Angloise n'est pas propre à exprimer une passion dont ceux qui la parlent sont peu susceptibles : d'ailleurs, ajoûte-t-elle, elle n'est pas riche en mots composés, qui sont très-communs & très-expressifs dans la Langue Turque.
Vous voyez, continue-t-elle en finissant ses Vers, que je suis assez avancée dans la Littérature Orien- tale. Pour dire la vérité, j'étudie beaucoup, & l'unique avantage que je desire retirer de mon travail, est de satisfaire votre curiosité : c'est ce que vous assûre votre, &c.",,vol1_205,fr
XXXI,LETTRE XXXI.,A Madame S. C.,Andrinople,le premier Avril 1717. Vieux style.,"IL me ſemble, ma chere S. C. que je devrois vous quereller de n'avoir répondu qu'en Décembre à une Lettre du mois d'Août, plutôt que m'excuſer moi-même d'avoir tardé juſqu'à préſent à vous en écrire une ſeconde. Les fatigues que j'ai eſſuyées pendant un long voyage par terre, ſont plus que ſuffiſantes pour autoriſer mon ſilence, quoique la fin de ce voyage ne ſoit pas auſſi déſagréable que vous vous l'étiez imaginé. Je goûte ici beaucoup de tranquillité, & ſuis moins iſolée que vous ne penſez. Le grand nombre de Grecques, de Françoiſes, d'Angloiſes & d'Italiennes qui ſont ſous notre protec- tion; me font leur cour du matin au soir ; & je puis vous assurer qu'il s'en trouve dans le nombre de très-belles. Les Chrétiens qui ne sont pas sous la protection de quelqu'Ambassadeur, font toujours fort exposés ; & plus ils sont riches, plus le danger est grand pour eux. Tout ce qu'on raconte des terribles effets de la peste chez les Turcs est une fable. J'avoue cependant que mon oreille ne s'accoutume pas facilement à entendre prononcer un mot qui m'a causé les idées les plus effrayantes ; & je suis convaincue que cette prétendue peste n'est qu'une fiévre. Nous avons passé par deux ou trois Villes qui en étoient infectées ; & dans une, il en mourut deux personnes près de la maison où nous couchâmes ; heureusement qu'on eut l'attention de me le cacher. Notre Aide de cuisine en fut attaqué, & l'on me fit accroire qu'il avoit seulement un gros rhume. Cependant nous laissâmes notre Médecin pour en avoir soin : le malade & le Médecin arriverent hier en très-bonne santé, & je suis instruite à présent que le premier avoit eu la peste. L'air n'en est jamais infecté, & beaucoup de personnes en réchappent. Je suis persuadée qu'il seroit aussi facile de la déraciner de ce pays, que de l'Italie & de la France : mais elle est si peu dangereuse, qu'on n'y fait pas même attention ; & maladie pour maladie, l'on préfere celle-ci à quantité d'autres auxquelles nous sommes sujets dans nos climats, & qui sont inconnues en Turquie. 
 A propos de maladie, je vais vous apprendre une chose qui vous fera desirer d'être ici. La petite vérole, si générale & si cruelle parmi nous, n'est qu'une bagatelle dans ce pays, par le moyen de l'inoculation qu'on a découverte : (c'est le terme dont on se sert :) il y a une troupe de vieilles femmes dont l'unique métier est de faire cette opération. Le tems qui lui est le plus propre est au commencement de l'automne, lorsque le grand chaud est passé. Les Chefs de maisons s'envoient demander les uns aux autres s'il y a quelqu'un dans leur famille qui veut avoir la petite vérole : on s'assemble plusieurs, & , lorsque le nombre se monte à 15 ou 16 , on fait venir une de ces vieilles femmes, qui apporte de la matiere de petite vérole de la meilleure espece, plein une coquille de noix. Elle demande quelle veine on veut se faire ouvrir ; &, d'après la réponse, elle en ouvre une avec une grande aiguille qui ne fait pas plus de mal qu'une égratignure, & y introduit autant de matiere qu'elle en peut prendre avec la tête de son aiguille : elle lie ensuite la plaie, en y appliquant un petit morceau de coquille : elle fait la même opération à quatre ou cinq autres veines. Les Grecs ont ordinairement la superstition d'en ouvrir une au milieu du front, une à chaque bras, & une sur la poitrine, pour imiter le signe de la croix : mais cette pratique a un très-mauvais effet, parce qu'il reste des cicatrices à toutes ces petites plaies. On ne se fait ordinairement ouvrir les veines, pour cette opération, qu'à des parties du corps qui sont cachées, comme aux jambes ou aux bras. Les enfans à qui on a fait l'inoculation jouent & se portent bien pendant huit jours, au bout desquels la fiévre les prend ; ils gardent alors le lit deux jours, rarement trois : ils n'ont ordinairement que vingt ou trente grains au visage, qui ne marquent jamais. Enfin, au bout de huit jours, ils se portent aussi bien que s'ils n'avoient pas été malades. Les plaies qu'on leur a faites jettent beaucoup pendant leur maladie; ce qui attire, sans doute, le venin de la petite vérole, & l'empêche de se répandre ailleurs avec violence. On fait tous les ans cette opération à des milliers d'enfans, & l'Ambassadeur de France dit qu'on prend ici la petite vérole par amusement, comme ailleurs les Eaux. On n'a vu mourir ici personne de l'inoculation; & je suis si convaincue de la bonté de cette opération, que j'ai résolu de la faire faire à mon cher petit enfant. J'aime assez ma patrie pour tâcher d'y introduire cet usage, & je ne manquerois pas d'écrire exprès à nos Médecins, si je les croyois assez zélés pour sacrifier leur intérêt parti- culier au bien du genre humain, & pour perdre une partie si considérable de leur revenu : mais je craindrois, au contraire, de m'exposer à tout leur ressentiment, qui est dangereux, si j'entreprenois de leur faire un tort si considérable. Peut-être qu'à mon retour en Angleterre j'aurai assez de courage pour leur déclarer la guerre. Admirez le zèle héroïque de votre amie, &c.",,vol1_221,fr
XXXII,LETTRE XXXII.,A Madame T.,D'Andrinople,le premier Août 1717. Vieux style.,"JE puis maintenant vous annoncer, ma chere T., que je suis à la fin d'un long voyage : je ne vous serai point le récit ennuyeux des fatigues que j'ai essuyées ; le détail des choses extraordinaires que l'on voit ici vous plaira, sans doute, davantage: vous seriez aussi étonnée de recevoir de Turquie une Lettre qui ne contiendroit rien de curieux, que les personnes qui viendront me voir, lorsque je ferai de retour à Londres, le seroient, si je n'avois aucune rareté à leur montrer. De quoi vous parlerai-je? Vous n'avez jamais vu de chameaux; je vous ennuierois, peut-être, en vous en faisant la description. Je vous assure que, n'ayant vû ces animaux qu'en peinture, je n'en avois pas une juste idée. Je vais vous faire à leur sujet une réflexion hardie, & peut-être fausse; personne ne l'a faite avant moi: c'est que je regarde les chameaux comme une espece de cerf: Is ont les jambes, le corps & le cou exactement semblables, & la couleur est presque la même. Il est vrai que les chameaux sont beau- coup plus gros que les cerfs, & qu'ils sont bien plus grands que les chevaux. Ils sont si légers à la course, qu'après l'action de Peter-Waradin, ils devancerent les chevaux les plus légers, & apporterent à Belgrade la premiere nouvelle de la perte de la bataille. On ne les dompte jamais entierement : on a soin de les attacher avec de fortes cordes à la queue les uns des autres, & on en voit quelquefois jusqu'à cinquante de suite. En tête, on met un âne sur lequel monte le conducteur. J'en ai vu jusqu'à six cents que conduisoit une troupe de Marchands voyageurs. Ces animaux portent un tiers plus pesant que les chevaux ; mais il faut de l'adresse pour les charger, à cause d'une bosse qu'ils ont sur le dos. Je les trouve fort vilains : ils ont la tête mal faite, & trop petite pour leur corps. Ce sont eux qui portent les fardeaux, & les bêtes qu'on employe à la charrue sont les buffles. Cet animal vous est aussi inconnu : il est plus gros & plus lourd que le bœuf : il a de grosses cornes courtes, noires, serrées & recourbées en arriere. On dit que cette corne est très-belle lorsqu'elle est bien polie. Le buffle est ordinairement tout noir ; son poil est fort court ; ses yeux sont très-petits & tout blancs : enfin, il ressemble à un Diable. Pour l'ornement, les paysans lui peignent les ongles & le front en rouge. On n'employe les chevaux à aucun travail fatigant ; aussi n'y sont-ils pas propres. Quoique petits, ils font beaux & ont beaucoup de feu ; mais ils ne sont pas si forts que ceux des Pays plus froids. Leur vivacité ne les empêche pas d'être fort doux ; ils sont très-légers à la course, & ont le pied sûr. J'en ai un petit blanc que j'aime beaucoup, & que je ne donnerois pour rien au monde. Il se cabre sous moi avec tant de feu, que l'on s'imagineroit qu'il faut beaucoup de hardiesse pour oser le monter: cependant, je vous proteste que de ma vie je n'ai vu cheval si obéissant. Ma selle de femme avec laquelle je suis de côté sur le cheval, est la premiere qu'on ait vue dans cette partie du Monde: on la regarde avec autant de surprise, qu'on regardoit en Amérique le vaisseau de Christophe Colomb, lorsqu'il fit la découverte de ce pays. On a ici un respect religieux pour les tourterelles, à cause de leur innocence; ce qui fait qu'elles multiplient beaucoup: les cicognes y font en vénération, parce qu'on est persuadé qu'elles vont tous les hivers en pélerinage à la Mecque. Ce font, en vérité, les plus heureux Sujets de l'Em- pire Turc ; & ils connoissent si bien leurs priviléges qu'ils vont dans les rues sans crainte, & font ordinairement leurs nids au bas des maisons. Le peuple Turc regarde comme heureux ceux à qui appartiennent les maisons où ces oiseaux vont nicher, se persuadant qu'ils n'ont à craindre, pendant toute l'année, ni le feu ni la peste. J'ai le bonheur d'avoir un de ces nids sacrés sous les fenêtres de ma chambre. 
 A propos de chambre, je pense que la description des maisons de ce pays sera aussi agréable pour vous que celle des volatiles & des quadrupedes. Je suis persuadée que vous regardez, d'après les relations de la Turquie, toutes les maisons d'ici, comme étant de la plus pitoyable architecture. J'en ai vu un assez grand nombre pour en parler savamment, & je vous assûre que vous êtes dans l'erreur. Nous sommes actuellement logés dans un Palais qui appartient au Grand-Seigneur. La maniere de bâtir est charmante, & convient fort au pays. Il est vrai que ce n'est pas l'usage d'embellir l'extérieur des maisons, & qu'elles sont presque toutes bâties en bois; ce qui, je l'avoue, est sujet à beaucoup d'inconvéniens; mais l'on ne doit pas en accuser le goût de la Nation : la constitution du Gouvernement en est la seule cause. Chaque maison, à la mort du propriétaire, appartient au Grand-Seigneur; c'est pourquoi, personne ne veut faire une dépense dont il n'est pas sûr que sa famille profitera. Chacun ne songe qu'à faire construire commodément & pour sa vie, sans s'embarrasser que l'édifice tombe l'année d'après sa mort. Toutes les maisons de Turquie, en général, grandes ou petites, sont di- visées en deux parties, qui n'ont de communication que par un passage fort étroit. La premiere a, par devant, une grande cour, autour de laquelle regnent des galeries couvertes ; ce qui me paroît fort agréable. Ces galeries communiquent à toutes les chambres, qui sont ordinairement assez grandes, & où il y a deux rangs de fenêtres, dont le vitrage est peint. Il est rare qu'on fasse plus de deux étages à une maison, & chacun a ses galeries : les escaliers sont larges, & n'ont guères plus de trente marches : voilà pour ce qui regarde la partie qu'occupe le maître de la maison. Le Haram, c'est-à-dire, l'appartement des Dames, ( car le nom de Serrail est particulier au Grand Seigneur, ) a pareillement une galerie du côté du jardin sur lequel donnent les fenêtres des chambres, dont le nombre est égal à celui de l'autre partie de la maison : mais elles sont plus gaies, à cause des peintures & des ameublemens. Le second rang de fenêtres est fort bas, & il y a des grilles comme à celles des Couvents : les planchers des chambres sont tout couverts de tapis de Perse, & il y a dans un des bouts un banc de deux pieds d'élévation : dans la mienne il y en a deux : c'est ce qu'on appelle Sopha ; il est couvert d'un tapis plus riche que celui du plancher ; il y a tout autour une espèce de couche élevée d'un demi pied, laquelle est couverte d'une riche étoffe de soie, selon la fantaisie ou la magnificence du maître de la maison. La mienne est couerte d'un drap écarlate, avec une frange d'or. Tout au tour sont placés, contre la muraille, deux rangs de coussins, les uns grands, les au- tres petits ; & c'est ici où les Turcs étalent toute leur magnificence. Ces coussins sont ordinairement de brocard, ou de satin blanc, brodé en or: enfin rien n'est si brillant, ni si agréable à la vue. Ces siéges sont, en outre, si commodes, que je ne crois pas pouvoir reprendre l'habitude des chaises. Les chambres sont basses; &, ce que je ne regarde pas comme un défaut, le plancher d'en haut est de bois, sur lequel il y a des fleurs incrustées ou peintes. Il y a plusieurs armoires dans les murs, lesquelles me semblent plus commodes que les nôtres. Dans l'entre-deux des fenêtres sont de petits arsenaux où l'on met des parfums ou des corbeilles de fleurs. Mais ce qui me plaît le plus de tous les ameublemens d'un Haram, ce sont les fontaines de marbre, qui sont dans le fond de la chambre. Elles jettent l'eau par plusieurs tuyaux, procurent une agréable fraîcheur, & font un doux murmure en tombant d'un bassin dans l'autre : quelques-unes de ces fontaines sont magnifiques. Dans chaque maison il y a un bain qui consiste ordinairement en deux ou trois petites chambres couvertes de plomb & parées de marbre, avec des bassins & des robinets : enfin, on y trouve toutes les commodités propres pour les bains chauds & pour les froids. 
Vous serez, sans doute, surprise de voir une relation si différente de celles des voyageurs ordinaires, qui ont tous une démangeaison insupportable de parler de ce qu'ils ne savent pas. Un Chrétien, sans un caractère très-distingué, ou une occasion tout-à-fait extraordinaire, ne peut entrer dans la maison d'un homme de marque en Turquie : le Haram, sur-tout, est absolument défendu. Ainsi, ces voyageurs ne peuvent parler que de l'extérieur des maisons, qui ont ordinairement peu d'apparence : les Harams sont toujours sur le derriere, & on ne peut les voir de la rue. Ils n'ont que les jardins pour toute perspective, & ces jardins sont entourés de murs très-élevés : on n'y voit point de parterres, comme dans les nôtres ; ils sont plantés d'arbres assez hauts, qui font un agréable ombrage, & selon moi, un coup d'œil charmant. Au centre du jardin est le Chiosk ; c'est une grande chambre, au milieu de laquelle est ordinairement une fontaine. On monte à cette chambre par neuf ou dix marches ; ses murailles sont des jalousies dorées autour desquelles on voit des vignes entrelacées, du jasmin & du chevrefeuil, & le tout est environné de grands arbres. C'est dans ce lieu que le mari & la femme se livrent aux plus secrets plaisirs. Les Dames y passent ordinairement presque toute la journée, soit à faire de la musique, soit à broder. Dans les jardins publics, il y a des Chiosks publics pour ceux qui n'ont pas le moyen d'en avoir chez eux. On y va prendre du caffé, du sorbet, &c. On fait cependant bâtir en Turquie d'une maniere plus solide que tout cela : les Mosquées sont toutes en pierres de taille, les Hanns ou Auberges sont magnifiques. Il y en a plusieurs qui occupent un grand carré, tout entouré de boutiques, sous des arcades de pierres. On y loge gratis les pauvres artisans; elles sont toujours auprès des Mosquées. Le corps de l'auberge est une très-belle & très-grande salle, capable de contenir trois ou quatre cents personnes : la cour est très-vaste, & environnée d'un cloître ; ce qui ressemble assez à nos Colléges. Je vous avoue que je trouve ces fonda- tions bien plus utiles que celles des Couvents. Il me semble que je vous en dis beaucoup pour une fois. Si le sujet que j'ai choisi n'est pas de votre goût, vous aurez la bonté de m'en prescrire un autre ; soyez sure, ma chere T. , que personne ne desire plus de vous amuser que votre, &c.

Fin de la premiere Partie.",,vol1_227,fr
XXXIII,LETTRE XXXIII.,A la Comtesse de ***.,Andrinople,le 18 Avril 1717. Vieux style.,"JE vous ai écrit, ma chere Sœur, par le dernier Vaisseau, aussi-bien qu'à tous ceux avec qui je suis en correspondance en Angleterre : il n'y a que le Ciel qui sache quand je pourrai trou- ver une autre occasion pour vous faire tenir de mes nouvelles : je ne puis cependant m'empêcher de vous écrire encore ; car je suis si remplie de ce que je vis hier, qu'il faut, même pour mon repos, que je me hâte de vous en faire part. Je commence donc mon histoire sans avant-propos. Je fus invitée à dîner chez la femme du Grand-Visir, & ce fut avec un plaisir infini que je me préparai à un repas qu'on n'avoit jamais donné à une Chrétienne. Je crus que je satisferois peu sa curiosité, qui avoit, sans doute, beaucoup de part dans son invitation, en allant chez elle avec un habillement auquel ses yeux seroient accoutumés : dans cette idée je pris l'habit en usage à la Cour de Vienne ; il est beaucoup plus riche que le nôtre. Mais, pour éviter tout le cérémonial, j'y allai incognito dans un carrosse Turc, accompagnée seu- lement de ma femme de chambre qui me portoit la queue, & d'une Dame Grecque qui étoit mon interprete. L'Eunuque noir de la femme du Grand-Visir vint au-devant de moi à la porte de la cour ; il m'aida à descendre de carrosse avec beaucoup de respect, & me fit traverser plusieurs chambres où ses esclaves, magnifiquement habillées, étoient rangées en haie : je parvins à la derniere, où étoit la Dame, couchée sur son sopha en camisole de martre. Elle vint au-devant de moi avec beaucoup de civilité, & me présenta une demi-douzaine de ses amies. Elle est âgée d'environ cinquante ans ; il me parut que c'étoit une fort bonne femme. Je fus surprise de trouver si peu de magnificence dans son appartement ; l'ameublement étoit fort simple ; les habits seuls & le grand nombre de domestiques an- nonçoient la dépense. Elle s'apperçut de ma surprise, en comprit le motif, & me dit qu'elle n'étoit plus d'un âge à employer son argent en superflu; qu'elle n'en dépensoit que pour les pauvres, & que son unique occupation étoit de prier Dieu. Il n'y avoit aucune affectation dans son langage; elle & son mari s'occupent uniquement de dévotion. Le Visir ne regarde jamais d'autre femme que la sienne; &, ce qui est extraordinaire, ne reçoit jamais de présens, quoique ses prédécesseurs lui ayent donné un exemple bien différent à suivre. Il est même si délicat sur cet article, qu'il n'auroit jamais accepté le présent de Milord M ***, si on ne lui eût affûré plusieurs fois que c'étoit un droit de sa place à l'entrée de chaque Ambassadeur. Sa femme tint la conversation avec moi jusqu'au dîner, & me fit toutes fortes de politesses. On servit plat à plat ; mais il en parut un très-grand nombre, & tous étoient accommodés dans le goût Turc, que je ne crois pas si mau-vais qu'on a pû vous le dire. Je puis juger de la maniere d'apprêter les mets en Turquie, puisque j'ai vécu trois semaines dans la maison d'un Effendi à Belgrade, lequel nous a donné de magnifiques repas apprêtés par ses cuisiniers. Je trouvai les mets fort bons la premiere semaine ; mais je vous avouerai qu'à la fin je m'en en-nuyai, & je demandai la permission de faire servir un plat à la façon de notre pays. J'attribue mon dégoût au défaut d'habitude ; car je suis per-suadée qu'un Indien qui n'auroit ja-mais goûté de leur cuisine ni de la nôtre, préféreroit la leur. Les sauf-ses des Turcs sont trop relevées ; ils font trop cuire leur rôti ; ils em- ployent beaucoup d'épiceries fines ; la soupe est le dernier plat ; mais leurs ragoûts font au moins aussi variés que les nôtres. La femme du Grand-Visir me servit de tout, & avec beaucoup d'empressement : j'étois très-fâchée que mon appétit ne pût répondre à sa politesse. Après le repas, on servit le caffé & les parfums ; ce qui est une grande marque de considération. Deux esclaves, à genoux, encenserent mes cheveux, mes habits & mon mouchoir ; après quoi, leur Maitresse leur ordonna de jouer de la Guittare, & de danser : elles obéirent sur le champ : la Dame fit excuse de leur ignorance, en me disant, quelle ne prenoit pas soin de les exercer dans cet art.
Je lui fis mes remerciemens, & pris congé d'elle bientôt après. Je fus reconduite de la même maniere que j'avois été reçue. Je me serois re- tirée tout de suite chez moi ; mais la Dame Grecque qui m'accompagnoit me sollicita , avec empressement , d'aller rendre visite à la femme du Kahia , qu'elle me dit être le second Officier de l'Empire , & qu'on doit regarder comme le premier , puisqu'il exerce les fonctions de Grand-Visir , & que celui de chez qui nous sortions n'en a que le nom . J'avois trouvé si peu d'amusement dans le Haram du Grand-Visir , que je n'avois point envie d'aller dans un autre; mais je cédai aux instances de ma compagne , & je m'en fais très-bon gré . Il y régnoit un air tout-à-fait différent de celui que j'avois trouvé chez le Grand-Visir. La maison même annonçoit la différence qu'il y a entre une vieille dévote & une jeune Beauté : elle étoit magnifique , & d'une propreté étonnante . Je fus reçue à la porte par deux Eunuques noirs qui me firent passer une grande galerie où étoient rangées en deux haies de jeunes filles, dont les cheveux bouclés pendoient presqu'aux pieds, & dont les habits étoient à fleurs d'argent. J'étois fâchée que la décence ne me permît pas de m'arrêter pour les examiner de plus près. Mais je les oubliai bientôt, lorsque j'entrai dans une grande chambre, ou plutôt un pavillon environné de chassîs dorés qui étoient presque tous levés. Les arbres voisins jettoient un ombre agréable, qui garantissoit des rayons du soleil ; autour de leurs troncs étoient entrelacés des jasmins & des chevrefeuilles qui répandoient un doux parfum : à ces agrémens se joignoit celui de voir une fontaine de marbre blanc, dont l'eau tomboit avec un doux murmure dans trois ou quatre bassins. Sur le plafond étoient peintes toutes sortes de fleurs, qui sortoient de corbeilles dorées, & paroissoient prêtes à tomber. On voyoit la femme du Kahia sur un sopha élevé de trois marches, & couvert de beaux tapis de Perse : elle étoit appuyée sur des coussins de satin blanc brodé : à ses pieds étoient assises deux jeunes filles âgées de douze ans ou environ ; leurs habits étoient presque tout couverts de pierreries. Elles étoient très-aimables ; mais à peine y faisoit-on attention auprès de la belle Fatime, (c'est le nom de la femme du Kahia). Elle est d'une si grande beauté, que je n'ai rien vu de pareil, ni en Angleterre, ni en Allemagne : non, je ne me rappelle aucun visage qui mérite d'être regardé auprès du sien. Elle se leva pour me recevoir, & me salua à la façon de son pays, en mettant la main sur le cœur ; mais elle le fit d'une maniere noble & ma- jestueuse, que l'éducation de Cour même ne pourroit donner : c'est l'ouvrage de la Nature. Elle me fit apporter des coussins, & m'engagea à prendre le coin du sopha, qui est la place d'honneur. Quoique la Dame Grecque m'eût prévenue sur la beau-té de Fatime, je fus tellement frappée d'admiration, que je restai quelque temps sans pouvoir lui parler, étant toute occupée du plaisir de la contempler. Que ses traits sont bien proportionnés ! qu'ils forment un bel ensemble ! Que sa taille est bien prise ! Quel éclat la Nature a donné à son teint ! Quelles graces on découvre dans son sourire ! Quels yeux ! Ils font grands & noirs, & ont la langueur des bleus. De quelque maniere qu'on l'envisage, soit de face ou de profil, on découvre une nouvelle beauté. Lorsque l'étonnement de la surprise fut passé, je l'éxami- nai de près pour voir si je pourrois lui découvrir quelque défaut : mais cet examen ne servit qu'à me prouver que c'est une erreur de croire qu'une femme régulierement belle ne peut plaire. En vain Apelles emprunta tous les secours de l'Art pour faire une figure parfaite ; ce miracle étoit réservé à la seule Nature : elle a réussi en formant Fatime. Quoiqu'élevée dans un pays que nous appellons Barbare, elle a la contenance si majestueuse, les gestes si nobles & si aisés en même tems, que je suis convaincue que, si on la voyoit assise sur le trône le plus éclatant de l'Europe, on croiroit qu'elle est née pour être Reine. En un mot, sa beauté éclipseroit toutes celles qui sont en Angleterre. Un caftan de brocard d'or, à fleurs d'argent, prenoit exactement sa taille, & laissoit voir toute la beauté de sa gorge qui étoit couverte, sans être cachée, par une chemise de fine gaze : ses caleçons étoient couleur d'œillet pâle ; sa camisole étoit d'un verd argent : elle avoit des pantoufles de satin blanc magnifiquement brodé ; ses charmans bras étoient ornés de brasselets de diamans ; sa ceinture en étoit bordée. Un riche mouchoir de Turquie, fond œillet, relevé en argent, couvroit sa tête : de beaux cheveux noirs, partagés en tresses, pendoient fort bas derriere elle. Plusieurs épingles à tête de diamant étoient artistement rangées sur un des côtés de sa tête. Vous m'accuserez, sans doute, d'extravagance, & vous ne pourrez jamais croire qu'il n'y a point d'exagération dans le tableau que je vous fais. Il me semble avoir lu quelque part que les femmes ne parlent jamais de la beauté qu'avec ravisse- ment, & je ne sais pourquoi on leur en fait un crime : il faut avoir de la vertu pour admirer quelqu'un sans desir & sans jalousie. Les plus graves Ecrivains ont parlé avec une espece d'enthousiasme de quelques beaux tableaux & de quelques statues célebres : pourquoi le chef-d'œuvre du Créateur n'auroit-il pas plus de droit à nos éloges que ces foibles copies ? Je n'ai point honte d'avouer que j'ai goûté plus de plaisir en admirant la belle Fatime, qu'en regardant la plus belle piece de sculpture. Elle me dit que ces jeunes Demoiselles que je voyois à ses pieds étoient ses filles : elle me paroissoit, en vérité, trop jeune pour être leur mere. Vingt jeunes Esclaves, rangées au bas du sopha, me rappelloient l'idée des Nymphes. Il falloit le voir, pour croire que la Nature pût fournir un spectacle si beau. Fatime leur fit signe de jouer & de danser : dans l'instant, quatre d'entr'elles commencerent à jouer des airs tendres sur des instrumens qui tiennent du Luth & de la Guittare, & s'accompagnoient avec la voix, pendant que les autres dansoient tour à tour. Je n'avois jamais vu de danse semblable : elle étoit extrêmement légere, & voluptueuse en même tems : les airs étoient touchans, les mouvemens des danseuses étoient languissans; elles s'arrêtoient dans un attitude tendre, & leurs yeux prenoient un air de langueur; elles se renversoient encore en arriere, & se relevoient ensuite avec tant d'art, que je suis persuadée que la prude la moins sensible, & la dévote la plus scrupuleuse n'auroient pu les regarder sans étre émue. Vous avez lu, sans doute, que la Musique des Turcs en général choque l'oreille : mais ceux qui l'ont écrit n'avoient entendu que la Musique des rues, & ils n'étoient, par conséquent, pas plus en état d'en juger, que ne le feroit, à l'égard de celle d'Angleterre, un étranger qui n'auroit entendu que ces Joueurs d'instrumens qui courent dans les rues de Londres. Je vous assure que la Musique de ce Pays est fort touchante ; je conviendrai cependant que je préférerois l'Italienne; mais peut-être y a-t-il en cela de la partialité. Je connois une Dame Grecque qui chante mieux que Madame Robinson, & qui sçait parfaitement la Musique Italienne & la Musique Turque: elle préfere la derniere. Il est certain qu'on trouve en Turquie de très-belles voix naturelles ; celles que j'entendis chez Fatime étoient dans ce genre, & elles me plurent beaucoup. Lorsque la danse fut finie, quatre Esclaves blon- des entrerent, dans la chambre, tenant en main des encensoirs d'argent; elles parfumerent l'air avec de l'ambre, du bois d'aloës, &c. Elles me servirent ensuite du caffé à genoux, dans la plus belle porcelaine du Japon, sur des sous-coupes de vermeil. Pendant ce tems, l'aimable Fatime s'entretint avec moi de la maniere du monde la plus polie & la plus agréable : elle m'appelloit souvent Uzel Sultanam, c'est-à-dire, la belle Sultane; me demandoit mon amitié d'un ton très-obligeant, & marquoit du chagrin de ne pouvoir m'entretenir dans ma langue naturelle. Lorsque je pris congé d'elle, deux jeunes Esclaves apporterent une belle corbeille d'argent, remplie de mouchoirs brodés. Fatime me pria de porter le plus beau pour l'amour d'elle, & donna les autres à mon interprete & à ma femme de cham- bre. En sortant, je reçus les mêmes politesses qu'en entrant. J'étois si enchantée de ce que je venois de voir, que je m'imaginois avoir passé quelque tems dans le paradis de Mahomet. Je ne sais ce que vous penserez de cette relation ; je voudrois seulement qu'elle vous causât une partie du plaisir que j'ai senti. Je serois bien contente, ma chere Sœur, si vous pouviez partager les amusemens de votre, &c.",,vol2_1,fr
XXXIV,LETTRE XXXIV.,A l'Abbé***.,Andrinople,le 17 Mai 1717. Vieux style.,"JE suis sur le point de quitter Andrinople ; & je voudrois, avant mon départ, vous faire connoître ce que j'y ai trouvé de plus curieux. Je ne vous ferai aucune dissertation, pour savoir si c'est la même ville qui s'appelloit autrefois Orestesie, ou Oreste ; vous le savez mieux que moi. Elle porte maintenant le nom de l'Empereur Adrien. C'est la premiere ville où les Empereurs Turcs ont fait leur résidence en Europe ; plusieurs y ont encore résidé dans les derniers tems. Mahomet IV. & Mustapha, frere de l'Empereur régnant, aimoient cette ville au point qu'ils abandonnerent entierement Constantinople, pour y demeurer tout-à-fait. Les Janissaires en furent tellement irrités, qu'ils les déposerent : cependant l'Empereur régnant paroît s'y plaire. La situation en est belle, & son territoire est magnifique ; mais l'air y est fort mal sain. On assure que la ville a huit milles de tour ; on y comprend, sans doute, les jardins. On ne distingue les Palais d'avec les autres maisons que par la grandeur : car l'architecture des Turcs n'a nulle apparence. Cette ville est actuellement fort peuplée ; mais la plûpart de ceux qu'on y voit, sont des gens qui suivent l'Armée ; & l'on m'a assuré que, quand ils en sortent, la ville est presque déserte. On desséche tous les étés le fleuve Maritza, appellé autrefois l'Hebre, sur lequel Andrinople est située : je crois que cela contribue beaucoup à rendre l'air mal sain. Ce fleuve fait à présent un courant d'eau qui est fort agréable ; il y a deux beaux ponts dessus. J'ai eu la curiosité d'aller voir la Bourse, dans mon habit Turc, pour n'être pas reconnue ; cependant je vous avouerai que je ne fus pas trop à mon aise, lorsque j'y apperçus une foule de Janissaires ; mais ils n'osent insulter les femmes : ils me firent place avec autant de respect que si j'avois été habillée à l'Angloise. La Bourse a un demi-mille de long; elle est voûtée & entretenue, avec beaucoup de propreté. Il y a trois cents soixante boutiques remplies de toutes fortes de riches marchandises exposées en vente, comme elles le font à la nouvelle Bourse de Londres ; mais le pavé de celle d'Andrinople est entretenu plus proprement, & les boutiques font aussi brillantes que si elles venoient d'être peintes. Les personnes désœuvrées vont s'y promener, ou y prendre du caffé ou du sorbet, qu'on y crie, comme on fait les oranges à nos Spectacles. J'observai que la plûpart des riches Marchands étoient Juifs : cette Nation a un pouvoir incroyable dans ce pays : elle a plus de priviléges que les Turcs mêmes : elle forme ici une République, & est jugée par ses propres Loix. Elle s'est emparée de tout le commerce de l'Empire, parce qu'il regne une grande union parmi ceux qui la composent, & que les Turcs sont très-nonchalans & peu industrieux. Chaque Bassa a pour homme d'affaires un Juif, auquel il confie généralement tous ses secrets, & le laisse conduire ses affaires à sa volonté, sans s'en mêler en aucune maniere quelconque. C'est ce Juif qui, dans le district de son Bassa, regle les marchés, reçoit les présens qu'on a coutume de faire, qui examine les marchandises qui arrivent ou qui sortent; enfin son pouvoir est presque sans bornes. Le Médecin, l'Intendant, l'Interprete d'un grand Seigneur, est toujours un Juif. Jugez quel avantage peut tirer de-là une Nation toujours attentive à ses intérêts. Les Juifs enfin ont trouvé le secret de se rendre si nécessaires en Turquie, qu'ils font toujours assurés de la protection de la Cour. Quoique les Marchands Anglois, François & Italiens connoissent toutes leurs supercheries, ils n'en font pas moins obligés de leur confier leurs affaires : enfin tout ce qui concerne le commerce passe par leurs mains. Les moins considérables d'entr'eux sont encore des hommes assez importans, pour qu'on n'ose leur manquer. Toute la Nation s'intéresse autant à eux qu'aux plus notables. Ils font presque tous riches ; mais ils ont soin de ne le pas paroître : dans l'intérieur de leur maison on trouve la plus grande magnificence, même le plus grand luxe. Me voilà bien éloignée de la description de la Bourse. Elle fut fondée par Ali-Bassa, dont elle porte le nom. Tout proche de cette Bourse est une rue qui a un mille de long ; elle est remplie de boutiques, où l'on trou- ve toutes fortes de belles marchandises ; mais elles sont extrêmement cheres, parce qu'il n'y a point ici de manufacture. Elle est couverte de planches, pour mettre les marchandises à l'abri de la pluie en tout tems. A peu de distance de-là on trouve le Besiten ; c'est une autre Bourse bâtie sur des piliers. On y vend toutes fortes de harnois pour les chevaux : ils sont tous garnis d'or & de pierreries : on est ébloui en entrant dans cette Bourse. De-là, je me fis conduire dans mon carrosse Turc au camp qu'on doit transporter dans peu sur les frontieres. Le Sultan a déjà visité ses tentes avec toute la Cour. Ce camp fait, en vérité, un beau coup d'œil. On prendroit les tentes des Grands pour des Palais : elles couvrent une vaste étendue de terrein, & sont distribuées en plusieurs appartemens tous peints en verd. Les trois queues de cheval, marque de la dignité des Bassas, sont placées d'une maniere remarquable devant la tente de ces Seigneurs; & sur toutes ces tentes il y a des globes dorés en plus ou moins grande quantité, selon le rang de ceux à qui elles appartiennent. Les Dames Turques vont voir ce camp avec autant d'empressement que les Dames Angloises allerent voir celui de Hide-Park. On s'apperçoit bien que les Soldats n'ont point cet air de satisfaction qui est ordinaire à des troupes qui sont sur le point de commencer une campagne. La guerre est onéreuse au peuple en général, & particulierement aux Marchands, sur-tout lorsque le Grand-Seigneur est décidé, comme il l'est aujourd'hui, à commander ses Armées en personne. Chaque corps de Marchands est obligé de lui faire un présent présent proportionné aux richesses de ceux qui le composent. Je me levai à six heures du matin pour voir la marche des troupes qui devoient passer par les principales rues de la ville ; mais elle ne commença qu'à huit. Le Grand-Seigneur se mit à la fenêtre du Serrail pour la voir. Les troupes étoient précédées par un Effendi, monté sur un chameau magnifiquement enharnaché ; il lisoit à haute voix l'Alcoran, qui étoit richement relié, & posé sur un coussin. Une troupe d'enfans habillés de blanc environnoient l'Effendi, & chantoient des versets de l'Alcoran ; suivoit un homme qui portoit des rameaux verds ; il imitoit un laboureur qui seme du bled : venoient ensuite plusieurs moissonneurs couverts d'épis de bled, comme on dépeint Cérès ; ils tenoient des faulx en main & prenoient l'attitude de faucheurs. Paroissoit une petite machine traînée par des bœufs ; il y avoit dessus un moulin à vent, & des enfans occupés à moudre du bled : cette machine étoit suivie d'une autre traînée par des buffles; on voyoit un four & deux enfans, dont l'un pétrissoit le pain, l'autre le tiroit du four : ils jettoient, par intervalles, des gâteaux au peuple. Marchoit ensuite la compagnie des Boulangers, rangés deux à deux, & habillés proprement. Ils portoient sur leur tête des gâteaux, des pains de toute grandeur & des pâtés de toute espece. Suivoient deux bouffons, dont le visage étoit couvert de farine ; ils amusoient le peuple par leurs gestes & leurs grimaces. Suivoient, dans le même ordre que les Boulangers, tous les plus riches Corps des Marchands de l'Empire, comme Jouailliers, Merciers, &c. tous fort bien montés. Au milieu d'eux étoient plusieurs arcs de triomphe, où les différens Commerces étoient représentés avec une magnificence extrême, principalement celui des Foureurs: ils avoient mis autour d'une machine assez grande, des peaux d'hermine & de renard; elles étoient arrangées avec tant d'art, qu'il sembloit que les animaux étoient vivans. Des Musiciens & des Danseurs suivoient les Corps des Marchands. Il pouvoit y avoir en tout vingt mille hommes tout prêts à suivre l'Empereur, s'il le leur avoit commandé. La marche étoit fermée par les Volontaires qui venoient demander à Sa Hautesse l'honneur de mourir à son service. Ils présentoient un spectacle si barbare, que je quittai la fenêtre sitôt qu'ils parurent: ils étoient tout nuds jusqu'à la ceinture. Les uns avoient des fléches enfoncées dans les bras ; les autres en avoient dans la tête, & le sang couloit sur leur visage. Quelques-uns se perçoient le bras avec un coûteau, & faisoient rejaillir le sang sur leurs camarades : cette barbarie étoit regardée comme une preuve de courage. On m'assura qu'il y en avoit plusieurs qui, en approchant de la fenêtre de leurs maitresses, s'enfonçoient une autre fléche dans quelque partie du corps pour leur prouver leur amour, & qu'elles ne manquoient jamais de donner un signe d'approbation à cette galanterie. Toutes les femmes sont voilées pour voir ce Spectacle. Il dura huit heures, & m'ennuya beaucoup, quoique je fusse chez la veuve du Capitan Bassa, Amiral, laquelle me fit toutes sortes de politesses : elle m'engagea à prendre du caffé, des confitures & du sorbet. Deux jours après j'allai voir la Mosquée du Sultan Sélim I. Ce bâtiment est digne de la curiosité d'un voyageur. Quoique je fusse habillée à la mode du pays, j'imagine qu'on savoit qui j'étois ; cependant on ne fit aucune difficulté de me laisser entrer ; le portier même eut l'attention de me conduire par-tout. Cette Mosquée a quelque chose de majestueux : elle est située au milieu de la ville, & dans le lieu le plus élevé. La premiere cour a quatre portes ; la seconde, trois ; & toutes les deux sont environnées de portiques, dont les piliers sont de marbre & d'Ordre Ionique ; le pavé est de marbre blanc. Le haut de ces portiques forme plusieurs coupoles ou dômes, sur chacun desquels on voit un globe doré. Au milieu des deux cours il y a de belles fontaines de marbre blanc : devant la grande porte de la Mosquée est un portique soutenu par des piliers de marbre verd, qui forment cinq portes. Le corps de la Mosquée fait un dôme d'une grandeur prodigieuse; mais j'entends si peu l'architecture, que je n'ose parler des proportions : elle me parut cependant assez réguliere. L'édifice est très-élevé, & j'ose assûrer que, de tous les bâtimens que j'ai jamais vus, c'est celui qui a l'air le plus majestueux. Il y a deux rangs de galeries soutenues par des piliers; les balustrades sont de marbre : le pavé de la Mosquée est aussi de marbre; il est couvert de tapis de perse. L'on n'y voit ni prie-Dieu, ni ces différentes espèces de bancs qu'on trouve dans nos Eglises; & cette simplicité m'a paru assez noble. On n'y défigure point les piliers, qui sont presque tous de marbre rouge ou blanc, par de petites statues, ni par des images ridicules, qui donnent aux Eglises des Catholiques Romains l'air de bouti- ques de Tabletiers. Il y a sur les murailles des fleurs dont la couleur est si vive, qu’au premier coup d’œil je ne pus jamais imaginer de quelle matière elles étoient ; mais, en approchant, je vis que c’étoit de la porcelaine du Japon : cela fait un très-bel effet. On voit au milieu de cette Mosquée une très-grande quantité de lampes de vermeil, parmi lesquelles il s’en trouve une qui est d’une grandeur prodigieuse. Elles doivent faire un beau coup d’œil lorsqu’elles font toutes allumées : mais les femmes ne peuvent voir ce spectacles, parce qu’on ne les allume que la nuit. Sous la grosse lampe est une chaire de bois, dont la sculpture est dorée ; & tout auprès, une fontaine où l’on se lave ; ce qui fait, comme vous le savez, un article essentiel de la Religion des Turcs. Dans un coin de cette Mosquée est une tribune fermée par des jalousies dorées : c'est-là que le Grand-Seigneur entend l'Office. Au bout on voit une grande niche, dans laquelle est un autel où l'on monte par des marches : il est couvert de brocard d'or, & il y a sur le devant deux chandeliers de vermeil, d'une grandeur assez considérable ; dans chacun d'eux on voit une chandelle de cire blanche de la grosseur d'un homme. Le dehors de la Mosquée est orné de plusieurs tours, dont le dessus est tout doré : c'est de-là que les Imaums appellent le peuple à l'Office. J'eus la curiosité de monter sur une de ces tours, dont la construction me parut surprenante. On arrive par la même porte à trois différens escaliers qui conduisent aux trois étages de la tour ; mais ces escaliers, qui font le tour de ce bâtiment, sont distribués de maniere que trois Der- vis peuvent les monter sans se rencontrer ; ce qui est admiré des connoisseurs. Derriere la Mosquée est une Bourse où les pauvres Artisans sont logés gratis. Lorsque j'entrai dans cette Mosquée, j'y vis plusieurs Dervis qui célébroient l'Office. Leur robe est d'une étoffe de laine unie ; ils ont les bras nuds ; un bonnet de laine, semblable à un chapeau profond, mais sans bords, couvre leur tête. J'ai été voir d'autres Mosquées qui sont construites dans le même ordre d'architecture que celle de Sélim I. mais qui ne l'égalent pas, à beaucoup près, en magnificence : elles ont cependant toutes en général l'air plus majestueux que les Eglises d'Allemagne & d'Angleterre : je ne parle pas de celles qui font dans les pays où je n'ai point passé. Le Serrail n'a rien de frappant ; mais les jardins en font très-grands ; il y a beaucoup de fontaines & d'arbres c'est tout ce que j'en puis dire : car je n'y ai point été.
Je crois qu'il est inutile que je vous fasse un détail des cérémonies qui se font observées à l'entrée & à l'audience de Milord M*** : ce sont toujours les mêmes ; je ne répéterai point ce qui a été tant de fois écrit. Le fils du Sultan peut avoir onze ans : aux audiences d'Ambassadeur il est assis à côté de son pere. C'est un beau jeune homme ; mais il n'y a pas d'apparence qu'il succéde immédiatement à l'Empereur régnant. Mustapha a laissé deux fils, dont le plus âgé a vingt ans : le peuple a fondé de grandes espérances sur lui ; & il paroît qu'il ne regrettera pas celui qui le gouverne aujourd'hui : il passe pour être avare & cruel. Je suis, &c.
Je vous écrirai encore de Constantinople.",,vol2_17,fr
XXXV,LETTRE XXXV.,A l'Abbé ***.,Constantinople,le 29 Mai 1717. Vieux style.,"J'AI fait un voyage très agréable : le tems étoit extrêmement beau ; &, comme nous sommes à présent dans la plus belle saison de l'année, les prairies offroient le plus riant spectacle du monde. Elles étoient toutes couvertes de ces fleurs dont nous décorons nos parterres, & d'herbes odoriférantes ; ma berline, en les foulant, parfumoit l'air. Le Grand-Seigneur nous a fourni trente chariots couverts pour nos bagages, & cinq carrosses Turcs pour mes femmes. Tous les chemins étoient occupés par les Grands-Spahis, qui venoient de l'Asie avec leurs équipages pour joindre l'armée. Ils ne voya- gent jamais sans leurs tentes ; je n'ai point voulu en accepter, préférant de loger dans des maisons. Je ne vous ferai point ici une liste ennuyeuse des noms des Villages par où nous avons passé ; je me contenterai de vous parler du Conac, ou petit Serrail qu'on a bâti à Ciorlci pour le Grand-Seigneur, lorsqu'il passe par-là. J'eus la curiosité de visiter tous les appartemens destinés pour les Dames de la Cour. Ils sont situés au milieu d'un bouquet d'arbres touffus, & rafraîchis par des fontaines. Je fus assez surprise de trouver les murailles toutes couvertes de Vers Turcs, écrits avec le pinceau. Je me les fis expliquer par mon Interprete, & j'en trouvai plusieurs qui étoient assez bien tournés ; cependant je crois, comme il en convint lui-même, qu'ils perdent beaucoup dans la traduction. En voici un traduit littéra- lement : » Nous venons dans ce Mon- » de, nous y séjournons, & nous par- » tons : celui qui est logé dans mon » coeur n'en sort jamais «. En continuant notre route, nous avons passé par de belles prairies émaillées qui sont le long du rivage de la Mer de Marmara; c'est l'ancienne Propontide. La nuit suivante nous couchames à Sélivrée, qui étoit autrefois une Ville célébre : c'est à présent un bon Port de mer, & assez bien bâti; il y a un Pont de 32 arcades. On y trouve une ancienne & fameuse Eglise Grecque. J'avois prêté un de mes carrosses à une Dame Grecque qui étoit charmée de trouver l'occasion de voyager avec moi; elle avoit dessein de faire ses dévotions à cette Eglise, & je l'y accompagnai. Cet édifice est mal bâti; on y voit les mêmes ornemens que dans les Eglises des Catholiques Romains ; mais ils sont moins riches. On me montra le corps d'un Saint où je jettai une pièce d'argent ; on me fit voir en outre un portrait de la Vierge, qu'on prétend avoir été peint par S. Luc : il ne prouve pas que ce Saint fût fort habile dans l'art de peindre ; cependant la plus belle Notre-Dame d'Italie n'est pas plus célébre par les miracles. Les Grecs ont un très-mauvais goût pour la peinture : tous leurs tableaux sont à fond d'or : ils croient les embellir par-là. Jugez de l'effet que cela doit faire. Dans leurs peintures on ne voit ni ombres ni proportions. Ils ont un Evêque qui officie en robe de pourpre. Il eut la politesse de m'envoyer à mon logement une chandelle presque aussi grosse que mon corps. Nous restâmes à coucher dans une Ville appellée Bujuk-Cekmege, ou Grand-Pont : le lende- main nous nous arrêtâmes à Kujuk-Cekmege, ou Petit-Pont. La maison où nous logeâmes est assez agréable : c’étoit autrefois un Monastère de Dervis. En entrant, on trouve une grande cour, environnée d’un cloître bâti en marbre ; il y a une belle fontaine au milieu. Le point de vue de cette maison & des jardins qui l’environnent, est le plus beau que j’aye jamais vu ; il prouve que les Moines de toutes les Religions savent toujours bien choisir leurs retraites. Il est à présent occupé par un Hogia, ou Maître d’école, qui enseigne les enfans. Je le priai de me montrer son appartement particulier ; je fus fort surprise de voir qu’il me montroit un cyprès très-élevé, au haut duquel son lit étoit placé, & un peu plus bas celui de sa femme & de deux enfans qui, comme lui, couchoient tou- tes les nuits dans cet arbre. Cela me parut si plaisant, que j'eus la curiosité d'examiner ces nids de plus près : mais lorsque j'eus monté cinquante échelons, je vis qu'il m'en restoit encore autant pour arriver au haut de l'arbre, & qu'il me faudroit aller de branche en branche, j'eus peur pour mon cou, & je descendis. Nous arrivâmes le lendemain à Constantinople ; mais je ne puis vous en parler encore ; je n'ai été occupée qu'à recevoir des visites qui m'ont assez récréé la vue, parce que les femmes sont, en général, trés-belles ici, & qu'elles savent toutes se mettre avec goût. Notre Hôtel est dans Pera, qui n'est pas plus un Fauxbourg de Constantinople, que Westminster n'en est un de Londres. Tous les Ambassadeurs sont logés fort près les uns des autres. De notre Hôtel on découvre le Port, la Ville, le Serrail, & les montagnes éloignées de l'Asie, ce qui fait le plus beau coup d'œil du monde. Un Auteur François dit que Constantinople est deux fois aussi grande que Paris; Milord M*** prétend qu'elle n'est pas plus grande que Londres; pour moi je trouve le contraire; mais je ne la crois pas si peuplée. Les champs où l'on enterre les morts sont certainement beaucoup plus spacieux que toute la Ville, & je suis étonnée que l'on perde tant de terrein pour cet usage en Turquie. J'ai vu des cimetieres de plusieurs milles d'étendue, qui servoient à enterrer les morts d'un très-petit Village qui avoit autrefois été une grande Ville, & qui n'en conservoit plus que cette triste marque. Les Turcs ont pour maxime de ne jamais toucher à une pierre qui sert de monument : il y en a quelques- uns qui sont de très-beau marbre, & qui coûtent fort cher. On érige ordinairement à la mémoire d'un homme une colonne au haut de laquelle on fait sculpter un turban. Comme les turbans, par leurs formes, dénotent la qualité & la profession d'un homme, cela fait le même effet que si l'on mettoit des armes sur le tombeau du mort ; d'ailleurs on grave ordinairement une inscription en lettres d'or sur la colonne. Le tombeau des femmes a une colonne sans aucun ornement ; mais on met une rose au haut, lorsqu'elle est destinée pour celui d'une fille.
Chaque famille a sa sépulture particuliere ; elle est environnée de grillages & plantée d'arbres tout autour. Dans celle des Sultans & des Grands, il y a toujours des lampes allumées.
En vous parlant de la Religion des Turcs, j'ai oublié deux particularités. J'en avois lu une ; mais elle me paroissoit si bizarre, que je la croyois fausse : elle est cependant vraie. C'est que lorsqu'un mari a répudié sa femme d'une maniere solemnelle, il ne peut la reprendre qu'à une condition, qui est de permettre à un autre homme de passer une nuit avec elle ; & il s'en trouve qui aiment mieux subir cette loi, que d'être privés pour toujours d'une femme pour laquelle leur passion s'est rallumée. L'autre particularité est un point de doctrine bien extraordinaire : toute femme qui meurt sans être mariée, est regardée comme une réprouvée. Cette croyance est fondée sur l'opinion où les Turcs sont que la femme n'est créée que pour croître & multiplier ; & qu'elle ne remplit sa vocation, que lorsqu'elle fait des enfans, ou qu'elle les éleve, & c'est tout ce que Dieu lui demande. Les femmes ne peuvent être effectivement astreintes à d'autres devoirs en Turquie, puisque tout commerce avec le Public leur est interdit. Nous sommes persuadés que les Mahométans ne croient point qu'elles ayent une ame ; mais nous nous trompons : il est vrai qu'ils prétendent que l'ame des femmes n'est pas d'une espèce si élevée que celle des hommes, & qu'elles n'entreront point dans le Paradis qui leur est destiné à eux qui doivent être seuls dans la compagnie des Béatitudes célestes ; mais ils croient qu'il y a un lieu de félicité destiné pour les femmes vertueuses, & où elles jouiront d'un bonheur éternel. Il y a beaucoup de femmes assez superstitieuses pour ne pas vouloir rester veuves dix jours, de crainte d'être réprouvées en mourant, comme des créatures inutiles : mais celles qui aiment leur liberté, & qui font moins scrupuleuses, ne se marient que lorsqu'elles craignent de mourir. Ce précepte de Religion est bien différent de celui qui enseigne qu'il n'y a rien de si agréable à Dieu qu'un vœu de chasteté perpétuelle. Je vous laisse à juger laquelle est la plus raisonnable de ces deux doctrines. J'ai une collection de médailles Grecques, qui commence déjà à être nombreuse. Il y a ici des Antiquaires de profession, toujours tout prêts à en vendre à ceux qui en veulent acheter. Vous ne sauriez croire de quel œil ils me fixent lorsque je leur en demande : je crois qu'ils s'imaginent qu'il n'est permis de chercher des médailles antiques qu'à ceux qui sont eux-mêmes des antiquités. Il y en a dans ma collection quelques-unes des Rois de Macé- doine, qui sont fort rares, principalement un Persée : il est si bien gravé, que ses traits semblent annoncer ses vices. J'ai une tête de porphyre qui est une véritable sculpture Grecque. Les Savans à qui je la ferai voir à mon retour, n'auront pas la satisfaction de savoir qui elle représente ; car les Antiquaires de qui on achete ces raretés, sont tous Grecs, & d'une ignorance extrême ; ils ne savent que vendre. Ils ont des correspondances à Alep, au Grand-Caire, en Arabie & en Palestine, qui leur envoyent tout ce qu'ils peuvent trouver, & souvent de gros morceaux de cuivre qui ne sont propres qu'à faire des casseroles & des chaudrons. Ils vendent tout le plus cher qu'ils peuvent, sans distinguer ce qui est précieux, d'avec ce qui ne l'est pas. Ceux qui croient avoir un peu de connois- ance ne manquent jamais de trouver l'image de quelque Saint sur les médailles des Villes Grecques. Un d'entr'eux, me montrant, sur le revers d'une médaille, Pallas avec une victoire dans sa main, m'assura que c'étoit la Vierge qui tenoit un Crucifix : Le même me présenta la figure de Socrate sur une sardoine, & pour en rehauffer le prix, il lui donna le nom de S. Augustin. J'ai demandé une Momie, qui, je crois, me parviendra sans qu'il lui arrive le même accident qui est arrivé à une très-belle que le Roi de Suede avoit fait acheter : elle lui coûtoit fort cher ; mais les Turcs s'imaginerent que ce Prince avoit formé quelque projet, & que, pour le faire réussir, il lui falloit cette Momie ; en conséquence, ils se persuaderent que c'étoit le corps de... Dieu sait qui ; & que la conservation de leur Em- pire dépendoit mystiquement de celle de ce corps : ils rappellerent à cette occasion quelques anciennes prophéties, & finirent par mettre la Momie dans les sept tours, où elle est restée prisonniere depuis ce tems. Je n'ose employer mon crédit pour la délivrer ; mais j'espere que la mienne passera sans être examinée. Je ne puis à présent vous dire autre chose de Constantinople. Vous recevrez de mes nouvelles lorsque j'aurai eu le tems de me reconnoître. Je suis, Monsieur, Votre, &c. LETTRE",,vol2_35,fr
XXXVI,LETTRE XXXVI.,A M. Pope.,Du Village de Belgrade,le 17 Juin 1717. Vieux style.,"JE compte que vous avez reçu à présent deux ou trois de mes Lettres. Celle où vous me supposez morte & enterrée ne m'est parvenue qu'hier, quoique datée du trois Février. Je vous ai déjà appris que j'étois encore de ce monde ; mais en vérité, je compare ma situation actuelle à celle des esprits séparés des corps. Les chaleurs de Constantinople sont cause que je suis dans ce lieu qui répond parfaitement à la description des Champs Elisées. C'est un bois planté d'arbres fruitiers, qui font arrosés par un grand nombre de fontaines, dont l'eau est très-claire & très-bonne ; ils ombragent plu- sieurs belles allées : la terre est couverte d'une si agréable verdure, qu'elle me semble être l'ouvrage de l'Art : mais on m'assûre que c'est celui de la Nature. Nous découvrons la Mer Noire, qui nous rafraîchit par ses brises, & calme les excessives chaleurs de l'été. Ce Village n'est habité que par des Chrétiens qui font fort riches : ils vont tous les soirs chanter & danser sur le bord d'une fontaine qui n'est qu'à quarante pas de la maison que j'habite. La beauté & l'habillement des femmes me rappellent à l'idée les tableaux que les Poëtes & les Peintres font des Nymphes. L'état dans lequel est mon esprit, me persuade presque que je suis malade : j'ignore entierement ce qui se passe parmi les vivans ; & si le hazard m'en donne quelques nouvelles, je les reçois avec une extrême indifférence. Je con- serve cependant toujours du penchant pour mes amis & mes connoissances que j'ai laissés dans le monde, selon ce que dit un admirable Auteur : „ Les esprits des morts con- >> servent toujours de la tendresse >> pour les amis & les parens qu'ils >> ont laissés derriere eux. « Personne ne peut nier cette vérité : j'en suis moi-même un exemple. Virgile dit aussi :

... Curæ non ipsæ in morte relinquunt.

Pour que le lieu que j'habite fût de véritables Champs Elisées, il faudroit qu'il y eût un fleuve Léthé : mais je ne suis pas assez heureuse pour y en trouver. En vérité, la danse, le chant, & la clarté du soleil m'ennuient, & je soupire après la fumée & les impertinences qui vous fatiguent. Je fais cependant ce que je peux pour me persuader que je vis ici dans une plus agréable variété, & que le lundi chasser aux perdrix ; la mardi, lire de l'Anglois ; le mercredi, étudier la Langue Turque, dans laquelle, à propos, je suis déjà fort savante ; le jeudi, lire les Auteurs Classiques ; le vendredi, écrire; le samedi, m'occuper avec mon aiguille ; le Dimanche, recevoir des visites & entendre de la musique, est employer plus agréablement la semaine, que d'aller le lundi à la Cour, le mardi chez Milady Mohuns, le mercredi à l'Opera, le jeudi à la Comédie, le vendredi chez Milady Chetwynds, &c. Dans ce cercle continuel d'actions, on voit le même scandale, les mêmes folies répétées cent & cent fois, & elles ne me font pas plus d'impression ici qu'aux autres morts. Dans l'état où je suis actuellement, je peux entendre tout sans indignation; je ne suis capable que de pitié. Quand je réfléchis à l'espace immense qui est entre vous & moi, les nouvelles qui m'arrivent ne m'affectent plus ; si elles m'annoncent un sujet de joie ou de tristesse, je pense que ce sujet a eu le tems de changer avant que j'en fusse informée. Mais cette indifférence ne s'étend pas jusqu'a mes amis, comme je l'ai déjà dit : je serai toujours flatée si vous voulez en être du nombre, aussi-bien que Madame Congreves, & je désire de vivre toujours dans votre amitié. Je suis, &c.",,vol2_49,fr
XXXVII,LETTRE XXXVII.,A Milady ***.,Du Village de Belgrade,le 17 Juin 1717. Vieux style.,"JE vous demande pardon, Milady, mais je n'ai pu m'empêcher de rire, même de bon cœur, à la lec- ture de votre Lettre, & des commissions dont vous voulez bien m'honorer. Vous me priez d'abord de vous acheter une Esclave Grecque, ornée de toutes fortes de qualités; mais les Grecs sont Sujets, non Esclaves des Turcs. Les filles que l'on vend ici ont été ou prises à la guerre, ou enlevées en Russie, en Circassie, ou enfin en Géorgie ; & ce sont toutes de pauvres malheureuses si mal-adroites, que vous n'en voudriez prendre aucune pour servante de fatigue. Il est vrai qu'on en avoit enlevé plusieurs milles dans la Morée ; mais la plûpart a été rachetée par les Chrétiens, & le reste par les parens qu'elles avoient à Venise. Ces belles Esclaves, qui fervent les femmes de qualité, aussi-bien que celles qui sont destinées aux plaisirs des grands Seigneurs, sont toutes achetées à l'âge de huit à neuf ans, & on leur apprend avec soin à danser, chanter, broder, &c. Elles sont presque toutes Circassiennes; leurs maîtres ne les vendent jamais, que quand elles ont fait quelque faute grave. S'ils s'en dégoûtent, ils en font présent à un de leurs amis, ou leur rendent la liberté. Celles qui sont exposées dans les marchés, sont toujours coupables de quelque crime, ou si grossieres, & si maladroites, qu'elles ne sont propres à rien du tout. Je crains que vous n'ajoûtiez pas foi à ce langage, qui est bien différent de l'opinion qu'on a en Angleterre ; mais qui est cependant vrai. Toute votre Lettre est remplie de méprises d'un bout à l'autre. Je m'apperçois que vous avez pris vos idées de la Turquie dans Dumont, ce digne Auteur, qui a écrit avec autant d'ignorance que de con- fiance. C'est un amusement singulier pour moi, de lire ici les voyages du Levant, qui sont tous en général remplis de mensonges & d'absurdités. Les Auteurs de ces fortes de rela-tions ne manquent jamais d'entrer dans des détails sur ce qui regarde les femmes, quoiqu'ils n'en ayent certainement jamais vû une seule; & de parler des mœurs des hommes, comme d'une chose qui leur est très-connue, quoiqu'ils ne se soient jamais trouvés avec eux: souvent ils ont même la hardiesse de donner la description des Mosquées dans lesquelles ils n'ont osé seulement regarder par un trou. Les Turcs sont en général très-fiers, & ne conversent jamais avec un étranger, s'ils ne sont certains qu'il tient un rang distingué dans son Pays. Je ne parle que des Turcs de marque; & vous pouvez bien vous imaginer quelle idée la conversation de ceux du commun peut donner du génie de la Nation en général.
Je vous enverrai certainement du baume de la Mecque ; mais il est beaucoup plus difficile d'en avoir que vous ne pensez. D'ailleurs, je ne vous conseille pas d'en faire usage. Je ne sais pourquoi on le vante tant. Toutes les Dames que je connois à Londres & à Vienne, m'ont priée, avec beaucoup d'instances, de leur en envoyer des pots. On m'en a donné une certaine quantité de la meilleure espéce; ce qui fait un présent fort honnête. Je me suis hâtée d'en mettre sur mon visage, parce que j'en attendois quel-qu'effet surprenant ; il est vrai qu'il l'a été beaucoup. Dès le lendemain, mon visage a extraordinairement enflé, & est devenu aussi rouge que celui de Milady ***. J'ai été trois jours entiers dans ce triste état, & je croyois y rester toute ma vie : vous imaginez bien que j'étois fort inquiet-te : pour surcroît d'amusement, Milord M*** ne cessoit de me repro-cher mon imprudence. A la fin, mon visage s'est remis dans son ancien état ; les Dames me disent qu'il est même beaucoup mieux qu'il n'étoit ; mais je ne m'apperçois point de cet embellissement dans mon miroir. Il est vrai que, si l'on jugeoit de l'effet du baume par leur visage, à elles, on en auroit une opinion fort avan-tageuse. Elles en font toutes usage, & leur teint est d'une beauté ravis-sante. Pour moi, je n'ose m'exposer une seconde fois à la même douleur ; je laisserai mon teint suivre le cours de la Nature, & ne chercherai point à empêcher le tems de le flétrir : en un mot, je fais peu de cas des re- mèdes de cette espece. Pour vous, Madame, vous ferez ce qu'il vous plaira ; souvenez-vous seulement, avant de vous en servir, que votre visage sera pendant quelques jours dans un état où vous n'oserez le montrer à la Cour. Les Dames Turques prétendent qu'il y a un moyen de se faire aimer plus sûr que celui de devenir belles : vous savez qu'on n'en connoît point d'autre dans notre Pays. Elles sont persuadées qu'il y a des secrets, qu'elles disent connoître, par lesquels elles peuvent enchanter celui qui leur plaît, & prendre un empire absolu sur lui. Comme je ne suis pas crédule, je n'ajoûte aucune foi à cet enchantement. Je disputai hier au soir, sur cet article, avec une Dame, à qui je dois rendre la justice de dire qu'elle parle très-pertinemment sur tout autre sujet que celui-là : mais elle se fâcha réellement contre moi, voyant qu'une quarantaine de contes qu'elle m'avoit faits à ce sujet ne me persuadoient point. Enfin, elle finit par me faire l'histoire de plusieurs mariages ridicules, auxquels on ne pouvoit attribuer d'autre cause, disoit-elle, que ces enchantemens. Je l'assurai qu'en Angleterre, où l'on ne connoissoit nullement la magie, où les femmes n'étoient pas, à beaucoup près, si belles qu'ici, & enfin où il faisoit de moitié moins chaud, on voyoit des mariages ridicules, & , qu'on ne regardoit point comme une chose surnaturelle de voir un homme faire des folies pour une femme. Mais toutes ces raisons ne furent pas capables de détruire en elle un préjugé qu'elle appelloit certitude. Elle ajoûta, qu'elle se feroit scrupule d'user d'enchantemens ; mais qu'elle le pourroit, si elle le jugeoit à propos. Ensuite, en me regardant fixement, elle me dit, d'un ton dogmatique, qu'aucun enchantement ne pouvoit avoir d'effet sur moi ; qu'il y avoit quelques personnes dans le même cas, mais en très-petit nombre. Jugez combien ce discours me fit rire. Toutes les Dames Turques pensent cependant comme celle-là, & prétendent qu'elles ne font aucun pacte avec le Diable : il y a, disent-elles, des compositions qui peuvent inspirer de l'amour. Je crois que quelqu'un qui pourroit envoyer en Angleterre un vaisseau chargé de ces compositions, auroit bientôt fait sa fortune. Combien de femmes de notre connoissance donneroient tout ce qu'on leur demanderoit pour avoir de cette marchandise ! Adieu, ma chere Lady : je crois ne pouvoir finir ma Lettre par un sujet qui présente des idées plus agréables. Bien des gens, comme vous pouvez le croire, me feroient la cour en Angleterre, si, dans mes voyages, j'avois acquis une science qui leur seroit si utile.",,vol2_53,fr
XXXVIII,LETTRE XXXVIII.,A Madame T.,Pera,le 4 Janvier 1718. Vieux style.,"JE vous suis très-obligée, ma chere Dame, de la Lettre amusante que vous m'avez écrite. De toutes les personnes avec qui je suis en correspondance, vous êtes la seule qui ayez pensé assez juste pour croire que je serois charmée de savoir ce qui se passe parmi vous. Toutes les autres me disent, presqu'en termes formels, que je sais tout : je ne peux imaginer sur quoi il leur plaît de fonder cette supposition ; à moins qu'elles ne soient persuadées qu'il y a encore dans ce Pays de la race du pigeon de Mahomet, duquel je reçois quelqu'intelligence surnaturelle. Je voudrois bien pouvoir, par reconnoissance pour votre bonté, vous faire quelque relation amusante de ce Pays : mais j'ignore si, parmi les scènes qui s'y passent, j'en pourrai trouver qui piquent votre curiosité ; je doute même que vous en ayez pour des choses si éloignées de vous. Je vous avouerai franchement que je ne suis guères disposée à ramasser ce qu'il peut y avoir d'amusant : toute mon attention est réunie à faire des préparatifs nécessaires pour l'augmentation de ma famille que j'attends de jour en jour. Mais la gloire qui m'en reviendra, la réflexion que je tomberois, sans cela, dans le mépris, me console de cet accident. Vous n'entendriez pas ce langage, si je ne vous instruisois qu'il est plus honteux dans ce Pays-ci pour une femme mariée de n'être pas mere, que de l'ê- tre dans le nôtre avant le mariage. Si-tôt qu'une femme cesse de faire des enfans, on croit que c'est la vieillesse qui en est la cause, quoiqu'elle ait l'air très-jeune. En outre, la fécondité est aussi nécessaire pour être regardée comme une Beauté, que les preuves de noblesse pour être reçu Chevalier de Malte. Aussi les femmes en Turquie sont si empressées de faire preuve de leur jeunesse, qu'outre les moyens naturels, elles emploient toutes sortes de stratagêmes ; ce qui les fait souvent périr. Toutes les femmes de ma connoissance ont, sans éxagérer, douze ou treize enfans, & les vieilles se glorifient d'en avoir eu vingt-cinq ou trente : c'est le plus grand nombre qui leur attire le plus de respect. Lorsqu'elles sont enceintes, on leur entend répéter souvent ; ""qu'elles esperent que Dieu "" leur fera la grace d'en avoir deux » cette fois. » Lorsque je leur demande, comment elles pourront pourvoir à la subsistance d'une famille aussi nombreuse qu'elles le desirent, elles me répondent que la peste en détruira infailliblement la moitié. Cela arrive ordinairement, sans que les parens en prennent beaucoup de chagrin : leur tendresse est satisfaite lorsqu'ils ont produit beaucoup d'enfans, & elle n'est point allarmée lorsqu'ils les perdent. L'Ambassadrice de France & moi nous sommes obligées de nous conformer à cet usage. Il n'y a guères plus d'un an qu'elle est ici ; elle a déjà eu un enfant, & est encore enceinte. Ce qui me paroît le plus agréable pour les femmes dans ce Pays-ci, c'est qu'elles sont exemptes de la malédiction qui est attachée à notre sexe dans les autres : elles voyent toutes fortes de compagnies si-tôt qu'elles sont déli- vrées : au bout de quinze jours elles se parent de toutes leurs pierreries, & prennent des habits neufs pour rendre des visites. Je souhaite que le climat influe sur moi, uniquement dans cette conjoncture: mais je crains de m’y trouver autant Angloise, que je le suis à l’égard du feu & de la peste, deux fléaux que l’on redoute très-peu ici. Plusieurs familles ont vu brûler leur maison, une ou deux fois, par la maniere extraordinaire avec laquelle on se chauffe. Au lieu de poële ou de cheminée, les Turcs ont une machine nommée Tendour. C’est une espece de coffre de bois élevé de deux pieds, où l’on met des cendres chaudes : on le couvre ensuite d’un beau tapis, ou d’une belle étoffe brodée ; pour se chauffer, on s’assied auprès, & l’on passe les jambes sous le tapis ; dans cette attitude on travaille ou on lit : si l’on s'endort, ce qui arrive assez souvent, on pousse le Tendour avec les pieds, on le renverse, & les cendres chaudes mettent le feu à la maison. Il y a environ quinze jours qu'il y en eut cinq cents de brûlées par un accident semblable. J'en ai encore vu brûler plusieurs depuis : & j'ai remarqué que ceux à qui elles appartenoient ne paroissoient nullement émus d'un accident si ordinaire : ils mettent promptement leurs effets dans une barque, & regardent brûler leur maison avec le plus grand sang-froid du monde : leur personne est rarement en danger, parce qu'ils n'ont point d'escalier à descendre. Mais il y a assez long-tems que je vous entretiens d'objets qui ne m'amusent guères : je crois que je peux vous parler à présent de choses plus agréables. Je suis dans un climat charmant. Aujourd'hui, quatre Jan- vier, vous êtes, sans doute, à vous geler auprès d'un misérable feu de charbon de terre ; & moi, dans le moment où je vous écris, j'ai fait ouvrir mes fenêtres pour profiter de la chaleur du soleil qui est extrêmement clair & pur ; ma chambre est garnie d'œillets, de roses & de jonquilles de mon jardin. Il y a plusieurs articles dans la Loi Turque qui m'enchantent : entre nous, ils font beaucoup plus sages & plus scrupuleusement exécutés que quelques-uns qui sont dans la nôtre. Les menteurs, en Angleterre, triomphent ordinairement de leur crime : ici, lorsqu'ils sont convaincus de quelqu'insigne fausseté, on les marque d'un fer chaud au front. Si cette Loi avoit lieu parmi nous, combien verrions-nous de beaux fronts défigurés ! Combien d'aimables Gentilshommes se feroient faire des perruques qui leur descendroient jusqu'aux sourcils ! Je vous parlerois de beaucoup d'autres Loix : mais il faut que j'appelle ma Sage-femme.",,vol2_63,fr
XXXIX,LETTRE XXXIX.,A la Comtesse de ***.,Pera,le 10 Mars 1718. Vieux style.,"J'AI gardé avec vous, ma chere Soeur, un silence de plusieurs mois, & j'en suis plus affligée, que je ne peux vous l'exprimer : mais où vous adresserai-je mes Lettres ? En quelle partie du Monde êtes-vous ? Je n'ai point reçu de vos nouvelles depuis le petit Billet du mois d'Avril, par lequel vous m'apprenez que vous êtes sur le point de quitter l'Angleterre, & vous me promettez de me faire savoir quel endroit vous habiterez & où sera votre adresse : je n'ai encore rien appris de tout cela jusqu'à présent. La Gazette seule m'a annoncé votre retour à Londres. J'ai merois mieux vous écrire dix Lettres, quand même elles devroient s'égarer toutes, que de vous mettre dans le cas de penser que je ne vous écris point du tout ; d'ailleurs, il y auroit bien du malheur si de ces dix il ne vous en parvenoit pas une. Quoi qu'il en soit, je garde toutes les copies de mes Lettres, pour prouver l'envie que j'ai de partager avec vous les agrémens de mon voyage, sans en partager les fatigues & les désagrémens.
Je commence par vous féliciter d'avoir une nièce : j'accouchai d'une fille * il y a cinq semaines. Je ne mets pas cette aventure au nombre de celles qui m'amusent, quoique les couches ne soient pas, à beaucoup près, si pénibles en Turquie qu'elles le font en Angleterre : il y a autant de différence qu'entre les rhumes de cerveau auxquels on est assez sujet ici, & la consomption qui est si commune à Londres. Aucune femme ne garde la maison un mois après ses couches. Comme je ne suis point assez esclave de nos Coutumes pour les suivre lorsqu'elles sont inutiles, je rendis mes visites au bout de trois semaines. Il y a environ quatre jours que je traversai le bras de mer qui sépare ce lieu de Constantinople, pour faire une nouvelle visite : j'y appris les choses du monde les plus curieuses. J'allai voir la Sultane Hafiten, favorite du feu Empereur Mustapha, qui, comme vous le savez sans doute, fut déposé par son frere le Sultan actuel, &, selon l'opinion générale, empoisonné au bout de quelques semaines. Cette Dame, après la mort de Mustapha, reçut un ordre absolu d'abandonner le Serrail, & de choisir un mari parmi les Grands de la Porte. Vous croirez, peut-être, qu'elle reçut cet ordre avec beaucoup de plaisir : point du tout. Ces femmes, qui sont appellées Reines, & qui se croient telles, regardent la liberté de se remarier ainsi, comme le plus cruel affront qui puisse leur être fait. La Sultane Hafiten se jetta aux pieds du Sultan, le pria de la poignarder, plutôt que de traiter la veuve de son frere avec tant de mépris. Elle lui dit dans l'excès de sa douleur, qu'ayant donné cinq Princes à la Famille Ottomane, elle devoit être à l'abri d'un tel affront. Mais ces Princes étoient morts; il ne lui restoit qu'une fille: les raisons qu'elle apportoit furent inutiles : on l'obligea de choisir un mari. Son choix tomba sur Bekir Effendi, alors Secrétaire d'Etat, qui étoit âgé de plus de quatre-vingts ans. Elle vouloit par-là convaincre le Public qu'elle étoit absolument résolue de remplir le vœu qu'elle avoit fait de ne jamais laisser entrer un second mari dans son lit ; & que, se trouvant obligée d'honorer un Sujet au point d'être appellée sa femme, elle choisissoit celui-là, comme une marque de reconnoissance de ce qu'il l'avoit présentée, à l'âge de dix ans, à son premier Seigneur. Elle n'a jamais voulu recevoir aucune visite de sa part, quoiqu'elle soit chez lui depuis quinze ans. Elle est dans un deuil perpétuel, avec une constance peu commune dans la Chrétienté, & sur-tout parmi les veuves de vingt-un ans : la Sultane Hafiten n'en a à présent que trente-six. Elle n'a point d'Eunuques noirs pour sa garde ; son mari est obligé de la respecter comme une Reine, & n'a aucun droit de s'informer de ce qui se passe dans son appartement. Lorsque je lui rendis visite, je fus introduite dans une grande chambre, le long de laquelle régnoit un sopha orné de colonnes de marbre blanc, couvert de velours fond d'argent, & à fleurs d'un bleu pâle: les coussins étoient de la même étoffe. On me pria de m'asseoir jus-qu'à ce que la Sultane arrivât. Elle avoit imaginé cette réception, afin d'éviter de se lever quand je paroîtrois devant elle. Lorsque je me levai, elle me fit cependant une inclination de tête. Je sentois du plaisir en examinant une femme qui avoit captivé le coeur d'un Empereur auquel on présentoit chaque jour des Beautés de toutes les parties du Monde. Il me parut qu'elle n'avoit jamais été si belle, à beaucoup près, que la charmante Fatime que j'avois vue à Andri-nople, quoiqu'elle eût encore les restes d'une belle femme : il parois- soit que le chagrin l'avoit plus flétrie que le tems. Son habillement étoit si riche, que je ne puis m'empêcher de vous en faire la description. Elle avoit une camisolle, appellée Dualma : elle differe du Caftan, en ce qu'elle a des manches plus longues, & qui sont retrouffées par le bas : elle étoit pourpre, lui prenoit bien la taille, & étoit garnie des deux côtés, depuis le haut jusqu'en bas, & autour des manches, de perles très-belles, & grosses comme les boutons que les femmes ont ici à leurs habits : je ne veux pas dire aussi gros que ceux de Milord M.***, mais à peu près aussi gros qu'un pois. A ces boutons pendoient de grandes gances de diamant, de la même forme que ces gances d'or qu'on met ordinairement aux habits que l'on prend, lorsqu'on célèbre l'aniversaire d'un Prince. Cet habit étoit attaché sur la ceinture avec deux glands de perles plus petites, & garni de gros diamans sur les manches. Sa chemise étoit attachée avec un gros bouton de diamant en forme de losange. Sa ceinture étoit fort large & toute couverte de diamans. Elle avoit autour de son cou trois chaînes qui pendoient jusques sur ses genoux : l'une étoit de grosses perles, & au bout on voyoit une émeraude aussi grosse que l'œuf d'une poule d'Inde ; une autre étoit d'émeraudes du verd le plus vif, chacune de la grandeur d'un petit écu, & de l'épaisseur de trois de six livres; elles étoient serrées l'une contre l'autre, & très-bien assorties. La troisiéme étoit composée de petites émeraudes parfaitement rondes : l'éclat de ses pendans d'oreilles effaçoit celui de ses autres ajustemens. Ils consistoient en deux diamans, taillés en forme de poires, & de la gros- seur d'une noisette. Autour de son Talpoche elle avoit quatre cordons de perles les plus éclatantes & les plus parfaites qu'on puisse voir. Il y en avoit assez pour faire au moins quatre colliers, aussi gros chacun que celui de la Duchesse de Marlborough. Ces cordons étoient attachés avec deux roses, composées chacune d'un gros rubis environné de vingt diamans. Sa coëffure étoit toute couverte d'épingles à tête d'émeraude & de diamant. Ses bracelets étoient de diamant ; elle avoit à ses doigts les plus grosses bagues que j'aye jamais vues, excepté celles de M. Pitt. Je laisse aux Jouaillers à estimer ces choses : mais, suivant le prix des pierreries en Angleterre, son ajustement devoit valoir cent mille livres sterling. Je suis certaine qu'il n'y a point de Reine en Europe qui en ait un qui vaille la moitié autant ; & les pierre- ries de l'Impératrice, quoique très belles, paroîtroient communes auprès de celles de la Sultane Hafiten. Elle me donna un dîner où l'on servit cinquante plats de viande, un à un, selon l'usage du Pays ; ce que je trouvai fort ennuyeux : mais la magnificence du service égaloit celle de son ajustement. Les coûteaux étoient d'or, & les manches garnis de diamans. Le luxe qui me choqua fut la nape & les serviettes, qui étoient d'une espèce de gaze brodée en fleurs naturelles de soie & d'or; elles étoient enfin aussi bien travaillées que les plus beaux mouchoirs qui soient jamais sortis de ce Pays ; & c'étoit avec un regret infini que j'en faisois usage : elles furent toutes gâtées avant la fin du dîner. Le sorbet, qui est la liqueur ordinaire dans les repas, fut servi dans de grandes tasses de porcelaine, dont les cou- vercles & les soucoupes étoient d'or massif. Après le dîner, on apporta de l'eau dans des bassins d'or, & des serviettes semblables à celles dont on avoit fait usage pendant le repas : je m'essuyai les mains avec; mais ce fut encore avec regret. On servit ensuite le caffé dans de la porcelaine, avec des soucoupes d'or. La Sultane me parut d'assez bonne humeur : elle me tint toujours un langage plein de politesse : je profitai de cette occasion, pour tirer d'elle quelque détail sur le Serrail, dont nous n'avons aucune notion. Elle m'assura qu'il étoit entieremenr faux que le Sultan jettât un mouchoir à celle qu'il desire de posséder, comme on le débite. Il charge le Kislir Aga de lui annoncer l'honneur qu'il a dessein de lui faire. Sur le champ elle est complimentée par toutes les autres Sultanes, qui la conduisent au bain, où elles la parfument & l'habillent magnifiquement, &, en même tems d'une maniere convenable à l'objet pour lequel elle est destinée. L'Empereur se fait précéder par un présent, & passe après dans l'appartement où elle est : il est encore faux qu'elle rampe jusqu'au pied du lit. La Sultane Hafiten m'assura que la premiere femme que l'Empereur choisissoit avoit toujours le pas sur les autres, & que ce n'étoit point la mere du fils aîné, comme les Voyageurs ont voulu nous le persuader. Le Sultan s'amuse quelquefois avec toutes les Sultanes, qui forment un cercle autour de lui. Hafiten me dit qu'aussitôt qu'il donnoit quelque marque de préférence à une d'en-tr'elles, les autres étoient en proie à la plus vive jalousie. Mais je trouvai que cela avoit beaucoup de rapport à ce qui se passe dans presque toutes les Cours, où l'on guette un coup d'œil du Monarque : l'on y attend, avec impatience, un sourire de sa part ; & toutes celles qui ne l'ont pas obtenu font jalouses de celle à qui il est adressé.
Elle ne prononçoit jamais le nom de Mustapha, sans avoir les larmes aux yeux ; & cependant elle en parloit avec plaisir. » Mon bonheur » passé, me dit-elle, me paroît un » songe ; mais je ne peux oublier » que j'étois aimée du plus grand & » du plus aimable des hommes. Je » faisois toutes les campagnes avec » lui ; il me préféroit à toutes les » autres ; & je ne lui aurois pas sur- » vécu, si je n'aimois la Princesse, » ma fille, avec la derniere tendresse: » à peine même cette tendresse a-t- » elle suffi pour me dérober à la mort. » Après l'avoir perdue, je ne pus » souffrir, pendant un an entier, la » lumiere. Le tems a un peu adouci » ma peine : mais il n'y a point en- » core de semaine où je ne passe » quelques jours à donner des lar- » mes à mon Sultan "". L'art ne dic- toit point ce langage : la douleur étoit peinte sur son visage ; mais elle avoit la politesse de s'efforcer à mon- trer de la gaité. 
  Elle me proposa de nous promener dans son jardin ; & sur le champ, une de ses esclaves lui apporta une pelisse d'un riche brocard doublée de martre : je l'accompagnai dans ce jardin, où je ne trouvai rien de remarquable, que les fontaines : de-là nous passâ- mes dans ses appartemens. Sa toilette étoit déployée dans sa chambre à coucher. Elle consistoit en deux mi- roirs, dont les cadres étoient cou- verts de perles ; son Talpoche de nuit étoit garni d'épingles à tête de dia- mant; on voyoit auprès trois camisolles de belle martre, dont chacune valoit, au moins, mille écus d'Allemagne, qui font deux cents livres sterling. Ces riches vétemens paroissoient avoir été jettés sans intention sur le sopha : mais je crois qu'on les y avoit placés à dessein. Lorsque je pris congé d'elle, on me fit la même cérémonie des parfums qu'on m'avoit faite chez la femme du Grand-Visir, & l'on me présenta un très-beau mouchoir brodé. Le nombre de ses esclaves se montoit à trente, sans compter dix petites, dont la plus âgée ne passoit pas sept ans. Ces petites filles étoient toutes très-jolies, & richement habillées. Je remarquai que ces aimables enfans faisoient tous les amusemens de la Sultane. Elles lui coûtent beaucoup ; & une fille de cet âge n'est pas vendue moins de cent livres ster- ling. Leurs cheveux bouclés étoient ornés de guirlandes de fleurs qui faisoient toute leur coëffure : leurs habits étoient d’étoffe d’or. Elles servent le caffé à la Sultane, à genoux,& lui apportent l’eau pour se laver. Une des plus grandes occupations des vieilles esclaves est d’avoir soin de ces jeunes filles, de leur apprendre à broder, & de les servir avec autant d’attention, que si elles étoient les enfans de leur Maitresse. Vous croirez, peut-être, que je me suis amusée à embellir cette longue relation: mais je vous assûre que tout ce qu’elle contient est véritable. Vous n’avez rien lu de pareil, je l’avoue, dans les Voyageurs qui ont parlé de la Turquie; mais faites attention que le rang que j’occupe ici m’a procuré l’occasion de voir des choses dont aucun d’eux n’a pas même été à portée d’enten- dre parler. D'ailleurs il arrive du changement tous les vingt ans dans les mœurs d'un pays. J'ai été dans un Haram, où la boiserie de l'appartement d'hiver étoit incrustée en nacre de perle, en yvoire de diverses couleurs & en bois d'olivier, exactement comme ces petites boëtes qu'on porte d'ici en Angleterre ; & les murailles de l'appartement d'été étoient incrustées en porcelaine du Japon ; les lambris dorés & les planchers couverts des plus beaux tapis de Perse : tels sont ceux de mon aimable amie, la belle Fatime, avec laquelle j'ai fait connoissance à Andrinople. J'allai hier lui rendre visite ; elle me parut encore plus belle, s'il étoit possible, qu'auparavant. Elle vint au-devant de moi jusqu'à la porte de sa chambre, me donna la main de la meilleure grace du monde, & me dit, avec un sourire qui la rendoit belle comme un Ange : les Dames Chrétiennes passent pour être inconstantes ; & quelqu'amitié que vous m'eussiez marquée à Andrinople, je croyois que je ne vous reverrois plus : mais je suis à présent convaincue que j'ai le bonheur de vous plaire. Si vous saviez quel langage je tiens de vous à nos Dames, vous seriez persuadée que je mérite de vous le titre d'amie. Elle me plaça dans le coin du sopha. Je passai tout l'après-midi à converser avec elle, & j'y goûtai, en vérité, le plus grand plaisir du monde. La Sultane Hafiten est, comme les autres Dames Turques, naturellement obligeante ; mais elle a l'air emprunté, & ses manieres annoncent qu'elle a vécu séparée du monde. Fatime, au contraire, a toute la politesse de Cour, & son air inspire, à la fois, du respect & de la tendresse. A présent que j'entends la Langue Turque, je suis en état de juger de son esprit, & je trouve qu'elle en a autant que de beauté. Elle aime beaucoup à s'instruire des usages des autres pays, sans être prévenue pour ceux du sien : elle laisse cette partialité aux petits esprits. Une Grecque, qui ne l'avoit jamais vue, & qui n'auroit pas eu cet honneur hier, si elle n'eût été de ma suite, fut si frappée de sa beauté, & de la noblesse de ses gestes, qu'elle resta dans le silence de l'admiration, & me dit ensuite, en Italien : "" Ce n'est point une Dame Turque ; c'est certainement quelque Chrétienne "". Fatima, se doutant qu'elle parloit d'elle, me demanda ce qu'elle disoit. Je ne voulus pas le lui rendre, m'imaginant que le compliment ne lui plairoit pas plus que si l'on disoit à une de nos Beautés de Cour qu'elle à l'air d'une Dame Turque : mais la Grecque le lui dit. Fatime, loin de se fâcher, comme je l'aurois cru, sourit, & répondit : » Ce n'est pas la » premiere fois qu'on m'en a dit au- » tant. Ma mere étoit Polonoise ; » elle avoit été prise au siége de » Caminiec ; mon pere me disoit » souvent, en riant, qu'il croyoit » que sa femme Chrétienne avoit » trouvé quelque galant Chrétien, » & que je n'avois nullement l'air » d'une fille Turque «. Je l'assurai que si toutes les Beautés Turques lui ressembloient, il faudroit nécessairement les dérober à la vue des hommes pour leur repos : » Quel » bruit, ajoutai-je, un visage tel » que le vôtre, Madame, seroit à » Londres & à Paris ! Je ne peux » vous croire, ajouta-t-elle, avec » un ton extrêmement agréable ; » si la beauté étoit autant estimée » dans votre pays que vous le di- » tes, on ne vous auroit jamais » permis d'en sortir "". Vous croyez peut-être, ma chere Sœur, que c'est par vanité que je vous répete ce compliment, & vous en riez, sans doute ; mais ce n'est que pour vous donner une preuve de la vivacité de l'esprit de Fatime. Son ameublement est magnifique & d'un très-bon goût. Ses chambres d'hiver sont tapissées de velours cizelé à fond d'or ; celles d'été le sont de point des Indes brodé en or. Les maisons des femmes de marque en Turquie sont entretenues aussi proprement qu'en Hollande. Celle de Fatime est située dans l'endroit le plus élevé de Constantine, & de la fenêtre de son appartement d'été nous découvrions la mer, les isles & les montagnes de l'Asie. Ma Lettre est devenue, insensiblement, si longue, que j'en ai honte. Je crains de devenir une vraie conteuse d'histoires. Le Proverbe qui dit, qu'on n'en fait jamais trop, peut être véritable ; mais il arrive souvent aussi que ceux qui sont fort instruits deviennent ennuyeux. Je suis, &c.",(*) La Comtesse actuelle de Bute.,vol2_71,fr
XL,LETTRE XL.,A Milady ***.,Pera,le 16 Mars 1718. Vieux style.,"JE suis flattée, ma chere Milady, que vous m'ayez, à la fin, chargée d'une commission dont je peux m'acquitter selon votre desir : cela n'est cependant pas si facile que vous l'imaginez. Si je n'avois pas été plus active dans mes recherches, que ne le font ici la plûpart des étrangers, je n'aurois pû vous envoyer que des excuses ; ce qui est arrivé lorsque vous m'avez priée de vous acheter une esclave Grecque. Mais vous serez contente ; j'ai trouvé une Lettre d'amour à la Turque. Je l'ai mise dans une petite boëte que j'ai confiée au Capitaine du Smyrniote, qui vous la remettra avec celle que je vous écris, & où je vous mets une traduction littérale de cette Lettre d'amour : la premiere piéce que vous tirerez de la bourse, est une petite perle qui'en Turc s'appelle Ingi. Elle a la signification suivante :

Ingi. Perle,

Sensin Uzellerin gingi.
La plus belle des jeunes.

Caremfil, Clou de Girofle.

Caremfilsen cararen yok.
Congé gulfum timarin yok.
Benseny chok than severim,
Senin benden, haberin yok.
Vous êtes aussi mince que ce Girofle.
Vous êtes une Rose qui n'est pas épanouie.
Je vous ai aimée long-tems, & vous ne l'avez pas sû.

Pul, Jonquille.

Derdime derman bul.
Soyez sensible à mon amour.

Kihát, Papier.

Birlerum sahát sahát.
Mes sens s'égarent à chaque instant. Ermus , Poire.
Ver bizé bir umut.
Donnez-moi quelqu'espérance.

Jabun , Savon.
Derdinden oldum zabun.
Je suis malade d'amour.

Chemur , Charbon.
Ben oliyim size umur.
Je sacrifierois volontiers ma vie , pour allonger la vôtre.

Gul , Une Rose.
Ben aglarum sen gul.
Que ne puis-je me charger de toutes vos peines , & vous rendre con-tente ?

Hafir , Une paille.
Oliim sana yazir.
Souffrez que je sois votre esclave.

Jó hó , Drap.
Ustuné bulunmaz pahu.
Vous êtes sans prix. Tartsin, Canelle.
Sen ghel ben chekeim senin hargin.
Mais ma fortune est à vous.
Giro, Une allumette.
Esking-ilen oldum ghird.
Je brûle; je brûle, ma flâme me consume.
Sirma, Fil doré.
Uzunu benden d yrmá.
Ne détournez point votre visage.
Satch. Cheveux.
Bazamazun tatch.
Couronne de ma tête.
Uzum, Raisin.
Benim iki Guzum.
Mes yeux.
Til, Fil d'or.
Ulugorum tez ghel.
Je me meurs; venez promptement.
En forme de Postscriptum.
Beber, Poivre.
Bize bir dogm haber.
Faites-moi réponse.
Cette Cette Lettre, comme vous voyez, est une piece de Poésie, & je crois qu'elle vaut au moins nos meilleures dans ce genre. Les Turcs ont plus d'un million de vers semblables. Il n'y a chez eux ni couleur, ni fleur, ni herbe, ni fruit, ni caillou, ni plume qui n'ait sa signification, & son vers particulier : ainsi ils peuvent s'envoyer des Lettres remplies d'injures, de reproches, d'amour, d'amitié, même de nouvelles, sans se servir d'encre.
J'imagine que vous me regardez à présent comme un miracle d'érudition : mais, ma chere Milady, je pourrai bien ressembler à ces ambitieux conquérans qui s'occupent à faire des conquêtes éloignées, tandis qu'il s'éleve une sédition dans leurs propres Etats : je crains d'oublier l'Anglois; je ne l'écris pas, à beaucoup près, si facilement que je fai- fois il y a un an : les expressions ne me sont plus si familieres. Je prendrai le parti de laisser toutes les autres Langues pour reprendre la mienne. Il faut convenir que les talens de l'homme sont aussi bornés que sa force & son pouvoir. La mémoire ne peut retenir qu'un certain nombre d'images ; & il est aussi impossible à l'esprit humain de posséder parfaitement dix différentes Langues, qu'il l'est à un seul homme d'en battre dix en même tems, ou à un Prince de contenir dix Royaumes dans une parfaite obéissance.
Je pourrai finir par ne savoir bien aucune Langue. Le lieu où je suis représente assez ce qui arriva à la Tour de Babel. A Pera on parle Turc, Grec, Hébreu, Arménien, Arabe, Persan, Russe, Sclavon, Valachien, Allemand, Hollandois, François, Anglois, Italien, Hon- grois : j'ai le désagrément d'entendre parler dix de ces différentes Langues dans ma maison. Mes Officiers sont Arabes ; mes valets sont Anglois, François & Allemands ; la nourrice de mon enfant est Arménienne ; mes filles de chambre sont Russes ; j'ai une demi-douzaines d'autres domestiques qui sont Grecs : mon Maître-d'Hôtel est Italien, & mes Janissaires sont Turcs. Cette diversité de sons, qui frappent continuellement mon oreille, produit parmi mes gens un effet singulier. Ils apprennent toutes ces Langues à la fois, sans pouvoir cependant les lire ni les écrire. Il y a ici peu d'hommes, de femmes, même d'enfans qui ne puissent rendre les mêmes choses en cinq ou six idiomes différens. Enfin, on voit des enfans de trois ou quatre ans qui parlent Italien, François, Grec, Turc & Russe. Ils apprennenr cette derniere Langue de leurs nourrices, qui sont presque toutes Moscovites. Ceci vous paroît, sans doute, incroyable ; mais je vous assûre que c'est la vérité, & même la chose la plus surprenante, selon moi, qu'on trouve dans ce Pays-ci. Cela doit bien humilier l'amour-propre de nos Dames Angloises, qui se regardent comme ayant un génie supérieur, lorsqu'elles savent superficiellement le François & l'Italien.
Comme je donne à la Langue Angloise la préférence sur toutes les autres, je suis très-fâchée de voir que je l'oublie tous les jours ; & je vous avoue, avec chagrin, que je suis à présent réduite à un si petit nombre de mots, que j'ai peine à trouver une phrase passable pour finir ma Lettre; il faut que je vous dise brusquement que je suis, &c.",,vol2_93,fr
XLI,LETTRE XLI.,A la Comtesse de B***.,,,"JE viens enfin de recevoir de vos nouvelles, ma chere Milady : je suis très-persuadée que vous m'avez déjà écrit ; mais j'ai eu le malheur de ne pas recevoir vos Lettres. Depuis ma derniere, je suis toujours restée à Constantinople, & je vous dois en conscience une description un peu detaillée de cette Ville. Ce qu'en ont dit jusqu'à présent les voyageurs, est faux ou partial. Il est certain que bien des gens ont passé plusieurs années à Pera, sans l'avoir jamais vû, & cependant ils ont la hardiesse d'en donner la description. Les fauxbourgs de Pera, de Tophana, & de Galata, qui ne sont habités que par des Chrétiens François, forment ensemble une très-belle Ville : ils ne sont séparés de Constantinople que par un bras de mer, qui n'est pas plus large que la moitié de la Tamise dans sa plus grande largeur. Mais, d'un côté, les Chrétiens n'aiment point à s'exposer aux insultes qu'ils reçoivent ordinairement de la part des Levents, ou Mariniers du Pays : ces gens sont encore plus grossiers que nos Bateliers ; d'un autre côté, les femmes ne peuvent sortir sans être couvertes d'un voile, pour lequel elles ont une extrême aversion, quoique celui qu'on porte à Pera releve tellement leur beauté, qu'on ne permettroit pas de le porter à Constantinople. Voilà ce qui empêche presque tout le monde de voir Pera : je crois même que l'Ambassadrice de France retournera dans son pays sans l'avoir vû. Vous serez, sans doute, surprise d'apprendre que j'y ai été très-souvent : le voile des Dame Turques me plaît assez ; quand même il me déplairoit, je le souffrirois pour satisfaire ma curiosité, qui est ma passion dominante. En vérité, le trajet que l'on fait sur la Tamise pour aller à Chelsea, n'est point comparable à celui qu'on fait sur le canal pour aller à Constantinople. Le point de vue, pendant l'espace de vingt milles, en descendant le Bosphore, est le plus agréable & le plus varié du monde. Le côté de l'Asie, qui est tout couvert d'arbres fruitiers, offre aux yeux une multitude de Villages qui font un Paysage très-agréable : du côté de l'Europe, on voit Constantinople, située sur sept collines. C'est une très-grande Ville, & l'inégalité du lieu où elle est bâtie la fait paroître encore une fois plus grande qu'elle n'est. On y découvre un agréable mélange de jardins, de pins, de cyprès, de Palais, de Mosquées, enfin d'édifices publics élevés les uns au-dessus des autres avec une symétrie semblable à celle d'un buffet, où les différens vases, les porcelaines, les chandeliers, & autres ustensiles font rangés avec ordre. Cette comparaison, quoique bizarre, est assez juste. J'ai vu du Serrail tout ce qu'il est possible d'en voir : il est bâti sur une langue de terre qui s'avance dans la mer : le Palais est irrégulier ; mais d'une très-grande étendue. Les jardins sont immenses, & tout plantés de cyprès d'une hauteur prodigieuse. Voilà tout ce que j'en ai pu découvrir. Les bâtimens font de pierres blanches ; on voit s'élever au-dessus de petites tours & des pyramides dorées ; ce qui produit un effet assez agréable. Je doute qu'on trouve, dans toute la Chré- tienté, un Roi qui ait un Palais aussi grand de moitié. Il y a fix grandes cours rondes, ornées d'arbres, & environnées de galeries, bâties en pierres. La premiere de ces cours est pour la Garde, la seconde pour les Esclaves, la troisieme pour les Officiers de cuisine, la quatrieme pour les écuries, la cinquieme pour le Divan, la sixieme enfin pour les Audiences. Il y en a, au moins, une fois autant dans la partie du Palais qu'occupent les femmes. Les Eunuques, les Officiers, les Cuisiniers y ont tous leur quartier séparé.
L'édifice le plus renommé, après le Serrail, c'est Sainte Sophie; mais un Chrétien ne parvient que très-difficilement à le voir. J'en ai fait demander trois fois la permission au Caimairam, Gouverneur de la Ville, qui, à la fin, a fait assembler les principaux Effendis, Chefs de la Loi, & consulter le Mufti, pour savoir si l'on pouvoit m'accorder la grace que je demandois. Cette affaire leur a paru si importante, qu'ils ont été trois jours en délibération, au bout desquels ils ont enfin cédé à mes instances réitérées. Je n'ai encore pu découvrir quel est le motif qui rend les Turcs plus scrupuleux à l'égard de cette Mosquée, qu'à l'égard des autres, où on laisse entrer les Chrétiens, sans aucune difficulté. Comme elle a été d'abord une Eglise Chrétienne, ils craignent, peut-être, qu'on ne la profane en adressant des prieres aux Saints qu'on y voit encore en mosaïque, & qui n'ont été endommagés que par le laps du tems; car il est absolument faux que les Turcs détruisirent, comme on en est généralement persuadé, toutes les images qu'ils trouverent dans Constantinople. Le dô- me de Sainte Sophie, qu'on dit avoir 113 pieds de diamètre, est élevé sur des voûtes soutenues par des colonnes de marbre d'une grosseur prodigieuse ; les escaliers & le pavé sont aussi de marbre. On y voit deux galeries soutenues par des colonnes de marbre de différentes couleurs. La voûte est à la mosaïque ; mais il y en a une partie qui tombe en ruine. On me présenta une poignée de cette matiere, qui me parut être de verre, ou de cette composition dont on fait l'aventurine. On me fit remarquer le tombeau de l'Empereur Constantin pour lequel les Turcs ont beaucoup de vénération. Je vous donne une description bien imparfaite d'un édifice aussi célebre que celui de Sainte Sophie ; mais je me connois si peu en architecture, que je n'ose entrer dans aucun détail. J'ai vu des Mosquées à Constantinople qui me plaisoient plus que celle de Sainte Sophie ; c'est peut-être ma faute. Celle du Sultan Soliman, par exemple, est un quarré parfait ; il y a quatre belles tours dans les angles : au milieu est un dôme magnifique, supporté par des colonnes d'un très-beau marbre ; aux deux extrémités on voit deux autres dômes qui sont soutenus de la même maniere que celui du milieu ; les galeries qui font le tour de la Mosquée sont de marbre ; le pavé en est aussi. Sous le grand dôme il y a une fontaine dont les colonnes sont si belles, que j'ai peine à croire qu'elles soient d'un marbre naturel. D'un côté, on voit une chaire de marbre blanc ; de l'autre, la tribune du Grand-Seigneur, qui est environnée d'un grillage doré, & où l'on monte par un bel escalier. Dans le haut de la Mosquée, on voit une espèce d'autel où on lit le Nom de Dieu, devant lequel sont deux chandeliers de la hauteur d'un homme ordinaire, avec des cierges de cire, aussi gros que trois de nos flambeaux. Le pavé est couvert de riches tapis, & toute la Mosquée est illuminée par une grande quantité de lampes. La cour, qui est au-devant, est très-spacieuse : on y voit une colonnade de marbre verd, surmontée de vingt-huit dômes, tous doublés de plomb en dedans & en dehors; au milieu est une magnifique fontaine.
Cette description peut vous donner une idée des autres Mosquées de Constantinople: elles sont toutes sur le même modèle, & ne different seulement que par le plus ou moins de grandeur & de richesses. Celle de la Sultane Validé est la plus grande de toutes: elle est d'une beauté surprenante, toute bâtie en marbre. La mère de Mahomet IV. la fonda en l'honneur de notre Sexe. Entre nous, l'Eglise de S. Paul de Londres ne lui est pas comparable, & nos plus belles Places ne peuvent être mises en comparaison avec l'Atler-dam, ou Marché aux Chevaux. Le lieu où se tient ce Marché est ce qu'on appelloit l'Hippodrome sous les Empereurs Grecs. Au milieu de cette Place, on voit une colonne de bronze qui est formée par trois serpens entrelacés, lesquels ouvrent la gueule. On ne fait point au juste le motif pour lequel cette colonne extraordinaire a été érigée. Lorsqu'on interroge les Grecs à ce sujet, ils racontent des fables, font des histoires, toutes peu satisfaisantes : il est vrai qu'il n'y a jamais eu d'ins-cription. Au haut de la Place est un obélisque de porphyre, qui paroît avoir été apporté d'Egypte : ses Hiéroglyphes qui y sont encore ne font que des jeux de mots. Il est soutenu par quatre colonnes d'airain sur un piédestal de pierre de taille en quarré. Sur deux côtés de ce piédestal on voit, en bas-relief, une Bataille & une Assemblée. Sur les deux autres, on lit des inscriptions Greques & Latines. J'ai copié sur mes tablettes celle qui est en Latin : la voici.

Difficilis quondam Dominis parere serenis
Jussus, & extinctis palmam portare Tyrannis,
Omnia Theodosio cedunt, sobolique perenni.

Milord vous interpretera ces Vers. Ne vous imaginez pas que c'est une déclaration d'amour que je lui envoye. Toutes les figures des bas-reliefs sont entieres; & les Voyageurs. ont l'impudence de dire qu'elles sont sans tête. Je pourrois affirmer qu'ils ne les ont jamais vues, & qu'ils s'en sont rapportés au témoignage seul des Grecs, qui ont l'audace de démentir leurs yeux mêmes, toutes les fois qu'il est question de déshonorer leurs ennemis. Selon eux, il n'y a rien à Constantinople qui soit digne de curiosité, si ce n'est Sainte Sophie, quoiqu'il y ait, selon moi, plusieurs Mosquées qui méritent la préférence sur elle, tant par leur construction, que par leur grandeur. Celle du Sultan Achmet a des portes de bronze ; &, en général, dans toutes les Mosquées, il y a de petites Chapelles où est la sépulture du Fondateur, & de toute sa famille : l'on y entretient toujours des cierges allumés. 
 Les Bourses sont de beaux édifices, où il y a de belles galeries, presque toutes soutenues par des piliers : on y entretient la propreté avec beaucoup de soin. Chaque commerce a une galerie qui lui est destinée : les marchandises y font étalées comme à la Bourse de Londres. Le Bifisten, ou quartier des Jouailliers, est si rempli de diamans & de pierreries de toute espèce, que les yeux en font éblouis ; on y voit aussi des broderies qui ont un grand éclat, & la curiosité y attire autant de monde que les affaires. Les Marchés font, pour la plûpart, de très-beaux quarrés, & tous peut-être mieux pourvus de denrées que dans aucun autre pays du monde.
Vous attendez de moi quelque particularité sur les Esclaves ; mais je ne vous ferai point, selon l'usage des Chrétiens, un horrible tableau de leur situation. Je ne suis pas Turque ; mais je ne puis m'empêcher d'applaudir à l'humanité avec laquelle on traite ici ces pauvres Esclaves. On ne les frappe jamais, & leur esclavage n'est point, selon moi, plus gênant que la servitude ne l'est dans d'autres pays. Il est vrai qu'ils ne reçoivent point de gages ; mais ce qu'on dépense en habits pour eux surpasse ce que nous donnons à nos Domestiques. Vous m'objecterez, sans doute, que les hommes y achetent les femmes avec des projets d'impureté. Mais, dans les grandes Villes de la Chrétienté, les achete-t-on moins publiquement, & d'une maniere moins infâme ? J'ajoûterai à la description de Constantinople, qu'on n'y voit plus le pilier historique ; il s'écroula deux ans avant mon arrivée. Les seules antiquités que j'y aye vues font des aqueducs d'une prodigieuse grandeur ; je crois qu'ils font plus anciens que les Empereurs Grecs. Les Turcs, voulant s'attribuer l'honneur de ces grands Ouvrages, y ont placé quelques pierres chargées d'inscriptions à leur louange ; mais cette supercherie n'est pas difficile à découvrir. Les autres bâtimens publics font les Hans & les Monastères. Les Hans font des bâtimens assez considérables, & le nombre en est grand ; les Monastères font en petit nombre, & n'ont aucune magnificence. J'eus la curiosité de visiter un des derniers, & d'observer les dévotions des Dervis ; elles me parurent très-bizarres. Leur habit consiste en une pièce de gros drap blanc dont ils s'enveloppent le corps, laissant leurs jambes & leurs bras nuds. Ils ont la liberté de se marier ; & l'unique régle à laquelle ils soient astreints, c'est d'observer, tous les mercredis & les vendredis, certaines cerémonies ridicules, dont voici le détail. Ils s'assemblent dans une grande Salle, se tiennent tous debout, les yeux baissés, & les bras croisés. Au milieu d'eux est une chaire, dans laquelle un Imaïm, ou Prédicateur, lit quelques passages de l'Alcoran. Après cette lecture, huit ou dix d'entr'eux jouent sur des espèces de flûtes, quelques airs lugubres; à la vérité: mais assez harmonieux. L'Imaïm fait ensuite un résumé de ce qu'il a lu; après quoi, tous les Dervis dansent & jouent, jusqu'à ce que leur Supérieur, qui est seul habillé de verd, se leve & commence lui même une danse assez majestueuse. Pendant ce tems, ils se rangent tous autour de lui avec ordre. Les uns jouent sur leur espèce de flûte, & les autres attachent avec une ceinture leurs robes, qui sont en général fort amples, & se mettent à tourner avec un vitesse surprenante, & toujours en mesure ; c'est-à-dire plus ou moins rapidement, suivant les tems. Ils continuent à tourner ainsi pendant plus d'une heure, sans qu'aucun d'eux sente le moindre étourdissement ; ce qui n'est pas surprenant, parce qu'ils y sont accoumés depuis leur plus tendre jeunesse. La plupart d'entr'eux ont été destinés à ce genre de vie dès leur naissance. J'ai remarqué de petits Dervis de six à sept ans qui tournoient comme les autres, & n'étoient pas plus incommodés qu'eux. Lorsque cette cérémonie est finie, ils crient tous à haute voix : Il n'y a point d'autre Dieu que Dieu, & Mahomet est son Prophete. Ils baisent ensuite, tour à tour, la main de leur Supérieur avec beaucoup de gravité, & se retirent, Ils ont toujours les yeux baissés, & paroissent continuellement ensevelis dans les plus profondes méditations. Quelque ridicules que me parussent leurs cérémonies, je fus cependant édifiée de leurs mortifications & de leur obéissance. Cette Lettre est d'une terrible longueur ; mais vous la jetterez au feu, quand vous vous ennuierez de la lire.",,vol2_101,fr
XLII,LETTRE XLII.,A la Comtesse de ***.,,,"JE suis sur le point de quitter Constantinople : si je vous disois que c'est avec regret, vous croiriez que je déguise mon sentiment. Je vous assure, cependant, que m'étant accoutumée à l'air qu'on y respire, & ayant appris la Langue qu'on y parle, je m'y plais beaucoup. Malgré le goût décidé que j'ai pour les voyages, je suis affrayée des accidens auxquels je prévois que je serai exposée dans celui qu'il faut que je fasse avec une nombreuse famille & un enfant à la mammelle. Au reste, je prendrai dans cette occasion le même parti que j'ai pris dans tous les cas embarrassans où je me suis trouvée pendant ma vie ; c'est-à-dire, que je tâcherai d'en tirer tout le parti possible, pour satisfaire ma curiosité. C'est dant cette idée que je parcours tous les jours les rues de Constantinople, avec mon voile : je veux voir tout ce qu'il y a de curieux. Vous espérez, sans doute, que cet aveu sera suivi du détail de ce que j'ai vu. Je ne répéterai point ce qui a déjà été dit tant de fois, que Constantinople est l'ancienne Bizance ; qu'elle est à présent sous la domination d'un peuple qu'on croit être les Scythes ; qu'il y a cinq ou six mille Mosquées ; que l'Eglise de Sainte Sophie a été fondée par l'Empereur Justinien, &c. Si je passe ces choses sous silence, ce n'est pas, en vérité, faute d'érudition. Pour vous donner aussi la liste des Empereurs Turcs, je pourrois lire Knolles & Paul Ricaut ; mais je crois qu'il est est inutile de vous dire ce que vous trouverez dans tous les Auteurs qui ont écrit sur ce Pays. J'ai plutôt envie, par cet esprit de contradiction, naturel aux femmes, de vous faire remarquer la fausseté de la plûpart des faits qu'ils rapportent. Par exemple, l'admirable M. Hill assure avec hardiesse avoir vû une colonne suante dans Sainte Sophie, & que la sueur de cette colonne est un remede sûr contre les maux de tête. Je vous assure qu'il n'y a pas la moindre tradition d'un pareil fait: je crois que c'est une des visions qu'il a eues pendant son étonnant séjour dans les Catacombes d'Egypte ; car je suis certaine qu'il n'a jamais entendu parler ici d'une pareille merveille. Il est plaisant de voir avec quelle tendresse lui & ses confreres, les Ecrivains de voyages, déplorent la capti- vité des Dames Turques, qui sont peut-être plus libres que toutes les autres femmes du monde. Ce sont les seules qui passent leur vie sans aucun soin, & dans des plaisirs continuels. Toute leur occupation consiste à faire des visites, à aller au bain, à faire de la dépense, à inventer de nouvelles modes. Un mari qui exigèroit la moindre économie de sa femme, passeroit pour fou; elle ne doit avoir d'autre régle là-dessus que sa fantaisie. En un mot, c'est au mari à gagner de l'argent, & à la femme à le dépenser : celles même qui font du plus bas étage, jouissent de ce beau droit. La femme d'un petit Marchand qu'on voit porter sur son dos des mouchoirs brodés à vendre, ne voudroit pas mettre sur elle des étoffes qui ne seroient pas d'or. Elle a des fourrures d'hermine, & un assortiment de bijoux pour orner sa tête. Il est vrai que les femmes Turques n'ont pas d'autres rendez-vous que les bains, où les hommes ne peuvent entrer ; mais elles s'y amusent beaucoup. J'eus la curiosité, il y a trois jours, d'aller à un des plus beaux de la ville : on y recevoit une nouvelle Mariée, & je vis avec plaisir les cérémonies qui sont en usage dans ces occasions. Elles me rappellerent à l'idée l'Epithalame d'Helene par Théocrite : il me paroît que ces cérémonies sont exactement ce qu'elles étoient alors. Toutes les amies, parentes, même les connoissances des deux familles nouvellement alliées se trouvent au bain ; beaucoup d'autres y vont par curiosité : enfin il y avoit ce jour-là deux cents femmes. Celles qui étoient mariées & les veuves se placerent sur des sophas de marbre qui sont autour des salles ; les filles se dépouillerent promptement de leurs habits & parurent toutes nues, n'ayant pour unique couverture que de longs cheveux garnis de perles & de rubans. Deux d'entre elles allerent à la porte recevoir la nouvelle Mariée, qui étoit conduite par sa mere & une de ses parentes. Elle étoit très-belle, & avoit au plus dix-sept ans. Ses habits étoient d'une étoffe très-riche, & tout couverts de pierreries. On la déshabilla sur le champ, & on la mit dans l'état de pure nature. Alors elle fit une espéce de procession avec toutes les filles. Deux marchoient devant, & jettoient des parfums dans des vases de vermeil : les autres, dont le nombre se montoit à trente, suivoient deux à deux. Celles qui précédoient cette marche chantoient une Epithalame que les autres répétoient en chorus : les deux dernieres étoient à côté de la nouvelle Mariée qui marchoit les yeux baissés avec un air de modestie qui me charmoit. Elles firent de cette maniere le tour des trois grandes salles du bain. Il est difficile de vous peindre la beauté de ce spectacle. Presque toutes les filles étoient extrêmement bien proportionnées ; leur peau étoit d'une blancheur éblouissante, & adoucie par le fréquent usage du bain. Lorsque cette espèce de procession fut finie, la nouvelle Mariée fut présentée à chaque Dame en particulier, qui lui fit un compliment accompagné d'un présent consistant en bijoux, pièces d'étoffes, mouchoirs, ou autres choses semblables. Elle l'acceptoit en baisant la main de celle qui le lui présentoit. Je suis très-satisfaite d'avoir vû cette cérémonie. Vous pouvez croire, sur ma parole, que les Dames Turques ont, pour le moins, autant d'esprit, de politesse, même de liberté que nous. Il est vrai que si, d'un côté, l'usage leur fournit souvent occasion de satisfaire leurs mauvaises inclinations, en cas qu'elles en ayent, de l'autre, il donne aux maris le pouvoir d'en tirer la plus cruelle vengeance, s'ils les découvrent. Il n'y a pas deux mois qu'on trouva, au point du jour, tout près de la maison que j'habite, le corps d'une jeune femme. Il étoit sanglant & seulement enveloppé d'un gros drap. Il avoit deux coups de coûteau, l'un dans le côté, l'autre dans le sein. Il n'étoit pas encore froid, & conservoit les restes d'une si grande beauté, qu'il n'y a pas un homme dans Péra qui n'ait été le regarder. Mais, comme les femmes ne font jamais vues par les hommes, on ne l'a pas reconnue. On imagina que ce corps avoit été apporté la nuit de Constantinople : l'assassin fut très-peu recherché : on enterra le corps la nuit sans bruit. Le meurtre ici n'est jamais poursuivi par les Officiers de Justice, comme parmi nous. Ce sont les proches parens du mort qui font les poursuites ; &, s'ils veulent s'accommoder pour de l'argent, ce qui arrive souvent, le meurtrier n'est plus inquiété. On croiroit qu'un pareil vice dans le Gouvernement rendroit ce crime fréquent ; mais il est très-rare ; ce qui prouve que cette Nation n'est pas naturellement cruelle ; aussi ne mérite-t-elle pas, même à beaucoup d'autres égards, le titre de barbare que nous lui donnons. J'ai lié amitié avec une Dame Chrétienne de qualité, qui a pris un mari Turc ; c'est une femme d'esprit & de beaucoup de mérite. Son histoire est singuliere, au point que je ne puis me dispen- ser de vous la raconter : je le ferai avec le plus de précision qu'il me sera possible.
Cette Dame est Espagnole; elle demeuroit à Naples, avec sa famille, lorsque ce Royaume étoit sous la domination des Espagnols. En traversant la mer dans une felouque, avec son frere, pour retourner dans son Pays, ils furent attaqués, abordés & pris par l'Amiral Turc...... Comment pourrai-je, sans choquer la pudeur, continuer le récit de son aventure ? Elle essuya le même malheur qu'avoit essuyé la belle Lucrece tant d'années auparavant : mais elle étoit trop bonne Chrétienne pour se punir, comme le fit cette Payenne, d'un crime involontaire. L'Amiral fut si touché de la beauté & de la douleur de sa belle captive, que, pour premier présent, il lui accorda la liberté de son frere & de tous ses do- mestiques. Ce frere, deux mois après qu'il fut arrivé en Espagne, envoya quatre mille livres sterling pour la rançon de sa soeur. Le Turc généreux prit l'argent, le lui remit entre les mains, en lui disant qu'elle étoit libre. Mais cette jeune Demoiselle réfléchit sur ce qu'elle devoit attendre dans sa patrie de la part de ses parens, & prévit qu'après ce qui lui étoit arrivé, ils se croiroient obligés de la confiner dans un Couvent pour le reste de ses jours. . . . . Son Amant, quoique Mahométan, étoit beau, tendre, passionné ; il prodiguoit à ses pieds toute la magnificence Turque. Enfin elle lui répondit que sa liberté lui paroissoit d'un prix beaucoup au-dessous de son honneur; qu'il lui avoit enlevé le dernier, & qu'il ne pouvoit le lui rendre qu'en l'épousant ; elle le pria d'accepter sa rançon pour dot, & de lui donner la satisfaction de se voir dans le cas qu'aucun autre homme, que son mari, ne pût se vanter d'avoir joui d'elle. L'Amiral accepta son offre avec les plus grands transports de joie ; il renvoya sa rançon à ses parens, & leur fit dire qu'il étoit trop heureux de la posséder. Il l'épousa, & n'eut jamais d'autre femme qu'elle: de son côté, elle dit qu'elle n'a jamais eu le moindre sujet de se repentir du parti qu'elle prit. Quelques années après, il la laissa une des plus riches veuves de Constantinople : mais, comme une femme ne peut honnêtement rester seule, elle s'est remariée au Capitan Bassa ; c'est-à-dire, Amiral. Il avoit succédé à son premier mari. Vous ne manquerez pas de croire que mon amie aimoit son ravisseur, & que c'est le principal motif qui l'a fait rester ici ; pour moi, je m'en rapporte là-dessus à sa parole: elle m'assure qu'elle n'a eu pour guide que l'honneur : je lui pardonnerois d'ailleurs de s'être lais- sée gagner par la générosité, qui est presque naturelle aux Turcs de quel- que considération.
Il y a de la grandeur d'ame à dire la vérité & l'on voit rarement un Turc soûtenir un mensonge avec hardiesse. Je ne parle pas du bas peuple, qui a autant d'ignorance que de vice. Les faux temoins y font à meilleur mar- ché que parmi les Chrétiens, parce qu'ils ne sont pas punis comme ils le méritent, lors même que leur crime est prouvé.
Je vais vous donner une idée de leurs Loix. Je ne me souviens point de vous avoir parlé d'un usage qui est particulier aux Turcs ; c'est l'a- doption ; elle est encore plus com- mune parmi les Grecs & les Armé- niens que parmi eux. Comme on n'est pas maître dans ce Pays de disposer de son bien en faveur d'un parent ou d'un ami, pour ne pas le laisser tomber dans le trésor du Grand-Seigneur, il est ordinaire que ceux qui prévoient n'avoir point d'enfans, en choisissent un parmi le peuple : ils le conduisent avec les parens devant le Cadi, où ils déclarent qu'ils le constituent leur héritier. Les parens de l'enfant renoncent alors à tous leurs droits sur lui, & en passent l'acte devant témoins ; & celui qui a adopté l'enfant ne peut plus le deshériter. J'ai vu cependant des mendians donner des preuves de l'amour paternel : ils refusoient de céder leurs enfans à des Grecs très-riches ; quoiqu'ils soient certains que les peres adoptifs marquent beaucoup d'affection à ceux qu'ils ont adoptés ; ils les appellent enfans de leur ame. Cette coutume me plaît beaucoup plus que la nôtre. Pour perpétuer notre nom, nous laissons souvent tout ce que nous possédons à un parent éloigné, que nous ne connoissons que par quelques Lettres que l'intérêt l'a forcé de nous écrire : il est bien plus raisonnable, selon moi, de rendre heureux un enfant que nous élevons suivant notre goût, ce que les Turcs appellent nourri sur ses genoux. Puisque j'ai cité les Arméniens, je vais vous dire quelque chose de cette Nation, qui, je crois, vous est tout-à-fait inconnue. Je ne vous ennuierai point par une description Géographique de leur Pays : les Cartes peuvent vous satisfaire à ce sujet : je ne vous fatiguerai point encore par un tableau de leur ancienne grandeur ; vous le trouverez dans l'Histoire Romaine. Ils sont à présent sous la domination des Turcs : comme ils entendent très-bien le commerce & qu'ils peuplent beaucoup, ils font répandus dans toutes les parties de cet Empire. Ils prétendent que ce fut S. Gregoire qui leur fit embrasser la Religion Chrétienne : ce font les Chrétiens, peut-être, les plus dévots qu'il y ait dans le monde. Leurs Prêtres leur enseignent principalement à observer scrupuleusement le Carême, qui dure au moins sept mois de l'année ; & ils ne le romproient pas pour le plus pressant besoin. Ce seroit chez eux un péché irrémissible de manger pendant un Carême autre chose que des légumes & des racines sans huile, & du pain sec. L'Interprete de Milord M*** étoit Arménien : ce pauvre misérable s'étoit tellement exténué par le jeûne, qu'on désespéroit de sa vie : néanmoins ni les ordres de son Maître, ni les persécutions des Médecins n'ont pu le déterminer à prendre deux ou trois cuillerées de bouillon: on lui assuroit, cependant, que c'étoit le seul moyen d'échapper à la mort. A cet usage près, leur Religion a du rapport avec la nôtre. Il est cependant vrai qu'ils approchent de la Doctrine de M. Whiston, & je ne crois pas qu'ils different beaucoup de celle des Grecs. Ils prétendent que si le Saint-Esprit ne procede que du Pere, le Fils lui est subordonné. Ils n'ont aucune idée de transsubstantiation, quoi qu'en dise le Chevalier Paul Ricaut, qui leur avoit prêté cette croyance en 1679, pour gagner, sans doute, les bonnes graces de la Cour d'Angleterre. Ils ont en horreur ceux d'entr'eux qui embrassent la Religion Romaine. Le mariage est ce qu'il y a de plus extraordinaire parmi eux; je crois qu'on ne trouve rien de semblable dans le monde entier. Ils se promettent réciproquement de s'épouser très-jeunes ; mais ils ne se voient que trois jours après la célébration du mariage. La nouvelle Mariée est conduite à l'Eglise, ayant sur la tête un bonnet qui a une forme platte & ronde ; sur ce bonnet est un voile de soie rouge, qui lui pend jusqu'aux pieds. Le Prêtre demande au Prétendu s'il consent d'épouser cette personne, fût-elle sourde, fût-elle aveugle ; ce sont ses propres termes. Si-tôt qu'il a répondu, oui, les parens & amis des deux côtés la conduisent chez lui en dansant & chantant. Lorsqu'elle y est arrivée, on la fait placer sur un coussin, dans le coin du Sopha : mais personne ne leve son voile ; son mari même n'en a pas la liberté. Il y a quelque chose de si extraordinaire dans un tel usage, que je n'y ajouterois pas foi, si cette vérité ne m'avoit été attestée. par plusieurs Arméniens, entr'autres par un jeune homme, qui me dit, en pleurant, que sa mere l'avoit promis à une fille qu'il devoit épouser de cette maniere. Mais il m'assura qu'il mourroit plutôt que de se soumettre à cette tyrannie, parce qu'il étoit persuadé que celle qu'on lui destinoit avoit toutes les difformités imaginables. Il me semble vous voir frémir d'horreur en lisant cette relation. Je crois que je ne peux finir ma Lettre par une histoire plus surprenante. Je puis vous assurer qu'elle est aussi véritable, qu'il l'est que je suis, ma très-chere Soeur, votre, &c.",,vol2_119,fr
XLIII,LETTRE XLIII.,A l’Abbé de ***.,Constantinople,le 17 Mai 1718. Vieux style.,"J'AI reçu de vos nouvelles avec beaucoup de plaisir. Vos savantes questions ont flaté ma vanité, qui, comme vous savez, est la passion dominante des hommes. Je ne suis, cependant, pas en état de vous répondre : quand je saurois autant de Mathématiques qu'Euclides même, il me faudroit séjourner un siecle dans ce pays pour faire de justes observations sur l'air & les vapeurs. Mais je n'y ai pas encore passé un an entier, & je dois bientôt le quitter. Je suis destinée à être errante : vous en serez surpris ; mais personne ne peut l'être autant que moi. Vous ne manquerez pas de m'accuser de paresse ou de stupidité, peut-être de tous les deux ensemble, en voyant que je suis sur le point de quitter Constantinople, & que je ne vous fais aucun détail sur la Porte Ottomane. Je vous réponds à cela, qu'il suffit de jetter les yeux sur le Chevalier Paul Ricaut; on y en trouve d'assez justes sur les Vizirs, les Beglerbis; sur le Gouvernement civil & spirituel, & sur les Officiers du Serrail ; il est facile de se procurer des Mémoires assez exacts à ce sujet. Il y a cependant des Historiens, Dieu fait .... Mais chacun a la liberté d'écrire ses propres remarques; d'ailleurs les usages d'un Peuple peuvent changer, & il peut y en avoir quelques-uns qui échappent aux Observations d'un Voyageur. Il n'en est pas de même des Gouvernemens; je ne vous en parlerai point, parce que je ne pourrois vous en dire rien de nouveau. Je passerai aussi sous silence l'Arcenal & les sept Tours : je vous ai déja parlé des Mosquées ; je vous ai fait même la description d'une des plus considérables : mais je ne puis m'empêcher de relever une erreur qui est dans Gemelli ; c'est cependant, de tous les Voyageurs, celui dont je fais le plus de cas. Il dit qu'on ne trouve aucuns vestiges de Calcédoine : il se trompe ; je m'y transportai hier. Pour y arriver, je pris une galère dans laquelle je traversai un bras de mer très-étroit qui est entre Constantinople & cette Ville. Calcédoine est encore fort grande & contient plusieurs Mosquées. Les Chrétiens lui ont conservé son ancien nom, & les Turcs lui en donnent un que j'ai déjà oublié ; mais ce n'est qu'une corruption du même. Je suis persuadée que cette erreur vient de son guide, & que son peu de séjour dans ce pays l'a empêché de la rectifier ; car j'ai plusieurs preuves de son exactitude. Rien n'est plus agréable que le canal qui est entre Constantinople & Calcédoine : les Turcs ont fait bâtir des maisons de campagne sur les bords, où ils ont de très-beaux points de vue, tant en Asie qu'en Europe. On y voit plus de cent palais magnifiques, qui sont tous à côté les uns des autres. Comme la Fortune est encore plus inconstante ici qu'ailleurs, il arrive très-souvent que les héritiers d'un Bacha à trois queues ne sont pas en état d'entretenir la maison qu'il leur a laissée ; voilà pourquoi l'on n'est pas long-tems sans voir tomber les plus beaux Palais de Turquie en ruine. J'allai voir celui du dernier Grand-Vizir qui fut tué à Peter-Waradin : il avoit été conf- truit pour recevoir sa Royale Epouse, fille du Sultan régnant ; mais il ne vécut pas assez pour avoir cet honneur. J'ai envie de vous en faire la description ; mais je n'ose, parce que je crains de ne pouvoir, malgré mes efforts, vous en donner une juste idée. Il est sur le bord du canal, & dans une des plus agréables situations qu'on puisse trouver. Une montagne couverte d'un bois, le domine : son étendue est immense ; le Concierge m'a dit qu'il y avoit plus de huit cents chambres ; je ne puis assurer que cette quantité y soit ; je ne les ai pas comptées : tout ce que je peux dire, c'est que le nombre en est prodigieux : elles sont toutes décorées avec la plus grande magnificence. Le marbre, la dorure, & les peintures les plus fines y sont prodigués. Le vitrage des fenêtres est du plus beau crystal d'Angleterre. On y voit enfin toute la magnificence & la somptuosité que pourroit offrir le palais d'un jeune ambitieux, plongé dans le luxe, & qui auroit à sa disposition toutes les richesses d'un vaste & puissant Empire : mais rien ne m'a fait plus de plaisir que les appartemens des bains. Il y en a deux qui répondent l'un à l'autre, & qui font bâtis exactement de la même maniere. Les bains, les fontaines & le pavé font tout de marbre blanc, les plafonds dorés & les murailles couvertes de porcelaine du Japon. Près de ces appartemens il y a deux salles, dont la plus élevée forme une estrade, aux quatre coins de laquelle on voit sortir du plafond, des eaux qui tombent par cascades dans des coquilles de marbre blanc, & se réunissent au bas dans un large bassin, entouré de petits tuyaux qui forment des jets de la hauteur de l'appartement. Les mu- railles sont en forme de treillis, autour desquelles sont plantés en-dehors, des chevre-feuilles & des vignes qui forment une tapisserie de verdure, & donnent de l'ombrage à ces délicieux appartemens. Je pourrois vous conduire dans les autres, qui seroient tous dignes de votre curiosité : mais il est plus difficile de donner la description des palais Turcs que de tous les autres, parce qu'ils sont, en général, très-irrégulièrement bâtis. Il n'y a ni façade, ni ailes ; & quoique cette irrégularité soit agréable à la vûe, elle est inintelligible dans la narration. J'ajouterai seulement que la Chambre destinée au Grand-Seigneur, quand il vient voir sa fille, est toute lambrissée de nacre de perle, & parsemée d'émeraudes en forme de clous, On y trouve plusieurs autres appartemens dont les murailles sont marquetées quetées en nacre de perle, en bois d'olivier ; quelques-unes le font en porcelaine du Japon. Il y a un grand nombre de galeries qui font toutes très-vastes : on y voit des pots de fleurs, des vases de porcelaine remplis de fruits de différentes espèces : le tout est en plâtre ; mais la peinture est si fine, les couleurs sont si vives, qu'on n'imagineroit jamais que c'est l'ouvrage de l'art. Les jardins répondent à la magnificence du Palais : il y a des cabinets de verdure, des arbres, des fontaines, le tout dans une agréable confusion : il y manque cependant des statues. Voyez à présent si cette Nation est aussi barbare que nous le croyons. De ce que le goût des Turcs est différent du nôtre, s'en suit-il de-là qu'il soit mauvais ? Pour moi, je crois qu'ils savent tirer parti de la vie. Ils la passent dans la Musique, dans les jardins, dans le vin & la bonne chere, tandis que nous nous cassons la tête pour découvrir quelque systême de politique, ou à étudier quelque science que nous n'approfondirons jamais, ou que nous ne pourrons jamais persuader à personne d'estimer, quand même nous y réussirions. Il est certain qu'il n'y a de plaisirs réels que ceux des sens : la réputation & les éloges sont au-dessous de leur prix ; pour les obtenir, il en coûte le tems & la santé : il arrive souvent même que la mort ou la vieillesse surprennent avant qu'on ait recueilli le fruit de ses travaux. La vie de l'homme est si courte, qu'il ne doit songer qu'à rendre le présent agréable. Je n'ose pousser mes réflexions plus loin ; je crains même qu'elles ne l'ayent été trop ; mais mon cœur vous est si connu, que je crois devoir me rassurer, & je n'attends point de vous ces insipides plaisanteries, que d'autres ne manqueroient pas de faire en pareille occasion. Vous savez que je n'ai jamais confondu le plaisir avec le vice, comme font les gens dépourvus de jugement. Je veux vous faire rire en finissant ma Lettre. J'aimerois mieux être un riche Effendi avec son ignorance, qu'Isaac Neuton avec toute sa science. Je suis, &c.",,vol2_138,fr
XLIV,LETTRE XLIV.,A l'Abbé ***.,Tunis,le 31 Juillet 1718.,"J'Ai quitté Constantinople le 6. du mois dernier, & je n'ai trouvé jusqu'à présent aucune occasion pour vous faire tenir ma Lettre : j'en étois fâchée ; parce que je desirois, de tout mon cœur, de partager avec quelqu'un le plaisir que j'ai goûté dans ma route. J'ai parcouru la plus agréable partie du Monde ; l'idée de ce qui s'est offert à ma vue, porte, malgré moi, mon esprit à la Poësie.
* » Mon imagination, échauffée
» par un enthousiasme poëtique, par-
» court les Mers & les Isles immor-
» telles, où les Muses ont tant de
» fois chanté que les Montagnes ré-
» petent leurs Vers "".
Pardonnez cet écart ; je tâcherai, s'il est possible, d'écrire le reste de ma Lettre en Prose. Un jour après que nous eûmes mis à la voile, nous cotoyâmes Gallipolis ; c'est une belle Ville ; elle est située dans la baye du Chersonese. Comme c'est la premiere Place que les Turcs ayent conquise en Europe, elle est très-célébre parmi eux. Le lendemain, à cinq heures du matin, nous jettâmes l'ancre dans l'Hellespont, entre les Forts de Sestos & d'Abydos, qu'on nomme à présent les Dardanelles. Ce sont deux petits Forts très-anciens ; mais ils ne sont pas beaucoup importans aujourd'hui ; ils sont commandés par un terrein fort élevé. J'avoue que je ne les aurois même pas vus, si notre Capitaine & les Officiers ne m'avoient avertie d'y prendre garde. Mon imagination étoit frappée de cette Histoire tragique qui vous est connue.
* » L'Amant nageur, & l'Epouse
» de nuit ; combien le Héros l'aima,
» & comment Léandre mourut "". Toujours des Vers ! J'ai respiré de l'air poétique, & j'en suis encore remplie. Celui d'Abydos doit être tendre, puisque ce fut l'Amour qui le mit sous la domination des Turcs : ils en firent le siége sous le regne d'Orchanes ; la fille du Gouverneur s'imaginant avoir vu en songe celui qu'elle devoit épouser : (je ne sais si elle s'étoit endormie sur le gâteau nuptial, ou si elle avoit jeûné en l'honneur de Sainte Agnès.) Celui qu'elle avoit vu en songe étoit un des Assiégeans : déterminée à suivre son destin, elle lui jetta par-dessus les murailles, un billet par lequel elle lui offroit le Fort & sa personne. Le Turc porta ce billet à son Général, qui, voulant tenter l'aventure, fit éloigner son armée de la Place, & donna ordre au jeune homme de s'en approcher à minuit avec un corps de gens d'élite. Il y fut introduit à l'heure marquée, tailla la garnison en pieces, fit le Gouverneur prisonnier, & épousa la fille. Ce Fort, qui est en Asie, fut fondé par les Milesiens : Sestos est en Europe ; c'étoit autrefois une des principales Villes du Chersonese. A présent que j'ai vu ce détroit, je ne regarde plus l'aventure de Léandre comme impossible, ni le pont de bateaux que Xercès fit construire comme une merveille. Il est si étroit, qu'il n'est pas étonnant qu'un jeune Amant ait entrepris de le passer à la nage, ni qu'un Roi ambitieux ait tenté de le faire traverser par son armée ; mais il est si sujet aux tempêtes, qu'il l'est encore moins que l'Amant ait été noyé, & le pont détruit. De-là nous découvrîmes le Mont Ida dans tout son entier. * » Autrefois Junon y caressa Ju-
» piter, & le Maître du Monde y fut
» vaincu par l'Amour «.
A quelques lieues de-là, je vis la pointe de terre où reposent les cendres de la pauvre Hécube, & à une lieue au-dessus, nous trouvâmes le Cap Janissaire, qui est le fameux Promontoire de Sigée : nous y mouillâmes. La curiosité me donna des forces au point que je montai jufqu'au haut, pour voir le tombeau d'Achille. Autrefois Alexandre, par vénération pour ce Héros, en fit le tour tout nud, ce qui ne manqua pas de faire beaucoup de bien à l'ame du mort. J'y trouvai les ruines d'une grande Ville, & une pierre sur laquelle Milord M*** lut ces mots, Sigen Polin ; nous ordonnâmes à nos gens de la transporter à bord : un Prêtre Grec nous montra des choses bien plus curieuses ; mais il étoit si ignorant, qu'il ne put nous en donner aucune explication passable. Aux deux côtés de la porte de sa petite Eglise, sont deux grandes pierres qui ont chacune dix pieds de long, sur cinq de large, & trois d'épaisseur. Celle qui est à droite est de beau marbre blanc : sur un des côtés, on voit un très-beau bas-relief qui représente une femme, laquelle paroît être une Divinité : elle est assise sur une chaise qui a un marche-pied. Une femme qui a l'air éplorée, semble lui présenter un enfant qu'elle tient entre ses bras. Celle-ci est suivie de quantité d'autres qui tiennent chacune un enfant dans la même attitude. Il y a lieu de croire que c'est le reste d'un an- cien tombeau ; mais je n'ose vous en donner l'explication. Sur la pierre qui est à gauche, on lit une belle inscription ; mais le Grec en est trop ancien pour que Milord M*** puisse l'expliquer. J'avois bien envie d'acheter cette pierre que les pauvres habitans auroient certainement donnée pour peu de chose ; mais notre Capitaine me dit qu'il faudroit des machines faites exprès pour la transporter sur le bord de la mer, & que d'ailleurs la chaloupe étoit trop petite pour la contenir. Les ruines de cette grande Ville sont habitées aujourd'hui par de pauvres Paysans Grecs vétus à la Sciote. Les femmes portent des juppes fort courtes, qui sont attachées autour de leurs épaules avec des cordons de cuir ; les manches de leurs chemises sont de toile assez blanche, & fort larges ; elles ont des bas & des souliers assez propres ; leur tête est couverte d'un grand morceau de mousseline qui tombe sur leurs épaules en formant plusieurs plis. M. Sands, dont l'Ouvrage vous est connu, & qui est un des meilleurs Auteurs dans son genre, prétend que ces ruines sont les fondemens d'une Ville que Constantin avoit eu le projet de bâtir, & qu'il abandonna pour ne s'occuper que de Constantinople : je ne suis pas de son sentiment ; elles me paroissent beaucoup plus anciennes. De ce Promontoire, nous découvrîmes aisément le Simoïs, qui prend sa source au Mont Ida, & traverse un vallée très-spacieuse : c'est cette grande Riviere qu'on appelle aujourd'hui Simores. Ses eaux se joignent, dans la Vallée dont je viens de parler, à celles du Scamandre qui n'est qu'un foible ruisseau tout rempli de vase : peut-être est-il plus considé- ble l'hiver. C'est ce fameux Xantus qu'Homere place parmi les Dieux, & que la Nymphe Œnone invoqua dans son Epître à Paris. Les Vierges Troyennes étoient obligées d'offrir leurs premieres faveurs au Scamandre, & ce fut l'aventure si agréablement racontée par M. de la Fontaine, qui mit fin à cette cérémonie payenne. Les eaux du Scamandre & du Simoïs, vont ensemble se décharger dans la mer. Il ne reste de Troye que le terrein sur lequel elle étoit bâtie ; & je crois que les antiquités qui se trouvent dans les environs sont bien plus modernes : c'est, si je ne me trompe, le sentiment de Strabon. Quoi qu'il en soit, j'ai vu, avec plaisir, cette fameuse Vallée où Ménélas & Pâris se livrerent un combat singulier, & où la plus grande Ville du Monde étoit située. La Capitale d'un vaste Empire seroit certainement très-bien placée dans ce lieu , même plus avantageusement que Constantinople ; le Port pourroit recevoir toutes sortes de Vaisseaux de toutes les Parties du Monde, & en tout tems ; & il régne six mois de l'année à celui de Constantinople un vent de Nord qui empêche les Vaisseaux d'y aborder pendant ce tems.
Au nord du Promontoire de Sigée nous vîmes celui de Rhete, qui est renommé par le tombeau d'Ajax ; j'examinois ces lieux avec une sérieuse attention, & ne pouvois m'empêcher d'admirer en même tems l'éxactitude avec laquelle Homere, que j'avois à la main, les a décrits : chaque épithete qu'il a donnée à une plaine ou à une montagne, peut encore lui être apliquée. J'ai passé là plusieurs heures dans une méditation aussi agréable que celle que fit Don Quichotte sur le mont Montesinos. Enfin nous fîmes voile la nuit suivante vers l'endroit où l'on dit qu'étoit positivement située la fameuse Ville de Troye. Je me levai à deux heures du matin pour en visiter les ruines, qu'on montre aux Etrangers avec beaucoup de complaisance. Les Turcs les appellent Eski Stamboul, c'est-à-dire, ancienne Constantinople; cette dénomination, jointe à plusieurs autres raisons, m'a fait conjecturer que ce pouvoient être les restes de cette Ville, commencée par Constantin. Je pris un âne de louage, car c'est la seule voiture qu'on trouve dans ce pays : j'avançai quelques milles * dans les terres, & fis le tour des murailles, qui sont d'une vaste étendue; nous trouvâmes sur une mon- tagne les débris d'un Château, & ceux d'un autre dans une vallée, outre plusieurs colonnes brisées : je lus sur deux pieds-d'estaux deux Inscriptions Latines que voici : 

DIVI AUG. COL.
ET. COL. JUL. PHILIPPENSIS.
EORUMDEM ET PRINCIP. AM.
COL. JUL. PARIANÆ. TRIBUN.
MILIT. COH. XXXII. VOLUNTAR.
TRIB. MILIT. LEG. XIII. GEM.
PRÆFECTO EQUIT. ALAE. I.

SCUBULORUM.
VIC. VIII.

DIVI JULI. FLAMINI,
C. ANTONIO M. F.
VOLT. RUFO. FLAMIN.
DIV. AUG. COL. CL. APRENS,
ET COL. JUL. PHILIPPENSIS.
EORUMDEM ET PRINCIP. ITEM. COL. JUL. PARIANÆ TRIB. MILIT. COH. XXXII. VOLUNTARIOR. TRIB. MILIT. XIII. GEM. PRAEF. EQUIT. ALÆ. I. SCUBULORUM. VIC. VII. Il paroît que les ruines qu'on trouve dans les environs sont celles d'un temple consacré à Auguste ; & je ne sais pourquoi M. Sands prétend qu'elles sont d'un temple Chrétien ; il est incontestable que les Romains ont bâti dans ces endroits. On y voit plusieurs tombeaux de beau marbre, & des piéces d'Architecture d'une grandeur & d'une grosseur immense ; mais elles diminuent tous les jours, parce que les Turcs en tirent leurs boutels. Nous passâmes le soir devant l'Isle de Ténedos, qui étoit autrefois sous la protection d'Apollon. Il la mit lui-même dans l'état de ses biens, lorsqu'il faisoit sa cour à Daphne. Elle n'a que dix milles de circuit ; mais outre qu'elle est bien peuplée, que ses habitans sont riches, elle est encore célebre par la bonté de ses vins. Je ne vous parlerai point de Tenes d'où elle tire son nom ; nous passâmes ensuite à Mytylene : je ne puis m'empêcher de vous dire quelque chose de Lesbos, où regna Pittacus, & où Sapho composa ses premiers Vers. Cette Isle est encore célebre pour avoir donné la naissance à Alcée, à Théophraste & à Arion ; ces grands Maîtres, en Poësie, en Philosophie & en Musique. Ce fut une des Isles que les Chrétiens conserverent le plus long-tems après la prise de Constantinople par les Turcs. Il est inutile que je vous parle de Constantinople, &c. Vous savez aussi-bien que moi l'histoire des Empereurs Grecs. Je fus fâchée de voir qu'en quittant cette Isle nous faisions voile tout droit dans la mer Egée, aujourd'hui l'Archipel, & que nous laissions sur notre gauche Scio, qui est l'ancienne Chios. C'est la plus riche & la plus peuplée de toutes les Isles de l'Archipel : elle est abondante en grains, en soie & en coton : on y trouve d'agréables bosquets formés par des orangers & des citroniers : le Mont Arvoisin, si célebre par le Nectar, dont parle Virgile, est dans cette Isle. La meilleure Manufacture en soie de toute la Turquie est à Scio : la Ville est assez bien bâtie ; les femmes y font très-belles, & ont le visage découvert comme dans la Chrétienté. Il y a beaucoup de familles très-riches ; mais elles ont grand soin de n'en rien laisser paroître dans l'extérieur de leurs maisons, pour ne pas causer de jalousies aux Turcs qui y entretiennent un Bassa. Tous les ha- bitans jouissent, cependant, d'une honnête liberté ; & comme le climat semble les exciter à faire de l'exercice, ils passent leur vie dans les jeux, la danse & les festins. Enfin leurs chaînes, quoique nouvelles, ne sont pas pesantes : ils ne sont soumis aux Turcs que depuis l'an 1566. & peut-être n'est-il pas plus dur pour eux d'obéir au Grand-Seigneur qu'à l'état de Gènes, auquel un Empereur Grec avoit vendu leur pays. Mais je m'embarrasse toujours dans l'histoire, ce qui ne convient gueres, sur-tout lorsque je vous écris en passant le détroit qui est entre les Isles d'Andros & d'Achaïe, aujourd'hui Libiadia ; nous découvrîmes le promontoire de Lunium, connu sous le nom de Cap Colonne. On y voit encore des colonnes d'une grandeur & d'une grosseur prodigieuse, qu'on prétend avoir servi à un temple de Minerve. Ce lieu m'inspira de la vénération, &
me rappella l'idée de ce magnifique
Temple de Thésée qui étoit à Athè-
nes, & qui subsisteroit vraisembla-
blement encore presque tout entier
sans l'accident qui lui arriva par
l'imprudence des Turcs : pendant la
derniere campagne de la Morée, ils
en firent leur magazin à poudre ; le
feu y prit & il sauta en l'air. J'avois
bien envie, comme vous pouvez le
croire, de mettre pied à terre dans
le fameux Péloponese, pour goûter le
plaisir de voir les rivieres d'Asopus,
de Percée, d'Inachus & d'Eurotas ; les
campagnes d'Arcadie, enfin tous ces
lieux si connus dans l'ancienne My-
thologie ; mais on me dit, ce qui est
assez vraisemblable, qu'au lieu de
Héros & de demi-Dieux, l'on n'y trou-
voit plus que des brigands, entre les
mains desquels je pourrois très-bien
tomber si j'avançois dans un pays si désert. Je conserve, cependant, pour lui tant de vénération, que je suis tentée de vous en faire l'histoire, depuis la fondation de Nicanie & de Corinthe, jusqu'à la derniere campagne des Turcs ; mais je résiste à cette envie, aussi-bien qu'à celle d'y mettre pied à terre. Nous fîmes voile vers le Cap Angelo, autrefois Malea : je n'y vis aucuns vestiges du fameux Temple d'Apollon. Le soir même nous découvrîmes l'Isle de Candie : c'est un Pays fort montagneux. Virgile dit qu'il y avoit cent Villes:

Centum urbes habitant magnas.

La principale, qui étoit, pour ainsi dire, le séjour des plus horribles passions, fut d'abord conquise par Metellus ; son Jupiter y avoit pris naissance... Elle tomba ensuite sous la domination de .... Mais si je ne prends garde, je vais vous faire l'histoire de Candie, jusqu'au tems où elle fut assiégée par les Turcs. Je suis si mécontente de moi, que je ne vous parlerai point des autres Isles. Je vous dirai seulement, en général, que ce voyage auroit été bien agréable pour moi, il y a deux ou trois mille ans : le matin, j'aurois pris le thé avec Sapho ; le soir j'aurois été visiter le temple d'Homere à Chios, & j'aurois toujours eu soin de lever les plans des temples magnifiques, de dessiner les statues miraculeuses : quelle satisfaction j'aurois goûtée, en outre, de converser avec les hommes les plus gais & les plus polis ! Aujourd'hui les Arts ne sont plus dans cette partie du Monde ; on n'y trouve que les merveilles de la Nature. A plusieurs lieues en mer, on voit les flammes du Mont Etna ;
elles donnent lieu à mille réflexions :
mais je respecte trop la Philosophie,
pour vouloir renverser le systême
d'Empedocles, & jamais Lucien ne
me fera mépriser un homme dont
Lucrece a dit :

.... Vix humanâ videtur stirpe creatus.

Après avoir passé Trinacria, au-
jourd'hui la Sicile, sans entendre le
chant des Syrenes, dont parle Ho-
mere, & sans échouer contre Scylla
ni contre Charybde, nous arriva-
mes sains & saufs à l'Isle de Malte,
nommée autrefois Melita, parce
qu'elle étoit abondante en miel. C'est
un rocher sur lequel il y a un peu de
terre. Le Grand-Maître y vit en Prin-
ce souverain ; ses forces maritimes
sont aujourd'hui peu de chose. Les
fortifications de cette Isle passent pour les meilleures du Monde : elles ont été creusées dans le roc vif; ce qui a dû coûter beaucoup de travail & d'argent. Aux environs de Malte nous essuyâmes une violente tempête, & nous nous trouvâmes fort heureux de pouvoir relâcher, au bout de huit jours, à Porta Farine, sur la côte d'Afrique, où notre Vaisseau est encore à la rade. Le Consul Anglois qui réside à Tunis, est venu nous faire des offres de service. J'ai accepté de bon coeur sa maison pour quelques jours, étant fort curieuse de voir cette partie du Monde, & principalement les ruines de Carthage. Je montai dans sa chaise de poste à neuf heures du soir, parce que la chaleur est à présent si grande, qu'on ne peut voyager que la nuit. Comme la Lune étoit dans son plein, je voyois le Pays où je passois presqu'aussi-bien que s'il avoit fait jour. Le Le terrein, quoique sabloneux, est fertile en dattes, en figues & en olives, qui viennent sans qu'on les cultive : ce sont, en général, de très-bons fruits. Les vignobles & les champs où l'on seme les melons, sont entourés de haies faites avec ce que nous appellons figuiers d'Inde : elles sont si fortes que les bêtes fauves ne peuvent passer au travers. Ces figuiers d'Inde montent fort haut & garnissent beaucoup ; ils ont des épines qui sont aussi longues & aussi pointues que des poinçons ; ils portent des fruits qui sont assez agréables au goût, & dont le Paysan fait une grande consommation. 
C'est à présent le Ramadan ou Carême des Turcs ; comme tout le monde professe ici la Religion Mahométane, l'on ne voit manger personne pendant le jour ; mais on passe la nuit dans les festins. Nous avons vû plusieurs troupes de Paysans sous des arbres : une partie s'occupoit à manger, pendant que l'autre dansoit & chantoit. Ce sont des mulâtres, & je vous jure que je n'ai point vu de figures humaines aussi hideuses. Ils sont presque tout nuds, n'ayant pour vêtement qu'un morceau de serge dans laquelle ils s'enveloppent ; mais les femmes ont un ornement singulier : elles s'impriment avec de la poudre à canon, des fleurs, des étoiles, enfin toutes fortes de figures sur le visage, sur le cou, sur les épaules & sur les bras ; ce qui n'augmente pas leur difformité naturelle. Je ne crois pas qu'elles puissent se procurer ces agrémens sans souffrir beaucoup.
Nous vîmes, environ à six milles de Tunis, les restes de ce fameux aqueduc qui conduisoit l'eau à Carthage par dessus plusieurs hautes montagnes : il avoit plus de quarante milles de longueur. On voit encore des arches qui sont entieres. Nous passâmes deux heures à le visiter, & Milord M*** m'assura que celui de Rome n'étoit pas, à beaucoup près, si beau. Les pierres, quoique d'une prodigieuse grosseur, sont si polies & si adaptées les unes aux autres, qu'il paroît qu'on n'eut pas besoin de beaucoup de ciment pour les joindre ensemble. Ces ruines subsisteront encore mille ans ; si l'on n'emploie pas l'art pour les détruire. Nous arrivâmes à Tunis vers le point du jour. Cette Ville est bâtie de pierres blanches ; il n'y a point de jardin : on dit que les Turcs les détruisirent la premiere fois qu'ils la prirent, & qu'on n'y en a pas fait depuis. Les sables arides font un coup d'œil désagréable, & la chaleur naturelle du climat, qui n'est tempérée que par très-peu d'ombre, est insupportable, Il seroit même impossible de vivre ici sans une brise qui vient tous les jours à midi de la mer, & qui rafraîchit l'air. Il n'y a que de l'eau de citernes qu'on a soin de ramasser des pluies abondantes qui tombent en Septembre. On dit que les femmes de Tunis sont assez jolies; mais elles ont toujours sur le visage un voile de crêpe noir. Louis IX. Roi de France, assiégea cette Ville en 1270. mais il mourut sous ses murs d'une fiévre maligne. Son fils Philippe, & Edouard, un de nos Princes, fils de Henri III. leverent le Siége, mais à des conditions honorables. Elle resta sous la domination de ses Rois Africains, jusqu'au tems où elle fut livrée par trahison à Barbe-Rousse, Amiral de Soliman le Magnifique. Barbe-Rousse en fut chassé à son tour par Charles-Quint: mais les Turcs, commandés par le Bassa Sinan, la reprirent sous Selim II. Depuis ce tems, elle a toujous été tributaire du Grand-Seigneur. Elle est gouvernée par un Bey qui a le titre de Sujet des Turcs, quoiqu'il se soit soustrait à leur domination, & qu'il leur paye très-rarement tribut. Celui qui commande à Bagdat est dans le même cas, & le Grand-Seigneur laisse ces deux rebelles tranquilles, dans la crainte de perdre encore le titre de Souverain de ces Pays.
J'allai hier au matin, après avoir pris un peu de repos, voir les ruines de Carthage. Quoique je fusse à moitié grillée par l'ardeur du Soleil, j'eus cependant le courage de continuer ma route. On me conduisit dans des salles qui sont sous terre ; on les appelle étables aux Eléphans. Je vis dans plusieurs des morceaux de colonne de très-beau marbre, d'autres de porphire : je ne crois pas qu'on eût mis de si belles colonnes dans ces lieux, s'ils avoient été uniquement destinés pour l'usage des Eléphans. Je suis persuadée, au contraire, qu'ils servoient d'appartemens d'été, & qu'on les avoit construits sous quelques Palais, pour y être à l'abri des chaleurs excessives qu'on endure dans ce Pays : ils servent aujourd'hui de greniers aux Paysans. Je venois de la Ville de Tents qui, à la vérité, n'en est pas fort éloignée ; mais j'étois lasse, & je m'y arrêtai quelque tems pour me reposer. Je ne tardai pas à être environnée d'une quantité assez considérable de femmes qui étoient venues pour me voir. Il est certain que nous étions, les unes pour les autres, un spectacle assez divertissant. Leur façon de s'asseoir, la couleur de leur peau, leurs cheveux noirs & plats, tombant sur les deux côtés de leur visage : leurs traits, enfin la forme de leurs membres les rendent si semblables à ces grands singes qui sont répandus dans l'Afrique, qu'il est difficile de les distinguer les uns d'avec les autres, & je suis persuadée qu'ils ont autrefois habité ensemble. Lorsque je fus délassée, & que j'eus pris du lait & des fruits que ces femmes m'apporterent, je montai sur la petite colline où étoit autrefois le Château de Byrsa. J'y découvris distinctement le lieu où la fameuse Ville de Carthage étoit située : c'est un Isthme qui est baigné de la mer des deux côtés : on n'y voit plus aujourd'hui que des étangs salés. Strabon dit que cette fameuse Ville avoit deux milles de circonférence : il n'en reste que ce que je viens de vous dire. L'Histoire en est trop connue pour que je vous en fasse l'abrégé. Com- me je suis persuadée que vous préférez l'obéissance aux complimens, je les ai reservés pour la fin de ma Lettre, & suis entrée dans tous les détails que vous m'avez demandés. Je compte partir demain d'ici, continuer mon voyage par l'Italie & la France. J'espere vous dire de bouche dans quelqu'un de ces Pays, que je suis, &c.",* Traduction de quatre Vers Anglois | (*) Traduction de deux Vers Anglois. | * Traduction de deux Vers Anglois. | * Le mille d'Angleterre vaut 1250 pas Géométriques.,vol2_147,fr
XLV,LETTRE XLV.,A la Comtesse de ***.,Gènes,le 28 Août 1718. Vieux style.,"JE vous demande pardon, ma chere Soeur, de ne vous avoir pas écrit de Tunis ; c'est la seule occasion que j'ai eue de le faire depuis mon départ de Constantinople: mais la chaleur y étoit si excessive ; la lumiere y est si pernicieuse pour la vue, que j'ai pensé devenir aveugle en écrivant une Lettre à l'Abbé ***, & je n'ai osé en écrire d'autres ; d'ailleurs, qu'aurois-je pu vous mander de satisfaisant d'un pays barbare? Je suis à présent environnée d'objets agréables : l'Italie est un très-beau Pays ; & je me crois obligée de lui donner des éloges en reconnoissan- ce du plaisir que j'y goûte. Je dois le même tribut à Madame Davenant, chez laquelle je suis logée à Saint Pierre d'Arena : sa politesse, sa gaieté contribuent beaucoup à me rendre le séjour de Gènes agréable. Cette Ville est située dans une Baye sur la pente d'une montagne : les jardins, la beauté des bâtiments font une très-belle perspective du côté de la mer. Ce spectacle m'a cependant fait peu d'impression, sans doute, parce que mes yeux étoient accoutumés à celui de Constantinople. Les Génois étoient autrefois maîtres de plusieurs Isles de l'Archipel, & de cette partie de Constantinople, appellée Galata. Ils ont bien mérité ce qui leur est arrivé; même la perte de toutes leurs conquêtes du côté de l'Orient, pour avoir abandonné si lâchement la cause des Chrétiens, & facilité aux Infideles la prise de Constantinople. Ils font aujourd'hui pauvres, & les François les méprisent depuis que le dernier Roi força le Doge d'aller à Paris lui faire excuse d'une iusulte qui lui avoit été faite : on avoit couvert de fumier pendant la nuit, les Armes de France qui étoient sur la porte de l'Envoyé de cette Nation. Cette insulte avoit été faite par quelqu'un de la faction Espagnole qui est encore dominante ici, quoiqu'on n'ose le dire publiquement. Les Dames s'habillent à la Françoise, & font beaucoup plus jolies que leurs modèles. Je crois que les Cizisbeys sont en partie cause de cet air agréable qu'on leur trouve. Vous n'avez, sans doute, jamais entendu parler des Cizisbeys. Ce sont des êtres si singuliers qu'il faut que je les voye, pour croire qu'ils existent. On en a vu d'abord à Gènes, ensuite ils se sont répandus par toute l'Italie , où les maris ne sont pas si Jaloux qu'on nous le dit : aucun ne blâme les Cizisbeys, qui semblent avoir été établis par la politique. Je suis persuadée que le Sénat imagina cet expédient pour donner de l'occupation aux jeunes gens qui n'en avoient point d'autre que celle de se couper la gorge, & pour mettre fin aux disputes de familles qui avoient mis l'Etat à deux doigts de sa perte : ce reméde a été si efficace, que, depuis ce tems, l'union regne parmi les familles, & la tranquillité dans l'Etat. Un Cizisbey est un jeune homme qui se voue entierement au service de quelque femme ; car les filles sont toutes enfermées dans des Couvents. Il est obligé de l'accompagner par-tout où elle va ; il se place derriere sa chaise, se charge de ses gants & de son éventail : lorsqu'elle sort de chez elle, ou qu'elle y re tourne, il marche à côté de sa chaise comme un domestique. Il ne manque jamais de lui faire un présent le jour de sa fête, ou de quelque réjouissance publique. Enfin il est obligé de lui consacrer tout son tems, & de dépenser pour elle tout son argent : la Dame lui accorde ce qu'on croit bien qu'il lui demande, & l'occasion s'en présente très-souvent ; car le Mari n'ose faire paroître le moindre soupçon de jalousie. Il est vrai qu'il tâche de lui en donner un à son goût : mais s'il n'est pas à celui de la femme, ce qui arrive assez souvent, elle s'y prend si bien qu'elle en obtient un qui lui plaise. Dans les commencemens, une femme avoit huit ou dix de ces humbles serviteurs ; mais aujourd'hui les hommes sont plus rares, & moins traitables : chaque femme est obligée de se contenter d'un seul. On voit régner ici la liberté républicaine : c'est cependant un Gouvernement Aristocratique, car le peuple y est dans un vil esclavage. On élit un Doge tous les deux ans ; celui qui occupe cette place a très-peu d'autorité sur les anciens Nobles, & sa femme n'a aucune distinction parmi les autres. La famille d'André Doria, ce grand homme, auquel les Génois doivent la liberté dont ils jouissent, a seule quelques priviléges. Par exemple, lorsque le Sénat fait publier une Loi somptuaire, elle n'y est point soumise, & fait toute la dépense qu'elle juge à propos. J'ai contemplé avec plaisir la Statue de ce Héros, qui est dans la cour du Duc Doria. A propos de Palais, il y en a ici de superbes, mais je ne me crois pas capable d'en faire la description, je vous dirai seulement qu'ils font construits sur les desseins du Pal- ladio. Dans la rue Strada nova, on voit la plus belle enfilade de bâtimens qui soit peut-être au Monde. Les vastes Palais de Durazzo, des deux Balbi, qui sont joints ensemble par une magnifique colonnade : le Palais Impérial & celui de Doria, font dignes de toute l'attention des curieux. Toute la perfection de l'Architecture paroît en dehors, & on trouve en-dedans la plus grande magnificence jointe au goût & à l'élégance. Mais rien ne m'a fait plus de plaisir que la collection de Tableaux qui sont tous de Raphaël, de Paul Veronese, du Titien, du Carache, de Michel Ange, du Guide & du Correge. Je mets ces deux-ci les derniers, parcequ'ils sont mes Peintres favoris. Je n'aime point les Tableaux qui représentent des objets d'horreur, & plus un martyr est peint au naturel, plus il est désagréable à mes yeux. Le Guide & le Corrége présentent toujours la Nature dans son beau, & l'imitent parfaitement. J'ai été frappée d'étonnement à la vue d'une Lucrece qui est dans le Palais Balbi. La beauté de son visage, l'expression qui y est, son sein, en un mot, tout inspire dans ce Tableau les mêmes sentimens de pitié & d'admiration, qu'on sentiroit à la lecture d'un beau Poëme sur cette matiere. On y voit encore une Cléopâtre de la même main ; elle mérite aussi beaucoup d'éloges, & je lui en donnerois, si Lucrece n'avoit d'abord captivé mon admiration. Il y a en outre quelques Bustes anciens qui sont d'une beauté surprenante. L'Eglise de Saint Laurent est bâtie de marbre blanc & noir. On y garde cette fameuse assiette, qui est d'une émeraude. On ne permet à personne d'y toucher depuis qu'on a découvert le projet qui avoit été formé de la laisser tomber pour la casser. On accuse de cette méchanceté le Roi de Sicile, qui vouloit se venger, dit-on, de ce que l'on avoit refusé de la lui vendre. L'Eglise de l'Annonciation est toute de marbre en dedans : celui des piliers est blanc & rouge ; les Jésuites ont très-bien décoré celle de Saint Ambroise ; mais toutes les Eglises qui sont ici, ne méritent pas, en général, qu'on y fasse attention, lorsqu'on a vu Sainte Sophie. Vous conviendrez que j'ai bien employé mon tems pour avoir vu tant de choses depuis que nous sommes sortis de quarantaine. Tous ceux qui viennent du Levant sont obligés de la faire : la nôtre, à la vérité, a été bien abrégée ; d'ailleurs, je l'ai passée agréablement avec Madame Davenant au Village de S. Pierre d'Arena, qui est environ à un mille de Gènes. Nous étions logés dans une Maison extrêmement belle & commode en même tems : elle a été bâtie par le Palladio. Nous avons reçu la visite de quelques Anglois ; ils étoient accompagnés d'un Noble Génois, qui avoit la commission de nous empêcher de nous toucher. Je compte rester encore quelques jours à Gènes, & je voudrois bien y passer le reste de ma vie ; mais je ne suis pas destinée à une si grande tranquillité. Je suis, &c.",,vol2_177,fr
XLVI,LETTRE XLVI.,A la Comtesse de ***.,Turin,le 12 Septembre 1718. Vieux style.,"JE suis venue de Gènes ici en deux jours, par le plus beau chemin du monde. J'ai déja vu tout ce qu'on montre aux Etrangers de curieux dans Turin, & je n'y ai rien trouvé qui mérite une description particuliere. Le Saint Mouchoir ne me paroît pas une chose assez respectable pour que je vous en entretienne. Les Eglises sont belles; le Palais du Roi a quelque chose de majestueux: mais les chefs-d'œuvres d'Architecture que j'ai vus depuis peu, m'ont rendue si difficile, que je ne fais pas grande attention aux bâtimens qui sont ici. La Ville de Turin est bien construite : elle est située dans une belle plaine sur les bords du Pô. Les Palais de la Venerie & de la Valentine, qui en font à peu de distance, peuvent être regardés comme des édifices assez agréables. Nous avons pris notre logement sur la place Royale, qui est un des beaux carrés que j'aye jamais vûs : elle est entourée d'arcades en pierres blanches. Le Chevalier *** que vous avez vu en Angleterre, est venu nous voir. Il nous a offert de nous présenter à la Cour, qui est actuellement à Rivoli, à une lieue de Turin. J'y allai hier, & j'eus l'honneur d'être présentée à la Reine par sa premiere Dame d'honneur. Sa Majesté étoit dans un appartement magnifique, environnée des Dames de sa suite qui sont toutes assez jolies : elles avoient des robes longues ; il étoit fort aisé de distinguer parmi elles la belle Princesse de Carignan. La Reine a beaucoup de bon sens : elle m'a parlé avec douceur & avec bonté. Elle se souvient toujours qu'il coule du sang Anglois dans ses veines, & même s'en glorifie. Elle m'a dit qu'elle étoit fort attachée à cette Nation. Pour répondre à sa bonté, je lui ai donné, aussi souvent qu'il m'a été possible, le titre de Majesté : je crains qu'on ne le lui donne pas long-tems. Le Roi a les yeux pleins de feu ; le jeune Prince de Piémont est d'une figure fort agréable : mais la grande dévotion dans laquelle cette Cour est plongée ne lui permet aucun des divertissemens convenables à son âge. Il n'y a ici de magnificence que dans les Processions & les Messes. La galanterie y est regardée comme un crime irrémissible. Le pauvre Comte de *** qui étoit lié avec nous à Londres, est disgracié, pour avoir eu la hardiesse de faire des propositions à une Dame d'honneur de la Reine. Je compte me mettre en route demain, & traverser ces redoutables Alpes, dont il est tant parlé. Si j'ai le bonheur de les passer sans accident, je vous donnerai de mes nouvelles. Je suis, &c.",,vol2_187,fr
XLVII,LETTRE XLVII.,A Madame L. ***.,Lyon,le 25 Septembre 1718. Vieux style.,"EN arrivant ici, j'ai reçu vos deux Lettres, & celles de plusieurs de mes amis, lesquelles m'avoient été adressées à Constantinople. Notre Marchand de Marseille, sçachant que nous étions ici, nous les y a adressées. Ma sœur n'étoit point alors en Angleterre ; je crains qu'elle n'ait pas reçu la Lettre que je lui ai écrite de Turin, & comme je n'ai point reçu de ses nouvelles, je ne sçais où lui adresser les miennes. J'ai gardé le lit pendant plusieurs jours ; j'arrivai ici le 17 de ce mois : je fus prise d'une fiévre si violente, que je me crus toucher au moment où tous mes voyages seroient finis : il n'est pas étonnant que mes fatigues ayent produit cet effet. Pour aller de Turin à Novalasse, nous avons traversé un très-beau pays ; il est bien planté : l'art & la nature se sont réunis pour l'embellir. Le jour suivant nous commençâmes de monter le Mont Cénis ; nous fîmes démonter nos chaises : nous les mîmes sur des mulets, & nous nous plaçâmes dans de petites chaises d'osier passées dans des bâtons que des hommes portent sur leurs épaules. L'aspect de ces Montagnes, couvertes d'une neige éternelle, des nuages suspendus au-dessous de nous, des torrens qui se précipitent de rocher en rocher, avec un fracas horrible, & formant des cascades d'autant plus belles, qu'elles sont naturelles, auroient fixé toute mon attention, si je n'avois pas enduré un un froid excessif. Un brouillard épais qui regne continuellement sur cette Montagne, pénétra l'épaisse fourrure qui m'enveloppoit, & me causa un froid si violent, que j'étois à demi-morte avant de parvenir au bas de cette Montagne ; nous n'y arrivâmes cependant que deux heures après le Soleil couché. Sur le sommet du Mont Cénis, on trouve une vaste plaine, au milieu de laquelle est un Lac.
La descente de cette Montagne est si rapide & si glissante, que j'étois étonnée de voir nos porteurs marcher d'un pas aussi ferme que s'ils avoient été sur un terrein plat. Je craignois, cependant, moins de me casser le cou que de tomber malade, & l'événement a prouvé que j'avois raison.
On peut passer toutes les autres Montagnes en chaise : elles sont abondantes en vignes & en pâturages : on y voit une quantité prodigieuse de très-belles chevres. La derniere de ces Montagnes s'appelle Acquebelle. Peu après l'avoir descendue, nous arrivâmes à Pont-Beauvoisin, Ville frontiere de la France ; le pont sert de séparation entre ce Royaume & celui de Savoye. Nous continuâmes notre route jusqu'à Lyon où nous entrames la nuit, Depuis que j'y suis, je n'ai été occupée que du soin de ma santé ; je crois cependant être hors de danger, & je ne compte pas garder encore la chambre long-tems, quoique j'aye toujours un violent mal de gorge. Je suis impatiente de voir les curiosités de cette fameuse Ville, & encore plus d'arriver à Paris, d'où je vous écrirai une Lettre plus amusante que celle-ci. La maladie m'a affoibli l'esprit ; d'ailleurs la mau- vaise Auberge où nous sommes, les bouteilles d'Apothicaire dont ma chambre est remplie, me donnent de l'humeur. Je suis, &c.",,vol2_191,fr
XLVIII,LETTRE XLVIII.,A M. Pope.,Lyon,le 28 Septembre 1718. Vieux style.,"VOTRE Lettre m'a été adressée ici, & je l'ai reçue. Vous me marquez que vous avez appris mon retour avec plaisir : je devrois vous en remercier, il est vrai ; mais je ne puis vous pardonner de vous réjouir d'une chose qui m'afflige : ce compliment doit vous paroître extraordinaire. Il est cependant certain que je reverrai mes amis avec beaucoup de satisfaction ; mais, quand je fais réflexion que je serai obligée de voir & d'écouter en même tems mille impostures, de recevoir, de rendre des visites, de faire des complimens, d'assiter aux tables de thé, & d'y essuyer une foule de questions ; d'un autre côté ne me trouvant pas capable de rendre service à mes compatriotes, pour lesquels je ne puis former que des vœux impuissans, je regrette de n'être pas restée dans un lieu où j'aurois trouvé le repos & la tranquillité, si convenables à mon indolence. Je tomberois certainement dans la mélancolie, si je vous écrivois encore une ligne sur ce ton. J'aime mieux remplir le reste de ma Lettre avec les inscriptions qui sont sur des tables d'airain qu'on voit aux deux côtés de la Maison de Ville. TABLE PREMIERE.

Mærerum. noster::: sii::::: Equidem primam. omnium. illam. cogitationem. hominum quam. maxime primam. oc-cursam. mihi. provideo. deprecor. ne. quasi. novam, istam. rem. introduci. ex-horrescatis. sed. illa. potius. cogitetis. quam. multa. in. hac. civitate. novata. sint. &. quidem. statim. ab. origine. ur-bis. nostræ. in. quod. formas. statusque. res. P. vestra. diducta. fit.
Quondam. Reges. hanc. tenuere. ur-bem. ne. tamen. domesticis. successori-bus. eam. tradere. contigit. supervenère alieni. &. quidam. externi. ut. Numa. Romulo. successerit. ex. Sabinis. veniens. vicinus. quidem. sed. tunc externus. ut. Anco. Marcio. Priscus. Tarquinius. propter. temeratum. sanguinem. quod. patre. de. marato. Corinthio. natus. erat. &. Tarquiniensi. matre. generosa. sed. inopi. ut quæ. tali. marito. necesse. ha- buerit. succumbere. cum. domi. repellere- tur. à. gerendis. honoribus. post. quam. Romam. migravit. Regnum. adeptus. est. huic. eoque. &. filio. nepotive. ejus. nam. &. hoc. inter. auctores. discrepat. insertus. Servius. Tullius. si nostros. se- quimur. captiva. natus. ocrefia. si tus- cos cæli. quondam. vivenuæ. sodalis. fi- delissimus. omnis. que. ejus. casus. co- mes. postquam. varia. fortuna. exactus. cum. omnibus. reliquis. Cæliani. exerci- tus. Etruria. excessit. montem. Cælium. occupavit. &. à. duce. fuo. Cælio. ita appellitatus. mutatoque. nomine. nam. tusce. mastarna. ei. nomen. erat. ita. ap- pellatus. est. ut dixi. &. regnum. summa. cum. reip. utilitate. obtinuit. deinde, postquam. Tarquini. Superbi. mores. in- visi. civitati. nostræ. esse. cœperunt. qua. ipsius. qua. filiolum. ejus. nempe. per- tæsum. est. mentes. regni. &. ad. consu- les. annuos. Magistratus. administratio. reip. translata. est. Quid. nunc. commemorem. dictaturæ hoc. ipfo. confulari. imperium. Valentius. repertum. apud. majores. noftros. quo. in. afperioribus. bellis. aut. in. civili. motu. difficiliore. uterentur. aut. in auxilium. plebis. creatos. tribunos. plebei. quid. à. confulibus. ad decemviros. tranflatum. imperium. folutoque. poftea. decemvirali. regno. ad. confules. rurfus. reditum. quid. ire :::: v. ris. diftributum. confulare. imperium. tribunofque. militum. confulari. imperio. appellatos. qui. feni. & octoni. crearentur. qui communicatos. poftremo. cum. plebe. honores. non imperi. folum. fed. facerdotiorum. quoque. jam. fi. narrem. bella. à. quibus. cœperint. majores noftri. &. quo. procefferimus. vereor. ne nimio. infolentior. effe. videar. &. quæfiffe. jactationem. gloriæ. prolati. imperi. ultra. Oceanum. fed. illo. C. Parius. revertar. civitatem. TABLE II.

:::::::: ::::::::::::::
sane :::::::::::::: :::::::::
:: novo :: divus : Aug : : no : lus. &.
patruus. Ti. Cæsar. omnem. florem ubi-
que. coloniarum. ac. municipiorum. bo-
norum. scilicet. virorum. &. locupletium.
in hac curia. esse voluit. quid. ergo. non.
italicus. Senator. provinciali. potior. est.
jam. vobis. cum. hanc. partem. censuræ
approbare. cœpero. quid. de. fa. re. sen-
tiam. rebus. ostendam. sed. ne. provin-
ciales. quidem. si modo. ornare. curiam.
poterint. rejiciendos. puto.
Amatissima. ecce. colonia. valentissi-
maque. Renniensium. quam. longo. jam.
tempore. Senatores. huic. curiæ. confert.
ex. qua. colonia. inter. paucos. eques-
tris. ordinis. ornamentum. L. Restinum.
familiarissime. diligo. &. hodie. in. re-
bus. meis. detineo. cujus. liberi. fruan-
tur. quæso. primo. Sacerdotiorum. gra- du. post. modo. cum. annis. promoturi. dignitatis. suæ. incrementa. ut. dirum. nomen. latronis. taceam. &. odi. illude. Palestricum. prodiguum. quod. ante. in. Domum. Consulatum. intulit. quam. colonia. sua. solidum. civitatis. Romanæ. beneficium. consecuta. est. idem. de. fratre. ejus. possum. dicere. miserabili. quidem. indignissimoque. hoc. casu. ut. vobis. utilis. senator. esse. non. possit.
Tempus. est. jam. Ti. Cæsar. Germanice. detegere. te. patribus. conscriptis. quo tendat. oratio. tua. jam. enim. ad. extremos. fines. Galliæ. Narbonensis. venisti.
Tot. ecce. insignes. juvenes. quot. intueor. non. magis. sunt. pænitendi. senatores. quam. pænitet. Persicum. Nobilissimum. verum. amicum. meum. inter. imagines. majorum. suorum. Allobrogici. nomen. elegere. quod. hæc. ita. esse. contenti. is. quid. ultra. desidera- tis. quam. ut. vobis. digito. demonstrem. solum. ipsum. ultra. fines. Provinciæ. Narbonensis. jam. vobis. Senatores. mittere. quando. ex. Lugduno. habere. nos. nostri. ordinis. viros. non. pænitet. timide. quidem. P. C. egressus. adsuetos. familiaresque. vobis. Provinciarum. terminos. sum. Sed. destricte. jam. comatæ. Galliæ. causa. agenda. est. in. qua. si. quis. hoc. intuetur. quod. bello. per. decem. annos. exercuerunt. divum. Julium. idem. opponat. centum annorum. immobilem. fidem. obsequiumque. multis. trepidis. rebus. nostris. plusquam. expertum. illi. patri. meo. Druso. Germaniam. subigenti. tutam. quiete. sua securamque. a. tergo. pacem. præstiterunt. &. quidem. cum. ad. sensus. novo. tum. opere. &. in. adsueto. Galliis. ad. bellum. advocatus. esset. quod. opus. quam. arduum. fit. nobis. nunc. cum. maxime. quamvis. nihil. ultra. quam. ut. publice. notæ. fint. facultates. nostræ. exqui- ratur. nimis. magno. experimento. cognoscimus. / On voit près la Porte de S. Justin les débris d'un Aquéduc qui avoit été bâti par les Romains, & derriere le Couvent de Sainte Marie on trouve les ruines d'un Palais Impérial, où l'Empereur Claude naquit. Il fut habité par Septime Severe. La Cathédrale est sous l'invocation de Saint Jean : c'est un grand Edifice, d'une Architecture Gothique. Il y a une horloge, dont les Allemands font beaucoup de cas. On voit dans une Place publique la Statue du feu Roi. A propos de cette Statue, je vous dirai que je trouve le goût des François assez singulier : ils ont coutume de charger la tête de celui qu'ils représentent d'une grosse perruque dorée & bien frisée : c'est donner à un Héros l'air coquet. On a tant écrit sur Lyon, que je me crois dispensée de vous en parler. Les maisons sont assez bien construites, le cours est beau & bien planté. On y découvre le confluent du Rhône & de la Saône.
Ubi Rhodanus ingens amne prærapido fluit,
Ararque dubitans quò suos fluctus agat.
J'ai eu le tems de voir toutes les curiosités de cette ville: un mal de gorge qui m'étoit resté d'une fiévre occasionnée par le froid que j'avois enduré en traversant les Alpes, m'a forcée d'y séjourner. Les Médecins de ce pays me menacent de toutes sortes de maladies si je les quitte ; mais mon mal est si opiniâtre, que j'imagine qu'il m'est aussi possible de faire le voyage de Paris avec lui, que de me promener dans les rues de Lyon. Enfin, quoi qu'en disent ces Docteurs & les Apothicaires, je suis déterminée à me mettre en route demain avec mon mal de gorge. Quand vous verrez Milady, dites-lui, je vous prie, que j'ai reçu sa Lettre & que je lui ferai réponse de Paris, d'où elle recevra des nouvelles avec plus de plaisir, que de partout ailleurs. Je suis, &c.",,vol2_195,fr
XLIX,LETTRE XLIX.,A Milady ***.,Paris,le 10 Octobre 1718. Vieux style.,"VOus écrire du sein des plaisirs, c'est vous prouver, ma chere Milady, combien je vous suis attachée. Je suis accablée de visites: on me fait tant de complimens, que je n'ai pas même le tems d'y répondre. L'Ambassadeur de France à Constantinople a beaucoup de parens ici; ils viennent tous me voir, & m'importunent par leurs questions éternelles. L'air de Paris m'est favorable: je n'ai jamais joui d'une si bonne santé, quoique j'aye été fort incommodée pendant la route, qui étoit assez désagréable par elle-même. Pendant que nous changions de chevaux, les Paysans venoient en foule nous demander l'aumône : leur air & leurs habits annonçoient une misere extrême. En arrivant à Fontainebleau j'examinai le Palais du Roi : les Appartemens sont vastes & bien dorés; mais l'Architecture & les Peintures n'ont rien de remarquable. La grande Galerie, que fit bâtir Henri IV, est d'un goût antique. Le Parc est charmant : on y voit de très-beaux arbres, & des étangs magnifiques, où il y a des carpes privées, dont quelques-unes ont, dit-on, plus de quatre-vingts ans. Le feu Roi avoit coutume de passer tous les ans quelques mois dans ce Palais. Les Sentences qu'on trouve sur toutes les pierres des environs, annoncent que la dévotion étoit alors fort à la mode dans cette Cour ; mais on n'en voit plus aucuns restes à Paris ; on n'y respire que les plaisirs. 
La foire Saint Laurent est à présent ouverte : vous imaginez bien que j'y ai été : les boutiques y font rangées avec tant de régularité, & sont si bien illuminées, qu'elles font un agréable Spectacle. La grossiereté du Harlequin m'a déplu, & la musique Françoise a choqué mes oreilles qui sont accoutumées à celle d'Italie. La salle de l'Opéra n'est qu'une loge en comparaison de la nôtre du Hai-Market ; & celle de la Comédie n'est pas comparable à celle de Lincols-Junfields ; mais j'avouerai, à la louange des François, que leurs Acteurs tragiques sont beaucoup meilleurs que les nôtres : à peine Mademoiselle O-D pourroit servir de confidente à la ***. J'ai vu re- présenter Bajazet sur le théâtre François : elle fut si bien jouée, que je puis vous assurer que nos Acteurs ne savent que parler, & que ceux-ci savent sentir. L'ame est certainement plus émue en voyant un homme dont le malheur est peint sur sa figure, que lorsqu'il le raconte avec un air tranquille. A propos d'air, je vous dirai que j'ai vu celles qui passent pour des Beautés parmi les Dames Françoises : elles sont en vérité dégoûtantes, ( pardonnez-moi l'expression, ) par leur façon de se mettre, & par le fard dont elles couvrent leur visage : leurs cheveux courts & frisés ressemblent à de la laine blanche ; & avec leur visage couleur de feu, elles n'ont même pas la figure humaine ; on les prendroit volontiers pour des moutons nouvellement écorchés. Je me rappelle avec plaisir mes jolies Compatriotes ; & si j'écrivois à d'autre qu'à vous, je dirois que ces figures grotesquement barbouillées relevent beaucoup, dans mon idée, les graces naturelles de ma chere Lady R***.

Post-Scriptum.

J'AI rencontré ici l'Abbé, qui m'a chargée de vous faire ses complimens.",,vol2_205,fr
L,LETTRE L.,A M. T***.,Paris,le 16 Octobre 1718. Vieux style.,"JE vous avois promis de vous écrire de Paris, & vous voyez que je vous tiens parole; ç'a été pour moi une agréable surprise de trouver ici ma sœur : comme elle n'avoit pas reçu mes dernieres lettres, ç'en a été une aussi pour elle de m'y voir. Cette rencontre seroit fort agréable sous la plume de Scuderi : mais je n'imiterai pas son style au point de vous dire combien de fois nous nous sommes embrassées ; combien de fois elle m'a demandé par quel hazard j'étois de retour de Constantinople ; je lui ai répondu en lui demandant ce qui l'avoit attirée à Paris. Enfin, pour nous abréger l'histoire de nos demandes, de nos réponses & de nos complimens, nous convinmes que nous visiterions ensemble les environs de Paris : nous avons été, en conséquence, à Versailles, à Trianon, à Marli, & à S. Cloud. On avoit ordre de faire jouer les eaux pour nous : tous les Anglois qui étoient à Paris nous suivirent. Je vous avoue que Versailles m'a paru plus vaste que magnifique ; son irrégularité est même choquante pour quelqu'un qui a vû les justes propor- tions des bâtimens Italiens. Le cabinet du Roi contient une très-belle collection d'antiques & de médailles. L'apothéose de Germanicus, qui est sur une grande agathe, est la plus belle chose que j'aye jamais vue dans ce genre. On trouve en outre d'anciennes statues qui font d'une rare beauté : la grande galerie est un monument du rare mérite de le Brun. Je ne vous ferai point la description du grand appartement, des fontaines qui font en grand nombre, du théâtre d'eau, des bosquets, & des fables d'Esope ; assez de François l'ont faite. Trianon dans sa petitesse m'a paru préférable à Versailles ; Marli, à Trianon ; & S. Cloud, à tous les trois. Il a l'avantage d'être situé sur le bord de la Seine qui coule au pied des jardins & de la grande cascade. Si vous voulez savoir le nombre des statues, & à combien de pieds elles jettent l'eau, vous pouvez consulter les Livres dont je vous ai parlé ci-dessus.
Nous avons vu les tableaux du Roi qui font dans le bel Hôtel du Duc d'Antin, à qui la garde en est confiée jusqu'à la majorité du Monarque. Ils font en petit nombre ; mais des meilleurs Maîtres. J'ai vu avec beaucoup de plaisir l'Archange de Raphaël, où le sentiment de ces êtres supérieurs font aussi-bien exprimés que dans Milton. Pour ce qui regarde les Thuilleries, je vous dirai en général qu'elles font plus belles que notre S. James, & que le Cours est plus agréable que Hide-Park : les arbres y donnent de l'ombre dans les grandes chaleurs. J'ai vu le Roi au Louvre : il étoit accompagné du Duc Régent. Ce Monarque est grand & bien pris dans sa taille. En parlant de la Cour de Fran- ce, je vous avouerai que j'ai vu avec un singulier plaisir, un Anglois, ou au moins un sujet du Roi d'An-gleterre, faire la loi dans Paris. Je parle de M. Law, qui traite les Ducs & Pairs d'une maniere fort dure, pendant que, de leur côté, ils ne l'abordent qu'avec respect & sou-mission. Je ne vous parlerai point de la place des Victoires; j'aurois trop à faire si j'entreprenois toutes ces descriptions. Il me semble que Paris est préférable à Londres pour la netteté du pavé, pour la régula-rité des rues, pour les illuminations pendant la nuit; d'ailleurs toutes les maisons sont bâties en pierre, & cel-les des gens de qualité sont ornées de jardins: Londres est cependant de moitié plus grand, & je crois que c'est toute la supériorité qu'elle a sur Paris. Je ne ferai pas ici un long sé- jour ; envoyez-moi donc promptement les commissions dont vous comptez me charger, afin que je puisse m'en acquitter. Je suis, &c.",,vol2_209,fr
LI,LETTRE LI.,A l'Abbé ***.,A Douvres,le 31 Octobre 1718. Vieux style.,"JE compte que vous me saurez gré de vous avoir averti le plutôt qu'il m'a été possible de mon arrivée en Angleterre. Je suis entrée ce matin dans Douvres ; mais j'ai essuyé une si terrible tempête pendant la nuit dans le Paquebot, que le Capitaine lui-même a été effrayé : il n'a pu s'empêcher de nous avertir que nous étions dans un très-grand danger. Nous avons donné le signal à un petit batteau de pêcheur qui a eu beaucoup de peine à arriver à notre bord. La consternation enfin étoit si grande, que tout l'Equipage imploroit la protection du Ciel. Quoique ce spectacle fût horrible, & que j'euf- se peur d'être noyée, je ne pus m'empêcher de rire du double embarras dans lequel se trouva une Angloise ; une Dame qui passoit avec nous, & qui me pria de la recevoir dans ma chambre, pendant la traversée. Elle avoit acheté une très-belle coëffure qu'elle vouloit cacher aux Commis de la Douane. Lorsque le vent commença à s'élever, & qu'elle entendit notre bâtiment craquer de toutes parts, elle oublia sa coëffure pour prier Dieu : mais dès qu'elle le vit diminuer, cette chere coëffure lui revint à l'idée. « Ma chere Dame, » me dit-elle, prenez soin de mon » point ; si je le perdois... Ah ! mon » Dieu, nous allons tous périr : Mon » Dieu, ayez pitié de mon ame ! Ma » Dame, ayez soin de ma coëffure, » je vous en prie. » Les soins qu'elle prenoit de sa coëffure & de son ame tour-à-tour ; les in-quiétudes quiétudes que l'une & l'autre lui causoient m'ont fait douter à laquelle des deux elle donnoit la préférence. Cette scène n'étoit cependant pas assez divertissante pour me faire oublier le danger où j'étois moi-même : je désirois beaucoup d'être à bord, & j'y suis arrivée saine & sauve. La Nature nous donne, sans doute, de l'amour pour notre patrie, afin de nous y arrêter, de nous empêcher de parcourir le Monde, & de chercher à acquérir des connoissances pour lesquelles elle ne nous a pas créés. Le seul fruit que nous rapportons de nos Voyages, c'est le desir de jouir de tous les plaisirs, de toutes les commodités que nous avons trouvés dans les différens climats ; mais qu'on ne peut réunir dans un seul. J'ai lu tout ce qu'on peut lire dans les différentes Langues que je possede ; je me suis affoibli la vûe en travaillant la nuit : en suis-je plus contente aujourd'hui ? Non ; je porte envie à cette heureuse tranquillité dont jouit une simple laitiere : aucuns doutes , aucuns scrupules ne s'élevent dans son esprit ; elle entend le sermon avec humilité, & ne confond point le devoir réel avec les subtilités de l'Ecole. Si elle en savoit davantage , elle n'en seroit pas moins ignorante. Moi qui ai vû une partie de l'Asie , de l'Afrique , qui ai fait presque le tour de l'Europe, je me trouve moins heureuse qu'un honnête Gentilhomme Anglois , qui croit fermement que les meilleurs vins de Grèce ne valent pas la bierre de Mars , que les pommes de reinette sont préférables aux fruits d'Afrique, que les becfigues d'Italie n'ont pas le goût si agréable qu'un cimier de bœuf ; enfin, que hors de l'Angleterre, on ne peut goûter des plaisirs réels. Je demande à Dieu la grace de me donner cette façon de penser le reste de ma vie, & de me faire oublier l'admirable clarté du Soleil de Constantinople, pour me contenter de la foible lumiere dont nous jouissons ici. Je suis, &c.",,vol2_215,fr
LII,LETTRE LII.,A M. Pope.,Douvres,le premier Novembre 1718. Vieux style.,"JE reçois dans le moment votre Lettre qui m'a été envoyée de Paris. Je compte vous revoir bientôt, aussi-bien que M. Congreve: mais je crois ne pouvoir mieux employer mon tems, qu'à vous faire réponse, pendant qu'on dispose mes bagages, pour mon retour à Londres. Je ne puis m'empêcher d'applaudir à vos généreux sentimens de supposer que vos Amans de village, appellés vulgairement Faneurs, auroient passé leur vie dans l'union & les plaisirs, si la foudre n'en eût arrêté le cours, Car pourquoi s'imaginer que Jean Hughes & Sara-Drew eussent été plus sages & plus vertueux que leurs voisins ? Il n'est pas étonnant qu'un homme de vingt-cinq ans ait eu envie d'épouser une brune de dix-huit ; & je ne doute point que s'ils se fussent unis par les liens du mariage, ils n'eussent vécu ensemble comme les autres paysans. La précaution que prit Jean Hughes de mettre sa maitresse à l'abri de l'orage est si naturelle, qu'il y a lieu de croire qu'en pareil cas il en eût fait autant pour son cheval. Je ne crois point que leur amour réciproque ait été la cause de leur mort. Vous sa- vez que les Juifs furent réprouvès pour avoir pensé qu'un Village avoit été détruit par le feu du Ciel, parce qu'il étoit plus criminel que les au-tres. Tous les hommes en général sont exposés aux effets du hasard ; puisque vous voulez que je fasse l'é-pitaphe de ces deux pauvres Amans, en voici une qui, sans être si poëtique que la vôtre, est peut-être plus juste. 
» Ci gissent Jean Hughes & Sara
» Drew. Que vous importe, direz-
» vous peut-être ? Il y auroit, ami,
» beaucoup de choses à dire sur ce
» pauvre couple. Ils devoient se ma-
» rier Dimanche prochain : voyez la
» bizarrerie du destin ! Il plut, fit des
» éclairs Jeudi dernier, & ces tendres
» amans, fort effrayés, se mirent
» sous un tas de foin : mais le ton-
» nerre, qui, sans doute, étoit en-
» voyé à dessein, les surprit dans les » transports de leur passion, & les » envoya parmi les Morts. Ce fut » peut-être un bonheur pour eux ; » car s'ils eussent encore vécu une » année, le mari eût sans doute été » cocu, la femme battue, & tous les » deux auroient maudit le mariage. » Cependant Pope a daigné écrire sur » leur tombe; ne font-ils pas heu- » reux dans leur malheur ?
J'avoue que ces sentimens ne sont pas si nobles que les vôtres ; mais j'espere que vous les excuserez en faveur des deux derniers vers. Vous voyez à quel prix je mets l'honneur que vous leur avez fait ; je ne désire cependant point que vous me le rendiez en pareil cas : j'aime mieux vivre votre très-humble servante, que d'être chantée après ma mort par les plus célèbres plumes de l'Europe. Je n'écrirai point à M. ***. Je vous prie de lui faire part de ma Lettre, s'il vous demande de mes nouvelles.

Fin de la seconde & derniere Partie.",,vol2_219,fr
